Bill_ID,Admission_ID,Treatment_Cost,Medicine_Cost,Room_Charges,Insurance,Amount_Paid
BILL00001,A00001,3500,4148,6000,No,13648.0
BILL00002,A00002,450000,8524,0,Yes,91704.8
BILL00003,A00003,80000,3858,6000,Yes,17971.6
BILL00004,A00004,3000,1541,2000,Yes,1308.2
BILL00005,A00005,5000,8123,16000,Yes,5824.6
BILL00006,A00006,12000,18356,15000,Yes,9071.2
BILL00007,A00007,800,19809,12000,No,32609.0
BILL00008,A00008,2000,712,3000,No,5712.0
BILL00009,A00009,10000,11649,20000,Yes,8329.8
BILL00010,A00010,60000,11529,8000,Yes,15905.8
BILL00011,A00011,1000,3669,0,No,4669.0
BILL00012,A00012,60000,9167,2000,No,71167.0
BILL00013,A00013,80000,18071,4000,No,102071.0
BILL00014,A00014,6000,12903,6000,Yes,4980.6
BILL00015,A00015,1000,12350,6000,No,19350.0
BILL00016,A00016,40000,2001,24000,No,66001.0
BILL00017,A00017,65000,3114,30000,No,98114.0
BILL00018,A00018,8000,12955,12000,Yes,6591.0
BILL00019,A00019,35000,12454,0,Yes,9490.8
BILL00020,A00020,15000,7365,0,No,22365.0
BILL00021,A00021,10000,2839,27000,Yes,7967.8
BILL00022,A00022,12000,8521,0,Yes,4104.2
BILL00023,A00023,1200,9345,3000,No,13545.0
BILL00024,A00024,12000,2332,0,No,14332.0
BILL00025,A00025,6000,10836,0,Yes,3367.2
BILL00026,A00026,1000,7413,20000,Yes,5682.6
BILL00027,A00027,5000,16858,15000,No,36858.0
BILL00028,A00028,1200,15535,3000,Yes,3947.0
BILL00029,A00029,1500,8581,12000,No,22081.0
BILL00030,A00030,250000,14538,0,Yes,52907.6
BILL00031,A00031,3500,5032,10000,Yes,3706.4
BILL00032,A00032,3000,2043,0,Yes,1008.6
BILL00033,A00033,70000,5742,45000,Yes,24148.4
BILL00034,A00034,60000,13108,5000,Yes,15621.6
BILL00035,A00035,5000,15837,8000,No,28837.0
BILL00036,A00036,2500,876,0,No,3376.0
BILL00037,A00037,450000,18095,20000,No,488095.0
BILL00038,A00038,6000,11646,0,Yes,3529.2
BILL00039,A00039,3500,5682,5000,Yes,2836.4
BILL00040,A00040,15000,9130,9000,Yes,6626.0
BILL00041,A00041,70000,3986,0,No,73986.0
BILL00042,A00042,15000,17135,3000,Yes,7027.0
BILL00043,A00043,1000,5793,4000,Yes,2158.6
BILL00044,A00044,800,16510,12000,Yes,5862.0
BILL00045,A00045,2000,12394,16000,Yes,6078.8
BILL00046,A00046,8000,8392,0,Yes,3278.4
BILL00047,A00047,65000,16424,4000,No,85424.0
BILL00048,A00048,5000,17955,6000,Yes,5791.0
BILL00049,A00049,1000,16074,9000,Yes,5214.8
BILL00050,A00050,60000,14365,0,No,74365.0
BILL00051,A00051,250000,7091,28000,Yes,57018.2
BILL00052,A00052,1200,12736,0,No,13936.0
BILL00053,A00053,180000,15294,0,Yes,39058.8
BILL00054,A00054,15000,2598,0,Yes,3519.6
BILL00055,A00055,70000,18650,0,Yes,17730.0
BILL00056,A00056,800,735,0,No,1535.0
BILL00057,A00057,15000,2429,6000,Yes,4685.8
BILL00058,A00058,6000,1529,28000,Yes,7105.8
BILL00059,A00059,1000,8298,0,No,9298.0
BILL00060,A00060,65000,7520,9000,No,81520.0
BILL00061,A00061,2000,19211,50000,Yes,14242.2
BILL00062,A00062,40000,15998,35000,Yes,18199.6
BILL00063,A00063,3000,3676,0,Yes,1335.2
BILL00064,A00064,450000,13970,40000,No,503970.0
BILL00065,A00065,5000,2275,12000,Yes,3855.0
BILL00066,A00066,8000,11618,0,Yes,3923.6
BILL00067,A00067,12000,6732,5000,Yes,4746.4
BILL00068,A00068,2500,6512,4000,Yes,2602.4
BILL00069,A00069,180000,2970,5000,No,187970.0
BILL00070,A00070,4000,18533,0,Yes,4506.6
BILL00071,A00071,3000,18213,0,No,21213.0
BILL00072,A00072,6000,8245,6000,Yes,4049.0
BILL00073,A00073,1000,16273,0,No,17273.0
BILL00074,A00074,15000,2421,0,Yes,3484.2
BILL00075,A00075,1500,13293,36000,No,50793.0
BILL00076,A00076,2500,15409,28000,Yes,9181.8
BILL00077,A00077,2000,18711,15000,Yes,7142.2
BILL00078,A00078,15000,10222,15000,No,40222.0
BILL00079,A00079,35000,19478,0,No,54478.0
BILL00080,A00080,8000,2373,4000,Yes,2874.6
BILL00081,A00081,15000,16977,24000,Yes,11195.4
BILL00082,A00082,3000,17140,0,No,20140.0
BILL00083,A00083,180000,2745,8000,No,190745.0
BILL00084,A00084,5000,8207,10000,Yes,4641.4
BILL00085,A00085,40000,19167,27000,Yes,17233.4
BILL00086,A00086,1000,1802,0,Yes,560.4
BILL00087,A00087,5000,19625,0,No,24625.0
BILL00088,A00088,1000,7193,8000,Yes,3238.6
BILL00089,A00089,450000,13469,3000,No,466469.0
BILL00090,A00090,450000,10330,40000,Yes,100066.0
BILL00091,A00091,250000,2877,6000,Yes,51775.4
BILL00092,A00092,60000,18948,0,Yes,15789.6
BILL00093,A00093,1200,7484,8000,Yes,3336.8
BILL00094,A00094,1000,11936,8000,No,20936.0
BILL00095,A00095,15000,12608,24000,Yes,10321.6
BILL00096,A00096,40000,18300,0,Yes,11660.0
BILL00097,A00097,15000,17832,18000,No,50832.0
BILL00098,A00098,15000,18673,24000,No,57673.0
BILL00099,A00099,2500,3894,3000,Yes,1878.8
BILL00100,A00100,15000,4007,24000,Yes,8601.4
BILL00101,A00101,250000,7401,28000,Yes,57080.2
BILL00102,A00102,40000,9150,25000,Yes,14830.0
BILL00103,A00103,6000,2164,10000,Yes,3632.8
BILL00104,A00104,1500,9566,0,Yes,2213.2
BILL00105,A00105,450000,4786,12000,Yes,93357.2
BILL00106,A00106,800,14978,0,Yes,3155.6
BILL00107,A00107,180000,4165,4000,No,188165.0
BILL00108,A00108,4000,5384,0,No,9384.0
BILL00109,A00109,180000,19587,18000,Yes,43517.4
BILL00110,A00110,12000,1870,12000,Yes,5174.0
BILL00111,A00111,70000,1807,24000,Yes,19161.4
BILL00112,A00112,12000,8676,12000,Yes,6535.2
BILL00113,A00113,12000,18846,10000,No,40846.0
BILL00114,A00114,4000,5564,27000,No,36564.0
BILL00115,A00115,70000,6301,0,Yes,15260.2
BILL00116,A00116,3000,11385,20000,No,34385.0
BILL00117,A00117,65000,8631,24000,Yes,19526.2
BILL00118,A00118,40000,4042,35000,No,79042.0
BILL00119,A00119,12000,15923,9000,Yes,7384.6
BILL00120,A00120,5000,15583,0,Yes,4116.6
BILL00121,A00121,3000,7957,3000,Yes,2791.4
BILL00122,A00122,3000,6828,35000,Yes,8965.6
BILL00123,A00123,6000,2774,12000,Yes,4154.8
BILL00124,A00124,8000,17192,15000,No,40192.0
BILL00125,A00125,800,18070,36000,No,54870.0
BILL00126,A00126,1200,4279,12000,Yes,3495.8
BILL00127,A00127,1200,9198,0,Yes,2079.6
BILL00128,A00128,450000,14739,0,No,464739.0
BILL00129,A00129,450000,10778,0,Yes,92155.6
BILL00130,A00130,35000,17258,0,Yes,10451.6
BILL00131,A00131,1200,19393,0,Yes,4118.6
BILL00132,A00132,80000,14788,8000,Yes,20557.6
BILL00133,A00133,5000,18143,21000,Yes,8828.6
BILL00134,A00134,180000,2792,36000,Yes,43758.4
BILL00135,A00135,5000,4583,8000,Yes,3516.6
BILL00136,A00136,10000,13882,0,Yes,4776.4
BILL00137,A00137,5000,10188,18000,Yes,6637.6
BILL00138,A00138,15000,12923,24000,Yes,10384.6
BILL00139,A00139,15000,10361,0,Yes,5072.2
BILL00140,A00140,15000,513,0,Yes,3102.6
BILL00141,A00141,60000,14586,8000,Yes,16517.2
BILL00142,A00142,450000,14988,30000,Yes,98997.6
BILL00143,A00143,40000,6060,6000,Yes,10412.0
BILL00144,A00144,450000,11483,0,No,461483.0
BILL00145,A00145,250000,8196,16000,Yes,54839.2
BILL00146,A00146,80000,7025,0,Yes,17405.0
BILL00147,A00147,1000,8523,10000,Yes,3904.6
BILL00148,A00148,8000,2886,0,Yes,2177.2
BILL00149,A00149,3500,19363,18000,No,40863.0
BILL00150,A00150,6000,13082,30000,Yes,9816.4
BILL00151,A00151,40000,5335,18000,No,63335.0
BILL00152,A00152,5000,3992,0,Yes,1798.4
BILL00153,A00153,4000,17472,10000,Yes,6294.4
BILL00154,A00154,3000,8665,0,Yes,2333.0
BILL00155,A00155,800,15725,0,No,16525.0
BILL00156,A00156,15000,15002,0,No,30002.0
BILL00157,A00157,35000,18452,40000,No,93452.0
BILL00158,A00158,12000,16054,15000,Yes,8610.8
BILL00159,A00159,12000,8601,32000,No,52601.0
BILL00160,A00160,60000,17581,0,Yes,15516.2
BILL00161,A00161,2000,9498,40000,Yes,10299.6
BILL00162,A00162,250000,9862,9000,Yes,53772.4
BILL00163,A00163,1500,10976,2000,Yes,2895.2
BILL00164,A00164,6000,8077,0,No,14077.0
BILL00165,A00165,6000,7510,4000,Yes,3502.0
BILL00166,A00166,80000,11342,15000,Yes,21268.4
BILL00167,A00167,2500,7277,0,Yes,1955.4
BILL00168,A00168,1200,19639,8000,No,28839.0
BILL00169,A00169,5000,19364,5000,Yes,5872.8
BILL00170,A00170,2000,12026,4000,No,18026.0
BILL00171,A00171,80000,14230,6000,Yes,20046.0
BILL00172,A00172,180000,9443,40000,Yes,45888.6
BILL00173,A00173,80000,13242,0,No,93242.0
BILL00174,A00174,15000,13748,9000,No,37748.0
BILL00175,A00175,8000,4682,0,No,12682.0
BILL00176,A00176,12000,19895,0,Yes,6379.0
BILL00177,A00177,6000,14544,24000,No,44544.0
BILL00178,A00178,800,6454,8000,Yes,3050.8
BILL00179,A00179,60000,11226,9000,Yes,16045.2
BILL00180,A00180,2500,11559,15000,Yes,5811.8
BILL00181,A00181,8000,14313,0,No,22313.0
BILL00182,A00182,15000,15911,4000,No,34911.0
BILL00183,A00183,70000,2206,8000,Yes,16041.2
BILL00184,A00184,800,2748,4000,No,7548.0
BILL00185,A00185,6000,8602,0,No,14602.0
BILL00186,A00186,2000,5493,9000,Yes,3298.6
BILL00187,A00187,60000,4248,9000,Yes,14649.6
BILL00188,A00188,65000,8896,8000,Yes,16379.2
BILL00189,A00189,10000,4253,30000,No,44253.0
BILL00190,A00190,15000,4042,6000,No,25042.0
BILL00191,A00191,40000,19367,10000,Yes,13873.4
BILL00192,A00192,15000,6998,0,Yes,4399.6
BILL00193,A00193,180000,8457,6000,No,194457.0
BILL00194,A00194,12000,10382,0,No,22382.0
BILL00195,A00195,10000,19044,16000,Yes,9008.8
BILL00196,A00196,250000,14537,36000,Yes,60107.4
BILL00197,A00197,2500,11681,4000,No,18181.0
BILL00198,A00198,800,16562,0,Yes,3472.4
BILL00199,A00199,70000,12368,25000,No,107368.0
BILL00200,A00200,6000,14770,9000,No,29770.0
BILL00201,A00201,15000,9350,35000,Yes,11870.0
BILL00202,A00202,450000,19914,8000,Yes,95582.8
BILL00203,A00203,12000,8544,12000,Yes,6508.8
BILL00204,A00204,800,15271,6000,No,22071.0
BILL00205,A00205,250000,19172,20000,Yes,57834.4
BILL00206,A00206,5000,16697,12000,Yes,6739.4
BILL00207,A00207,2000,7450,0,No,9450.0
BILL00208,A00208,15000,11652,0,No,26652.0
BILL00209,A00209,65000,9552,0,Yes,14910.4
BILL00210,A00210,8000,6760,14000,Yes,5752.0
BILL00211,A00211,10000,13817,0,Yes,4763.4
BILL00212,A00212,60000,8374,20000,Yes,17674.8
BILL00213,A00213,1000,16583,35000,No,52583.0
BILL00214,A00214,60000,3549,16000,Yes,15909.8
BILL00215,A00215,5000,8472,8000,No,21472.0
BILL00216,A00216,800,12592,15000,Yes,5678.4
BILL00217,A00217,80000,11764,0,No,91764.0
BILL00218,A00218,2000,18535,24000,Yes,8907.0
BILL00219,A00219,450000,15368,0,Yes,93073.6
BILL00220,A00220,15000,8054,0,No,23054.0
BILL00221,A00221,800,10839,0,No,11639.0
BILL00222,A00222,1200,6566,9000,Yes,3353.2
BILL00223,A00223,5000,16366,12000,No,33366.0
BILL00224,A00224,3500,17691,0,No,21191.0
BILL00225,A00225,2500,6860,8000,Yes,3472.0
BILL00226,A00226,1200,6379,0,Yes,1515.8
BILL00227,A00227,10000,18002,0,Yes,5600.4
BILL00228,A00228,15000,2286,32000,No,49286.0
BILL00229,A00229,60000,4637,15000,Yes,15927.4
BILL00230,A00230,3500,901,12000,Yes,3280.2
BILL00231,A00231,15000,14933,0,Yes,5986.6
BILL00232,A00232,65000,2183,4000,No,71183.0
BILL00233,A00233,6000,16154,18000,No,40154.0
BILL00234,A00234,80000,13630,0,Yes,18726.0
BILL00235,A00235,60000,2256,9000,Yes,14251.2
BILL00236,A00236,12000,18943,4000,Yes,6988.6
BILL00237,A00237,1000,8632,0,Yes,1926.4
BILL00238,A00238,12000,14137,3000,No,29137.0
BILL00239,A00239,2500,12964,25000,No,40464.0
BILL00240,A00240,80000,10243,0,Yes,18048.6
BILL00241,A00241,450000,2473,0,No,452473.0
BILL00242,A00242,1200,7308,0,Yes,1701.6
BILL00243,A00243,80000,3160,9000,Yes,18432.0
BILL00244,A00244,15000,18587,18000,Yes,10317.4
BILL00245,A00245,15000,13886,0,No,28886.0
BILL00246,A00246,800,15898,12000,Yes,5739.6
BILL00247,A00247,3500,9940,4000,No,17440.0
BILL00248,A00248,70000,15377,0,No,85377.0
BILL00249,A00249,10000,9168,12000,Yes,6233.6
BILL00250,A00250,60000,18344,12000,Yes,18068.8
BILL00251,A00251,1200,9204,0,Yes,2080.8
BILL00252,A00252,15000,5936,0,Yes,4187.2
BILL00253,A00253,1500,19151,0,Yes,4130.2
BILL00254,A00254,800,15858,0,No,16658.0
BILL00255,A00255,4000,9420,0,Yes,2684.0
BILL00256,A00256,60000,1806,25000,No,86806.0
BILL00257,A00257,15000,8704,8000,Yes,6340.8
BILL00258,A00258,3000,19348,6000,No,28348.0
BILL00259,A00259,250000,9331,0,No,259331.0
BILL00260,A00260,1000,6240,20000,Yes,5448.0
BILL00261,A00261,6000,14990,24000,Yes,8998.0
BILL00262,A00262,3500,19680,0,Yes,4636.0
BILL00263,A00263,250000,16612,4000,Yes,54122.4
BILL00264,A00264,3500,13880,16000,Yes,6676.0
BILL00265,A00265,6000,3927,0,Yes,1985.4
BILL00266,A00266,8000,16735,36000,No,60735.0
BILL00267,A00267,4000,13622,12000,Yes,5924.4
BILL00268,A00268,1000,10806,8000,Yes,3961.2
BILL00269,A00269,2000,13744,0,No,15744.0
BILL00270,A00270,4000,18279,0,Yes,4455.8
BILL00271,A00271,80000,6646,24000,Yes,22129.2
BILL00272,A00272,80000,16834,15000,No,111834.0
BILL00273,A00273,1000,7170,36000,Yes,8834.0
BILL00274,A00274,800,9938,10000,No,20738.0
BILL00275,A00275,80000,16383,20000,Yes,23276.6
BILL00276,A00276,80000,8341,21000,Yes,21868.2
BILL00277,A00277,15000,948,15000,Yes,6189.6
BILL00278,A00278,65000,4217,0,No,69217.0
BILL00279,A00279,12000,5545,25000,No,42545.0
BILL00280,A00280,1000,10063,36000,Yes,9412.6
BILL00281,A00281,5000,16310,20000,Yes,8262.0
BILL00282,A00282,40000,18563,18000,Yes,15312.6
BILL00283,A00283,2500,17154,6000,No,25654.0
BILL00284,A00284,80000,9552,0,Yes,17910.4
BILL00285,A00285,8000,17137,8000,No,33137.0
BILL00286,A00286,1000,9768,8000,No,18768.0
BILL00287,A00287,3500,19502,10000,No,33002.0
BILL00288,A00288,2500,15132,35000,Yes,10526.4
BILL00289,A00289,35000,18585,0,Yes,10717.0
BILL00290,A00290,8000,11044,15000,No,34044.0
BILL00291,A00291,8000,8325,0,Yes,3265.0
BILL00292,A00292,10000,13960,16000,Yes,7992.0
BILL00293,A00293,2500,15998,0,Yes,3699.6
BILL00294,A00294,35000,5484,25000,No,65484.0
BILL00295,A00295,5000,4636,0,No,9636.0
BILL00296,A00296,1000,14927,2000,Yes,3585.4
BILL00297,A00297,3500,15472,4000,No,22972.0
BILL00298,A00298,60000,13934,18000,Yes,18386.8
BILL00299,A00299,250000,9184,12000,Yes,54236.8
BILL00300,A00300,1200,13524,0,No,14724.0
BILL00301,A00301,3000,17985,0,No,20985.0
BILL00302,A00302,35000,16489,0,Yes,10297.8
BILL00303,A00303,12000,8192,16000,No,36192.0
BILL00304,A00304,180000,3461,30000,No,213461.0
BILL00305,A00305,15000,3793,0,Yes,3758.6
BILL00306,A00306,5000,10312,0,Yes,3062.4
BILL00307,A00307,65000,2338,0,Yes,13467.6
BILL00308,A00308,4000,14612,9000,Yes,5522.4
BILL00309,A00309,2500,14002,27000,Yes,8700.4
BILL00310,A00310,80000,3087,30000,Yes,22617.4
BILL00311,A00311,4000,8391,15000,No,27391.0
BILL00312,A00312,5000,5189,15000,Yes,5037.8
BILL00313,A00313,3000,8822,15000,Yes,5364.4
BILL00314,A00314,6000,807,0,No,6807.0
BILL00315,A00315,15000,18410,3000,Yes,7282.0
BILL00316,A00316,35000,11823,0,Yes,9364.6
BILL00317,A00317,40000,14403,32000,Yes,17280.6
BILL00318,A00318,60000,10399,0,No,70399.0
BILL00319,A00319,1500,16333,4000,Yes,4366.6
BILL00320,A00320,4000,19240,0,Yes,4648.0
BILL00321,A00321,8000,10174,8000,No,26174.0
BILL00322,A00322,35000,13469,12000,Yes,12093.8
BILL00323,A00323,60000,2107,0,No,62107.0
BILL00324,A00324,1000,9878,0,Yes,2175.6
BILL00325,A00325,2500,12044,3000,Yes,3508.8
BILL00326,A00326,10000,8712,9000,Yes,5542.4
BILL00327,A00327,3500,1791,0,No,5291.0
BILL00328,A00328,15000,1593,12000,No,28593.0
BILL00329,A00329,2500,3453,8000,Yes,2790.6
BILL00330,A00330,65000,14115,24000,Yes,20623.0
BILL00331,A00331,10000,18175,0,Yes,5635.0
BILL00332,A00332,3500,9430,30000,Yes,8586.0
BILL00333,A00333,15000,16289,8000,No,39289.0
BILL00334,A00334,12000,11599,10000,Yes,6719.8
BILL00335,A00335,1000,2967,0,No,3967.0
BILL00336,A00336,180000,7892,15000,No,202892.0
BILL00337,A00337,250000,18762,0,Yes,53752.4
BILL00338,A00338,1000,13429,6000,Yes,4085.8
BILL00339,A00339,12000,4549,0,Yes,3309.8
BILL00340,A00340,12000,9090,35000,No,56090.0
BILL00341,A00341,6000,12672,14000,No,32672.0
BILL00342,A00342,1000,15949,8000,Yes,4989.8
BILL00343,A00343,8000,18896,20000,No,46896.0
BILL00344,A00344,3000,7753,18000,Yes,5750.6
BILL00345,A00345,12000,15713,12000,Yes,7942.6
BILL00346,A00346,6000,4323,0,Yes,2064.6
BILL00347,A00347,12000,1719,0,No,13719.0
BILL00348,A00348,80000,4305,18000,Yes,20461.0
BILL00349,A00349,8000,18114,6000,Yes,6422.8
BILL00350,A00350,15000,12657,0,Yes,5531.4
BILL00351,A00351,35000,5563,10000,No,50563.0
BILL00352,A00352,12000,16534,25000,No,53534.0
BILL00353,A00353,8000,9666,16000,No,33666.0
BILL00354,A00354,2500,7619,10000,Yes,4023.8
BILL00355,A00355,6000,8236,0,Yes,2847.2
BILL00356,A00356,8000,12536,4000,Yes,4907.2
BILL00357,A00357,15000,9540,0,No,24540.0
BILL00358,A00358,2500,15400,6000,No,23900.0
BILL00359,A00359,250000,1199,20000,No,271199.0
BILL00360,A00360,40000,8481,0,No,48481.0
BILL00361,A00361,12000,7224,4000,No,23224.0
BILL00362,A00362,35000,18660,0,Yes,10732.0
BILL00363,A00363,1200,8134,16000,No,25334.0
BILL00364,A00364,3500,592,12000,No,16092.0
BILL00365,A00365,12000,5241,21000,Yes,7648.2
BILL00366,A00366,6000,6217,4000,No,16217.0
BILL00367,A00367,6000,1344,6000,Yes,2668.8
BILL00368,A00368,3000,8296,32000,Yes,8659.2
BILL00369,A00369,15000,9195,20000,Yes,8839.0
BILL00370,A00370,60000,14294,2000,No,76294.0
BILL00371,A00371,10000,16105,35000,No,61105.0
BILL00372,A00372,80000,17317,0,Yes,19463.4
BILL00373,A00373,250000,7759,14000,No,271759.0
BILL00374,A00374,60000,17586,0,Yes,15517.2
BILL00375,A00375,4000,1520,18000,No,23520.0
BILL00376,A00376,180000,13660,25000,No,218660.0
BILL00377,A00377,800,16565,15000,Yes,6473.0
BILL00378,A00378,5000,3147,0,Yes,1629.4
BILL00379,A00379,250000,2652,6000,Yes,51730.4
BILL00380,A00380,40000,19681,40000,Yes,19936.2
BILL00381,A00381,5000,17885,0,Yes,4577.0
BILL00382,A00382,2000,14596,16000,No,32596.0
BILL00383,A00383,250000,4249,0,Yes,50849.8
BILL00384,A00384,4000,7987,20000,Yes,6397.4
BILL00385,A00385,8000,15360,15000,Yes,7672.0
BILL00386,A00386,8000,3615,40000,Yes,10323.0
BILL00387,A00387,40000,8852,8000,No,56852.0
BILL00388,A00388,12000,16040,2000,Yes,6008.0
BILL00389,A00389,1500,3297,18000,Yes,4559.4
BILL00390,A00390,800,12710,24000,Yes,7502.0
BILL00391,A00391,60000,19717,20000,No,99717.0
BILL00392,A00392,80000,13961,20000,No,113961.0
BILL00393,A00393,250000,14358,16000,No,280358.0
BILL00394,A00394,1500,10738,12000,Yes,4847.6
BILL00395,A00395,65000,17126,9000,Yes,18225.2
BILL00396,A00396,2000,16300,12000,No,30300.0
BILL00397,A00397,1000,11972,28000,Yes,8194.4
BILL00398,A00398,1200,9628,0,No,10828.0
BILL00399,A00399,5000,18881,18000,Yes,8376.2
BILL00400,A00400,12000,9263,2000,Yes,4652.6
BILL00401,A00401,15000,10624,0,Yes,5124.8
BILL00402,A00402,5000,6444,30000,Yes,8288.8
BILL00403,A00403,80000,13632,0,Yes,18726.4
BILL00404,A00404,1000,1504,6000,No,8504.0
BILL00405,A00405,70000,7549,0,Yes,15509.8
BILL00406,A00406,60000,11670,0,Yes,14334.0
BILL00407,A00407,80000,11129,0,No,91129.0
BILL00408,A00408,1000,5598,30000,No,36598.0
BILL00409,A00409,65000,2130,2000,Yes,13826.0
BILL00410,A00410,250000,14394,15000,Yes,55878.8
BILL00411,A00411,10000,14071,36000,Yes,12014.2
BILL00412,A00412,40000,17288,18000,Yes,15057.6
BILL00413,A00413,35000,4133,12000,No,51133.0
BILL00414,A00414,3500,19935,10000,Yes,6687.0
BILL00415,A00415,80000,10606,14000,Yes,20921.2
BILL00416,A00416,12000,2295,2000,Yes,3259.0
BILL00417,A00417,800,7421,0,No,8221.0
BILL00418,A00418,40000,9984,8000,Yes,11596.8
BILL00419,A00419,4000,16798,5000,Yes,5159.6
BILL00420,A00420,10000,12958,0,Yes,4591.6
BILL00421,A00421,2000,12105,6000,Yes,4021.0
BILL00422,A00422,12000,1886,15000,Yes,5777.2
BILL00423,A00423,5000,3051,4000,Yes,2410.2
BILL00424,A00424,1000,19289,5000,No,25289.0
BILL00425,A00425,60000,14186,20000,Yes,18837.2
BILL00426,A00426,35000,1183,8000,Yes,8836.6
BILL00427,A00427,3000,15576,0,Yes,3715.2
BILL00428,A00428,10000,3968,0,Yes,2793.6
BILL00429,A00429,12000,13621,12000,Yes,7524.2
BILL00430,A00430,40000,10667,40000,Yes,18133.4
BILL00431,A00431,2500,6009,0,Yes,1701.8
BILL00432,A00432,4000,4236,0,No,8236.0
BILL00433,A00433,60000,11948,12000,No,83948.0
BILL00434,A00434,1000,5339,30000,Yes,7267.8
BILL00435,A00435,40000,8887,3000,Yes,10377.4
BILL00436,A00436,10000,5509,12000,Yes,5501.8
BILL00437,A00437,65000,16691,15000,No,96691.0
BILL00438,A00438,2000,19488,10000,No,31488.0
BILL00439,A00439,35000,18997,12000,No,65997.0
BILL00440,A00440,1000,10859,3000,Yes,2971.8
BILL00441,A00441,8000,15865,45000,Yes,13773.0
BILL00442,A00442,80000,9500,4000,Yes,18700.0
BILL00443,A00443,180000,2931,4000,Yes,37386.2
BILL00444,A00444,35000,1732,20000,Yes,11346.4
BILL00445,A00445,250000,9906,0,Yes,51981.2
BILL00446,A00446,1000,3458,50000,Yes,10891.6
BILL00447,A00447,40000,18663,4000,Yes,12532.6
BILL00448,A00448,1000,19232,15000,Yes,7046.4
BILL00449,A00449,35000,16085,0,No,51085.0
BILL00450,A00450,40000,15262,0,No,55262.0
BILL00451,A00451,60000,11753,2000,Yes,14750.6
BILL00452,A00452,4000,6154,0,Yes,2030.8
BILL00453,A00453,12000,14844,0,Yes,5368.8
BILL00454,A00454,1200,5701,8000,Yes,2980.2
BILL00455,A00455,4000,9769,15000,Yes,5753.8
BILL00456,A00456,2000,11587,14000,No,27587.0
BILL00457,A00457,6000,11465,0,Yes,3493.0
BILL00458,A00458,5000,18783,5000,Yes,5756.6
BILL00459,A00459,6000,5427,36000,Yes,9485.4
BILL00460,A00460,2500,5134,0,Yes,1526.8
BILL00461,A00461,1000,13343,3000,Yes,3468.6
BILL00462,A00462,2000,3276,8000,Yes,2655.2
BILL00463,A00463,1000,11263,9000,No,21263.0
BILL00464,A00464,70000,17748,4000,Yes,18349.6
BILL00465,A00465,80000,14374,20000,Yes,22874.8
BILL00466,A00466,3000,10620,0,No,13620.0
BILL00467,A00467,5000,11697,10000,Yes,5339.4
BILL00468,A00468,450000,5007,18000,Yes,94601.4
BILL00469,A00469,6000,3814,4000,No,13814.0
BILL00470,A00470,40000,4794,5000,Yes,9958.8
BILL00471,A00471,800,6425,9000,No,16225.0
BILL00472,A00472,2000,1931,30000,Yes,6786.2
BILL00473,A00473,40000,8283,50000,Yes,19656.6
BILL00474,A00474,8000,15210,0,Yes,4642.0
BILL00475,A00475,6000,10640,0,No,16640.0
BILL00476,A00476,450000,6857,12000,No,468857.0
BILL00477,A00477,15000,19191,0,Yes,6838.2
BILL00478,A00478,35000,9733,0,Yes,8946.6
BILL00479,A00479,2500,14218,6000,No,22718.0
BILL00480,A00480,65000,5035,0,Yes,14007.0
BILL00481,A00481,8000,16247,28000,Yes,10449.4
BILL00482,A00482,250000,3861,0,Yes,50772.2
BILL00483,A00483,2500,5753,12000,Yes,4050.6
BILL00484,A00484,250000,17321,15000,No,282321.0
BILL00485,A00485,2500,3505,6000,No,12005.0
BILL00486,A00486,35000,11955,0,Yes,9391.0
BILL00487,A00487,8000,13491,12000,Yes,6698.2
BILL00488,A00488,5000,3174,12000,Yes,4034.8
BILL00489,A00489,250000,10942,4000,No,264942.0
BILL00490,A00490,2000,11486,0,Yes,2697.2
BILL00491,A00491,3500,9900,0,No,13400.0
BILL00492,A00492,250000,5047,0,Yes,51009.4
BILL00493,A00493,3000,672,4000,Yes,1534.4
BILL00494,A00494,12000,7566,30000,Yes,9913.2
BILL00495,A00495,80000,17794,40000,Yes,27558.8
BILL00496,A00496,1200,9940,21000,Yes,6428.0
BILL00497,A00497,1200,2064,18000,Yes,4252.8
BILL00498,A00498,15000,15478,4000,Yes,6895.6
BILL00499,A00499,1000,16878,6000,Yes,4775.6
BILL00500,A00500,1500,19343,3000,No,23843.0
BILL00501,A00501,8000,10044,15000,Yes,6608.8
BILL00502,A00502,450000,12061,3000,Yes,93012.2
BILL00503,A00503,40000,6637,6000,Yes,10527.4
BILL00504,A00504,10000,12316,0,No,22316.0
BILL00505,A00505,35000,18328,0,Yes,10665.6
BILL00506,A00506,450000,15905,20000,Yes,97181.0
BILL00507,A00507,35000,12732,4000,No,51732.0
BILL00508,A00508,70000,12201,2000,Yes,16840.2
BILL00509,A00509,40000,3896,40000,Yes,16779.2
BILL00510,A00510,250000,12044,32000,No,294044.0
BILL00511,A00511,2500,6237,5000,No,13737.0
BILL00512,A00512,4000,16180,0,No,20180.0
BILL00513,A00513,450000,2567,30000,Yes,96513.4
BILL00514,A00514,65000,7105,6000,No,78105.0
BILL00515,A00515,1200,1873,0,No,3073.0
BILL00516,A00516,40000,17388,0,No,57388.0
BILL00517,A00517,3000,18294,0,Yes,4258.8
BILL00518,A00518,180000,6762,12000,Yes,39752.4
BILL00519,A00519,3000,2066,32000,Yes,7413.2
BILL00520,A00520,5000,12559,10000,No,27559.0
BILL00521,A00521,15000,14909,0,Yes,5981.8
BILL00522,A00522,3000,6621,20000,No,29621.0
BILL00523,A00523,250000,12537,12000,No,274537.0
BILL00524,A00524,15000,14410,6000,Yes,7082.0
BILL00525,A00525,5000,6413,36000,Yes,9482.6
BILL00526,A00526,65000,3123,24000,No,92123.0
BILL00527,A00527,6000,10543,0,Yes,3308.6
BILL00528,A00528,3000,14462,30000,No,47462.0
BILL00529,A00529,180000,12019,30000,Yes,44403.8
BILL00530,A00530,1000,12052,20000,Yes,6610.4
BILL00531,A00531,15000,2379,0,No,17379.0
BILL00532,A00532,12000,13810,8000,Yes,6762.0
BILL00533,A00533,180000,5742,20000,Yes,41148.4
BILL00534,A00534,8000,14858,0,Yes,4571.6
BILL00535,A00535,8000,8233,40000,Yes,11246.6
BILL00536,A00536,1500,19087,0,Yes,4117.4
BILL00537,A00537,35000,15243,36000,Yes,17248.6
BILL00538,A00538,8000,3019,3000,Yes,2803.8
BILL00539,A00539,450000,13542,32000,Yes,99108.4
BILL00540,A00540,5000,8679,4000,Yes,3535.8
BILL00541,A00541,5000,6596,0,Yes,2319.2
BILL00542,A00542,15000,18904,2000,Yes,7180.8
BILL00543,A00543,2000,9029,40000,Yes,10205.8
BILL00544,A00544,70000,9857,10000,Yes,17971.4
BILL00545,A00545,5000,4947,2000,Yes,2389.4
BILL00546,A00546,6000,15085,8000,No,29085.0
BILL00547,A00547,40000,10972,40000,No,90972.0
BILL00548,A00548,8000,18522,16000,No,42522.0
BILL00549,A00549,800,5661,9000,No,15461.0
BILL00550,A00550,60000,17170,6000,Yes,16634.0
BILL00551,A00551,12000,7085,0,Yes,3817.0
BILL00552,A00552,80000,16688,2000,Yes,19737.6
BILL00553,A00553,3500,19252,0,Yes,4550.4
BILL00554,A00554,180000,18576,24000,Yes,44515.2
BILL00555,A00555,1500,3325,6000,Yes,2165.0
BILL00556,A00556,60000,16184,0,No,76184.0
BILL00557,A00557,250000,19338,4000,Yes,54667.6
BILL00558,A00558,65000,10888,8000,Yes,16777.6
BILL00559,A00559,15000,17452,0,Yes,6490.4
BILL00560,A00560,65000,18565,6000,No,89565.0
BILL00561,A00561,6000,4728,0,Yes,2145.6
BILL00562,A00562,250000,2315,4000,Yes,51263.0
BILL00563,A00563,35000,10465,0,Yes,9093.0
BILL00564,A00564,65000,7888,12000,No,84888.0
BILL00565,A00565,12000,17503,16000,No,45503.0
BILL00566,A00566,1200,8711,0,Yes,1982.2
BILL00567,A00567,15000,18549,36000,Yes,13909.8
BILL00568,A00568,15000,10422,0,Yes,5084.4
BILL00569,A00569,2000,6025,0,Yes,1605.0
BILL00570,A00570,65000,11563,0,No,76563.0
BILL00571,A00571,1000,1429,8000,Yes,2085.8
BILL00572,A00572,180000,19399,8000,No,207399.0
BILL00573,A00573,60000,19247,0,Yes,15849.4
BILL00574,A00574,35000,1492,15000,No,51492.0
BILL00575,A00575,12000,18377,8000,Yes,7675.4
BILL00576,A00576,35000,10399,5000,Yes,10079.8
BILL00577,A00577,65000,13806,0,Yes,15761.2
BILL00578,A00578,1500,2463,21000,Yes,4992.6
BILL00579,A00579,5000,16367,0,Yes,4273.4
BILL00580,A00580,12000,5207,12000,No,29207.0
BILL00581,A00581,5000,10963,12000,No,27963.0
BILL00582,A00582,4000,4784,20000,Yes,5756.8
BILL00583,A00583,12000,3979,0,Yes,3195.8
BILL00584,A00584,180000,4514,0,Yes,36902.8
BILL00585,A00585,80000,5116,0,Yes,17023.2
BILL00586,A00586,800,13087,0,Yes,2777.4
BILL00587,A00587,65000,5733,0,No,70733.0
BILL00588,A00588,1500,10747,18000,No,30247.0
BILL00589,A00589,15000,16827,0,Yes,6365.4
BILL00590,A00590,35000,10610,0,Yes,9122.0
BILL00591,A00591,10000,13385,10000,No,33385.0
BILL00592,A00592,1000,7549,0,Yes,1709.8
BILL00593,A00593,2000,9719,0,Yes,2343.8
BILL00594,A00594,8000,15920,8000,Yes,6384.0
BILL00595,A00595,250000,4022,30000,Yes,56804.4
BILL00596,A00596,6000,9166,0,No,15166.0
BILL00597,A00597,8000,12491,2000,Yes,4498.2
BILL00598,A00598,1200,19186,0,Yes,4077.2
BILL00599,A00599,12000,9956,16000,Yes,7591.2
BILL00600,A00600,12000,15257,0,No,27257.0
BILL00601,A00601,3500,4393,0,No,7893.0
BILL00602,A00602,1000,13407,0,No,14407.0
BILL00603,A00603,1500,11611,8000,No,21111.0
BILL00604,A00604,250000,7022,10000,Yes,53404.4
BILL00605,A00605,40000,1984,6000,Yes,9596.8
BILL00606,A00606,2500,11413,35000,Yes,9782.6
BILL00607,A00607,40000,5380,30000,Yes,15076.0
BILL00608,A00608,15000,10937,6000,Yes,6387.4
BILL00609,A00609,12000,10305,0,Yes,4461.0
BILL00610,A00610,10000,17202,0,No,27202.0
BILL00611,A00611,800,10323,30000,No,41123.0
BILL00612,A00612,4000,12570,24000,No,40570.0
BILL00613,A00613,1500,14149,40000,No,55649.0
BILL00614,A00614,60000,1373,10000,Yes,14274.6
BILL00615,A00615,80000,19455,9000,No,108455.0
BILL00616,A00616,3500,19620,5000,Yes,5624.0
BILL00617,A00617,80000,12958,24000,No,116958.0
BILL00618,A00618,15000,8436,20000,Yes,8687.2
BILL00619,A00619,12000,4101,21000,Yes,7420.2
BILL00620,A00620,1500,10779,30000,Yes,8455.8
BILL00621,A00621,80000,7181,50000,Yes,27436.2
BILL00622,A00622,4000,15953,0,No,19953.0
BILL00623,A00623,65000,17496,0,Yes,16499.2
BILL00624,A00624,3500,16175,5000,Yes,4935.0
BILL00625,A00625,8000,6174,5000,No,19174.0
BILL00626,A00626,1000,11717,4000,No,16717.0
BILL00627,A00627,250000,9162,30000,Yes,57832.4
BILL00628,A00628,3500,8577,12000,Yes,4815.4
BILL00629,A00629,3500,7868,0,No,11368.0
BILL00630,A00630,8000,7292,35000,Yes,10058.4
BILL00631,A00631,40000,11929,12000,Yes,12785.8
BILL00632,A00632,12000,19291,10000,No,41291.0
BILL00633,A00633,180000,13428,24000,No,217428.0
BILL00634,A00634,65000,5299,0,Yes,14059.8
BILL00635,A00635,8000,3089,0,No,11089.0
BILL00636,A00636,15000,8903,0,Yes,4780.6
BILL00637,A00637,80000,18148,16000,No,114148.0
BILL00638,A00638,35000,9400,12000,Yes,11280.0
BILL00639,A00639,5000,19729,27000,Yes,10345.8
BILL00640,A00640,180000,17901,6000,Yes,40780.2
BILL00641,A00641,2000,2220,4000,Yes,1644.0
BILL00642,A00642,6000,15979,6000,No,27979.0
BILL00643,A00643,6000,5004,20000,No,31004.0
BILL00644,A00644,3500,5675,10000,No,19175.0
BILL00645,A00645,60000,16087,25000,No,101087.0
BILL00646,A00646,2000,9912,28000,Yes,7982.4
BILL00647,A00647,15000,2438,16000,No,33438.0
BILL00648,A00648,80000,8109,6000,No,94109.0
BILL00649,A00649,180000,6236,15000,No,201236.0
BILL00650,A00650,12000,6260,0,No,18260.0
BILL00651,A00651,1200,13508,0,Yes,2941.6
BILL00652,A00652,1000,9985,18000,Yes,5797.0
BILL00653,A00653,6000,19110,2000,No,27110.0
BILL00654,A00654,35000,11478,0,Yes,9295.6
BILL00655,A00655,15000,18302,0,No,33302.0
BILL00656,A00656,6000,4897,15000,Yes,5179.4
BILL00657,A00657,6000,4191,20000,Yes,6038.2
BILL00658,A00658,5000,15537,0,No,20537.0
BILL00659,A00659,1000,961,12000,No,13961.0
BILL00660,A00660,5000,19105,30000,Yes,10821.0
BILL00661,A00661,180000,13787,40000,Yes,46757.4
BILL00662,A00662,6000,3342,40000,No,49342.0
BILL00663,A00663,1000,6554,0,Yes,1510.8
BILL00664,A00664,1000,8628,4000,Yes,2725.6
BILL00665,A00665,1200,8217,0,No,9417.0
BILL00666,A00666,10000,11301,12000,Yes,6660.2
BILL00667,A00667,60000,19272,2000,Yes,16254.4
BILL00668,A00668,6000,12281,9000,Yes,5456.2
BILL00669,A00669,12000,4373,0,Yes,3274.6
BILL00670,A00670,6000,13784,0,No,19784.0
BILL00671,A00671,250000,10167,0,Yes,52033.4
BILL00672,A00672,12000,7680,6000,Yes,5136.0
BILL00673,A00673,12000,15408,0,Yes,5481.6
BILL00674,A00674,2500,18497,50000,No,70997.0
BILL00675,A00675,1000,7656,27000,No,35656.0
BILL00676,A00676,80000,3182,50000,Yes,26636.4
BILL00677,A00677,1200,12354,0,No,13554.0
BILL00678,A00678,6000,4176,0,No,10176.0
BILL00679,A00679,4000,17063,18000,Yes,7812.6
BILL00680,A00680,6000,5410,30000,Yes,8282.0
BILL00681,A00681,5000,17550,10000,Yes,6510.0
BILL00682,A00682,6000,7230,20000,Yes,6646.0
BILL00683,A00683,1000,17223,30000,No,48223.0
BILL00684,A00684,180000,15358,0,Yes,39071.6
BILL00685,A00685,70000,15468,20000,Yes,21093.6
BILL00686,A00686,450000,10598,18000,Yes,95719.6
BILL00687,A00687,1000,598,24000,Yes,5119.6
BILL00688,A00688,15000,1984,45000,Yes,12396.8
BILL00689,A00689,12000,2589,16000,No,30589.0
BILL00690,A00690,40000,2761,25000,Yes,13552.2
BILL00691,A00691,1000,13897,21000,No,35897.0
BILL00692,A00692,12000,14274,12000,No,38274.0
BILL00693,A00693,8000,13033,45000,No,66033.0
BILL00694,A00694,5000,12869,35000,Yes,10573.8
BILL00695,A00695,35000,18171,12000,No,65171.0
BILL00696,A00696,5000,11895,12000,Yes,5779.0
BILL00697,A00697,1000,18104,50000,Yes,13820.8
BILL00698,A00698,35000,7797,6000,No,48797.0
BILL00699,A00699,1000,10276,40000,No,51276.0
BILL00700,A00700,80000,18340,0,Yes,19668.0
BILL00701,A00701,1000,8025,18000,Yes,5405.0
BILL00702,A00702,70000,5583,0,Yes,15116.6
BILL00703,A00703,12000,4197,6000,No,22197.0
BILL00704,A00704,15000,14237,6000,Yes,7047.4
BILL00705,A00705,8000,2704,6000,Yes,3340.8
BILL00706,A00706,180000,15128,8000,Yes,40625.6
BILL00707,A00707,40000,1949,10000,Yes,10389.8
BILL00708,A00708,450000,18186,0,No,468186.0
BILL00709,A00709,6000,2349,30000,Yes,7669.8
BILL00710,A00710,1000,9978,0,No,10978.0
BILL00711,A00711,15000,19377,40000,Yes,14875.4
BILL00712,A00712,6000,11007,27000,Yes,8801.4
BILL00713,A00713,1000,5194,0,Yes,1238.8
BILL00714,A00714,8000,9516,8000,Yes,5103.2
BILL00715,A00715,8000,19887,0,Yes,5577.4
BILL00716,A00716,1200,14498,15000,Yes,6139.6
BILL00717,A00717,1000,11785,15000,No,27785.0
BILL00718,A00718,60000,10944,20000,Yes,18188.8
BILL00719,A00719,3500,10326,15000,Yes,5765.2
BILL00720,A00720,1500,18126,10000,Yes,5925.2
BILL00721,A00721,40000,7884,8000,No,55884.0
BILL00722,A00722,1000,5230,10000,No,16230.0
BILL00723,A00723,3000,18928,0,No,21928.0
BILL00724,A00724,35000,18761,6000,Yes,11952.2
BILL00725,A00725,1500,8855,0,Yes,2071.0
BILL00726,A00726,15000,3090,10000,No,28090.0
BILL00727,A00727,5000,3529,0,Yes,1705.8
BILL00728,A00728,5000,12859,18000,No,35859.0
BILL00729,A00729,8000,6665,9000,Yes,4733.0
BILL00730,A00730,60000,11410,0,No,71410.0
BILL00731,A00731,80000,1002,9000,No,90002.0
BILL00732,A00732,8000,4344,0,No,12344.0
BILL00733,A00733,12000,7201,0,No,19201.0
BILL00734,A00734,3500,18590,28000,No,50090.0
BILL00735,A00735,2500,12973,0,Yes,3094.6
BILL00736,A00736,10000,12272,8000,Yes,6054.4
BILL00737,A00737,6000,17303,0,Yes,4660.6
BILL00738,A00738,2000,15884,20000,No,37884.0
BILL00739,A00739,2000,12647,0,Yes,2929.4
BILL00740,A00740,450000,18932,3000,No,471932.0
BILL00741,A00741,12000,1031,12000,Yes,5006.2
BILL00742,A00742,180000,19637,10000,Yes,41927.4
BILL00743,A00743,8000,6928,8000,Yes,4585.6
BILL00744,A00744,1200,19170,18000,Yes,7674.0
BILL00745,A00745,8000,11561,0,No,19561.0
BILL00746,A00746,1500,16511,20000,Yes,7602.2
BILL00747,A00747,35000,12040,0,Yes,9408.0
BILL00748,A00748,40000,18409,0,Yes,11681.8
BILL00749,A00749,450000,18264,4000,Yes,94452.8
BILL00750,A00750,12000,2935,0,No,14935.0
BILL00751,A00751,1000,14013,18000,No,33013.0
BILL00752,A00752,6000,8083,12000,No,26083.0
BILL00753,A00753,10000,799,0,Yes,2159.8
BILL00754,A00754,65000,12729,6000,Yes,16745.8
BILL00755,A00755,2500,16333,10000,Yes,5766.6
BILL00756,A00756,3000,17939,15000,Yes,7187.8
BILL00757,A00757,250000,17847,12000,Yes,55969.4
BILL00758,A00758,3000,9894,6000,Yes,3778.8
BILL00759,A00759,15000,14609,15000,Yes,8921.8
BILL00760,A00760,60000,3656,30000,Yes,18731.2
BILL00761,A00761,8000,17750,32000,No,57750.0
BILL00762,A00762,12000,9259,10000,Yes,6251.8
BILL00763,A00763,65000,13804,40000,Yes,23760.8
BILL00764,A00764,8000,7900,0,No,15900.0
BILL00765,A00765,8000,3141,12000,Yes,4628.2
BILL00766,A00766,80000,12927,40000,Yes,26585.4
BILL00767,A00767,2500,2338,8000,No,12838.0
BILL00768,A00768,35000,3209,25000,No,63209.0
BILL00769,A00769,5000,11355,0,No,16355.0
BILL00770,A00770,8000,1894,0,Yes,1978.8
BILL00771,A00771,1000,19072,25000,Yes,9014.4
BILL00772,A00772,10000,2936,32000,No,44936.0
BILL00773,A00773,6000,18965,4000,Yes,5793.0
BILL00774,A00774,3500,10805,4000,No,18305.0
BILL00775,A00775,35000,19735,30000,No,84735.0
BILL00776,A00776,2500,13551,0,Yes,3210.2
BILL00777,A00777,8000,18979,30000,Yes,11395.8
BILL00778,A00778,3500,13251,28000,Yes,8950.2
BILL00779,A00779,1200,5085,0,Yes,1257.0
BILL00780,A00780,60000,11833,0,Yes,14366.6
BILL00781,A00781,3000,8106,10000,Yes,4221.2
BILL00782,A00782,2500,13499,40000,Yes,11199.8
BILL00783,A00783,2000,9456,30000,Yes,8291.2
BILL00784,A00784,60000,12159,35000,Yes,21431.8
BILL00785,A00785,8000,19697,10000,Yes,7539.4
BILL00786,A00786,35000,10178,0,No,45178.0
BILL00787,A00787,3000,3188,4000,Yes,2037.6
BILL00788,A00788,1200,5555,25000,Yes,6351.0
BILL00789,A00789,1500,3991,4000,Yes,1898.2
BILL00790,A00790,1000,10601,5000,Yes,3320.2
BILL00791,A00791,15000,9339,10000,Yes,6867.8
BILL00792,A00792,1000,6640,10000,Yes,3528.0
BILL00793,A00793,5000,18677,35000,Yes,11735.4
BILL00794,A00794,8000,3436,20000,Yes,6287.2
BILL00795,A00795,2500,11130,0,Yes,2726.0
BILL00796,A00796,250000,14059,10000,No,274059.0
BILL00797,A00797,15000,18834,27000,Yes,12166.8
BILL00798,A00798,5000,6056,15000,Yes,5211.2
BILL00799,A00799,1500,9311,36000,Yes,9362.2
BILL00800,A00800,3000,5281,0,Yes,1656.2
BILL00801,A00801,5000,9542,0,Yes,2908.4
BILL00802,A00802,8000,3020,12000,Yes,4604.0
BILL00803,A00803,12000,8580,35000,Yes,11116.0
BILL00804,A00804,800,6907,0,Yes,1541.4
BILL00805,A00805,1200,10483,6000,No,17683.0
BILL00806,A00806,12000,11386,10000,No,33386.0
BILL00807,A00807,800,11298,45000,Yes,11419.6
BILL00808,A00808,450000,19977,18000,Yes,97595.4
BILL00809,A00809,180000,7081,5000,Yes,38416.2
BILL00810,A00810,1200,13549,8000,Yes,4549.8
BILL00811,A00811,1200,16589,9000,Yes,5357.8
BILL00812,A00812,1500,9684,0,Yes,2236.8
BILL00813,A00813,1500,18976,30000,Yes,10095.2
BILL00814,A00814,80000,18379,6000,No,104379.0
BILL00815,A00815,65000,18525,6000,No,89525.0
BILL00816,A00816,15000,15626,12000,Yes,8525.2
BILL00817,A00817,12000,10046,10000,No,32046.0
BILL00818,A00818,35000,13906,5000,Yes,10781.2
BILL00819,A00819,15000,10423,0,Yes,5084.6
BILL00820,A00820,2500,5550,5000,No,13050.0
BILL00821,A00821,1200,2923,0,No,4123.0
BILL00822,A00822,15000,16203,0,Yes,6240.6
BILL00823,A00823,35000,14206,0,No,49206.0
BILL00824,A00824,65000,12281,0,Yes,15456.2
BILL00825,A00825,12000,8634,0,Yes,4126.8
BILL00826,A00826,8000,1951,10000,No,19951.0
BILL00827,A00827,1000,11365,20000,Yes,6473.0
BILL00828,A00828,1200,3731,12000,Yes,3386.2
BILL00829,A00829,60000,17499,3000,Yes,16099.8
BILL00830,A00830,80000,13316,10000,No,103316.0
BILL00831,A00831,1200,19786,0,Yes,4197.2
BILL00832,A00832,180000,1304,0,Yes,36260.8
BILL00833,A00833,70000,14130,6000,Yes,18026.0
BILL00834,A00834,250000,5142,0,Yes,51028.4
BILL00835,A00835,800,15420,9000,Yes,5044.0
BILL00836,A00836,1500,11913,35000,Yes,9682.6
BILL00837,A00837,80000,15325,40000,Yes,27065.0
BILL00838,A00838,5000,1964,12000,Yes,3792.8
BILL00839,A00839,8000,11741,2000,No,21741.0
BILL00840,A00840,180000,5885,0,Yes,37177.0
BILL00841,A00841,15000,18584,9000,Yes,8516.8
BILL00842,A00842,250000,14471,15000,Yes,55894.2
BILL00843,A00843,2500,13772,27000,Yes,8654.4
BILL00844,A00844,15000,14660,35000,Yes,12932.0
BILL00845,A00845,35000,6965,0,Yes,8393.0
BILL00846,A00846,40000,13241,8000,No,61241.0
BILL00847,A00847,3500,7243,0,No,10743.0
BILL00848,A00848,3000,2550,10000,No,15550.0
BILL00849,A00849,4000,18092,24000,Yes,9218.4
BILL00850,A00850,800,6957,45000,Yes,10551.4
BILL00851,A00851,1500,16539,32000,Yes,10007.8
BILL00852,A00852,15000,13362,4000,Yes,6472.4
BILL00853,A00853,180000,15503,0,No,195503.0
BILL00854,A00854,5000,10246,10000,No,25246.0
BILL00855,A00855,5000,10762,14000,Yes,5952.4
BILL00856,A00856,1000,4332,18000,Yes,4666.4
BILL00857,A00857,15000,5132,5000,Yes,5026.4
BILL00858,A00858,6000,5017,40000,Yes,10203.4
BILL00859,A00859,6000,16447,6000,Yes,5689.4
BILL00860,A00860,3000,16544,12000,Yes,6308.8
BILL00861,A00861,5000,10808,0,Yes,3161.6
BILL00862,A00862,70000,12264,0,Yes,16452.8
BILL00863,A00863,60000,6893,25000,No,91893.0
BILL00864,A00864,1500,17062,40000,Yes,11712.4
BILL00865,A00865,2000,16612,10000,No,28612.0
BILL00866,A00866,60000,15044,0,Yes,15008.8
BILL00867,A00867,2000,19026,10000,No,31026.0
BILL00868,A00868,60000,7726,28000,Yes,19145.2
BILL00869,A00869,800,7867,32000,Yes,8133.4
BILL00870,A00870,70000,15485,30000,Yes,23097.0
BILL00871,A00871,180000,4209,4000,Yes,37641.8
BILL00872,A00872,800,18296,12000,Yes,6219.2
BILL00873,A00873,15000,1863,15000,Yes,6372.6
BILL00874,A00874,35000,14431,18000,No,67431.0
BILL00875,A00875,2000,8611,36000,No,46611.0
BILL00876,A00876,450000,1556,0,Yes,90311.2
BILL00877,A00877,15000,3350,15000,No,33350.0
BILL00878,A00878,6000,4346,15000,Yes,5069.2
BILL00879,A00879,3000,19765,8000,No,30765.0
BILL00880,A00880,35000,14530,9000,Yes,11706.0
BILL00881,A00881,65000,7270,0,No,72270.0
BILL00882,A00882,12000,19180,36000,Yes,13436.0
BILL00883,A00883,1200,18154,0,Yes,3870.8
BILL00884,A00884,800,10089,8000,Yes,3777.8
BILL00885,A00885,12000,17356,4000,Yes,6671.2
BILL00886,A00886,2500,13987,2000,No,18487.0
BILL00887,A00887,15000,4657,0,Yes,3931.4
BILL00888,A00888,6000,11054,0,No,17054.0
BILL00889,A00889,40000,13368,45000,Yes,19673.6
BILL00890,A00890,8000,9305,0,Yes,3461.0
BILL00891,A00891,1200,2974,0,Yes,834.8
BILL00892,A00892,1000,9616,36000,Yes,9323.2
BILL00893,A00893,60000,16492,16000,Yes,18498.4
BILL00894,A00894,2000,3552,15000,Yes,4110.4
BILL00895,A00895,12000,12238,4000,No,28238.0
BILL00896,A00896,12000,13532,9000,No,34532.0
BILL00897,A00897,6000,7441,0,Yes,2688.2
BILL00898,A00898,15000,9792,40000,Yes,12958.4
BILL00899,A00899,5000,4779,0,No,9779.0
BILL00900,A00900,5000,2086,14000,Yes,4217.2
BILL00901,A00901,10000,15559,2000,Yes,5511.8
BILL00902,A00902,15000,5676,35000,Yes,11135.2
BILL00903,A00903,3500,14518,6000,No,24018.0
BILL00904,A00904,65000,4822,36000,Yes,21164.4
BILL00905,A00905,15000,9479,0,No,24479.0
BILL00906,A00906,1000,8704,18000,Yes,5540.8
BILL00907,A00907,65000,5923,0,Yes,14184.6
BILL00908,A00908,15000,10510,6000,Yes,6302.0
BILL00909,A00909,5000,3488,0,Yes,1697.6
BILL00910,A00910,1000,16124,0,Yes,3424.8
BILL00911,A00911,40000,7911,15000,Yes,12582.2
BILL00912,A00912,450000,11758,4000,No,465758.0
BILL00913,A00913,180000,14338,0,Yes,38867.6
BILL00914,A00914,1500,8002,0,Yes,1900.4
BILL00915,A00915,1500,3856,0,Yes,1071.2
BILL00916,A00916,8000,10305,0,Yes,3661.0
BILL00917,A00917,5000,4862,0,Yes,1972.4
BILL00918,A00918,8000,18957,20000,Yes,9391.4
BILL00919,A00919,15000,5877,0,Yes,4175.4
BILL00920,A00920,8000,7481,21000,No,36481.0
BILL00921,A00921,1200,14996,9000,Yes,5039.2
BILL00922,A00922,80000,3792,0,No,83792.0
BILL00923,A00923,8000,19819,10000,Yes,7563.8
BILL00924,A00924,5000,14570,8000,No,27570.0
BILL00925,A00925,6000,8619,0,Yes,2923.8
BILL00926,A00926,250000,8631,12000,No,270631.0
BILL00927,A00927,5000,1378,0,Yes,1275.6
BILL00928,A00928,2500,17196,3000,No,22696.0
BILL00929,A00929,6000,10184,4000,No,20184.0
BILL00930,A00930,12000,8342,5000,Yes,5068.4
BILL00931,A00931,3500,8399,45000,Yes,11379.8
BILL00932,A00932,8000,2826,0,No,10826.0
BILL00933,A00933,3000,10870,30000,Yes,8774.0
BILL00934,A00934,80000,19124,25000,Yes,24824.8
BILL00935,A00935,8000,6161,40000,No,54161.0
BILL00936,A00936,2000,2891,0,Yes,978.2
BILL00937,A00937,1000,951,32000,Yes,6790.2
BILL00938,A00938,5000,2481,45000,Yes,10496.2
BILL00939,A00939,800,16918,0,Yes,3543.6
BILL00940,A00940,1200,13681,0,Yes,2976.2
BILL00941,A00941,10000,18117,0,Yes,5623.4
BILL00942,A00942,6000,10655,20000,Yes,7331.0
BILL00943,A00943,1000,7158,0,Yes,1631.6
BILL00944,A00944,65000,13303,6000,Yes,16860.6
BILL00945,A00945,35000,14835,30000,Yes,15967.0
BILL00946,A00946,5000,3325,15000,Yes,4665.0
BILL00947,A00947,2000,2303,0,No,4303.0
BILL00948,A00948,3000,6255,18000,Yes,5451.0
BILL00949,A00949,4000,4996,12000,Yes,4199.2
BILL00950,A00950,3000,11860,0,Yes,2972.0
BILL00951,A00951,60000,4659,0,No,64659.0
BILL00952,A00952,15000,4368,12000,Yes,6273.6
BILL00953,A00953,60000,14568,24000,Yes,19713.6
BILL00954,A00954,5000,9116,0,Yes,2823.2
BILL00955,A00955,3000,17237,40000,Yes,12047.4
BILL00956,A00956,10000,19075,15000,Yes,8815.0
BILL00957,A00957,6000,8859,0,No,14859.0
BILL00958,A00958,180000,4279,12000,No,196279.0
BILL00959,A00959,800,584,6000,No,7384.0
BILL00960,A00960,6000,902,15000,Yes,4380.4
BILL00961,A00961,2500,12426,50000,No,64926.0
BILL00962,A00962,12000,6364,2000,Yes,4072.8
BILL00963,A00963,12000,14241,9000,Yes,7048.2
BILL00964,A00964,12000,14139,0,Yes,5227.8
BILL00965,A00965,1500,3052,16000,Yes,4110.4
BILL00966,A00966,1000,2225,27000,Yes,6045.0
BILL00967,A00967,12000,17400,2000,No,31400.0
BILL00968,A00968,450000,2758,15000,No,467758.0
BILL00969,A00969,12000,10680,0,Yes,4536.0
BILL00970,A00970,2000,15466,0,Yes,3493.2
BILL00971,A00971,5000,10054,24000,No,39054.0
BILL00972,A00972,1200,8448,10000,Yes,3929.6
BILL00973,A00973,2500,16666,0,No,19166.0
BILL00974,A00974,6000,18409,9000,Yes,6681.8
BILL00975,A00975,15000,13936,6000,Yes,6987.2
BILL00976,A00976,35000,11851,2000,No,48851.0
BILL00977,A00977,1500,547,0,No,2047.0
BILL00978,A00978,6000,10576,0,Yes,3315.2
BILL00979,A00979,60000,8304,10000,Yes,15660.8
BILL00980,A00980,8000,2462,9000,No,19462.0
BILL00981,A00981,15000,3548,6000,No,24548.0
BILL00982,A00982,5000,17531,0,No,22531.0
BILL00983,A00983,8000,12705,35000,No,55705.0
BILL00984,A00984,3000,3282,6000,Yes,2456.4
BILL00985,A00985,4000,13422,12000,Yes,5884.4
BILL00986,A00986,15000,2540,5000,No,22540.0
BILL00987,A00987,6000,4783,9000,Yes,3956.6
BILL00988,A00988,35000,10822,0,No,45822.0
BILL00989,A00989,4000,11190,8000,Yes,4638.0
BILL00990,A00990,450000,8154,14000,No,472154.0
BILL00991,A00991,15000,4960,2000,Yes,4392.0
BILL00992,A00992,250000,5886,5000,Yes,52177.2
BILL00993,A00993,12000,13820,0,Yes,5164.0
BILL00994,A00994,6000,7303,10000,Yes,4660.6
BILL00995,A00995,70000,9183,0,Yes,15836.6
BILL00996,A00996,10000,10468,4000,Yes,4893.6
BILL00997,A00997,4000,11241,30000,Yes,9048.2
BILL00998,A00998,8000,8633,0,Yes,3326.6
BILL00999,A00999,35000,2104,0,Yes,7420.8
BILL01000,A01000,60000,6197,16000,No,82197.0
BILL01001,A01001,12000,15317,3000,Yes,6063.4
BILL01002,A01002,80000,3839,0,Yes,16767.8
BILL01003,A01003,250000,2520,27000,Yes,55904.0
BILL01004,A01004,65000,13626,36000,No,114626.0
BILL01005,A01005,35000,3253,8000,No,46253.0
BILL01006,A01006,60000,2957,2000,No,64957.0
BILL01007,A01007,12000,6979,10000,No,28979.0
BILL01008,A01008,65000,3513,0,Yes,13702.6
BILL01009,A01009,450000,15605,0,Yes,93121.0
BILL01010,A01010,60000,19305,30000,No,109305.0
BILL01011,A01011,4000,13443,15000,Yes,6488.6
BILL01012,A01012,40000,14480,0,Yes,10896.0
BILL01013,A01013,6000,6632,0,Yes,2526.4
BILL01014,A01014,8000,5370,20000,Yes,6674.0
BILL01015,A01015,6000,8553,32000,Yes,9310.6
BILL01016,A01016,12000,18544,20000,Yes,10108.8
BILL01017,A01017,15000,9667,45000,Yes,13933.4
BILL01018,A01018,12000,7035,18000,Yes,7407.0
BILL01019,A01019,180000,18314,4000,No,202314.0
BILL01020,A01020,4000,12267,0,Yes,3253.4
BILL01021,A01021,10000,16381,28000,No,54381.0
BILL01022,A01022,5000,16962,12000,Yes,6792.4
BILL01023,A01023,1200,6392,2000,Yes,1918.4
BILL01024,A01024,2500,7676,4000,No,14176.0
BILL01025,A01025,2500,9705,6000,No,18205.0
BILL01026,A01026,2500,15956,24000,No,42456.0
BILL01027,A01027,12000,8127,3000,Yes,4625.4
BILL01028,A01028,6000,8402,12000,Yes,5280.4
BILL01029,A01029,6000,2332,27000,Yes,7066.4
BILL01030,A01030,1500,13227,0,No,14727.0
BILL01031,A01031,12000,6192,6000,Yes,4838.4
BILL01032,A01032,2000,10920,0,No,12920.0
BILL01033,A01033,3500,1424,32000,No,36924.0
BILL01034,A01034,35000,18968,12000,Yes,13193.6
BILL01035,A01035,450000,6668,0,Yes,91333.6
BILL01036,A01036,60000,6252,25000,Yes,18250.4
BILL01037,A01037,10000,2340,6000,Yes,3668.0
BILL01038,A01038,12000,1153,20000,Yes,6630.6
BILL01039,A01039,5000,7101,27000,Yes,7820.2
BILL01040,A01040,35000,6315,0,Yes,8263.0
BILL01041,A01041,5000,5340,0,No,10340.0
BILL01042,A01042,2000,17745,12000,No,31745.0
BILL01043,A01043,4000,12741,35000,Yes,10348.2
BILL01044,A01044,180000,11528,0,Yes,38305.6
BILL01045,A01045,15000,5661,0,No,20661.0
BILL01046,A01046,80000,16464,36000,Yes,26492.8
BILL01047,A01047,5000,18914,0,Yes,4782.8
BILL01048,A01048,450000,19798,9000,Yes,95759.6
BILL01049,A01049,2000,10150,24000,Yes,7230.0
BILL01050,A01050,800,558,45000,No,46358.0
BILL01051,A01051,60000,19095,0,Yes,15819.0
BILL01052,A01052,12000,10927,0,Yes,4585.4
BILL01053,A01053,3000,3911,0,Yes,1382.2
BILL01054,A01054,60000,3049,0,Yes,12609.8
BILL01055,A01055,12000,10969,21000,Yes,8793.8
BILL01056,A01056,450000,3407,0,Yes,90681.4
BILL01057,A01057,5000,9190,9000,Yes,4638.0
BILL01058,A01058,35000,2721,12000,Yes,9944.2
BILL01059,A01059,1500,4040,12000,Yes,3508.0
BILL01060,A01060,65000,14859,10000,No,89859.0
BILL01061,A01061,1000,14066,0,No,15066.0
BILL01062,A01062,1000,12009,15000,Yes,5601.8
BILL01063,A01063,10000,16211,0,Yes,5242.2
BILL01064,A01064,12000,2915,0,Yes,2983.0
BILL01065,A01065,10000,10943,20000,No,40943.0
BILL01066,A01066,40000,2931,0,Yes,8586.2
BILL01067,A01067,12000,12803,15000,No,39803.0
BILL01068,A01068,65000,18425,6000,Yes,17885.0
BILL01069,A01069,4000,16318,0,Yes,4063.6
BILL01070,A01070,180000,5906,45000,Yes,46181.2
BILL01071,A01071,15000,3818,8000,Yes,5363.6
BILL01072,A01072,35000,6725,0,No,41725.0
BILL01073,A01073,2000,18198,0,No,20198.0
BILL01074,A01074,40000,10245,6000,Yes,11249.0
BILL01075,A01075,180000,13374,0,Yes,38674.8
BILL01076,A01076,2500,12323,8000,Yes,4564.6
BILL01077,A01077,70000,10151,5000,Yes,17030.2
BILL01078,A01078,450000,1343,0,Yes,90268.6
BILL01079,A01079,15000,10062,0,Yes,5012.4
BILL01080,A01080,12000,4284,4000,No,20284.0
BILL01081,A01081,4000,15931,50000,No,69931.0
BILL01082,A01082,65000,9183,6000,Yes,16036.6
BILL01083,A01083,180000,13198,9000,Yes,40439.6
BILL01084,A01084,40000,12999,8000,Yes,12199.8
BILL01085,A01085,10000,1962,28000,Yes,7992.4
BILL01086,A01086,6000,9131,0,No,15131.0
BILL01087,A01087,8000,18989,16000,Yes,8597.8
BILL01088,A01088,40000,3668,2000,No,45668.0
BILL01089,A01089,1000,18242,45000,No,64242.0
BILL01090,A01090,10000,19824,0,Yes,5964.8
BILL01091,A01091,15000,13184,45000,No,73184.0
BILL01092,A01092,15000,16059,6000,Yes,7411.8
BILL01093,A01093,5000,3087,15000,No,23087.0
BILL01094,A01094,3000,1637,0,Yes,927.4
BILL01095,A01095,70000,15214,18000,No,103214.0
BILL01096,A01096,15000,5977,30000,No,50977.0
BILL01097,A01097,15000,4634,14000,Yes,6726.8
BILL01098,A01098,1200,14766,0,No,15966.0
BILL01099,A01099,1500,5345,0,Yes,1369.0
BILL01100,A01100,1000,2695,0,Yes,739.0
BILL01101,A01101,1500,13520,12000,No,27020.0
BILL01102,A01102,1000,17529,10000,No,28529.0
BILL01103,A01103,8000,905,0,Yes,1781.0
BILL01104,A01104,450000,5403,18000,Yes,94680.6
BILL01105,A01105,65000,19593,2000,No,86593.0
BILL01106,A01106,15000,18938,10000,No,43938.0
BILL01107,A01107,1000,18051,4000,No,23051.0
BILL01108,A01108,15000,9155,0,No,24155.0
BILL01109,A01109,450000,19244,15000,Yes,96848.8
BILL01110,A01110,35000,9524,0,Yes,8904.8
BILL01111,A01111,6000,13663,6000,Yes,5132.6
BILL01112,A01112,250000,11362,0,Yes,52272.4
BILL01113,A01113,800,16071,36000,No,52871.0
BILL01114,A01114,2500,1162,20000,No,23662.0
BILL01115,A01115,12000,10430,8000,Yes,6086.0
BILL01116,A01116,15000,16609,4000,No,35609.0
BILL01117,A01117,15000,7969,0,Yes,4593.8
BILL01118,A01118,6000,15019,36000,Yes,11403.8
BILL01119,A01119,3000,14156,0,Yes,3431.2
BILL01120,A01120,250000,7426,20000,No,277426.0
BILL01121,A01121,8000,17424,0,No,25424.0
BILL01122,A01122,8000,17384,30000,Yes,11076.8
BILL01123,A01123,450000,17106,0,Yes,93421.2
BILL01124,A01124,5000,17679,0,Yes,4535.8
BILL01125,A01125,40000,7077,0,Yes,9415.4
BILL01126,A01126,40000,15456,0,No,55456.0
BILL01127,A01127,40000,7024,0,Yes,9404.8
BILL01128,A01128,12000,15711,5000,Yes,6542.2
BILL01129,A01129,2000,4559,14000,Yes,4111.8
BILL01130,A01130,450000,16516,40000,Yes,101303.2
BILL01131,A01131,180000,16051,0,Yes,39210.2
BILL01132,A01132,40000,8975,0,Yes,9795.0
BILL01133,A01133,40000,13166,4000,Yes,11433.2
BILL01134,A01134,1200,19251,30000,No,50451.0
BILL01135,A01135,2500,7876,21000,Yes,6275.2
BILL01136,A01136,12000,13918,0,No,25918.0
BILL01137,A01137,8000,791,35000,No,43791.0
BILL01138,A01138,3500,6175,20000,Yes,5935.0
BILL01139,A01139,800,10509,0,Yes,2261.8
BILL01140,A01140,1000,12836,40000,Yes,10767.2
BILL01141,A01141,6000,7650,0,Yes,2730.0
BILL01142,A01142,10000,17560,0,Yes,5512.0
BILL01143,A01143,6000,740,0,Yes,1348.0
BILL01144,A01144,1500,19956,0,Yes,4291.2
BILL01145,A01145,2500,4042,40000,Yes,9308.4
BILL01146,A01146,3000,9559,8000,No,20559.0
BILL01147,A01147,1500,9057,0,Yes,2111.4
BILL01148,A01148,1000,17450,24000,No,42450.0
BILL01149,A01149,12000,13741,0,No,25741.0
BILL01150,A01150,5000,1334,0,No,6334.0
BILL01151,A01151,10000,9000,5000,Yes,4800.0
BILL01152,A01152,40000,1657,24000,Yes,13131.4
BILL01153,A01153,450000,7786,35000,No,492786.0
BILL01154,A01154,450000,12247,16000,No,478247.0
BILL01155,A01155,180000,18792,9000,Yes,41558.4
BILL01156,A01156,180000,15926,18000,No,213926.0
BILL01157,A01157,8000,18818,0,No,26818.0
BILL01158,A01158,80000,11498,8000,Yes,19899.6
BILL01159,A01159,2000,7818,8000,Yes,3563.6
BILL01160,A01160,180000,11356,24000,Yes,43071.2
BILL01161,A01161,80000,10135,0,No,90135.0
BILL01162,A01162,800,15918,20000,No,36718.0
BILL01163,A01163,6000,19622,0,Yes,5124.4
BILL01164,A01164,1200,6874,2000,No,10074.0
BILL01165,A01165,1000,13006,12000,Yes,5201.2
BILL01166,A01166,80000,5440,21000,No,106440.0
BILL01167,A01167,1000,11728,5000,No,17728.0
BILL01168,A01168,1000,15493,9000,Yes,5098.6
BILL01169,A01169,35000,6409,4000,Yes,9081.8
BILL01170,A01170,6000,6294,20000,Yes,6458.8
BILL01171,A01171,450000,654,45000,Yes,99130.8
BILL01172,A01172,60000,6024,18000,Yes,16804.8
BILL01173,A01173,35000,3384,6000,Yes,8876.8
BILL01174,A01174,2500,14570,5000,Yes,4414.0
BILL01175,A01175,800,16143,0,Yes,3388.6
BILL01176,A01176,80000,17990,0,No,97990.0
BILL01177,A01177,3000,961,20000,No,23961.0
BILL01178,A01178,250000,17900,18000,Yes,57180.0
BILL01179,A01179,5000,635,0,Yes,1127.0
BILL01180,A01180,8000,11783,0,Yes,3956.6
BILL01181,A01181,6000,13068,12000,Yes,6213.6
BILL01182,A01182,40000,1998,8000,No,49998.0
BILL01183,A01183,3500,15439,40000,Yes,11787.8
BILL01184,A01184,15000,4884,28000,No,47884.0
BILL01185,A01185,35000,16562,0,No,51562.0
BILL01186,A01186,6000,5902,5000,Yes,3380.4
BILL01187,A01187,15000,7850,18000,Yes,8170.0
BILL01188,A01188,800,1218,6000,Yes,1603.6
BILL01189,A01189,12000,1724,15000,No,28724.0
BILL01190,A01190,15000,8881,6000,Yes,5976.2
BILL01191,A01191,15000,2071,6000,No,23071.0
BILL01192,A01192,80000,1146,0,No,81146.0
BILL01193,A01193,6000,14156,35000,Yes,11031.2
BILL01194,A01194,180000,18433,28000,Yes,45286.6
BILL01195,A01195,3500,5517,0,No,9017.0
BILL01196,A01196,60000,804,4000,Yes,12960.8
BILL01197,A01197,5000,3808,0,Yes,1761.6
BILL01198,A01198,70000,4994,45000,No,119994.0
BILL01199,A01199,15000,3937,10000,Yes,5787.4
BILL01200,A01200,5000,3982,0,Yes,1796.4
BILL01201,A01201,1000,7045,0,No,8045.0
BILL01202,A01202,10000,7108,12000,No,29108.0
BILL01203,A01203,10000,10178,9000,Yes,5835.6
BILL01204,A01204,2000,16764,24000,No,42764.0
BILL01205,A01205,5000,16250,8000,Yes,5850.0
BILL01206,A01206,1200,917,0,No,2117.0
BILL01207,A01207,10000,19313,15000,Yes,8862.6
BILL01208,A01208,3500,3451,6000,No,12951.0
BILL01209,A01209,6000,3819,16000,Yes,5163.8
BILL01210,A01210,6000,15466,8000,Yes,5893.2
BILL01211,A01211,60000,2141,4000,No,66141.0
BILL01212,A01212,15000,1792,8000,Yes,4958.4
BILL01213,A01213,60000,10746,45000,No,115746.0
BILL01214,A01214,65000,3612,12000,Yes,16122.4
BILL01215,A01215,60000,5034,9000,Yes,14806.8
BILL01216,A01216,12000,14843,32000,No,58843.0
BILL01217,A01217,15000,3545,0,No,18545.0
BILL01218,A01218,8000,6492,4000,Yes,3698.4
BILL01219,A01219,1000,15459,12000,No,28459.0
BILL01220,A01220,12000,16171,5000,Yes,6634.2
BILL01221,A01221,3000,5965,12000,Yes,4193.0
BILL01222,A01222,70000,2421,0,Yes,14484.2
BILL01223,A01223,250000,19857,5000,No,274857.0
BILL01224,A01224,2500,14857,15000,Yes,6471.4
BILL01225,A01225,800,12250,0,No,13050.0
BILL01226,A01226,450000,4781,0,No,454781.0
BILL01227,A01227,3500,4200,0,Yes,1540.0
BILL01228,A01228,15000,2575,40000,No,57575.0
BILL01229,A01229,35000,905,15000,No,50905.0
BILL01230,A01230,6000,11585,16000,Yes,6717.0
BILL01231,A01231,15000,8645,0,Yes,4729.0
BILL01232,A01232,15000,13111,27000,No,55111.0
BILL01233,A01233,180000,18795,18000,Yes,43359.0
BILL01234,A01234,5000,5642,5000,No,15642.0
BILL01235,A01235,800,5919,12000,No,18719.0
BILL01236,A01236,15000,11006,6000,Yes,6401.2
BILL01237,A01237,1200,9614,20000,Yes,6162.8
BILL01238,A01238,12000,18538,0,Yes,6107.6
BILL01239,A01239,65000,8200,10000,Yes,16640.0
BILL01240,A01240,5000,19277,45000,Yes,13855.4
BILL01241,A01241,6000,16833,40000,Yes,12566.6
BILL01242,A01242,12000,16797,2000,Yes,6159.4
BILL01243,A01243,8000,14011,14000,Yes,7202.2
BILL01244,A01244,1000,505,14000,No,15505.0
BILL01245,A01245,800,10481,0,No,11281.0
BILL01246,A01246,80000,15449,0,Yes,19089.8
BILL01247,A01247,15000,2278,3000,No,20278.0
BILL01248,A01248,450000,11378,10000,No,471378.0
BILL01249,A01249,180000,12404,0,Yes,38480.8
BILL01250,A01250,6000,7766,2000,Yes,3153.2
BILL01251,A01251,8000,10067,36000,No,54067.0
BILL01252,A01252,40000,2000,0,Yes,8400.0
BILL01253,A01253,450000,13909,10000,Yes,94781.8
BILL01254,A01254,8000,6919,24000,Yes,7783.8
BILL01255,A01255,8000,13374,6000,Yes,5474.8
BILL01256,A01256,60000,6744,32000,Yes,19748.8
BILL01257,A01257,6000,14081,18000,No,38081.0
BILL01258,A01258,65000,19794,10000,No,94794.0
BILL01259,A01259,5000,15262,25000,No,45262.0
BILL01260,A01260,70000,17021,0,No,87021.0
BILL01261,A01261,5000,642,4000,Yes,1928.4
BILL01262,A01262,70000,14682,35000,No,119682.0
BILL01263,A01263,80000,6306,21000,No,107306.0
BILL01264,A01264,10000,4706,18000,Yes,6541.2
BILL01265,A01265,40000,11046,0,Yes,10209.2
BILL01266,A01266,5000,8634,24000,Yes,7526.8
BILL01267,A01267,2000,11734,8000,Yes,4346.8
BILL01268,A01268,6000,4870,0,Yes,2174.0
BILL01269,A01269,1200,17286,8000,No,26486.0
BILL01270,A01270,2500,18450,0,No,20950.0
BILL01271,A01271,2000,18639,0,Yes,4127.8
BILL01272,A01272,5000,10021,0,No,15021.0
BILL01273,A01273,6000,4847,3000,Yes,2769.4
BILL01274,A01274,12000,11063,6000,No,29063.0
BILL01275,A01275,450000,18924,5000,Yes,94784.8
BILL01276,A01276,3500,14179,8000,No,25679.0
BILL01277,A01277,15000,14340,8000,Yes,7468.0
BILL01278,A01278,2000,1328,35000,Yes,7665.6
BILL01279,A01279,3000,2354,0,Yes,1070.8
BILL01280,A01280,40000,5773,8000,No,53773.0
BILL01281,A01281,15000,5298,4000,No,24298.0
BILL01282,A01282,5000,10171,15000,No,30171.0
BILL01283,A01283,12000,1558,0,No,13558.0
BILL01284,A01284,1200,3858,18000,No,23058.0
BILL01285,A01285,6000,18891,0,Yes,4978.2
BILL01286,A01286,6000,9925,0,No,15925.0
BILL01287,A01287,4000,13199,15000,No,32199.0
BILL01288,A01288,15000,10745,0,Yes,5149.0
BILL01289,A01289,3500,8735,24000,Yes,7247.0
BILL01290,A01290,15000,15018,9000,No,39018.0
BILL01291,A01291,35000,12550,9000,No,56550.0
BILL01292,A01292,1500,6840,40000,Yes,9668.0
BILL01293,A01293,12000,2940,0,No,14940.0
BILL01294,A01294,1200,17337,0,Yes,3707.4
BILL01295,A01295,2000,14541,32000,Yes,9708.2
BILL01296,A01296,450000,4762,3000,Yes,91552.4
BILL01297,A01297,80000,8856,4000,Yes,18571.2
BILL01298,A01298,1500,5572,0,Yes,1414.4
BILL01299,A01299,12000,11071,10000,No,33071.0
BILL01300,A01300,12000,10368,0,No,22368.0
BILL01301,A01301,6000,18527,20000,Yes,8905.4
BILL01302,A01302,1200,10915,0,No,12115.0
BILL01303,A01303,3500,17559,12000,No,33059.0
BILL01304,A01304,40000,5722,10000,Yes,11144.4
BILL01305,A01305,12000,13719,12000,Yes,7543.8
BILL01306,A01306,6000,7491,0,Yes,2698.2
BILL01307,A01307,12000,10119,6000,No,28119.0
BILL01308,A01308,800,17883,10000,No,28683.0
BILL01309,A01309,1000,788,8000,No,9788.0
BILL01310,A01310,180000,15103,0,No,195103.0
BILL01311,A01311,3500,8489,8000,No,19989.0
BILL01312,A01312,2000,11016,20000,No,33016.0
BILL01313,A01313,3500,4215,25000,Yes,6543.0
BILL01314,A01314,1000,9767,2000,No,12767.0
BILL01315,A01315,65000,12786,45000,Yes,24557.2
BILL01316,A01316,8000,10213,21000,Yes,7842.6
BILL01317,A01317,800,3198,4000,Yes,1599.6
BILL01318,A01318,2500,18128,0,Yes,4125.6
BILL01319,A01319,35000,7406,0,No,42406.0
BILL01320,A01320,1000,14400,4000,Yes,3880.0
BILL01321,A01321,250000,14761,0,No,264761.0
BILL01322,A01322,1200,5538,0,Yes,1347.6
BILL01323,A01323,6000,11369,0,Yes,3473.8
BILL01324,A01324,35000,2278,9000,No,46278.0
BILL01325,A01325,2500,18787,6000,Yes,5457.4
BILL01326,A01326,12000,7959,8000,Yes,5591.8
BILL01327,A01327,12000,15282,5000,Yes,6456.4
BILL01328,A01328,40000,1053,0,No,41053.0
BILL01329,A01329,15000,18025,6000,Yes,7805.0
BILL01330,A01330,180000,2572,20000,No,202572.0
BILL01331,A01331,2000,2878,0,No,4878.0
BILL01332,A01332,180000,3977,28000,No,211977.0
BILL01333,A01333,70000,10374,0,Yes,16074.8
BILL01334,A01334,6000,14841,0,Yes,4168.2
BILL01335,A01335,65000,1509,40000,Yes,21301.8
BILL01336,A01336,4000,7704,12000,No,23704.0
BILL01337,A01337,6000,18382,0,No,24382.0
BILL01338,A01338,2000,5221,36000,No,43221.0
BILL01339,A01339,800,12726,2000,Yes,3105.2
BILL01340,A01340,60000,18688,0,Yes,15737.6
BILL01341,A01341,5000,664,0,Yes,1132.8
BILL01342,A01342,180000,3289,40000,Yes,44657.8
BILL01343,A01343,8000,11767,24000,Yes,8753.4
BILL01344,A01344,800,17295,0,Yes,3619.0
BILL01345,A01345,1000,7734,16000,Yes,4946.8
BILL01346,A01346,70000,6442,0,No,76442.0
BILL01347,A01347,6000,18484,10000,Yes,6896.8
BILL01348,A01348,15000,2896,8000,No,25896.0
BILL01349,A01349,6000,8714,10000,Yes,4942.8
BILL01350,A01350,15000,19524,15000,No,49524.0
BILL01351,A01351,250000,12202,6000,No,268202.0
BILL01352,A01352,12000,8185,2000,Yes,4437.0
BILL01353,A01353,4000,2787,27000,Yes,6757.4
BILL01354,A01354,15000,15266,40000,Yes,14053.2
BILL01355,A01355,8000,10516,30000,Yes,9703.2
BILL01356,A01356,3000,12443,0,No,15443.0
BILL01357,A01357,1500,6025,2000,Yes,1905.0
BILL01358,A01358,65000,7758,15000,Yes,17551.6
BILL01359,A01359,3500,12279,3000,No,18779.0
BILL01360,A01360,65000,11364,35000,Yes,22272.8
BILL01361,A01361,6000,12255,8000,Yes,5251.0
BILL01362,A01362,2500,4066,3000,Yes,1913.2
BILL01363,A01363,4000,3186,8000,No,15186.0
BILL01364,A01364,5000,5087,12000,Yes,4417.4
BILL01365,A01365,70000,3005,14000,No,87005.0
BILL01366,A01366,6000,17119,0,No,23119.0
BILL01367,A01367,35000,19469,15000,No,69469.0
BILL01368,A01368,5000,7471,4000,Yes,3294.2
BILL01369,A01369,60000,18308,15000,No,93308.0
BILL01370,A01370,8000,5370,8000,Yes,4274.0
BILL01371,A01371,6000,19820,0,Yes,5164.0
BILL01372,A01372,3500,16920,6000,Yes,5284.0
BILL01373,A01373,12000,16955,8000,No,36955.0
BILL01374,A01374,10000,5934,15000,Yes,6186.8
BILL01375,A01375,450000,6370,0,No,456370.0
BILL01376,A01376,450000,16343,0,Yes,93268.6
BILL01377,A01377,8000,16479,0,Yes,4895.8
BILL01378,A01378,800,12605,0,Yes,2681.0
BILL01379,A01379,6000,7275,16000,Yes,5855.0
BILL01380,A01380,70000,15397,16000,Yes,20279.4
BILL01381,A01381,15000,11119,2000,No,28119.0
BILL01382,A01382,15000,17584,28000,No,60584.0
BILL01383,A01383,6000,9128,0,Yes,3025.6
BILL01384,A01384,5000,12903,12000,Yes,5980.6
BILL01385,A01385,8000,3050,20000,Yes,6210.0
BILL01386,A01386,5000,7803,0,Yes,2560.6
BILL01387,A01387,1500,11806,20000,No,33306.0
BILL01388,A01388,6000,716,9000,Yes,3143.2
BILL01389,A01389,10000,8036,6000,Yes,4807.2
BILL01390,A01390,40000,9701,30000,Yes,15940.2
BILL01391,A01391,15000,5656,0,Yes,4131.2
BILL01392,A01392,8000,4377,6000,Yes,3675.4
BILL01393,A01393,1000,11320,18000,Yes,6064.0
BILL01394,A01394,2000,16189,15000,Yes,6637.8
BILL01395,A01395,1200,5783,0,Yes,1396.6
BILL01396,A01396,250000,1913,6000,Yes,51582.6
BILL01397,A01397,250000,5779,9000,Yes,52955.8
BILL01398,A01398,15000,1784,15000,Yes,6356.8
BILL01399,A01399,2000,8962,9000,Yes,3992.4
BILL01400,A01400,60000,13785,8000,No,81785.0
BILL01401,A01401,2000,9788,2000,Yes,2757.6
BILL01402,A01402,180000,15947,10000,Yes,41189.4
BILL01403,A01403,450000,13960,0,No,463960.0
BILL01404,A01404,2000,6459,24000,Yes,6491.8
BILL01405,A01405,1500,11728,5000,Yes,3645.6
BILL01406,A01406,1200,2755,3000,Yes,1391.0
BILL01407,A01407,4000,4832,0,Yes,1766.4
BILL01408,A01408,60000,17628,50000,No,127628.0
BILL01409,A01409,8000,3655,9000,Yes,4131.0
BILL01410,A01410,3000,1779,4000,Yes,1755.8
BILL01411,A01411,12000,4770,0,No,16770.0
BILL01412,A01412,8000,14639,40000,Yes,12527.8
BILL01413,A01413,1200,1923,0,Yes,624.6
BILL01414,A01414,65000,16298,0,Yes,16259.6
BILL01415,A01415,2000,19378,2000,Yes,4675.6
BILL01416,A01416,65000,8840,0,No,73840.0
BILL01417,A01417,10000,3246,8000,Yes,4249.2
BILL01418,A01418,5000,18316,15000,Yes,7663.2
BILL01419,A01419,15000,679,12000,Yes,5535.8
BILL01420,A01420,250000,4361,4000,Yes,51672.2
BILL01421,A01421,250000,7231,0,Yes,51446.2
BILL01422,A01422,8000,3992,0,Yes,2398.4
BILL01423,A01423,15000,19681,32000,Yes,13336.2
BILL01424,A01424,65000,18067,35000,Yes,23613.4
BILL01425,A01425,2500,9529,15000,No,27029.0
BILL01426,A01426,80000,14040,0,Yes,18808.0
BILL01427,A01427,12000,18820,10000,Yes,8164.0
BILL01428,A01428,450000,10548,0,No,460548.0
BILL01429,A01429,65000,13545,12000,No,90545.0
BILL01430,A01430,1500,4402,9000,Yes,2980.4
BILL01431,A01431,2000,5801,6000,Yes,2760.2
BILL01432,A01432,1000,13625,8000,No,22625.0
BILL01433,A01433,15000,2205,9000,Yes,5241.0
BILL01434,A01434,65000,673,0,No,65673.0
BILL01435,A01435,2500,15955,5000,Yes,4691.0
BILL01436,A01436,250000,9120,9000,Yes,53624.0
BILL01437,A01437,3500,1737,0,No,5237.0
BILL01438,A01438,250000,13628,8000,No,271628.0
BILL01439,A01439,2500,2382,3000,Yes,1576.4
BILL01440,A01440,1000,14884,4000,Yes,3976.8
BILL01441,A01441,1200,17478,0,Yes,3735.6
BILL01442,A01442,3500,17229,9000,Yes,5945.8
BILL01443,A01443,800,1681,28000,Yes,6096.2
BILL01444,A01444,15000,509,0,Yes,3101.8
BILL01445,A01445,80000,9541,0,Yes,17908.2
BILL01446,A01446,70000,13448,10000,Yes,18689.6
BILL01447,A01447,12000,17465,8000,No,37465.0
BILL01448,A01448,2000,2748,18000,Yes,4549.6
BILL01449,A01449,4000,18821,20000,Yes,8564.2
BILL01450,A01450,60000,9560,12000,Yes,16312.0
BILL01451,A01451,2500,6874,0,No,9374.0
BILL01452,A01452,70000,19338,2000,Yes,18267.6
BILL01453,A01453,65000,13840,4000,Yes,16568.0
BILL01454,A01454,15000,16987,28000,Yes,11997.4
BILL01455,A01455,250000,4334,4000,No,258334.0
BILL01456,A01456,6000,19338,0,No,25338.0
BILL01457,A01457,12000,12856,0,No,24856.0
BILL01458,A01458,8000,11630,40000,No,59630.0
BILL01459,A01459,1000,19729,10000,Yes,6145.8
BILL01460,A01460,12000,8948,10000,Yes,6189.6
BILL01461,A01461,250000,7721,3000,No,260721.0
BILL01462,A01462,65000,14014,16000,Yes,19002.8
BILL01463,A01463,70000,818,12000,Yes,16563.6
BILL01464,A01464,1500,3547,5000,No,10047.0
BILL01465,A01465,1000,11706,0,Yes,2541.2
BILL01466,A01466,250000,6348,15000,Yes,54269.6
BILL01467,A01467,8000,7661,8000,Yes,4732.2
BILL01468,A01468,180000,6731,20000,No,206731.0
BILL01469,A01469,70000,8195,6000,No,84195.0
BILL01470,A01470,65000,7275,27000,Yes,19855.0
BILL01471,A01471,180000,8682,0,Yes,37736.4
BILL01472,A01472,70000,3995,0,No,73995.0
BILL01473,A01473,1200,16643,16000,No,33843.0
BILL01474,A01474,1200,18243,6000,No,25443.0
BILL01475,A01475,2500,12663,12000,Yes,5432.6
BILL01476,A01476,35000,19325,16000,Yes,14065.0
BILL01477,A01477,15000,17248,24000,Yes,11249.6
BILL01478,A01478,250000,19396,0,Yes,53879.2
BILL01479,A01479,70000,14366,15000,No,99366.0
BILL01480,A01480,15000,1567,32000,Yes,9713.4
BILL01481,A01481,15000,6227,0,No,21227.0
BILL01482,A01482,3500,17480,30000,Yes,10196.0
BILL01483,A01483,1000,775,0,No,1775.0
BILL01484,A01484,1000,12933,6000,Yes,3986.6
BILL01485,A01485,3000,9009,0,Yes,2401.8
BILL01486,A01486,70000,8270,12000,Yes,18054.0
BILL01487,A01487,4000,11742,28000,Yes,8748.4
BILL01488,A01488,1000,14391,3000,Yes,3678.2
BILL01489,A01489,5000,12699,0,No,17699.0
BILL01490,A01490,2000,9662,15000,Yes,5332.4
BILL01491,A01491,60000,4797,9000,No,73797.0
BILL01492,A01492,60000,9345,24000,Yes,18669.0
BILL01493,A01493,2000,12980,0,Yes,2996.0
BILL01494,A01494,1500,5400,35000,No,41900.0
BILL01495,A01495,1000,6287,5000,Yes,2457.4
BILL01496,A01496,8000,17441,36000,No,61441.0
BILL01497,A01497,15000,10331,4000,Yes,5866.2
BILL01498,A01498,70000,19106,14000,Yes,20621.2
BILL01499,A01499,2500,5852,18000,Yes,5270.4
BILL01500,A01500,1500,8832,40000,No,50332.0
BILL01501,A01501,1000,3655,5000,No,9655.0
BILL01502,A01502,70000,9012,24000,Yes,20602.4
BILL01503,A01503,8000,18767,0,Yes,5353.4
BILL01504,A01504,8000,13992,4000,Yes,5198.4
BILL01505,A01505,450000,7019,30000,No,487019.0
BILL01506,A01506,70000,9826,0,Yes,15965.2
BILL01507,A01507,10000,17226,10000,No,37226.0
BILL01508,A01508,8000,15145,16000,Yes,7829.0
BILL01509,A01509,8000,9888,15000,Yes,6577.6
BILL01510,A01510,70000,5246,0,Yes,15049.2
BILL01511,A01511,2000,11555,0,Yes,2711.0
BILL01512,A01512,35000,19231,25000,No,79231.0
BILL01513,A01513,1000,2837,12000,Yes,3167.4
BILL01514,A01514,40000,7978,0,Yes,9595.6
BILL01515,A01515,6000,10047,12000,Yes,5609.4
BILL01516,A01516,65000,13458,0,No,78458.0
BILL01517,A01517,12000,12400,0,Yes,4880.0
BILL01518,A01518,250000,6525,0,Yes,51305.0
BILL01519,A01519,12000,8188,12000,No,32188.0
BILL01520,A01520,8000,3123,21000,Yes,6424.6
BILL01521,A01521,450000,3875,18000,Yes,94375.0
BILL01522,A01522,15000,16005,6000,Yes,7401.0
BILL01523,A01523,65000,13509,6000,Yes,16901.8
BILL01524,A01524,80000,5588,6000,No,91588.0
BILL01525,A01525,15000,13274,40000,Yes,13654.8
BILL01526,A01526,8000,9811,5000,Yes,4562.2
BILL01527,A01527,12000,4801,6000,Yes,4560.2
BILL01528,A01528,2000,12192,36000,No,50192.0
BILL01529,A01529,35000,15808,0,Yes,10161.6
BILL01530,A01530,8000,4927,0,Yes,2585.4
BILL01531,A01531,6000,15460,0,Yes,4292.0
BILL01532,A01532,1000,17991,0,No,18991.0
BILL01533,A01533,180000,16282,6000,No,202282.0
BILL01534,A01534,60000,14978,28000,Yes,20595.6
BILL01535,A01535,70000,9013,6000,Yes,17002.6
BILL01536,A01536,3000,503,9000,Yes,2500.6
BILL01537,A01537,3000,15874,0,No,18874.0
BILL01538,A01538,1500,16619,50000,Yes,13623.8
BILL01539,A01539,6000,14604,32000,Yes,10520.8
BILL01540,A01540,12000,736,8000,Yes,4147.2
BILL01541,A01541,2000,18868,25000,Yes,9173.6
BILL01542,A01542,1500,5850,10000,No,17350.0
BILL01543,A01543,180000,7728,12000,Yes,39945.6
BILL01544,A01544,8000,8349,8000,Yes,4869.8
BILL01545,A01545,6000,17930,8000,Yes,6386.0
BILL01546,A01546,70000,2743,9000,Yes,16348.6
BILL01547,A01547,6000,4116,0,Yes,2023.2
BILL01548,A01548,4000,9417,10000,Yes,4683.4
BILL01549,A01549,15000,1135,0,Yes,3227.0
BILL01550,A01550,450000,18029,0,Yes,93605.8
BILL01551,A01551,5000,3851,12000,Yes,4170.2
BILL01552,A01552,10000,14866,0,Yes,4973.2
BILL01553,A01553,1200,5437,18000,Yes,4927.4
BILL01554,A01554,70000,11703,0,Yes,16340.6
BILL01555,A01555,4000,16831,36000,Yes,11366.2
BILL01556,A01556,450000,1539,12000,Yes,92707.8
BILL01557,A01557,3000,5287,0,Yes,1657.4
BILL01558,A01558,15000,13358,0,Yes,5671.6
BILL01559,A01559,4000,6450,0,No,10450.0
BILL01560,A01560,35000,8694,0,No,43694.0
BILL01561,A01561,65000,4496,0,Yes,13899.2
BILL01562,A01562,70000,15014,9000,No,94014.0
BILL01563,A01563,5000,1598,24000,Yes,6119.6
BILL01564,A01564,2000,3578,24000,Yes,5915.6
BILL01565,A01565,60000,10727,40000,Yes,22145.4
BILL01566,A01566,5000,1882,4000,Yes,2176.4
BILL01567,A01567,2500,10291,9000,Yes,4358.2
BILL01568,A01568,1500,2206,27000,No,30706.0
BILL01569,A01569,60000,8232,10000,Yes,15646.4
BILL01570,A01570,180000,5984,0,Yes,37196.8
BILL01571,A01571,40000,13469,6000,Yes,11893.8
BILL01572,A01572,15000,1876,5000,No,21876.0
BILL01573,A01573,80000,5578,8000,No,93578.0
BILL01574,A01574,2500,8650,0,Yes,2230.0
BILL01575,A01575,12000,11589,4000,Yes,5517.8
BILL01576,A01576,80000,5543,14000,Yes,19908.6
BILL01577,A01577,180000,8124,0,No,188124.0
BILL01578,A01578,10000,11880,10000,No,31880.0
BILL01579,A01579,1000,1199,15000,Yes,3439.8
BILL01580,A01580,180000,4914,36000,No,220914.0
BILL01581,A01581,80000,16402,40000,Yes,27280.4
BILL01582,A01582,70000,18284,15000,Yes,20656.8
BILL01583,A01583,800,6615,36000,Yes,8683.0
BILL01584,A01584,80000,15848,24000,No,119848.0
BILL01585,A01585,12000,18670,0,Yes,6134.0
BILL01586,A01586,5000,5579,15000,Yes,5115.8
BILL01587,A01587,12000,9129,40000,Yes,12225.8
BILL01588,A01588,8000,17079,0,No,25079.0
BILL01589,A01589,450000,1113,20000,No,471113.0
BILL01590,A01590,3000,8324,24000,No,35324.0
BILL01591,A01591,180000,18160,30000,Yes,45632.0
BILL01592,A01592,1500,16803,30000,Yes,9660.6
BILL01593,A01593,15000,11070,15000,Yes,8214.0
BILL01594,A01594,65000,4119,18000,Yes,17423.8
BILL01595,A01595,1000,2684,0,No,3684.0
BILL01596,A01596,3000,4752,0,No,7752.0
BILL01597,A01597,1000,7121,2000,Yes,2024.2
BILL01598,A01598,40000,3735,0,Yes,8747.0
BILL01599,A01599,70000,13233,0,Yes,16646.6
BILL01600,A01600,70000,19842,0,Yes,17968.4
BILL01601,A01601,12000,7732,10000,Yes,5946.4
BILL01602,A01602,10000,7339,45000,No,62339.0
BILL01603,A01603,2000,3120,15000,No,20120.0
BILL01604,A01604,1500,2489,4000,Yes,1597.8
BILL01605,A01605,2000,14129,24000,No,40129.0
BILL01606,A01606,180000,2410,0,Yes,36482.0
BILL01607,A01607,60000,2806,12000,Yes,14961.2
BILL01608,A01608,2000,7574,18000,Yes,5514.8
BILL01609,A01609,6000,8069,40000,Yes,10813.8
BILL01610,A01610,180000,17742,6000,Yes,40748.4
BILL01611,A01611,3000,6362,10000,No,19362.0
BILL01612,A01612,80000,19392,32000,No,131392.0
BILL01613,A01613,180000,14494,18000,Yes,42498.8
BILL01614,A01614,40000,6411,15000,Yes,12282.2
BILL01615,A01615,1000,5683,50000,No,56683.0
BILL01616,A01616,1000,10826,12000,No,23826.0
BILL01617,A01617,1200,14011,5000,No,20211.0
BILL01618,A01618,2000,11098,0,Yes,2619.6
BILL01619,A01619,1500,7509,10000,No,19009.0
BILL01620,A01620,4000,8825,36000,No,48825.0
BILL01621,A01621,60000,15163,0,Yes,15032.6
BILL01622,A01622,1500,1635,4000,Yes,1427.0
BILL01623,A01623,70000,17461,9000,No,96461.0
BILL01624,A01624,1500,10390,0,Yes,2378.0
BILL01625,A01625,8000,7770,3000,No,18770.0
BILL01626,A01626,70000,1211,12000,No,83211.0
BILL01627,A01627,70000,17253,0,Yes,17450.6
BILL01628,A01628,12000,15585,8000,Yes,7117.0
BILL01629,A01629,1000,9183,0,No,10183.0
BILL01630,A01630,1500,8687,0,Yes,2037.4
BILL01631,A01631,1000,10340,18000,Yes,5868.0
BILL01632,A01632,3000,19147,15000,No,37147.0
BILL01633,A01633,3000,11139,15000,Yes,5827.8
BILL01634,A01634,6000,19381,6000,Yes,6276.2
BILL01635,A01635,5000,10343,20000,No,35343.0
BILL01636,A01636,1200,19383,50000,Yes,14116.6
BILL01637,A01637,65000,2332,8000,Yes,15066.4
BILL01638,A01638,65000,14731,50000,No,129731.0
BILL01639,A01639,5000,4449,0,No,9449.0
BILL01640,A01640,180000,874,10000,Yes,38174.8
BILL01641,A01641,10000,17682,0,Yes,5536.4
BILL01642,A01642,5000,19011,0,Yes,4802.2
BILL01643,A01643,65000,7735,0,Yes,14547.0
BILL01644,A01644,8000,13373,30000,No,51373.0
BILL01645,A01645,4000,19349,12000,Yes,7069.8
BILL01646,A01646,12000,9995,35000,Yes,11399.0
BILL01647,A01647,80000,11515,0,Yes,18303.0
BILL01648,A01648,8000,2115,10000,Yes,4023.0
BILL01649,A01649,3500,13558,0,No,17058.0
BILL01650,A01650,60000,4772,27000,Yes,18354.4
BILL01651,A01651,1000,6991,30000,Yes,7598.2
BILL01652,A01652,5000,19221,6000,Yes,6044.2
BILL01653,A01653,12000,17678,9000,Yes,7735.6
BILL01654,A01654,4000,9224,10000,Yes,4644.8
BILL01655,A01655,800,19374,0,Yes,4034.8
BILL01656,A01656,1500,14052,0,Yes,3110.4
BILL01657,A01657,1500,6741,0,Yes,1648.2
BILL01658,A01658,70000,1293,4000,Yes,15058.6
BILL01659,A01659,3000,11959,0,Yes,2991.8
BILL01660,A01660,10000,14933,12000,No,36933.0
BILL01661,A01661,1200,8150,3000,No,12350.0
BILL01662,A01662,2000,5611,20000,Yes,5522.2
BILL01663,A01663,70000,2287,21000,No,93287.0
BILL01664,A01664,12000,5339,4000,Yes,4267.8
BILL01665,A01665,1500,4146,4000,Yes,1929.2
BILL01666,A01666,15000,1245,40000,Yes,11249.0
BILL01667,A01667,70000,18129,0,Yes,17625.8
BILL01668,A01668,180000,17646,12000,Yes,41929.2
BILL01669,A01669,8000,5131,6000,Yes,3826.2
BILL01670,A01670,5000,17762,4000,Yes,5352.4
BILL01671,A01671,180000,2469,24000,Yes,41293.8
BILL01672,A01672,4000,9389,6000,Yes,3877.8
BILL01673,A01673,80000,773,10000,Yes,18154.6
BILL01674,A01674,3500,9390,4000,No,16890.0
BILL01675,A01675,15000,1125,40000,No,56125.0
BILL01676,A01676,8000,13165,21000,No,42165.0
BILL01677,A01677,800,17163,10000,No,27963.0
BILL01678,A01678,40000,16381,14000,Yes,14076.2
BILL01679,A01679,180000,16905,0,Yes,39381.0
BILL01680,A01680,70000,1204,4000,Yes,15040.8
BILL01681,A01681,2000,17847,12000,Yes,6369.4
BILL01682,A01682,10000,13390,27000,Yes,10078.0
BILL01683,A01683,80000,12031,12000,Yes,20806.2
BILL01684,A01684,6000,8239,0,No,14239.0
BILL01685,A01685,5000,8943,0,No,13943.0
BILL01686,A01686,250000,1465,8000,Yes,51893.0
BILL01687,A01687,80000,11699,0,No,91699.0
BILL01688,A01688,6000,3376,0,Yes,1875.2
BILL01689,A01689,1500,7952,15000,Yes,4890.4
BILL01690,A01690,6000,5505,15000,No,26505.0
BILL01691,A01691,1000,11290,50000,Yes,12458.0
BILL01692,A01692,15000,7275,12000,Yes,6855.0
BILL01693,A01693,70000,7129,9000,Yes,17225.8
BILL01694,A01694,70000,17664,3000,Yes,18132.8
BILL01695,A01695,15000,5256,0,Yes,4051.2
BILL01696,A01696,40000,18762,20000,Yes,15752.4
BILL01697,A01697,6000,5268,6000,No,17268.0
BILL01698,A01698,2500,14067,15000,Yes,6313.4
BILL01699,A01699,80000,9471,21000,No,110471.0
BILL01700,A01700,1000,3998,0,Yes,999.6
BILL01701,A01701,15000,9244,0,Yes,4848.8
BILL01702,A01702,80000,8066,2000,Yes,18013.2
BILL01703,A01703,5000,16117,9000,Yes,6023.4
BILL01704,A01704,80000,15860,4000,Yes,19972.0
BILL01705,A01705,8000,13196,0,Yes,4239.2
BILL01706,A01706,35000,5866,0,Yes,8173.2
BILL01707,A01707,450000,13888,8000,No,471888.0
BILL01708,A01708,10000,14034,0,No,24034.0
BILL01709,A01709,4000,7146,18000,Yes,5829.2
BILL01710,A01710,250000,14894,45000,No,309894.0
BILL01711,A01711,80000,15492,27000,Yes,24498.4
BILL01712,A01712,250000,1870,10000,No,261870.0
BILL01713,A01713,15000,13415,16000,Yes,8883.0
BILL01714,A01714,2000,15298,30000,No,47298.0
BILL01715,A01715,10000,1889,21000,Yes,6577.8
BILL01716,A01716,180000,13463,0,Yes,38692.6
BILL01717,A01717,6000,17412,0,Yes,4682.4
BILL01718,A01718,35000,14903,30000,No,79903.0
BILL01719,A01719,12000,9868,10000,Yes,6373.6
BILL01720,A01720,12000,10147,0,No,22147.0
BILL01721,A01721,10000,5160,15000,No,30160.0
BILL01722,A01722,65000,15301,0,No,80301.0
BILL01723,A01723,35000,4208,0,No,39208.0
BILL01724,A01724,12000,18404,12000,Yes,8480.8
BILL01725,A01725,12000,11099,10000,Yes,6619.8
BILL01726,A01726,8000,15366,27000,No,50366.0
BILL01727,A01727,15000,3455,8000,Yes,5291.0
BILL01728,A01728,6000,5873,14000,Yes,5174.6
BILL01729,A01729,1200,15225,36000,Yes,10485.0
BILL01730,A01730,1000,13085,9000,Yes,4617.0
BILL01731,A01731,60000,12971,0,No,72971.0
BILL01732,A01732,1500,11483,18000,Yes,6196.6
BILL01733,A01733,10000,5238,0,No,15238.0
BILL01734,A01734,5000,2181,50000,Yes,11436.2
BILL01735,A01735,10000,15122,12000,Yes,7424.4
BILL01736,A01736,1500,4352,12000,No,17852.0
BILL01737,A01737,12000,615,12000,Yes,4923.0
BILL01738,A01738,15000,16806,30000,Yes,12361.2
BILL01739,A01739,60000,688,25000,Yes,17137.6
BILL01740,A01740,10000,19795,35000,Yes,12959.0
BILL01741,A01741,5000,14979,2000,Yes,4395.8
BILL01742,A01742,450000,715,0,No,450715.0
BILL01743,A01743,12000,9613,12000,Yes,6722.6
BILL01744,A01744,2500,5358,16000,No,23858.0
BILL01745,A01745,12000,1703,15000,No,28703.0
BILL01746,A01746,800,19442,12000,Yes,6448.4
BILL01747,A01747,70000,3373,10000,Yes,16674.6
BILL01748,A01748,2500,6340,0,No,8840.0
BILL01749,A01749,2000,19995,24000,No,45995.0
BILL01750,A01750,65000,19471,32000,No,116471.0
BILL01751,A01751,15000,3551,20000,Yes,7710.2
BILL01752,A01752,65000,12917,0,No,77917.0
BILL01753,A01753,8000,18537,8000,Yes,6907.4
BILL01754,A01754,3000,4908,0,No,7908.0
BILL01755,A01755,15000,9492,36000,Yes,12098.4
BILL01756,A01756,5000,17691,6000,No,28691.0
BILL01757,A01757,70000,2406,16000,Yes,17681.2
BILL01758,A01758,2000,17832,18000,Yes,7566.4
BILL01759,A01759,3000,9910,15000,Yes,5582.0
BILL01760,A01760,65000,10870,16000,Yes,18374.0
BILL01761,A01761,6000,12095,3000,Yes,4219.0
BILL01762,A01762,6000,16765,0,Yes,4553.0
BILL01763,A01763,250000,6395,0,No,256395.0
BILL01764,A01764,4000,6842,6000,Yes,3368.4
BILL01765,A01765,450000,15733,2000,No,467733.0
BILL01766,A01766,12000,7293,30000,Yes,9858.6
BILL01767,A01767,15000,11437,4000,Yes,6087.4
BILL01768,A01768,800,7457,2000,Yes,2051.4
BILL01769,A01769,3500,9728,0,No,13228.0
BILL01770,A01770,800,10585,0,Yes,2277.0
BILL01771,A01771,15000,11114,0,Yes,5222.8
BILL01772,A01772,10000,11421,20000,Yes,8284.2
BILL01773,A01773,2500,19142,4000,No,25642.0
BILL01774,A01774,1000,6857,16000,No,23857.0
BILL01775,A01775,2000,16199,10000,No,28199.0
BILL01776,A01776,60000,4948,10000,Yes,14989.6
BILL01777,A01777,65000,15593,40000,Yes,24118.6
BILL01778,A01778,3500,14064,16000,No,33564.0
BILL01779,A01779,1200,10308,16000,Yes,5501.6
BILL01780,A01780,3000,1113,18000,Yes,4422.6
BILL01781,A01781,15000,11369,0,Yes,5273.8
BILL01782,A01782,5000,5392,0,No,10392.0
BILL01783,A01783,8000,11613,50000,Yes,13922.6
BILL01784,A01784,1200,5938,0,Yes,1427.6
BILL01785,A01785,1000,4328,0,No,5328.0
BILL01786,A01786,1000,10805,2000,Yes,2761.0
BILL01787,A01787,2000,3344,25000,No,30344.0
BILL01788,A01788,35000,12676,40000,No,87676.0
BILL01789,A01789,35000,10416,3000,Yes,9683.2
BILL01790,A01790,250000,6234,16000,Yes,54446.8
BILL01791,A01791,6000,1725,0,No,7725.0
BILL01792,A01792,1000,15041,16000,No,32041.0
BILL01793,A01793,1200,16885,15000,Yes,6617.0
BILL01794,A01794,12000,16342,12000,No,40342.0
BILL01795,A01795,3500,5195,6000,No,14695.0
BILL01796,A01796,35000,17413,6000,Yes,11682.6
BILL01797,A01797,40000,1697,10000,Yes,10339.4
BILL01798,A01798,6000,17616,4000,Yes,5523.2
BILL01799,A01799,70000,1942,18000,Yes,17988.4
BILL01800,A01800,80000,2011,6000,Yes,17602.2
BILL01801,A01801,800,10739,14000,Yes,5107.8
BILL01802,A01802,5000,10728,0,Yes,3145.6
BILL01803,A01803,1500,6809,40000,Yes,9661.8
BILL01804,A01804,3500,10957,0,No,14457.0
BILL01805,A01805,10000,9434,18000,Yes,7486.8
BILL01806,A01806,60000,4250,0,No,64250.0
BILL01807,A01807,1200,18837,6000,Yes,5207.4
BILL01808,A01808,15000,11979,40000,Yes,13395.8
BILL01809,A01809,80000,9782,15000,Yes,20956.4
BILL01810,A01810,60000,10703,12000,Yes,16540.6
BILL01811,A01811,5000,2162,24000,Yes,6232.4
BILL01812,A01812,2500,2153,0,Yes,930.6
BILL01813,A01813,1500,3321,0,Yes,964.2
BILL01814,A01814,12000,19923,0,Yes,6384.6
BILL01815,A01815,1000,10738,4000,No,15738.0
BILL01816,A01816,12000,17981,4000,No,33981.0
BILL01817,A01817,800,15759,6000,Yes,4511.8
BILL01818,A01818,5000,15844,2000,Yes,4568.8
BILL01819,A01819,1000,15750,0,Yes,3350.0
BILL01820,A01820,15000,7833,21000,No,43833.0
BILL01821,A01821,5000,8955,4000,Yes,3591.0
BILL01822,A01822,15000,11324,40000,Yes,13264.8
BILL01823,A01823,15000,1491,4000,Yes,4098.2
BILL01824,A01824,8000,12016,10000,Yes,6003.2
BILL01825,A01825,450000,6096,0,No,456096.0
BILL01826,A01826,5000,19331,9000,Yes,6666.2
BILL01827,A01827,1500,13793,0,Yes,3058.6
BILL01828,A01828,8000,2824,28000,Yes,7764.8
BILL01829,A01829,65000,13633,50000,Yes,25726.6
BILL01830,A01830,1000,8485,6000,No,15485.0
BILL01831,A01831,3000,13076,6000,Yes,4415.2
BILL01832,A01832,2500,19864,40000,No,62364.0
BILL01833,A01833,10000,14765,12000,Yes,7353.0
BILL01834,A01834,6000,8238,12000,No,26238.0
BILL01835,A01835,12000,3052,50000,Yes,13010.4
BILL01836,A01836,450000,15668,0,Yes,93133.6
BILL01837,A01837,1500,15088,18000,Yes,6917.6
BILL01838,A01838,1000,13797,6000,Yes,4159.4
BILL01839,A01839,2500,12916,0,Yes,3083.2
BILL01840,A01840,8000,2514,0,Yes,2102.8
BILL01841,A01841,3000,5052,0,No,8052.0
BILL01842,A01842,1500,5389,15000,Yes,4377.8
BILL01843,A01843,3500,13278,45000,Yes,12355.6
BILL01844,A01844,5000,10874,28000,Yes,8774.8
BILL01845,A01845,5000,10479,15000,No,30479.0
BILL01846,A01846,2500,11780,18000,Yes,6456.0
BILL01847,A01847,250000,17225,25000,No,292225.0
BILL01848,A01848,80000,10139,12000,Yes,20427.8
BILL01849,A01849,15000,18485,0,Yes,6697.0
BILL01850,A01850,8000,18851,24000,Yes,10170.2
BILL01851,A01851,12000,9747,8000,Yes,5949.4
BILL01852,A01852,5000,19838,30000,Yes,10967.6
BILL01853,A01853,450000,13043,40000,Yes,100608.6
BILL01854,A01854,2500,18362,0,No,20862.0
BILL01855,A01855,800,16060,27000,Yes,8772.0
BILL01856,A01856,1000,13102,4000,No,18102.0
BILL01857,A01857,6000,5555,36000,No,47555.0
BILL01858,A01858,5000,4613,0,Yes,1922.6
BILL01859,A01859,80000,1014,18000,No,99014.0
BILL01860,A01860,2500,16448,0,No,18948.0
BILL01861,A01861,1200,4949,0,Yes,1229.8
BILL01862,A01862,4000,14126,50000,No,68126.0
BILL01863,A01863,5000,14449,0,Yes,3889.8
BILL01864,A01864,40000,14397,15000,Yes,13879.4
BILL01865,A01865,450000,7897,9000,Yes,93379.4
BILL01866,A01866,8000,743,10000,No,18743.0
BILL01867,A01867,65000,8257,20000,Yes,18651.4
BILL01868,A01868,8000,18396,0,Yes,5279.2
BILL01869,A01869,1000,1740,30000,No,32740.0
BILL01870,A01870,8000,4208,45000,No,57208.0
BILL01871,A01871,12000,3123,12000,No,27123.0
BILL01872,A01872,3500,17749,16000,Yes,7449.8
BILL01873,A01873,3500,3063,0,Yes,1312.6
BILL01874,A01874,65000,3058,12000,Yes,16011.6
BILL01875,A01875,1200,11757,6000,Yes,3791.4
BILL01876,A01876,800,17298,0,Yes,3619.6
BILL01877,A01877,65000,11363,10000,Yes,17272.6
BILL01878,A01878,40000,10154,0,Yes,10030.8
BILL01879,A01879,12000,10463,12000,Yes,6892.6
BILL01880,A01880,1200,16004,0,Yes,3440.8
BILL01881,A01881,3500,10060,16000,Yes,5912.0
BILL01882,A01882,40000,3203,0,Yes,8640.6
BILL01883,A01883,5000,9604,4000,Yes,3720.8
BILL01884,A01884,12000,9706,32000,No,53706.0
BILL01885,A01885,1000,965,12000,Yes,2793.0
BILL01886,A01886,6000,19891,0,No,25891.0
BILL01887,A01887,1500,12616,0,Yes,2823.2
BILL01888,A01888,1200,8239,10000,Yes,3887.8
BILL01889,A01889,1000,17781,14000,Yes,6556.2
BILL01890,A01890,80000,3265,0,Yes,16653.0
BILL01891,A01891,1500,5551,10000,No,17051.0
BILL01892,A01892,12000,14031,10000,Yes,7206.2
BILL01893,A01893,800,14923,21000,Yes,7344.6
BILL01894,A01894,2500,11807,6000,Yes,4061.4
BILL01895,A01895,80000,4300,10000,Yes,18860.0
BILL01896,A01896,40000,13566,0,Yes,10713.2
BILL01897,A01897,15000,17949,9000,Yes,8389.8
BILL01898,A01898,800,13281,0,Yes,2816.2
BILL01899,A01899,2500,17881,10000,Yes,6076.2
BILL01900,A01900,1200,15206,20000,No,36406.0
BILL01901,A01901,1000,17875,6000,Yes,4975.0
BILL01902,A01902,4000,17909,0,No,21909.0
BILL01903,A01903,80000,14648,24000,Yes,23729.6
BILL01904,A01904,5000,9251,0,Yes,2850.2
BILL01905,A01905,65000,19642,10000,Yes,18928.4
BILL01906,A01906,12000,8423,0,Yes,4084.6
BILL01907,A01907,180000,6395,12000,Yes,39679.0
BILL01908,A01908,2500,777,14000,Yes,3455.4
BILL01909,A01909,800,3701,4000,No,8501.0
BILL01910,A01910,70000,12018,15000,No,97018.0
BILL01911,A01911,4000,8754,21000,Yes,6750.8
BILL01912,A01912,5000,3512,2000,No,10512.0
BILL01913,A01913,15000,7604,4000,No,26604.0
BILL01914,A01914,180000,4431,14000,No,198431.0
BILL01915,A01915,10000,4756,0,No,14756.0
BILL01916,A01916,15000,19048,0,No,34048.0
BILL01917,A01917,2500,6537,8000,Yes,3407.4
BILL01918,A01918,800,2981,0,No,3781.0
BILL01919,A01919,1000,9556,10000,No,20556.0
BILL01920,A01920,5000,11097,8000,Yes,4819.4
BILL01921,A01921,1200,2924,12000,No,16124.0
BILL01922,A01922,65000,13043,50000,Yes,25608.6
BILL01923,A01923,800,2468,8000,No,11268.0
BILL01924,A01924,450000,9172,9000,Yes,93634.4
BILL01925,A01925,450000,16612,0,Yes,93322.4
BILL01926,A01926,15000,6347,0,Yes,4269.4
BILL01927,A01927,1000,18215,0,Yes,3843.0
BILL01928,A01928,1200,3981,5000,No,10181.0
BILL01929,A01929,1000,3884,2000,Yes,1376.8
BILL01930,A01930,6000,19221,40000,No,65221.0
BILL01931,A01931,8000,1114,30000,Yes,7822.8
BILL01932,A01932,180000,528,0,No,180528.0
BILL01933,A01933,35000,9230,9000,No,53230.0
BILL01934,A01934,2500,13323,0,Yes,3164.6
BILL01935,A01935,60000,16578,20000,Yes,19315.6
BILL01936,A01936,80000,2797,3000,Yes,17159.4
BILL01937,A01937,40000,16296,20000,Yes,15259.2
BILL01938,A01938,10000,12261,16000,No,38261.0
BILL01939,A01939,8000,13627,20000,Yes,8325.4
BILL01940,A01940,10000,3470,0,Yes,2694.0
BILL01941,A01941,6000,11643,0,No,17643.0
BILL01942,A01942,35000,10001,3000,Yes,9600.2
BILL01943,A01943,35000,1788,5000,No,41788.0
BILL01944,A01944,70000,10293,25000,No,105293.0
BILL01945,A01945,2500,12272,5000,Yes,3954.4
BILL01946,A01946,1000,14851,6000,Yes,4370.2
BILL01947,A01947,800,6827,10000,No,17627.0
BILL01948,A01948,1000,19929,0,Yes,4185.8
BILL01949,A01949,5000,2564,0,Yes,1512.8
BILL01950,A01950,1000,15222,12000,Yes,5644.4
BILL01951,A01951,10000,2336,4000,No,16336.0
BILL01952,A01952,800,1902,15000,Yes,3540.4
BILL01953,A01953,35000,17641,0,No,52641.0
BILL01954,A01954,6000,18082,0,No,24082.0
BILL01955,A01955,3500,8134,6000,Yes,3526.8
BILL01956,A01956,15000,5139,40000,No,60139.0
BILL01957,A01957,8000,15940,6000,Yes,5988.0
BILL01958,A01958,70000,4777,16000,Yes,18155.4
BILL01959,A01959,3500,2137,8000,No,13637.0
BILL01960,A01960,65000,3688,10000,Yes,15737.6
BILL01961,A01961,1200,19867,4000,No,25067.0
BILL01962,A01962,5000,3984,14000,Yes,4596.8
BILL01963,A01963,6000,7727,14000,No,27727.0
BILL01964,A01964,1000,14466,0,No,15466.0
BILL01965,A01965,5000,13673,32000,Yes,10134.6
BILL01966,A01966,70000,19373,21000,Yes,22074.6
BILL01967,A01967,2500,7487,0,Yes,1997.4
BILL01968,A01968,1000,11493,0,Yes,2498.6
BILL01969,A01969,4000,5128,15000,Yes,4825.6
BILL01970,A01970,70000,12621,0,Yes,16524.2
BILL01971,A01971,2000,19570,0,Yes,4314.0
BILL01972,A01972,6000,12825,15000,Yes,6765.0
BILL01973,A01973,12000,16456,2000,Yes,6091.2
BILL01974,A01974,1500,6379,4000,No,11879.0
BILL01975,A01975,450000,19955,40000,Yes,101991.0
BILL01976,A01976,6000,16097,0,Yes,4419.4
BILL01977,A01977,40000,9378,0,Yes,9875.6
BILL01978,A01978,40000,6219,8000,Yes,10843.8
BILL01979,A01979,40000,16880,20000,Yes,15376.0
BILL01980,A01980,4000,10369,36000,Yes,10073.8
BILL01981,A01981,800,18775,0,Yes,3915.0
BILL01982,A01982,6000,17873,0,Yes,4774.6
BILL01983,A01983,65000,18185,0,Yes,16637.0
BILL01984,A01984,65000,7319,24000,Yes,19263.8
BILL01985,A01985,15000,4192,30000,No,49192.0
BILL01986,A01986,60000,16045,0,Yes,15209.0
BILL01987,A01987,70000,1912,0,Yes,14382.4
BILL01988,A01988,2500,9840,0,Yes,2468.0
BILL01989,A01989,3500,11454,5000,Yes,3990.8
BILL01990,A01990,60000,2218,24000,Yes,17243.6
BILL01991,A01991,12000,1452,0,Yes,2690.4
BILL01992,A01992,12000,2821,0,No,14821.0
BILL01993,A01993,180000,19921,36000,Yes,47184.2
BILL01994,A01994,12000,11172,21000,No,44172.0
BILL01995,A01995,15000,11186,0,Yes,5237.2
BILL01996,A01996,250000,14019,0,Yes,52803.8
BILL01997,A01997,2000,7730,14000,Yes,4746.0
BILL01998,A01998,6000,16373,8000,No,30373.0
BILL01999,A01999,450000,5249,3000,No,458249.0
BILL02000,A02000,180000,15409,0,Yes,39081.8
BILL02001,A02001,180000,4969,0,No,184969.0
BILL02002,A02002,6000,12250,0,Yes,3650.0
BILL02003,A02003,1000,4668,8000,No,13668.0
BILL02004,A02004,3000,2454,8000,Yes,2690.8
BILL02005,A02005,1500,15754,0,Yes,3450.8
BILL02006,A02006,15000,11758,0,No,26758.0
BILL02007,A02007,15000,5637,24000,Yes,8927.4
BILL02008,A02008,60000,18612,18000,Yes,19322.4
BILL02009,A02009,80000,17597,0,No,97597.0
BILL02010,A02010,5000,7592,20000,No,32592.0
BILL02011,A02011,5000,9647,14000,No,28647.0
BILL02012,A02012,12000,8582,0,Yes,4116.4
BILL02013,A02013,5000,19487,9000,No,33487.0
BILL02014,A02014,1500,19891,0,No,21391.0
BILL02015,A02015,15000,666,25000,No,40666.0
BILL02016,A02016,12000,1812,0,No,13812.0
BILL02017,A02017,6000,17022,0,Yes,4604.4
BILL02018,A02018,15000,13421,25000,No,53421.0
BILL02019,A02019,60000,3711,40000,Yes,20742.2
BILL02020,A02020,8000,3222,0,No,11222.0
BILL02021,A02021,800,13824,3000,Yes,3524.8
BILL02022,A02022,8000,10192,6000,Yes,4838.4
BILL02023,A02023,3500,3473,12000,Yes,3794.6
BILL02024,A02024,4000,10488,0,No,14488.0
BILL02025,A02025,5000,19190,0,No,24190.0
BILL02026,A02026,15000,15696,24000,No,54696.0
BILL02027,A02027,8000,13782,3000,No,24782.0
BILL02028,A02028,15000,12637,35000,No,62637.0
BILL02029,A02029,2000,544,0,Yes,508.8
BILL02030,A02030,250000,11408,0,Yes,52281.6
BILL02031,A02031,1200,9340,9000,No,19540.0
BILL02032,A02032,2500,3152,12000,No,17652.0
BILL02033,A02033,15000,2296,12000,No,29296.0
BILL02034,A02034,6000,4136,0,Yes,2027.2
BILL02035,A02035,800,1839,8000,Yes,2127.8
BILL02036,A02036,1500,18810,0,Yes,4062.0
BILL02037,A02037,5000,7208,0,No,12208.0
BILL02038,A02038,800,8319,0,Yes,1823.8
BILL02039,A02039,5000,19509,15000,No,39509.0
BILL02040,A02040,1000,7887,0,Yes,1777.4
BILL02041,A02041,6000,9260,40000,Yes,11052.0
BILL02042,A02042,250000,2576,0,Yes,50515.2
BILL02043,A02043,8000,16432,18000,Yes,8486.4
BILL02044,A02044,6000,17929,40000,Yes,12785.8
BILL02045,A02045,6000,12563,0,Yes,3712.6
BILL02046,A02046,8000,15503,0,Yes,4700.6
BILL02047,A02047,450000,6359,8000,No,464359.0
BILL02048,A02048,3500,3021,8000,Yes,2904.2
BILL02049,A02049,70000,4170,6000,Yes,16034.0
BILL02050,A02050,80000,7193,16000,Yes,20638.6
BILL02051,A02051,1500,18241,3000,Yes,4548.2
BILL02052,A02052,12000,14266,15000,No,41266.0
BILL02053,A02053,8000,1203,8000,Yes,3440.6
BILL02054,A02054,800,1222,6000,No,8022.0
BILL02055,A02055,180000,17526,24000,Yes,44305.2
BILL02056,A02056,6000,11732,0,Yes,3546.4
BILL02057,A02057,12000,17872,30000,Yes,11974.4
BILL02058,A02058,8000,19087,0,No,27087.0
BILL02059,A02059,65000,10543,3000,No,78543.0
BILL02060,A02060,1000,7931,0,Yes,1786.2
BILL02061,A02061,40000,9941,0,Yes,9988.2
BILL02062,A02062,1000,9818,10000,No,20818.0
BILL02063,A02063,70000,5768,0,Yes,15153.6
BILL02064,A02064,12000,6246,12000,Yes,6049.2
BILL02065,A02065,12000,4331,4000,No,20331.0
BILL02066,A02066,800,19326,6000,Yes,5225.2
BILL02067,A02067,180000,12613,6000,Yes,39722.6
BILL02068,A02068,10000,1636,0,No,11636.0
BILL02069,A02069,3500,5347,12000,Yes,4169.4
BILL02070,A02070,6000,5827,32000,Yes,8765.4
BILL02071,A02071,6000,1316,0,No,7316.0
BILL02072,A02072,6000,5263,0,No,11263.0
BILL02073,A02073,40000,5613,2000,No,47613.0
BILL02074,A02074,65000,18396,8000,Yes,18279.2
BILL02075,A02075,1000,10184,0,No,11184.0
BILL02076,A02076,2000,19299,6000,No,27299.0
BILL02077,A02077,60000,14986,0,No,74986.0
BILL02078,A02078,2500,16195,6000,Yes,4939.0
BILL02079,A02079,1000,18553,18000,Yes,7510.6
BILL02080,A02080,2000,13660,15000,Yes,6132.0
BILL02081,A02081,180000,3530,28000,Yes,42306.0
BILL02082,A02082,4000,6894,6000,No,16894.0
BILL02083,A02083,2000,9607,9000,Yes,4121.4
BILL02084,A02084,180000,18142,45000,No,243142.0
BILL02085,A02085,5000,3363,10000,Yes,3672.6
BILL02086,A02086,2500,10912,12000,No,25412.0
BILL02087,A02087,5000,12331,45000,Yes,12466.2
BILL02088,A02088,12000,14512,8000,Yes,6902.4
BILL02089,A02089,1200,899,36000,Yes,7619.8
BILL02090,A02090,6000,10595,0,No,16595.0
BILL02091,A02091,35000,3370,0,No,38370.0
BILL02092,A02092,35000,15056,10000,No,60056.0
BILL02093,A02093,800,9957,18000,No,28757.0
BILL02094,A02094,6000,14388,10000,Yes,6077.6
BILL02095,A02095,70000,19740,6000,Yes,19148.0
BILL02096,A02096,35000,10436,25000,No,70436.0
BILL02097,A02097,250000,17713,0,Yes,53542.6
BILL02098,A02098,65000,19855,35000,Yes,23971.0
BILL02099,A02099,80000,13917,28000,Yes,24383.4
BILL02100,A02100,5000,18712,0,No,23712.0
BILL02101,A02101,40000,4986,0,Yes,8997.2
BILL02102,A02102,6000,13009,0,Yes,3801.8
BILL02103,A02103,800,1883,4000,No,6683.0
BILL02104,A02104,1000,10458,50000,Yes,12291.6
BILL02105,A02105,12000,15686,6000,Yes,6737.2
BILL02106,A02106,3500,580,0,Yes,816.0
BILL02107,A02107,10000,15984,12000,No,37984.0
BILL02108,A02108,1200,9926,0,Yes,2225.2
BILL02109,A02109,3000,8519,20000,Yes,6303.8
BILL02110,A02110,12000,9583,10000,No,31583.0
BILL02111,A02111,10000,2686,12000,Yes,4937.2
BILL02112,A02112,450000,19032,35000,No,504032.0
BILL02113,A02113,10000,16098,12000,Yes,7619.6
BILL02114,A02114,15000,19350,20000,No,54350.0
BILL02115,A02115,80000,5836,14000,Yes,19967.2
BILL02116,A02116,250000,15607,6000,Yes,54321.4
BILL02117,A02117,1000,2233,0,Yes,646.6
BILL02118,A02118,6000,12164,2000,Yes,4032.8
BILL02119,A02119,800,17854,18000,Yes,7330.8
BILL02120,A02120,35000,6504,20000,Yes,12300.8
BILL02121,A02121,3500,5976,8000,No,17476.0
BILL02122,A02122,8000,10365,4000,No,22365.0
BILL02123,A02123,2000,12379,0,Yes,2875.8
BILL02124,A02124,800,12022,27000,Yes,7964.4
BILL02125,A02125,6000,17479,20000,Yes,8695.8
BILL02126,A02126,40000,16389,15000,Yes,14277.8
BILL02127,A02127,40000,5842,12000,Yes,11568.4
BILL02128,A02128,6000,16994,15000,No,37994.0
BILL02129,A02129,1000,18806,18000,Yes,7561.2
BILL02130,A02130,8000,3003,2000,No,13003.0
BILL02131,A02131,5000,1069,15000,Yes,4213.8
BILL02132,A02132,80000,12380,18000,No,110380.0
BILL02133,A02133,40000,17641,20000,Yes,15528.2
BILL02134,A02134,40000,10483,0,No,50483.0
BILL02135,A02135,6000,4386,9000,Yes,3877.2
BILL02136,A02136,180000,5164,0,Yes,37032.8
BILL02137,A02137,3000,7376,9000,No,19376.0
BILL02138,A02138,40000,14420,6000,Yes,12084.0
BILL02139,A02139,15000,16368,30000,Yes,12273.6
BILL02140,A02140,12000,4032,2000,No,18032.0
BILL02141,A02141,6000,17325,4000,Yes,5465.0
BILL02142,A02142,65000,8790,8000,Yes,16358.0
BILL02143,A02143,12000,836,18000,No,30836.0
BILL02144,A02144,80000,7230,18000,Yes,21046.0
BILL02145,A02145,12000,12019,0,Yes,4803.8
BILL02146,A02146,8000,9589,0,Yes,3517.8
BILL02147,A02147,70000,16904,6000,Yes,18580.8
BILL02148,A02148,12000,2739,14000,No,28739.0
BILL02149,A02149,3500,958,0,No,4458.0
BILL02150,A02150,5000,9735,6000,No,20735.0
BILL02151,A02151,12000,18100,0,No,30100.0
BILL02152,A02152,12000,3733,9000,No,24733.0
BILL02153,A02153,15000,16055,0,No,31055.0
BILL02154,A02154,5000,6566,40000,No,51566.0
BILL02155,A02155,1200,4016,0,No,5216.0
BILL02156,A02156,15000,12939,35000,Yes,12587.8
BILL02157,A02157,5000,7956,0,Yes,2591.2
BILL02158,A02158,15000,10798,2000,Yes,5559.6
BILL02159,A02159,2500,17530,9000,Yes,5806.0
BILL02160,A02160,12000,12337,8000,Yes,6467.4
BILL02161,A02161,250000,1830,4000,Yes,51166.0
BILL02162,A02162,10000,4291,10000,Yes,4858.2
BILL02163,A02163,5000,10723,0,Yes,3144.6
BILL02164,A02164,450000,13845,8000,No,471845.0
BILL02165,A02165,5000,14523,24000,No,43523.0
BILL02166,A02166,12000,16086,36000,Yes,12817.2
BILL02167,A02167,2000,16610,6000,Yes,4922.0
BILL02168,A02168,250000,17626,0,Yes,53525.2
BILL02169,A02169,60000,13437,50000,No,123437.0
BILL02170,A02170,1200,3833,3000,Yes,1606.6
BILL02171,A02171,15000,7023,0,Yes,4404.6
BILL02172,A02172,60000,13747,0,Yes,14749.4
BILL02173,A02173,3000,14416,30000,Yes,9483.2
BILL02174,A02174,180000,19568,12000,No,211568.0
BILL02175,A02175,2500,13614,4000,Yes,4022.8
BILL02176,A02176,1200,13752,25000,Yes,7990.4
BILL02177,A02177,12000,5329,15000,Yes,6465.8
BILL02178,A02178,80000,8714,35000,Yes,24742.8
BILL02179,A02179,450000,4910,6000,Yes,92182.0
BILL02180,A02180,60000,2231,0,Yes,12446.2
BILL02181,A02181,10000,1376,0,Yes,2275.2
BILL02182,A02182,3500,11213,30000,Yes,8942.6
BILL02183,A02183,6000,3656,0,No,9656.0
BILL02184,A02184,2500,17537,15000,No,35037.0
BILL02185,A02185,1000,7116,8000,No,16116.0
BILL02186,A02186,10000,16564,36000,Yes,12512.8
BILL02187,A02187,5000,18212,8000,No,31212.0
BILL02188,A02188,1000,1535,5000,No,7535.0
BILL02189,A02189,3500,4403,35000,Yes,8580.6
BILL02190,A02190,60000,12831,40000,Yes,22566.2
BILL02191,A02191,5000,1576,27000,Yes,6715.2
BILL02192,A02192,10000,10430,18000,Yes,7686.0
BILL02193,A02193,3500,4906,16000,No,24406.0
BILL02194,A02194,1000,16472,12000,Yes,5894.4
BILL02195,A02195,1000,16574,0,Yes,3514.8
BILL02196,A02196,70000,5621,20000,Yes,19124.2
BILL02197,A02197,4000,16710,50000,Yes,14142.0
BILL02198,A02198,250000,12059,0,Yes,52411.8
BILL02199,A02199,1000,1422,10000,Yes,2484.4
BILL02200,A02200,60000,12506,0,No,72506.0
BILL02201,A02201,40000,19635,2000,No,61635.0
BILL02202,A02202,10000,11682,20000,Yes,8336.4
BILL02203,A02203,800,11809,36000,Yes,9721.8
BILL02204,A02204,180000,2349,30000,Yes,42469.8
BILL02205,A02205,5000,10726,6000,No,21726.0
BILL02206,A02206,3500,2646,36000,Yes,8429.2
BILL02207,A02207,3500,6063,6000,Yes,3112.6
BILL02208,A02208,15000,1724,15000,No,31724.0
BILL02209,A02209,1000,14343,0,Yes,3068.6
BILL02210,A02210,1500,15891,4000,No,21391.0
BILL02211,A02211,450000,12877,15000,Yes,95575.4
BILL02212,A02212,10000,3702,5000,Yes,3740.4
BILL02213,A02213,40000,7247,12000,Yes,11849.4
BILL02214,A02214,800,11626,0,Yes,2485.2
BILL02215,A02215,1200,12405,10000,Yes,4721.0
BILL02216,A02216,15000,2968,15000,Yes,6593.6
BILL02217,A02217,1000,2057,32000,No,35057.0
BILL02218,A02218,3500,13673,9000,Yes,5234.6
BILL02219,A02219,12000,3513,10000,Yes,5102.6
BILL02220,A02220,10000,9457,16000,Yes,7091.4
BILL02221,A02221,15000,17901,25000,Yes,11580.2
BILL02222,A02222,2000,11880,0,No,13880.0
BILL02223,A02223,15000,10390,0,Yes,5078.0
BILL02224,A02224,5000,18193,24000,Yes,9438.6
BILL02225,A02225,250000,13682,20000,Yes,56736.4
BILL02226,A02226,15000,15351,0,No,30351.0
BILL02227,A02227,1000,17415,3000,Yes,4283.0
BILL02228,A02228,40000,7478,30000,Yes,15495.6
BILL02229,A02229,250000,17956,5000,No,272956.0
BILL02230,A02230,5000,2462,24000,Yes,6292.4
BILL02231,A02231,3000,5341,3000,Yes,2268.2
BILL02232,A02232,450000,10339,0,Yes,92067.8
BILL02233,A02233,12000,2611,0,No,14611.0
BILL02234,A02234,40000,9246,40000,Yes,17849.2
BILL02235,A02235,5000,8903,12000,Yes,5180.6
BILL02236,A02236,5000,4221,12000,Yes,4244.2
BILL02237,A02237,2000,8547,4000,Yes,2909.4
BILL02238,A02238,15000,18844,50000,Yes,16768.8
BILL02239,A02239,250000,1712,0,Yes,50342.4
BILL02240,A02240,800,4970,0,Yes,1154.0
BILL02241,A02241,5000,9602,6000,Yes,4120.4
BILL02242,A02242,450000,1883,35000,No,486883.0
BILL02243,A02243,2000,2312,6000,Yes,2062.4
BILL02244,A02244,3000,10264,0,No,13264.0
BILL02245,A02245,15000,13836,8000,No,36836.0
BILL02246,A02246,1000,3459,10000,No,14459.0
BILL02247,A02247,70000,5105,0,Yes,15021.0
BILL02248,A02248,800,16892,0,Yes,3538.4
BILL02249,A02249,450000,19519,28000,Yes,99503.8
BILL02250,A02250,80000,3457,9000,Yes,18491.4
BILL02251,A02251,8000,10769,36000,No,54769.0
BILL02252,A02252,2500,13277,30000,No,45777.0
BILL02253,A02253,1200,7643,0,Yes,1768.6
BILL02254,A02254,60000,7515,0,Yes,13503.0
BILL02255,A02255,15000,8833,4000,Yes,5566.6
BILL02256,A02256,60000,12778,6000,Yes,15755.6
BILL02257,A02257,2500,14386,10000,No,26886.0
BILL02258,A02258,12000,9600,0,Yes,4320.0
BILL02259,A02259,12000,12550,0,Yes,4910.0
BILL02260,A02260,3000,1640,0,No,4640.0
BILL02261,A02261,450000,8353,40000,Yes,99670.6
BILL02262,A02262,800,10634,0,No,11434.0
BILL02263,A02263,250000,4499,6000,No,260499.0
BILL02264,A02264,2000,13229,12000,No,27229.0
BILL02265,A02265,80000,13377,12000,Yes,21075.4
BILL02266,A02266,1500,8215,24000,Yes,6743.0
BILL02267,A02267,2500,5750,10000,Yes,3650.0
BILL02268,A02268,5000,13813,2000,Yes,4162.6
BILL02269,A02269,3500,3124,0,Yes,1324.8
BILL02270,A02270,450000,14031,28000,No,492031.0
BILL02271,A02271,1500,3789,9000,No,14289.0
BILL02272,A02272,60000,17091,0,Yes,15418.2
BILL02273,A02273,80000,18447,12000,Yes,22089.4
BILL02274,A02274,10000,1396,6000,Yes,3479.2
BILL02275,A02275,5000,6520,45000,No,56520.0
BILL02276,A02276,180000,4959,8000,Yes,38591.8
BILL02277,A02277,10000,10512,12000,Yes,6502.4
BILL02278,A02278,1200,4131,6000,Yes,2266.2
BILL02279,A02279,2000,4762,0,No,6762.0
BILL02280,A02280,3000,10966,0,Yes,2793.2
BILL02281,A02281,15000,4874,12000,Yes,6374.8
BILL02282,A02282,180000,19932,4000,No,203932.0
BILL02283,A02283,80000,7009,16000,Yes,20601.8
BILL02284,A02284,450000,6460,25000,No,481460.0
BILL02285,A02285,5000,19190,6000,Yes,6038.0
BILL02286,A02286,450000,1252,21000,No,472252.0
BILL02287,A02287,3500,15652,0,Yes,3830.4
BILL02288,A02288,3000,6029,4000,Yes,2605.8
BILL02289,A02289,60000,14554,8000,Yes,16510.8
BILL02290,A02290,12000,12556,0,No,24556.0
BILL02291,A02291,3500,4345,6000,No,13845.0
BILL02292,A02292,15000,14759,15000,No,44759.0
BILL02293,A02293,1500,16692,0,Yes,3638.4
BILL02294,A02294,8000,7156,27000,No,42156.0
BILL02295,A02295,180000,9222,8000,No,197222.0
BILL02296,A02296,1200,13019,0,Yes,2843.8
BILL02297,A02297,15000,7270,15000,No,37270.0
BILL02298,A02298,180000,9772,15000,Yes,40954.4
BILL02299,A02299,12000,13886,6000,Yes,6377.2
BILL02300,A02300,8000,9078,9000,Yes,5215.6
BILL02301,A02301,70000,8636,20000,Yes,19727.2
BILL02302,A02302,12000,15513,4000,Yes,6302.6
BILL02303,A02303,250000,4864,16000,No,270864.0
BILL02304,A02304,5000,13527,3000,No,21527.0
BILL02305,A02305,6000,14370,0,Yes,4074.0
BILL02306,A02306,12000,18751,6000,Yes,7350.2
BILL02307,A02307,35000,8195,0,No,43195.0
BILL02308,A02308,3000,1991,4000,Yes,1798.2
BILL02309,A02309,40000,12982,0,No,52982.0
BILL02310,A02310,1500,12653,9000,No,23153.0
BILL02311,A02311,800,18835,6000,Yes,5127.0
BILL02312,A02312,1000,9029,0,Yes,2005.8
BILL02313,A02313,70000,11614,15000,Yes,19322.8
BILL02314,A02314,12000,10897,0,Yes,4579.4
BILL02315,A02315,5000,4328,8000,Yes,3465.6
BILL02316,A02316,450000,4690,35000,No,489690.0
BILL02317,A02317,3000,9707,0,No,12707.0
BILL02318,A02318,3500,9770,0,Yes,2654.0
BILL02319,A02319,5000,9142,8000,Yes,4428.4
BILL02320,A02320,15000,5906,24000,No,44906.0
BILL02321,A02321,6000,16598,9000,Yes,6319.6
BILL02322,A02322,5000,14917,6000,Yes,5183.4
BILL02323,A02323,250000,2288,18000,Yes,54057.6
BILL02324,A02324,12000,15909,0,Yes,5581.8
BILL02325,A02325,1200,15807,5000,Yes,4401.4
BILL02326,A02326,80000,16717,0,Yes,19343.4
BILL02327,A02327,12000,18878,30000,Yes,12175.6
BILL02328,A02328,10000,4186,3000,Yes,3437.2
BILL02329,A02329,70000,3566,9000,No,82566.0
BILL02330,A02330,5000,6419,6000,No,17419.0
BILL02331,A02331,70000,9438,3000,Yes,16487.6
BILL02332,A02332,1000,635,6000,Yes,1527.0
BILL02333,A02333,3000,3017,6000,No,12017.0
BILL02334,A02334,180000,3590,0,Yes,36718.0
BILL02335,A02335,12000,4497,0,Yes,3299.4
BILL02336,A02336,6000,3975,16000,Yes,5195.0
BILL02337,A02337,5000,3156,0,No,8156.0
BILL02338,A02338,8000,16223,0,Yes,4844.6
BILL02339,A02339,35000,9325,0,Yes,8865.0
BILL02340,A02340,6000,1936,5000,Yes,2587.2
BILL02341,A02341,6000,19150,0,Yes,5030.0
BILL02342,A02342,2000,2095,32000,Yes,7219.0
BILL02343,A02343,6000,2319,4000,Yes,2463.8
BILL02344,A02344,12000,12997,4000,Yes,5799.4
BILL02345,A02345,1000,6333,0,No,7333.0
BILL02346,A02346,12000,13571,14000,Yes,7914.2
BILL02347,A02347,5000,7323,24000,Yes,7264.6
BILL02348,A02348,800,13685,12000,Yes,5297.0
BILL02349,A02349,250000,5550,0,Yes,51110.0
BILL02350,A02350,15000,14667,24000,No,53667.0
BILL02351,A02351,1000,4802,8000,No,13802.0
BILL02352,A02352,8000,12540,21000,Yes,8308.0
BILL02353,A02353,1200,13216,15000,Yes,5883.2
BILL02354,A02354,4000,14363,14000,No,32363.0
BILL02355,A02355,6000,12566,21000,Yes,7913.2
BILL02356,A02356,6000,14459,6000,Yes,5291.8
BILL02357,A02357,2000,11698,15000,No,28698.0
BILL02358,A02358,15000,5581,5000,Yes,5116.2
BILL02359,A02359,6000,17692,6000,Yes,5938.4
BILL02360,A02360,6000,14831,10000,No,30831.0
BILL02361,A02361,250000,16150,0,Yes,53230.0
BILL02362,A02362,3500,4687,12000,No,20187.0
BILL02363,A02363,10000,17640,0,Yes,5528.0
BILL02364,A02364,15000,2063,4000,No,21063.0
BILL02365,A02365,10000,17323,0,Yes,5464.6
BILL02366,A02366,40000,14033,0,Yes,10806.6
BILL02367,A02367,6000,19127,4000,Yes,5825.4
BILL02368,A02368,15000,19687,4000,No,38687.0
BILL02369,A02369,12000,1033,6000,No,19033.0
BILL02370,A02370,60000,15667,30000,No,105667.0
BILL02371,A02371,1500,13376,4000,Yes,3775.2
BILL02372,A02372,1500,10253,40000,Yes,10350.6
BILL02373,A02373,1200,15409,0,Yes,3321.8
BILL02374,A02374,1000,9185,24000,No,34185.0
BILL02375,A02375,10000,6633,6000,Yes,4526.6
BILL02376,A02376,8000,8997,0,Yes,3399.4
BILL02377,A02377,15000,1087,4000,Yes,4017.4
BILL02378,A02378,180000,935,0,No,180935.0
BILL02379,A02379,1500,15578,15000,No,32078.0
BILL02380,A02380,180000,16448,36000,Yes,46489.6
BILL02381,A02381,5000,12320,15000,No,32320.0
BILL02382,A02382,15000,3371,6000,Yes,4874.2
BILL02383,A02383,5000,6752,0,No,11752.0
BILL02384,A02384,10000,6667,0,Yes,3333.4
BILL02385,A02385,8000,5256,9000,Yes,4451.2
BILL02386,A02386,800,18148,6000,Yes,4989.6
BILL02387,A02387,12000,15685,18000,Yes,9137.0
BILL02388,A02388,70000,1214,6000,Yes,15442.8
BILL02389,A02389,10000,5494,50000,No,65494.0
BILL02390,A02390,4000,15949,18000,No,37949.0
BILL02391,A02391,80000,19676,9000,Yes,21735.2
BILL02392,A02392,12000,19159,0,Yes,6231.8
BILL02393,A02393,2000,758,4000,Yes,1351.6
BILL02394,A02394,6000,14648,50000,No,70648.0
BILL02395,A02395,5000,19461,12000,Yes,7292.2
BILL02396,A02396,5000,13596,0,Yes,3719.2
BILL02397,A02397,800,16487,3000,No,20287.0
BILL02398,A02398,5000,17811,4000,Yes,5362.2
BILL02399,A02399,5000,10849,0,Yes,3169.8
BILL02400,A02400,15000,14168,50000,Yes,15833.6
BILL02401,A02401,8000,11862,40000,No,59862.0
BILL02402,A02402,35000,1181,0,Yes,7236.2
BILL02403,A02403,180000,6798,20000,Yes,41359.6
BILL02404,A02404,2000,8105,3000,Yes,2621.0
BILL02405,A02405,1000,11613,0,Yes,2522.6
BILL02406,A02406,12000,10113,0,No,22113.0
BILL02407,A02407,1200,12304,10000,No,23504.0
BILL02408,A02408,15000,5809,30000,Yes,10161.8
BILL02409,A02409,2500,3324,0,Yes,1164.8
BILL02410,A02410,70000,7036,0,Yes,15407.2
BILL02411,A02411,450000,3806,15000,No,468806.0
BILL02412,A02412,2500,16678,4000,Yes,4635.6
BILL02413,A02413,12000,18746,8000,No,38746.0
BILL02414,A02414,10000,12256,12000,Yes,6851.2
BILL02415,A02415,35000,5697,15000,No,55697.0
BILL02416,A02416,800,16997,4000,No,21797.0
BILL02417,A02417,60000,11566,0,Yes,14313.2
BILL02418,A02418,65000,7928,6000,Yes,15785.6
BILL02419,A02419,12000,16437,4000,No,32437.0
BILL02420,A02420,2000,12140,0,No,14140.0
BILL02421,A02421,10000,18752,12000,No,40752.0
BILL02422,A02422,3000,17388,0,No,20388.0
BILL02423,A02423,5000,14846,15000,No,34846.0
BILL02424,A02424,1200,4134,0,No,5334.0
BILL02425,A02425,8000,3838,2000,Yes,2767.6
BILL02426,A02426,1200,5973,6000,No,13173.0
BILL02427,A02427,60000,12350,9000,No,81350.0
BILL02428,A02428,80000,14967,40000,No,134967.0
BILL02429,A02429,10000,3753,0,Yes,2750.6
BILL02430,A02430,15000,11464,0,Yes,5292.8
BILL02431,A02431,2000,7115,5000,No,14115.0
BILL02432,A02432,800,715,9000,No,10515.0
BILL02433,A02433,65000,16021,20000,Yes,20204.2
BILL02434,A02434,2500,6111,0,Yes,1722.2
BILL02435,A02435,10000,14099,32000,Yes,11219.8
BILL02436,A02436,1500,8542,9000,No,19042.0
BILL02437,A02437,1000,17855,0,No,18855.0
BILL02438,A02438,1500,5021,15000,Yes,4304.2
BILL02439,A02439,65000,13912,50000,No,128912.0
BILL02440,A02440,6000,17413,0,No,23413.0
BILL02441,A02441,250000,15002,0,No,265002.0
BILL02442,A02442,15000,17452,0,Yes,6490.4
BILL02443,A02443,2000,10815,10000,No,22815.0
BILL02444,A02444,1200,5884,15000,Yes,4416.8
BILL02445,A02445,2500,1715,0,No,4215.0
BILL02446,A02446,60000,2394,32000,Yes,18878.8
BILL02447,A02447,6000,18640,0,No,24640.0
BILL02448,A02448,8000,10779,0,Yes,3755.8
BILL02449,A02449,12000,9667,21000,No,42667.0
BILL02450,A02450,450000,15120,0,No,465120.0
BILL02451,A02451,1500,14988,0,No,16488.0
BILL02452,A02452,5000,13754,0,No,18754.0
BILL02453,A02453,80000,3261,16000,Yes,19852.2
BILL02454,A02454,2000,13279,0,Yes,3055.8
BILL02455,A02455,80000,18220,0,Yes,19644.0
BILL02456,A02456,1500,17266,40000,Yes,11753.2
BILL02457,A02457,1200,5743,0,Yes,1388.6
BILL02458,A02458,180000,18192,40000,Yes,47638.4
BILL02459,A02459,180000,10459,0,No,190459.0
BILL02460,A02460,60000,4118,16000,No,80118.0
BILL02461,A02461,12000,9011,4000,Yes,5002.2
BILL02462,A02462,70000,4587,30000,Yes,20917.4
BILL02463,A02463,10000,670,0,Yes,2134.0
BILL02464,A02464,12000,8236,0,Yes,4047.2
BILL02465,A02465,6000,9823,6000,No,21823.0
BILL02466,A02466,15000,17528,24000,Yes,11305.6
BILL02467,A02467,65000,17423,30000,No,112423.0
BILL02468,A02468,35000,12338,0,Yes,9467.6
BILL02469,A02469,10000,14449,0,Yes,4889.8
BILL02470,A02470,70000,2537,5000,No,77537.0
BILL02471,A02471,1000,16105,0,Yes,3421.0
BILL02472,A02472,3500,12601,5000,Yes,4220.2
BILL02473,A02473,2500,17504,40000,No,60004.0
BILL02474,A02474,450000,19646,10000,Yes,95929.2
BILL02475,A02475,250000,14920,0,No,264920.0
BILL02476,A02476,2500,14161,21000,Yes,7532.2
BILL02477,A02477,1500,4665,30000,No,36165.0
BILL02478,A02478,35000,4739,16000,No,55739.0
BILL02479,A02479,450000,15423,0,Yes,93084.6
BILL02480,A02480,12000,5639,0,No,17639.0
BILL02481,A02481,3000,4391,0,Yes,1478.2
BILL02482,A02482,40000,12610,28000,Yes,16122.0
BILL02483,A02483,3000,5523,0,Yes,1704.6
BILL02484,A02484,1000,12770,0,Yes,2754.0
BILL02485,A02485,2000,1416,15000,Yes,3683.2
BILL02486,A02486,5000,19820,0,Yes,4964.0
BILL02487,A02487,800,10499,36000,Yes,9459.8
BILL02488,A02488,8000,16516,20000,Yes,8903.2
BILL02489,A02489,6000,11924,0,No,17924.0
BILL02490,A02490,800,14183,10000,Yes,4996.6
BILL02491,A02491,65000,19038,10000,No,94038.0
BILL02492,A02492,2500,12863,40000,No,55363.0
BILL02493,A02493,12000,4851,21000,Yes,7570.2
BILL02494,A02494,3000,15603,0,No,18603.0
BILL02495,A02495,6000,5381,12000,Yes,4676.2
BILL02496,A02496,3000,13922,15000,Yes,6384.4
BILL02497,A02497,15000,13456,40000,Yes,13691.2
BILL02498,A02498,3000,15019,40000,Yes,11603.8
BILL02499,A02499,65000,5926,18000,Yes,17785.2
BILL02500,A02500,4000,10620,10000,Yes,4924.0
BILL02501,A02501,15000,3290,6000,No,24290.0
BILL02502,A02502,5000,18254,18000,No,41254.0
BILL02503,A02503,80000,17596,30000,No,127596.0
BILL02504,A02504,450000,16970,0,Yes,93394.0
BILL02505,A02505,8000,17927,0,No,25927.0
BILL02506,A02506,35000,9509,6000,Yes,10101.8
BILL02507,A02507,1000,19490,0,Yes,4098.0
BILL02508,A02508,8000,17983,24000,Yes,9996.6
BILL02509,A02509,2500,1974,0,No,4474.0
BILL02510,A02510,800,1262,28000,Yes,6012.4
BILL02511,A02511,800,14096,20000,No,34896.0
BILL02512,A02512,8000,10899,0,Yes,3779.8
BILL02513,A02513,5000,4256,8000,Yes,3451.2
BILL02514,A02514,1000,9850,0,Yes,2170.0
BILL02515,A02515,2000,3436,21000,Yes,5287.2
BILL02516,A02516,35000,13845,6000,Yes,10969.0
BILL02517,A02517,10000,11159,0,Yes,4231.8
BILL02518,A02518,1000,2416,8000,Yes,2283.2
BILL02519,A02519,4000,10987,9000,Yes,4797.4
BILL02520,A02520,35000,11123,0,Yes,9224.6
BILL02521,A02521,8000,4463,12000,Yes,4892.6
BILL02522,A02522,1000,19703,0,Yes,4140.6
BILL02523,A02523,1200,17028,15000,No,33228.0
BILL02524,A02524,1200,9324,0,Yes,2104.8
BILL02525,A02525,1200,18624,20000,Yes,7964.8
BILL02526,A02526,65000,1447,20000,Yes,17289.4
BILL02527,A02527,8000,1110,16000,Yes,5022.0
BILL02528,A02528,6000,19707,20000,Yes,9141.4
BILL02529,A02529,1200,18676,24000,Yes,8775.2
BILL02530,A02530,3000,13828,0,Yes,3365.6
BILL02531,A02531,5000,16898,30000,No,51898.0
BILL02532,A02532,1500,5165,28000,Yes,6933.0
BILL02533,A02533,4000,6011,0,Yes,2002.2
BILL02534,A02534,1200,14385,0,Yes,3117.0
BILL02535,A02535,5000,15725,0,No,20725.0
BILL02536,A02536,15000,5984,6000,Yes,5396.8
BILL02537,A02537,6000,16300,4000,Yes,5260.0
BILL02538,A02538,5000,12956,24000,No,41956.0
BILL02539,A02539,60000,7471,36000,Yes,20694.2
BILL02540,A02540,12000,18001,0,Yes,6000.2
BILL02541,A02541,2000,13453,14000,No,29453.0
BILL02542,A02542,80000,18734,0,No,98734.0
BILL02543,A02543,60000,7409,0,No,67409.0
BILL02544,A02544,80000,11727,8000,No,99727.0
BILL02545,A02545,180000,15334,32000,Yes,45466.8
BILL02546,A02546,15000,11039,12000,Yes,7607.8
BILL02547,A02547,1000,11262,8000,No,20262.0
BILL02548,A02548,1200,4881,20000,Yes,5216.2
BILL02549,A02549,12000,640,2000,No,14640.0
BILL02550,A02550,6000,14038,40000,No,60038.0
BILL02551,A02551,2500,18133,0,No,20633.0
BILL02552,A02552,80000,3040,2000,No,85040.0
BILL02553,A02553,3500,15087,16000,Yes,6917.4
BILL02554,A02554,40000,12833,0,Yes,10566.6
BILL02555,A02555,35000,776,4000,Yes,7955.2
BILL02556,A02556,1000,6823,0,Yes,1564.6
BILL02557,A02557,450000,1148,36000,No,487148.0
BILL02558,A02558,800,12225,18000,Yes,6205.0
BILL02559,A02559,180000,10434,27000,Yes,43486.8
BILL02560,A02560,70000,16681,36000,Yes,24536.2
BILL02561,A02561,12000,16649,0,Yes,5729.8
BILL02562,A02562,8000,13478,2000,No,23478.0
BILL02563,A02563,3500,19148,0,Yes,4529.6
BILL02564,A02564,1500,6849,30000,Yes,7669.8
BILL02565,A02565,180000,4702,20000,Yes,40940.4
BILL02566,A02566,1000,19174,15000,No,35174.0
BILL02567,A02567,5000,9489,9000,No,23489.0
BILL02568,A02568,1000,1257,12000,No,14257.0
BILL02569,A02569,65000,15374,6000,No,86374.0
BILL02570,A02570,180000,2199,24000,Yes,41239.8
BILL02571,A02571,10000,13832,8000,Yes,6366.4
BILL02572,A02572,6000,17483,15000,Yes,7696.6
BILL02573,A02573,800,17449,6000,No,24249.0
BILL02574,A02574,15000,7857,6000,Yes,5771.4
BILL02575,A02575,5000,14264,10000,Yes,5852.8
BILL02576,A02576,70000,13340,15000,Yes,19668.0
BILL02577,A02577,12000,19237,0,No,31237.0
BILL02578,A02578,3000,7893,15000,No,25893.0
BILL02579,A02579,180000,8691,0,Yes,37738.2
BILL02580,A02580,70000,10684,6000,Yes,17336.8
BILL02581,A02581,450000,3669,0,Yes,90733.8
BILL02582,A02582,6000,1287,28000,No,35287.0
BILL02583,A02583,2000,8598,0,Yes,2119.6
BILL02584,A02584,450000,11667,4000,No,465667.0
BILL02585,A02585,6000,17528,0,No,23528.0
BILL02586,A02586,6000,14869,8000,Yes,5773.8
BILL02587,A02587,12000,19470,4000,Yes,7094.0
BILL02588,A02588,80000,2488,0,Yes,16497.6
BILL02589,A02589,3000,2630,27000,Yes,6526.0
BILL02590,A02590,450000,14980,8000,Yes,94596.0
BILL02591,A02591,1200,14650,8000,Yes,4770.0
BILL02592,A02592,8000,2328,2000,Yes,2465.6
BILL02593,A02593,12000,12999,0,Yes,4999.8
BILL02594,A02594,10000,13971,27000,No,50971.0
BILL02595,A02595,5000,847,45000,Yes,10169.4
BILL02596,A02596,2000,14528,0,Yes,3305.6
BILL02597,A02597,10000,1351,0,Yes,2270.2
BILL02598,A02598,10000,19761,9000,Yes,7752.2
BILL02599,A02599,2500,902,14000,Yes,3480.4
BILL02600,A02600,12000,6844,27000,Yes,9168.8
BILL02601,A02601,180000,8897,20000,Yes,41779.4
BILL02602,A02602,70000,15069,0,Yes,17013.8
BILL02603,A02603,1200,1944,0,Yes,628.8
BILL02604,A02604,15000,19653,10000,Yes,8930.6
BILL02605,A02605,15000,12222,40000,Yes,13444.4
BILL02606,A02606,15000,18232,0,Yes,6646.4
BILL02607,A02607,1200,10614,0,Yes,2362.8
BILL02608,A02608,2500,764,6000,Yes,1852.8
BILL02609,A02609,12000,17116,4000,Yes,6623.2
BILL02610,A02610,8000,6903,3000,Yes,3580.6
BILL02611,A02611,2500,7094,6000,Yes,3118.8
BILL02612,A02612,15000,16088,0,Yes,6217.6
BILL02613,A02613,15000,11350,28000,Yes,10870.0
BILL02614,A02614,2000,14219,36000,Yes,10443.8
BILL02615,A02615,1500,15386,0,Yes,3377.2
BILL02616,A02616,3500,621,24000,No,28121.0
BILL02617,A02617,6000,15787,6000,Yes,5557.4
BILL02618,A02618,3000,11363,20000,Yes,6872.6
BILL02619,A02619,15000,6537,6000,Yes,5507.4
BILL02620,A02620,60000,2916,0,Yes,12583.2
BILL02621,A02621,12000,4274,3000,Yes,3854.8
BILL02622,A02622,12000,6870,0,Yes,3774.0
BILL02623,A02623,8000,1472,9000,Yes,3694.4
BILL02624,A02624,80000,6206,9000,No,95206.0
BILL02625,A02625,1000,6210,0,No,7210.0
BILL02626,A02626,8000,8559,0,Yes,3311.8
BILL02627,A02627,8000,6269,0,No,14269.0
BILL02628,A02628,8000,1187,0,Yes,1837.4
BILL02629,A02629,40000,4136,0,No,44136.0
BILL02630,A02630,2500,10496,0,Yes,2599.2
BILL02631,A02631,1500,12701,18000,No,32201.0
BILL02632,A02632,15000,14712,0,Yes,5942.4
BILL02633,A02633,60000,4785,24000,Yes,17757.0
BILL02634,A02634,800,12892,12000,Yes,5138.4
BILL02635,A02635,6000,14575,6000,No,26575.0
BILL02636,A02636,180000,19745,0,No,199745.0
BILL02637,A02637,1200,10139,9000,Yes,4067.8
BILL02638,A02638,12000,2245,32000,No,46245.0
BILL02639,A02639,15000,17154,0,Yes,6430.8
BILL02640,A02640,15000,3167,10000,No,28167.0
BILL02641,A02641,1000,2625,6000,Yes,1925.0
BILL02642,A02642,12000,17184,12000,Yes,8236.8
BILL02643,A02643,8000,15713,6000,Yes,5942.6
BILL02644,A02644,1500,12751,45000,No,59251.0
BILL02645,A02645,1000,16713,15000,Yes,6542.6
BILL02646,A02646,8000,13638,0,Yes,4327.6
BILL02647,A02647,800,7151,25000,No,32951.0
BILL02648,A02648,10000,13472,6000,Yes,5894.4
BILL02649,A02649,60000,12856,3000,No,75856.0
BILL02650,A02650,3000,12758,0,Yes,3151.6
BILL02651,A02651,10000,4901,2000,Yes,3380.2
BILL02652,A02652,250000,17500,12000,Yes,55900.0
BILL02653,A02653,12000,1848,0,Yes,2769.6
BILL02654,A02654,3500,11522,50000,Yes,13004.4
BILL02655,A02655,180000,14672,0,Yes,38934.4
BILL02656,A02656,8000,16803,28000,Yes,10560.6
BILL02657,A02657,15000,1309,15000,Yes,6261.8
BILL02658,A02658,6000,9203,20000,Yes,7040.6
BILL02659,A02659,70000,3200,28000,No,101200.0
BILL02660,A02660,35000,17303,6000,No,58303.0
BILL02661,A02661,1200,7962,0,Yes,1832.4
BILL02662,A02662,250000,12304,4000,Yes,53260.8
BILL02663,A02663,40000,11436,9000,No,60436.0
BILL02664,A02664,10000,8692,8000,No,26692.0
BILL02665,A02665,8000,9493,0,No,17493.0
BILL02666,A02666,4000,5017,0,Yes,1803.4
BILL02667,A02667,6000,10313,0,No,16313.0
BILL02668,A02668,1000,13732,0,No,14732.0
BILL02669,A02669,5000,889,35000,No,40889.0
BILL02670,A02670,5000,5391,50000,Yes,12078.2
BILL02671,A02671,8000,7377,40000,Yes,11075.4
BILL02672,A02672,2500,19734,0,No,22234.0
BILL02673,A02673,70000,15619,8000,No,93619.0
BILL02674,A02674,15000,10758,6000,Yes,6351.6
BILL02675,A02675,60000,14186,18000,Yes,18437.2
BILL02676,A02676,1200,18799,8000,Yes,5599.8
BILL02677,A02677,8000,19423,9000,Yes,7284.6
BILL02678,A02678,40000,817,15000,No,55817.0
BILL02679,A02679,180000,12121,12000,Yes,40824.2
BILL02680,A02680,180000,14449,40000,No,234449.0
BILL02681,A02681,1000,18116,16000,Yes,7023.2
BILL02682,A02682,5000,1261,4000,No,10261.0
BILL02683,A02683,5000,5536,0,Yes,2107.2
BILL02684,A02684,450000,19304,5000,No,474304.0
BILL02685,A02685,250000,7191,35000,Yes,58438.2
BILL02686,A02686,12000,13162,9000,Yes,6832.4
BILL02687,A02687,5000,11275,15000,Yes,6255.0
BILL02688,A02688,3500,10482,6000,Yes,3996.4
BILL02689,A02689,12000,18617,27000,Yes,11523.4
BILL02690,A02690,1000,16510,0,Yes,3502.0
BILL02691,A02691,3500,2777,15000,Yes,4255.4
BILL02692,A02692,3000,8136,0,No,11136.0
BILL02693,A02693,12000,2793,0,Yes,2958.6
BILL02694,A02694,3000,17491,10000,Yes,6098.2
BILL02695,A02695,60000,13963,30000,Yes,20792.6
BILL02696,A02696,5000,4128,18000,Yes,5425.6
BILL02697,A02697,3500,16171,0,Yes,3934.2
BILL02698,A02698,1000,7265,15000,No,23265.0
BILL02699,A02699,4000,10650,45000,No,59650.0
BILL02700,A02700,12000,16057,9000,Yes,7411.4
BILL02701,A02701,40000,10668,30000,Yes,16133.6
BILL02702,A02702,250000,15539,0,Yes,53107.8
BILL02703,A02703,180000,5175,0,Yes,37035.0
BILL02704,A02704,60000,13582,9000,Yes,16516.4
BILL02705,A02705,15000,19152,15000,Yes,9830.4
BILL02706,A02706,40000,19378,0,No,59378.0
BILL02707,A02707,3000,9934,15000,Yes,5586.8
BILL02708,A02708,65000,10246,0,Yes,15049.2
BILL02709,A02709,15000,6238,0,Yes,4247.6
BILL02710,A02710,65000,14658,0,Yes,15931.6
BILL02711,A02711,60000,6511,2000,Yes,13702.2
BILL02712,A02712,3500,1930,6000,No,11430.0
BILL02713,A02713,6000,5675,0,No,11675.0
BILL02714,A02714,2500,18120,40000,No,60620.0
BILL02715,A02715,70000,2687,6000,No,78687.0
BILL02716,A02716,800,13976,14000,No,28776.0
BILL02717,A02717,3500,3007,10000,Yes,3301.4
BILL02718,A02718,3500,11182,30000,Yes,8936.4
BILL02719,A02719,8000,8782,24000,Yes,8156.4
BILL02720,A02720,450000,15644,16000,Yes,96328.8
BILL02721,A02721,3500,15635,0,Yes,3827.0
BILL02722,A02722,15000,13585,0,Yes,5717.0
BILL02723,A02723,35000,851,0,Yes,7170.2
BILL02724,A02724,15000,4972,16000,No,35972.0
BILL02725,A02725,1500,15712,15000,Yes,6442.4
BILL02726,A02726,800,3204,27000,No,31004.0
BILL02727,A02727,15000,14843,0,Yes,5968.6
BILL02728,A02728,3500,9646,6000,Yes,3829.2
BILL02729,A02729,450000,1091,6000,Yes,91418.2
BILL02730,A02730,60000,4568,40000,Yes,20913.6
BILL02731,A02731,35000,867,12000,Yes,9573.4
BILL02732,A02732,450000,12233,27000,Yes,97846.6
BILL02733,A02733,1000,1628,12000,Yes,2925.6
BILL02734,A02734,2500,2064,6000,Yes,2112.8
BILL02735,A02735,3000,10603,0,Yes,2720.6
BILL02736,A02736,3000,652,12000,No,15652.0
BILL02737,A02737,3500,7110,21000,Yes,6322.0
BILL02738,A02738,4000,8316,12000,Yes,4863.2
BILL02739,A02739,60000,14317,6000,No,80317.0
BILL02740,A02740,35000,11546,6000,No,52546.0
BILL02741,A02741,60000,2570,12000,No,74570.0
BILL02742,A02742,180000,3665,0,No,183665.0
BILL02743,A02743,6000,1942,5000,Yes,2588.4
BILL02744,A02744,65000,11219,4000,Yes,16043.8
BILL02745,A02745,8000,6711,0,No,14711.0
BILL02746,A02746,12000,13445,0,Yes,5089.0
BILL02747,A02747,35000,7505,0,Yes,8501.0
BILL02748,A02748,1000,6189,0,Yes,1437.8
BILL02749,A02749,65000,10862,6000,Yes,16372.4
BILL02750,A02750,8000,15533,18000,Yes,8306.6
BILL02751,A02751,15000,9624,36000,Yes,12124.8
BILL02752,A02752,12000,7661,0,Yes,3932.2
BILL02753,A02753,80000,16870,0,No,96870.0
BILL02754,A02754,180000,19151,0,Yes,39830.2
BILL02755,A02755,1500,3604,12000,No,17104.0
BILL02756,A02756,1000,13232,3000,Yes,3446.4
BILL02757,A02757,2000,10919,40000,Yes,10583.8
BILL02758,A02758,12000,1078,0,Yes,2615.6
BILL02759,A02759,2500,8116,20000,Yes,6123.2
BILL02760,A02760,3000,4565,0,Yes,1513.0
BILL02761,A02761,6000,14541,21000,Yes,8308.2
BILL02762,A02762,40000,2463,0,Yes,8492.6
BILL02763,A02763,12000,10219,12000,Yes,6843.8
BILL02764,A02764,8000,7197,6000,Yes,4239.4
BILL02765,A02765,80000,15040,0,Yes,19008.0
BILL02766,A02766,60000,10905,0,Yes,14181.0
BILL02767,A02767,10000,14095,8000,No,32095.0
BILL02768,A02768,8000,8004,8000,Yes,4800.8
BILL02769,A02769,15000,7244,0,No,22244.0
BILL02770,A02770,60000,8637,0,Yes,13727.4
BILL02771,A02771,80000,13000,0,Yes,18600.0
BILL02772,A02772,65000,698,2000,No,67698.0
BILL02773,A02773,5000,2793,0,Yes,1558.6
BILL02774,A02774,1500,5137,3000,Yes,1927.4
BILL02775,A02775,8000,6191,0,Yes,2838.2
BILL02776,A02776,1000,3061,10000,No,14061.0
BILL02777,A02777,40000,10706,6000,No,56706.0
BILL02778,A02778,4000,8525,10000,Yes,4505.0
BILL02779,A02779,60000,8658,4000,Yes,14531.6
BILL02780,A02780,2000,15188,0,Yes,3437.6
BILL02781,A02781,12000,16267,0,No,28267.0
BILL02782,A02782,12000,12282,15000,Yes,7856.4
BILL02783,A02783,5000,15924,50000,Yes,14184.8
BILL02784,A02784,1000,14702,27000,No,42702.0
BILL02785,A02785,70000,16294,0,No,86294.0
BILL02786,A02786,10000,14504,16000,No,40504.0
BILL02787,A02787,8000,10337,0,Yes,3667.4
BILL02788,A02788,450000,6257,32000,Yes,97651.4
BILL02789,A02789,800,10522,0,Yes,2264.4
BILL02790,A02790,8000,18920,25000,Yes,10384.0
BILL02791,A02791,6000,4977,10000,Yes,4195.4
BILL02792,A02792,80000,6713,0,Yes,17342.6
BILL02793,A02793,2000,16906,12000,Yes,6181.2
BILL02794,A02794,65000,14125,10000,No,89125.0
BILL02795,A02795,12000,12727,0,Yes,4945.4
BILL02796,A02796,1000,19777,16000,Yes,7355.4
BILL02797,A02797,15000,1772,2000,Yes,3754.4
BILL02798,A02798,70000,19033,18000,Yes,21406.6
BILL02799,A02799,5000,14796,0,No,19796.0
BILL02800,A02800,10000,11922,15000,Yes,7384.4
BILL02801,A02801,12000,12564,6000,No,30564.0
BILL02802,A02802,3000,14394,9000,Yes,5278.8
BILL02803,A02803,12000,1630,40000,Yes,10726.0
BILL02804,A02804,12000,1425,9000,Yes,4485.0
BILL02805,A02805,2000,15424,0,Yes,3484.8
BILL02806,A02806,65000,19451,9000,Yes,18690.2
BILL02807,A02807,35000,3524,0,Yes,7704.8
BILL02808,A02808,450000,19707,4000,Yes,94741.4
BILL02809,A02809,250000,6687,5000,Yes,52337.4
BILL02810,A02810,35000,14487,8000,No,57487.0
BILL02811,A02811,8000,16905,15000,Yes,7981.0
BILL02812,A02812,6000,13987,8000,Yes,5597.4
BILL02813,A02813,6000,19263,8000,No,33263.0
BILL02814,A02814,180000,9315,6000,No,195315.0
BILL02815,A02815,60000,13540,8000,Yes,16308.0
BILL02816,A02816,1500,6018,40000,Yes,9503.6
BILL02817,A02817,80000,2788,15000,Yes,19557.6
BILL02818,A02818,15000,9948,50000,Yes,14989.6
BILL02819,A02819,8000,12776,24000,No,44776.0
BILL02820,A02820,2500,6988,50000,Yes,11897.6
BILL02821,A02821,1000,4112,40000,Yes,9022.4
BILL02822,A02822,1500,7465,0,Yes,1793.0
BILL02823,A02823,12000,6487,24000,Yes,8497.4
BILL02824,A02824,6000,13895,15000,Yes,6979.0
BILL02825,A02825,6000,4078,18000,Yes,5615.6
BILL02826,A02826,2000,3308,25000,Yes,6061.6
BILL02827,A02827,40000,2605,16000,Yes,11721.0
BILL02828,A02828,1000,8193,0,Yes,1838.6
BILL02829,A02829,2000,3803,20000,Yes,5160.6
BILL02830,A02830,2000,736,4000,Yes,1347.2
BILL02831,A02831,4000,17615,0,Yes,4323.0
BILL02832,A02832,4000,17541,4000,No,25541.0
BILL02833,A02833,60000,16006,16000,Yes,18401.2
BILL02834,A02834,250000,11528,0,No,261528.0
BILL02835,A02835,800,11741,12000,No,24541.0
BILL02836,A02836,60000,12336,0,Yes,14467.2
BILL02837,A02837,10000,2375,0,No,12375.0
BILL02838,A02838,15000,3782,0,Yes,3756.4
BILL02839,A02839,2500,13666,21000,Yes,7433.2
BILL02840,A02840,8000,4527,0,No,12527.0
BILL02841,A02841,12000,8644,32000,Yes,10528.8
BILL02842,A02842,35000,16071,5000,No,56071.0
BILL02843,A02843,1000,602,28000,Yes,5920.4
BILL02844,A02844,80000,12303,16000,No,108303.0
BILL02845,A02845,8000,11166,5000,Yes,4833.2
BILL02846,A02846,5000,16377,10000,No,31377.0
BILL02847,A02847,15000,3166,32000,Yes,10033.2
BILL02848,A02848,12000,16101,0,No,28101.0
BILL02849,A02849,65000,10129,3000,No,78129.0
BILL02850,A02850,80000,17541,8000,Yes,21108.2
BILL02851,A02851,180000,3353,28000,No,211353.0
BILL02852,A02852,35000,18481,0,Yes,10696.2
BILL02853,A02853,450000,15123,0,Yes,93024.6
BILL02854,A02854,6000,18216,6000,Yes,6043.2
BILL02855,A02855,35000,6084,0,Yes,8216.8
BILL02856,A02856,6000,1457,15000,No,22457.0
BILL02857,A02857,6000,11198,15000,No,32198.0
BILL02858,A02858,1200,7721,0,No,8921.0
BILL02859,A02859,2500,4533,3000,No,10033.0
BILL02860,A02860,10000,16620,6000,No,32620.0
BILL02861,A02861,12000,11405,3000,No,26405.0
BILL02862,A02862,60000,2619,20000,Yes,16523.8
BILL02863,A02863,1000,13005,20000,No,34005.0
BILL02864,A02864,1500,7825,20000,Yes,5865.0
BILL02865,A02865,1000,3373,0,Yes,874.6
BILL02866,A02866,65000,19905,3000,No,87905.0
BILL02867,A02867,1500,4304,0,Yes,1160.8
BILL02868,A02868,70000,10768,25000,Yes,21153.6
BILL02869,A02869,10000,555,8000,Yes,3711.0
BILL02870,A02870,15000,18050,3000,No,36050.0
BILL02871,A02871,2500,14383,0,No,16883.0
BILL02872,A02872,6000,4638,3000,Yes,2727.6
BILL02873,A02873,1500,801,0,Yes,460.2
BILL02874,A02874,5000,10226,21000,Yes,7245.2
BILL02875,A02875,1200,15435,3000,Yes,3927.0
BILL02876,A02876,60000,5279,14000,Yes,15855.8
BILL02877,A02877,1500,10621,0,Yes,2424.2
BILL02878,A02878,1500,19307,25000,Yes,9161.4
BILL02879,A02879,35000,7568,0,Yes,8513.6
BILL02880,A02880,8000,12843,4000,No,24843.0
BILL02881,A02881,8000,11416,15000,No,34416.0
BILL02882,A02882,2500,7401,0,No,9901.0
BILL02883,A02883,8000,2222,3000,No,13222.0
BILL02884,A02884,6000,13338,28000,No,47338.0
BILL02885,A02885,800,5716,0,Yes,1303.2
BILL02886,A02886,2000,11556,0,No,13556.0
BILL02887,A02887,3500,11913,35000,Yes,10082.6
BILL02888,A02888,15000,17796,20000,Yes,10559.2
BILL02889,A02889,6000,6892,10000,Yes,4578.4
BILL02890,A02890,65000,11097,6000,No,82097.0
BILL02891,A02891,8000,10463,5000,No,23463.0
BILL02892,A02892,5000,19412,0,Yes,4882.4
BILL02893,A02893,2500,16308,12000,No,30808.0
BILL02894,A02894,8000,7373,0,No,15373.0
BILL02895,A02895,6000,6911,2000,Yes,2982.2
BILL02896,A02896,70000,19363,20000,No,109363.0
BILL02897,A02897,15000,5336,0,No,20336.0
BILL02898,A02898,65000,14495,6000,No,85495.0
BILL02899,A02899,12000,3647,12000,No,27647.0
BILL02900,A02900,15000,6386,6000,Yes,5477.2
BILL02901,A02901,1200,17389,0,Yes,3717.8
BILL02902,A02902,12000,5368,0,Yes,3473.6
BILL02903,A02903,65000,4392,18000,Yes,17478.4
BILL02904,A02904,1000,10418,18000,No,29418.0
BILL02905,A02905,3000,12800,16000,No,31800.0
BILL02906,A02906,250000,13020,20000,Yes,56604.0
BILL02907,A02907,1000,15085,24000,Yes,8017.0
BILL02908,A02908,2000,4321,0,Yes,1264.2
BILL02909,A02909,10000,17203,3000,Yes,6040.6
BILL02910,A02910,10000,19275,15000,Yes,8855.0
BILL02911,A02911,5000,3598,15000,Yes,4719.6
BILL02912,A02912,8000,14710,32000,Yes,10942.0
BILL02913,A02913,40000,3758,24000,Yes,13551.6
BILL02914,A02914,800,18113,0,Yes,3782.6
BILL02915,A02915,8000,1147,25000,Yes,6829.4
BILL02916,A02916,4000,18077,40000,Yes,12415.4
BILL02917,A02917,2000,19660,4000,No,25660.0
BILL02918,A02918,15000,7298,0,Yes,4459.6
BILL02919,A02919,180000,6396,6000,Yes,38479.2
BILL02920,A02920,1000,10798,18000,Yes,5959.6
BILL02921,A02921,12000,19344,21000,No,52344.0
BILL02922,A02922,65000,3377,0,No,68377.0
BILL02923,A02923,1500,1647,8000,No,11147.0
BILL02924,A02924,15000,17085,12000,Yes,8817.0
BILL02925,A02925,450000,18339,6000,Yes,94867.8
BILL02926,A02926,10000,502,6000,Yes,3300.4
BILL02927,A02927,4000,17521,0,No,21521.0
BILL02928,A02928,5000,15079,0,Yes,4015.8
BILL02929,A02929,250000,10754,40000,Yes,60150.8
BILL02930,A02930,250000,17231,12000,No,279231.0
BILL02931,A02931,12000,1965,6000,Yes,3993.0
BILL02932,A02932,12000,5142,12000,No,29142.0
BILL02933,A02933,6000,7552,30000,Yes,8710.4
BILL02934,A02934,1000,7579,24000,Yes,6515.8
BILL02935,A02935,5000,14328,4000,Yes,4665.6
BILL02936,A02936,2500,9041,5000,Yes,3308.2
BILL02937,A02937,800,5851,5000,Yes,2330.2
BILL02938,A02938,35000,8828,20000,No,63828.0
BILL02939,A02939,80000,5193,6000,Yes,18238.6
BILL02940,A02940,35000,9327,6000,No,50327.0
BILL02941,A02941,2000,18969,9000,Yes,5993.8
BILL02942,A02942,3000,5529,0,No,8529.0
BILL02943,A02943,35000,14709,20000,Yes,13941.8
BILL02944,A02944,6000,8610,6000,Yes,4122.0
BILL02945,A02945,2000,17915,0,No,19915.0
BILL02946,A02946,70000,13829,6000,Yes,17965.8
BILL02947,A02947,40000,3415,4000,No,47415.0
BILL02948,A02948,3500,9453,6000,No,18953.0
BILL02949,A02949,6000,7897,0,Yes,2779.4
BILL02950,A02950,6000,12858,18000,Yes,7371.6
BILL02951,A02951,800,3940,8000,Yes,2548.0
BILL02952,A02952,4000,10545,20000,Yes,6909.0
BILL02953,A02953,70000,11932,0,Yes,16386.4
BILL02954,A02954,6000,3746,0,Yes,1949.2
BILL02955,A02955,65000,13265,3000,Yes,16253.0
BILL02956,A02956,3500,17922,10000,Yes,6284.4
BILL02957,A02957,2000,4680,12000,Yes,3736.0
BILL02958,A02958,800,17328,0,No,18128.0
BILL02959,A02959,2500,5175,20000,Yes,5535.0
BILL02960,A02960,6000,9261,18000,No,33261.0
BILL02961,A02961,1000,12629,3000,No,16629.0
BILL02962,A02962,6000,14205,5000,Yes,5041.0
BILL02963,A02963,8000,12099,10000,Yes,6019.8
BILL02964,A02964,2000,9538,0,Yes,2307.6
BILL02965,A02965,3000,7996,4000,Yes,2999.2
BILL02966,A02966,15000,3348,36000,Yes,10869.6
BILL02967,A02967,250000,10747,6000,Yes,53349.4
BILL02968,A02968,70000,3013,27000,No,100013.0
BILL02969,A02969,3500,5910,0,Yes,1882.0
BILL02970,A02970,6000,9866,0,No,15866.0
BILL02971,A02971,1200,850,20000,No,22050.0
BILL02972,A02972,15000,4970,0,Yes,3994.0
BILL02973,A02973,2000,17945,2000,Yes,4389.0
BILL02974,A02974,60000,6731,6000,No,72731.0
BILL02975,A02975,450000,18008,0,Yes,93601.6
BILL02976,A02976,8000,17805,8000,Yes,6761.0
BILL02977,A02977,250000,6022,3000,Yes,51804.4
BILL02978,A02978,15000,12527,9000,Yes,7305.4
BILL02979,A02979,6000,2168,15000,Yes,4633.6
BILL02980,A02980,6000,6086,0,No,12086.0
BILL02981,A02981,1000,11574,0,No,12574.0
BILL02982,A02982,6000,4362,0,Yes,2072.4
BILL02983,A02983,1500,10118,0,Yes,2323.6
BILL02984,A02984,12000,19139,30000,Yes,12227.8
BILL02985,A02985,12000,10488,0,No,22488.0
BILL02986,A02986,3500,16499,0,Yes,3999.8
BILL02987,A02987,40000,15584,32000,Yes,17516.8
BILL02988,A02988,450000,4011,4000,Yes,91602.2
BILL02989,A02989,1000,6600,25000,Yes,6520.0
BILL02990,A02990,180000,3820,50000,Yes,46764.0
BILL02991,A02991,3500,3276,9000,Yes,3155.2
BILL02992,A02992,10000,16471,6000,Yes,6494.2
BILL02993,A02993,1000,8696,30000,Yes,7939.2
BILL02994,A02994,35000,12765,0,Yes,9553.0
BILL02995,A02995,10000,6469,0,Yes,3293.8
BILL02996,A02996,3000,14871,5000,Yes,4574.2
BILL02997,A02997,65000,12091,25000,Yes,20418.2
BILL02998,A02998,5000,7003,0,Yes,2400.6
BILL02999,A02999,70000,1819,27000,Yes,19763.8
BILL03000,A03000,6000,11353,10000,Yes,5470.6
BILL03001,A03001,40000,7020,0,No,47020.0
BILL03002,A03002,80000,9209,2000,Yes,18241.8
BILL03003,A03003,80000,18526,0,No,98526.0
BILL03004,A03004,15000,4675,20000,No,39675.0
BILL03005,A03005,1000,13603,5000,Yes,3920.6
BILL03006,A03006,35000,4034,20000,Yes,11806.8
BILL03007,A03007,5000,11776,4000,No,20776.0
BILL03008,A03008,450000,8249,0,No,458249.0
BILL03009,A03009,8000,11711,0,No,19711.0
BILL03010,A03010,80000,763,15000,Yes,19152.6
BILL03011,A03011,1000,9747,30000,Yes,8149.4
BILL03012,A03012,15000,14555,3000,Yes,6511.0
BILL03013,A03013,65000,17252,21000,Yes,20650.4
BILL03014,A03014,2000,4268,12000,No,18268.0
BILL03015,A03015,3000,8605,10000,Yes,4321.0
BILL03016,A03016,1500,3877,0,Yes,1075.4
BILL03017,A03017,65000,19872,6000,Yes,18174.4
BILL03018,A03018,35000,4835,50000,Yes,17967.0
BILL03019,A03019,1500,6797,18000,Yes,5259.4
BILL03020,A03020,1200,7041,0,No,8241.0
BILL03021,A03021,65000,12963,50000,Yes,25592.6
BILL03022,A03022,2500,8083,3000,Yes,2716.6
BILL03023,A03023,8000,16202,0,Yes,4840.4
BILL03024,A03024,65000,2192,28000,Yes,19038.4
BILL03025,A03025,15000,12413,0,No,27413.0
BILL03026,A03026,250000,14199,6000,Yes,54039.8
BILL03027,A03027,450000,2058,15000,Yes,93411.6
BILL03028,A03028,2500,2208,0,Yes,941.6
BILL03029,A03029,5000,15968,40000,No,60968.0
BILL03030,A03030,6000,3801,5000,Yes,2960.2
BILL03031,A03031,800,16598,28000,Yes,9079.6
BILL03032,A03032,1500,4154,0,No,5654.0
BILL03033,A03033,8000,18580,0,Yes,5316.0
BILL03034,A03034,15000,12341,12000,Yes,7868.2
BILL03035,A03035,1000,9542,15000,Yes,5108.4
BILL03036,A03036,3000,3358,2000,Yes,1671.6
BILL03037,A03037,6000,4443,20000,Yes,6088.6
BILL03038,A03038,8000,6740,0,No,14740.0
BILL03039,A03039,8000,3732,4000,No,15732.0
BILL03040,A03040,65000,11736,0,No,76736.0
BILL03041,A03041,12000,7119,6000,Yes,5023.8
BILL03042,A03042,65000,6781,30000,Yes,20356.2
BILL03043,A03043,250000,8774,16000,No,274774.0
BILL03044,A03044,35000,15195,8000,No,58195.0
BILL03045,A03045,15000,2718,5000,Yes,4543.6
BILL03046,A03046,65000,17010,18000,Yes,20002.0
BILL03047,A03047,12000,9483,6000,Yes,5496.6
BILL03048,A03048,15000,19052,20000,No,54052.0
BILL03049,A03049,1200,6732,20000,Yes,5586.4
BILL03050,A03050,5000,17947,4000,Yes,5389.4
BILL03051,A03051,8000,17188,5000,Yes,6037.6
BILL03052,A03052,1500,13287,25000,Yes,7957.4
BILL03053,A03053,5000,7280,18000,Yes,6056.0
BILL03054,A03054,15000,19239,9000,Yes,8647.8
BILL03055,A03055,6000,790,25000,Yes,6358.0
BILL03056,A03056,12000,17705,4000,Yes,6741.0
BILL03057,A03057,800,7719,32000,No,40519.0
BILL03058,A03058,800,18592,14000,Yes,6678.4
BILL03059,A03059,60000,1994,12000,Yes,14798.8
BILL03060,A03060,35000,5354,32000,No,72354.0
BILL03061,A03061,1500,9361,0,Yes,2172.2
BILL03062,A03062,2000,8659,15000,Yes,5131.8
BILL03063,A03063,1500,545,16000,Yes,3609.0
BILL03064,A03064,180000,12595,32000,Yes,44919.0
BILL03065,A03065,800,18498,24000,No,43298.0
BILL03066,A03066,40000,13880,4000,Yes,11576.0
BILL03067,A03067,60000,2376,2000,No,64376.0
BILL03068,A03068,6000,7685,0,Yes,2737.0
BILL03069,A03069,8000,1012,12000,No,21012.0
BILL03070,A03070,1000,13016,28000,No,42016.0
BILL03071,A03071,2500,18551,0,No,21051.0
BILL03072,A03072,6000,7729,4000,Yes,3545.8
BILL03073,A03073,180000,19559,15000,Yes,42911.8
BILL03074,A03074,12000,8093,15000,Yes,7018.6
BILL03075,A03075,2000,16196,0,Yes,3639.2
BILL03076,A03076,3500,15553,0,No,19053.0
BILL03077,A03077,70000,6270,0,Yes,15254.0
BILL03078,A03078,8000,6411,12000,Yes,5282.2
BILL03079,A03079,15000,5838,9000,No,29838.0
BILL03080,A03080,8000,6655,6000,Yes,4131.0
BILL03081,A03081,6000,14472,6000,Yes,5294.4
BILL03082,A03082,1500,13689,0,No,15189.0
BILL03083,A03083,250000,4998,14000,Yes,53799.6
BILL03084,A03084,2500,12882,15000,Yes,6076.4
BILL03085,A03085,60000,944,0,Yes,12188.8
BILL03086,A03086,12000,3239,12000,Yes,5447.8
BILL03087,A03087,1000,942,20000,No,21942.0
BILL03088,A03088,6000,3984,36000,No,45984.0
BILL03089,A03089,60000,3284,0,Yes,12656.8
BILL03090,A03090,6000,18943,10000,No,34943.0
BILL03091,A03091,12000,10572,8000,Yes,6114.4
BILL03092,A03092,80000,8489,18000,Yes,21297.8
BILL03093,A03093,10000,9264,8000,Yes,5452.8
BILL03094,A03094,6000,1959,6000,Yes,2791.8
BILL03095,A03095,2500,3860,0,Yes,1272.0
BILL03096,A03096,65000,7850,4000,Yes,15370.0
BILL03097,A03097,70000,13128,18000,Yes,20225.6
BILL03098,A03098,5000,9899,6000,No,20899.0
BILL03099,A03099,1000,13107,4000,Yes,3621.4
BILL03100,A03100,2500,4108,3000,Yes,1921.6
BILL03101,A03101,180000,9734,8000,Yes,39546.8
BILL03102,A03102,1200,11435,6000,Yes,3727.0
BILL03103,A03103,80000,3278,4000,Yes,17455.6
BILL03104,A03104,80000,6334,20000,Yes,21266.8
BILL03105,A03105,8000,6442,0,Yes,2888.4
BILL03106,A03106,8000,10381,8000,Yes,5276.2
BILL03107,A03107,450000,3905,4000,No,457905.0
BILL03108,A03108,2000,12595,0,No,14595.0
BILL03109,A03109,450000,3002,0,No,453002.0
BILL03110,A03110,6000,5370,21000,Yes,6474.0
BILL03111,A03111,1500,13299,0,No,14799.0
BILL03112,A03112,2000,16177,0,Yes,3635.4
BILL03113,A03113,1000,14506,0,Yes,3101.2
BILL03114,A03114,5000,11085,6000,Yes,4417.0
BILL03115,A03115,70000,13116,0,Yes,16623.2
BILL03116,A03116,8000,14388,0,No,22388.0
BILL03117,A03117,3000,14064,4000,Yes,4212.8
BILL03118,A03118,1000,8557,20000,Yes,5911.4
BILL03119,A03119,12000,16789,0,Yes,5757.8
BILL03120,A03120,8000,8040,10000,Yes,5208.0
BILL03121,A03121,15000,14322,6000,No,35322.0
BILL03122,A03122,1000,8206,8000,Yes,3441.2
BILL03123,A03123,2000,1062,16000,Yes,3812.4
BILL03124,A03124,35000,4877,12000,Yes,10375.4
BILL03125,A03125,10000,11947,4000,No,25947.0
BILL03126,A03126,450000,5066,8000,Yes,92613.2
BILL03127,A03127,6000,18571,0,Yes,4914.2
BILL03128,A03128,65000,7859,4000,No,76859.0
BILL03129,A03129,40000,4341,15000,Yes,11868.2
BILL03130,A03130,10000,1363,5000,Yes,3272.6
BILL03131,A03131,65000,3973,10000,Yes,15794.6
BILL03132,A03132,1000,19961,24000,Yes,8992.2
BILL03133,A03133,70000,12468,6000,Yes,17693.6
BILL03134,A03134,800,3025,0,Yes,765.0
BILL03135,A03135,2500,14147,15000,No,31647.0
BILL03136,A03136,70000,15893,0,No,85893.0
BILL03137,A03137,65000,10314,5000,Yes,16062.8
BILL03138,A03138,1200,11553,5000,No,17753.0
BILL03139,A03139,250000,932,0,Yes,50186.4
BILL03140,A03140,2500,2466,0,Yes,993.2
BILL03141,A03141,8000,6187,12000,Yes,5237.4
BILL03142,A03142,3500,14381,20000,Yes,7576.2
BILL03143,A03143,12000,8955,0,No,20955.0
BILL03144,A03144,1000,14382,6000,Yes,4276.4
BILL03145,A03145,450000,3512,50000,No,503512.0
BILL03146,A03146,3500,4600,18000,Yes,5220.0
BILL03147,A03147,40000,2334,0,Yes,8466.8
BILL03148,A03148,40000,18826,0,No,58826.0
BILL03149,A03149,2000,15849,15000,Yes,6569.8
BILL03150,A03150,40000,13774,15000,Yes,13754.8
BILL03151,A03151,8000,12672,15000,Yes,7134.4
BILL03152,A03152,6000,4052,14000,Yes,4810.4
BILL03153,A03153,1500,11492,4000,Yes,3398.4
BILL03154,A03154,2000,5833,4000,Yes,2366.6
BILL03155,A03155,6000,859,8000,Yes,2971.8
BILL03156,A03156,1000,7110,0,Yes,1622.0
BILL03157,A03157,5000,3286,2000,Yes,2057.2
BILL03158,A03158,40000,16353,4000,Yes,12070.6
BILL03159,A03159,15000,3554,4000,Yes,4510.8
BILL03160,A03160,1000,12186,16000,No,29186.0
BILL03161,A03161,40000,16891,0,Yes,11378.2
BILL03162,A03162,450000,13300,0,No,463300.0
BILL03163,A03163,4000,3690,24000,Yes,6338.0
BILL03164,A03164,15000,17001,6000,Yes,7600.2
BILL03165,A03165,65000,5421,4000,Yes,14884.2
BILL03166,A03166,80000,13021,30000,Yes,24604.2
BILL03167,A03167,450000,1725,0,Yes,90345.0
BILL03168,A03168,250000,15675,2000,No,267675.0
BILL03169,A03169,10000,3556,9000,No,22556.0
BILL03170,A03170,1000,5115,0,No,6115.0
BILL03171,A03171,250000,16937,16000,Yes,56587.4
BILL03172,A03172,3500,4799,0,Yes,1659.8
BILL03173,A03173,35000,14619,8000,No,57619.0
BILL03174,A03174,6000,13201,12000,Yes,6240.2
BILL03175,A03175,800,2957,15000,Yes,3751.4
BILL03176,A03176,10000,16802,2000,No,28802.0
BILL03177,A03177,5000,5173,32000,Yes,8434.6
BILL03178,A03178,450000,3356,5000,Yes,91671.2
BILL03179,A03179,80000,10779,3000,No,93779.0
BILL03180,A03180,450000,5791,20000,Yes,95158.2
BILL03181,A03181,12000,12405,20000,Yes,8881.0
BILL03182,A03182,8000,6371,15000,Yes,5874.2
BILL03183,A03183,15000,16007,0,No,31007.0
BILL03184,A03184,60000,14984,3000,No,77984.0
BILL03185,A03185,8000,19136,30000,Yes,11427.2
BILL03186,A03186,800,9892,10000,Yes,4138.4
BILL03187,A03187,3500,4726,0,Yes,1645.2
BILL03188,A03188,12000,10777,8000,Yes,6155.4
BILL03189,A03189,60000,14039,0,Yes,14807.8
BILL03190,A03190,80000,1898,16000,No,97898.0
BILL03191,A03191,3500,8522,0,Yes,2404.4
BILL03192,A03192,250000,3950,0,Yes,50790.0
BILL03193,A03193,1000,19182,0,No,20182.0
BILL03194,A03194,1500,7808,15000,No,24308.0
BILL03195,A03195,2500,3563,20000,Yes,5212.6
BILL03196,A03196,10000,18034,0,Yes,5606.8
BILL03197,A03197,35000,6407,16000,No,57407.0
BILL03198,A03198,6000,13507,5000,Yes,4901.4
BILL03199,A03199,800,11271,6000,Yes,3614.2
BILL03200,A03200,60000,16434,0,No,76434.0
BILL03201,A03201,2500,16104,2000,Yes,4120.8
BILL03202,A03202,6000,1754,30000,No,37754.0
BILL03203,A03203,250000,5268,0,Yes,51053.6
BILL03204,A03204,12000,1526,15000,Yes,5705.2
BILL03205,A03205,35000,12345,20000,No,67345.0
BILL03206,A03206,12000,7493,6000,Yes,5098.6
BILL03207,A03207,8000,1251,15000,Yes,4850.2
BILL03208,A03208,1000,6270,6000,Yes,2654.0
BILL03209,A03209,1200,9475,15000,Yes,5135.0
BILL03210,A03210,2500,15292,5000,Yes,4558.4
BILL03211,A03211,6000,9001,0,No,15001.0
BILL03212,A03212,80000,3529,0,Yes,16705.8
BILL03213,A03213,1000,10228,0,Yes,2245.6
BILL03214,A03214,12000,14233,0,Yes,5246.6
BILL03215,A03215,80000,5765,0,Yes,17153.0
BILL03216,A03216,60000,19188,15000,No,94188.0
BILL03217,A03217,800,18879,6000,Yes,5135.8
BILL03218,A03218,1500,19455,15000,Yes,7191.0
BILL03219,A03219,70000,10871,2000,Yes,16574.2
BILL03220,A03220,2000,15529,0,Yes,3505.8
BILL03221,A03221,80000,10868,18000,No,108868.0
BILL03222,A03222,6000,13816,4000,Yes,4763.2
BILL03223,A03223,15000,620,35000,No,50620.0
BILL03224,A03224,2500,4619,0,Yes,1423.8
BILL03225,A03225,1500,19452,2000,Yes,4590.4
BILL03226,A03226,250000,6649,50000,No,306649.0
BILL03227,A03227,8000,5942,45000,Yes,11788.4
BILL03228,A03228,1500,7373,9000,No,17873.0
BILL03229,A03229,12000,19401,6000,Yes,7480.2
BILL03230,A03230,180000,12420,0,Yes,38484.0
BILL03231,A03231,60000,10558,4000,No,74558.0
BILL03232,A03232,1000,15442,50000,Yes,13288.4
BILL03233,A03233,1200,12041,10000,Yes,4648.2
BILL03234,A03234,5000,11504,0,No,16504.0
BILL03235,A03235,15000,15534,10000,Yes,8106.8
BILL03236,A03236,35000,18612,0,Yes,10722.4
BILL03237,A03237,65000,13003,12000,No,90003.0
BILL03238,A03238,1000,14835,32000,No,47835.0
BILL03239,A03239,40000,3751,14000,No,57751.0
BILL03240,A03240,3500,3901,18000,Yes,5080.2
BILL03241,A03241,250000,13976,0,Yes,52795.2
BILL03242,A03242,12000,18349,16000,Yes,9269.8
BILL03243,A03243,180000,16994,0,No,196994.0
BILL03244,A03244,15000,14283,6000,Yes,7056.6
BILL03245,A03245,10000,15397,0,Yes,5079.4
BILL03246,A03246,450000,15887,4000,Yes,93977.4
BILL03247,A03247,2000,15702,0,No,17702.0
BILL03248,A03248,40000,13469,14000,No,67469.0
BILL03249,A03249,1000,7837,24000,Yes,6567.4
BILL03250,A03250,15000,9167,0,No,24167.0
BILL03251,A03251,3000,14089,12000,Yes,5817.8
BILL03252,A03252,15000,14084,16000,Yes,9016.8
BILL03253,A03253,800,5525,36000,No,42325.0
BILL03254,A03254,3500,17505,8000,Yes,5801.0
BILL03255,A03255,6000,19249,10000,Yes,7049.8
BILL03256,A03256,250000,13324,18000,Yes,56264.8
BILL03257,A03257,15000,13388,14000,No,42388.0
BILL03258,A03258,80000,19435,5000,Yes,20887.0
BILL03259,A03259,2500,13293,0,Yes,3158.6
BILL03260,A03260,6000,10924,0,Yes,3384.8
BILL03261,A03261,1000,3762,27000,Yes,6352.4
BILL03262,A03262,15000,19404,25000,No,59404.0
BILL03263,A03263,2000,9027,9000,No,20027.0
BILL03264,A03264,60000,7176,0,Yes,13435.2
BILL03265,A03265,60000,14833,14000,Yes,17766.6
BILL03266,A03266,70000,19940,12000,Yes,20388.0
BILL03267,A03267,10000,18315,4000,Yes,6463.0
BILL03268,A03268,6000,1328,9000,No,16328.0
BILL03269,A03269,800,12234,3000,Yes,3206.8
BILL03270,A03270,6000,7766,8000,Yes,4353.2
BILL03271,A03271,450000,8536,10000,No,468536.0
BILL03272,A03272,12000,2195,0,Yes,2839.0
BILL03273,A03273,15000,5211,0,Yes,4042.2
BILL03274,A03274,70000,19484,4000,Yes,18696.8
BILL03275,A03275,65000,4520,0,Yes,13904.0
BILL03276,A03276,180000,9085,0,Yes,37817.0
BILL03277,A03277,1000,16695,0,No,17695.0
BILL03278,A03278,70000,7314,5000,Yes,16462.8
BILL03279,A03279,15000,1219,0,Yes,3243.8
BILL03280,A03280,70000,3000,0,No,73000.0
BILL03281,A03281,3000,12796,8000,Yes,4759.2
BILL03282,A03282,12000,15274,21000,Yes,9654.8
BILL03283,A03283,2000,832,27000,No,29832.0
BILL03284,A03284,8000,1530,14000,No,23530.0
BILL03285,A03285,15000,11863,5000,No,31863.0
BILL03286,A03286,4000,18407,14000,Yes,7281.4
BILL03287,A03287,250000,8839,0,Yes,51767.8
BILL03288,A03288,80000,1468,10000,Yes,18293.6
BILL03289,A03289,15000,5492,0,No,20492.0
BILL03290,A03290,15000,4261,0,Yes,3852.2
BILL03291,A03291,1000,5040,0,Yes,1208.0
BILL03292,A03292,1500,4647,12000,Yes,3629.4
BILL03293,A03293,12000,7028,12000,Yes,6205.6
BILL03294,A03294,450000,18571,0,Yes,93714.2
BILL03295,A03295,6000,16746,20000,Yes,8549.2
BILL03296,A03296,65000,13605,0,Yes,15721.0
BILL03297,A03297,800,6984,0,No,7784.0
BILL03298,A03298,80000,3871,0,Yes,16774.2
BILL03299,A03299,12000,7244,20000,Yes,7848.8
BILL03300,A03300,6000,15119,25000,Yes,9223.8
BILL03301,A03301,2000,9402,32000,Yes,8680.4
BILL03302,A03302,180000,13051,5000,Yes,39610.2
BILL03303,A03303,65000,12064,32000,No,109064.0
BILL03304,A03304,450000,2605,0,Yes,90521.0
BILL03305,A03305,2500,1606,0,Yes,821.2
BILL03306,A03306,2500,10116,16000,Yes,5723.2
BILL03307,A03307,8000,4256,21000,No,33256.0
BILL03308,A03308,8000,14570,0,Yes,4514.0
BILL03309,A03309,6000,2880,27000,No,35880.0
BILL03310,A03310,3000,12688,21000,No,36688.0
BILL03311,A03311,12000,4507,0,Yes,3301.4
BILL03312,A03312,6000,857,12000,Yes,3771.4
BILL03313,A03313,15000,19094,32000,No,66094.0
BILL03314,A03314,8000,18903,0,Yes,5380.6
BILL03315,A03315,5000,7452,21000,Yes,6690.4
BILL03316,A03316,40000,9611,0,Yes,9922.2
BILL03317,A03317,15000,14319,0,Yes,5863.8
BILL03318,A03318,450000,10989,12000,Yes,94597.8
BILL03319,A03319,8000,16685,35000,Yes,11937.0
BILL03320,A03320,1000,9492,0,Yes,2098.4
BILL03321,A03321,65000,15336,3000,Yes,16667.2
BILL03322,A03322,12000,19871,10000,Yes,8374.2
BILL03323,A03323,6000,1196,8000,Yes,3039.2
BILL03324,A03324,15000,19366,0,No,34366.0
BILL03325,A03325,2500,9818,24000,No,36318.0
BILL03326,A03326,70000,13699,4000,No,87699.0
BILL03327,A03327,1000,17785,0,Yes,3757.0
BILL03328,A03328,8000,1033,4000,Yes,2606.6
BILL03329,A03329,2500,14101,40000,Yes,11320.2
BILL03330,A03330,450000,11831,5000,Yes,93366.2
BILL03331,A03331,1500,10762,20000,Yes,6452.4
BILL03332,A03332,70000,13388,8000,No,91388.0
BILL03333,A03333,15000,15395,0,No,30395.0
BILL03334,A03334,10000,4478,4000,No,18478.0
BILL03335,A03335,60000,3866,6000,Yes,13973.2
BILL03336,A03336,40000,840,0,Yes,8168.0
BILL03337,A03337,3000,11079,0,Yes,2815.8
BILL03338,A03338,800,3384,27000,No,31184.0
BILL03339,A03339,15000,12587,16000,No,43587.0
BILL03340,A03340,70000,2220,24000,No,96220.0
BILL03341,A03341,15000,1911,0,Yes,3382.2
BILL03342,A03342,2500,10470,10000,Yes,4594.0
BILL03343,A03343,6000,12937,8000,No,26937.0
BILL03344,A03344,15000,5014,10000,Yes,6002.8
BILL03345,A03345,1000,10963,0,No,11963.0
BILL03346,A03346,1000,14042,5000,No,20042.0
BILL03347,A03347,60000,17597,12000,Yes,17919.4
BILL03348,A03348,800,16559,0,Yes,3471.8
BILL03349,A03349,70000,16317,21000,Yes,21463.4
BILL03350,A03350,12000,10207,4000,Yes,5241.4
BILL03351,A03351,3000,8442,0,No,11442.0
BILL03352,A03352,70000,2962,40000,Yes,22592.4
BILL03353,A03353,1500,930,3000,Yes,1086.0
BILL03354,A03354,5000,13117,0,Yes,3623.4
BILL03355,A03355,80000,11655,0,No,91655.0
BILL03356,A03356,15000,17789,0,No,32789.0
BILL03357,A03357,1000,10717,0,No,11717.0
BILL03358,A03358,80000,17031,0,No,97031.0
BILL03359,A03359,180000,7669,12000,Yes,39933.8
BILL03360,A03360,40000,15325,6000,No,61325.0
BILL03361,A03361,40000,6658,6000,Yes,10531.6
BILL03362,A03362,450000,5880,4000,No,459880.0
BILL03363,A03363,6000,19415,8000,Yes,6683.0
BILL03364,A03364,1200,4011,6000,Yes,2242.2
BILL03365,A03365,15000,15601,30000,Yes,12120.2
BILL03366,A03366,35000,16105,30000,Yes,16221.0
BILL03367,A03367,6000,4377,18000,Yes,5675.4
BILL03368,A03368,15000,7448,0,Yes,4489.6
BILL03369,A03369,15000,14618,8000,Yes,7523.6
BILL03370,A03370,2500,9432,0,Yes,2386.4
BILL03371,A03371,6000,13034,5000,Yes,4806.8
BILL03372,A03372,1200,6707,20000,Yes,5581.4
BILL03373,A03373,70000,9541,45000,Yes,24908.2
BILL03374,A03374,4000,4077,18000,Yes,5215.4
BILL03375,A03375,2000,4139,24000,Yes,6027.8
BILL03376,A03376,60000,1669,12000,Yes,14733.8
BILL03377,A03377,5000,17936,6000,Yes,5787.2
BILL03378,A03378,180000,13756,35000,Yes,45751.2
BILL03379,A03379,60000,7705,4000,Yes,14341.0
BILL03380,A03380,3000,6104,9000,Yes,3620.8
BILL03381,A03381,6000,9936,36000,No,51936.0
BILL03382,A03382,12000,3588,18000,Yes,6717.6
BILL03383,A03383,3000,16122,12000,No,31122.0
BILL03384,A03384,15000,8319,0,Yes,4663.8
BILL03385,A03385,1200,2775,9000,Yes,2595.0
BILL03386,A03386,8000,15416,15000,No,38416.0
BILL03387,A03387,5000,16051,20000,Yes,8210.2
BILL03388,A03388,250000,6316,0,No,256316.0
BILL03389,A03389,10000,6094,0,Yes,3218.8
BILL03390,A03390,10000,16026,0,Yes,5205.2
BILL03391,A03391,15000,8610,15000,Yes,7722.0
BILL03392,A03392,15000,1069,0,No,16069.0
BILL03393,A03393,3000,17712,27000,No,47712.0
BILL03394,A03394,450000,3577,0,Yes,90715.4
BILL03395,A03395,6000,11499,30000,Yes,9499.8
BILL03396,A03396,5000,11994,0,No,16994.0
BILL03397,A03397,4000,8807,8000,Yes,4161.4
BILL03398,A03398,35000,12054,0,No,47054.0
BILL03399,A03399,3000,17468,40000,Yes,12093.6
BILL03400,A03400,15000,17516,2000,Yes,6903.2
BILL03401,A03401,6000,13945,18000,No,37945.0
BILL03402,A03402,5000,5141,8000,Yes,3628.2
BILL03403,A03403,180000,8507,0,Yes,37701.4
BILL03404,A03404,2000,3425,0,No,5425.0
BILL03405,A03405,8000,12879,4000,No,24879.0
BILL03406,A03406,35000,18355,15000,No,68355.0
BILL03407,A03407,2000,17765,12000,Yes,6353.0
BILL03408,A03408,6000,11930,8000,Yes,5186.0
BILL03409,A03409,80000,14173,12000,Yes,21234.6
BILL03410,A03410,5000,1846,12000,No,18846.0
BILL03411,A03411,15000,4529,25000,No,44529.0
BILL03412,A03412,1000,19068,0,Yes,4013.6
BILL03413,A03413,15000,773,15000,No,30773.0
BILL03414,A03414,80000,5321,5000,No,90321.0
BILL03415,A03415,60000,17643,0,Yes,15528.6
BILL03416,A03416,12000,5828,12000,Yes,5965.6
BILL03417,A03417,80000,2617,0,Yes,16523.4
BILL03418,A03418,2500,1841,0,Yes,868.2
BILL03419,A03419,40000,19933,6000,Yes,13186.6
BILL03420,A03420,3500,10521,0,Yes,2804.2
BILL03421,A03421,4000,521,8000,Yes,2504.2
BILL03422,A03422,35000,11975,40000,No,86975.0
BILL03423,A03423,2000,16949,0,No,18949.0
BILL03424,A03424,40000,9369,12000,No,61369.0
BILL03425,A03425,12000,6946,0,Yes,3789.2
BILL03426,A03426,60000,3144,0,Yes,12628.8
BILL03427,A03427,5000,16005,32000,Yes,10601.0
BILL03428,A03428,35000,13156,10000,Yes,11631.2
BILL03429,A03429,6000,3715,16000,No,25715.0
BILL03430,A03430,2500,10682,24000,Yes,7436.4
BILL03431,A03431,40000,11067,9000,No,60067.0
BILL03432,A03432,35000,7037,12000,Yes,10807.4
BILL03433,A03433,12000,18662,9000,Yes,7932.4
BILL03434,A03434,35000,3304,20000,Yes,11660.8
BILL03435,A03435,6000,15611,0,Yes,4322.2
BILL03436,A03436,80000,14816,0,Yes,18963.2
BILL03437,A03437,250000,14980,8000,Yes,54596.0
BILL03438,A03438,4000,12216,10000,Yes,5243.2
BILL03439,A03439,15000,15787,15000,No,45787.0
BILL03440,A03440,80000,15615,6000,No,101615.0
BILL03441,A03441,60000,1365,15000,Yes,15273.0
BILL03442,A03442,5000,5106,20000,No,30106.0
BILL03443,A03443,1000,19516,0,Yes,4103.2
BILL03444,A03444,4000,18301,8000,Yes,6060.2
BILL03445,A03445,65000,13366,12000,Yes,18073.2
BILL03446,A03446,2000,695,10000,No,12695.0
BILL03447,A03447,8000,17474,0,No,25474.0
BILL03448,A03448,60000,3274,16000,Yes,15854.8
BILL03449,A03449,10000,4007,12000,Yes,5201.4
BILL03450,A03450,60000,10021,0,No,70021.0
BILL03451,A03451,800,2494,20000,No,23294.0
BILL03452,A03452,65000,17238,0,No,82238.0
BILL03453,A03453,2000,17416,0,Yes,3883.2
BILL03454,A03454,4000,16730,15000,Yes,7146.0
BILL03455,A03455,15000,5571,12000,Yes,6514.2
BILL03456,A03456,6000,711,40000,Yes,9342.2
BILL03457,A03457,80000,7076,4000,Yes,18215.2
BILL03458,A03458,3500,5514,0,Yes,1802.8
BILL03459,A03459,15000,8600,18000,Yes,8320.0
BILL03460,A03460,65000,1307,0,Yes,13261.4
BILL03461,A03461,40000,4491,4000,Yes,9698.2
BILL03462,A03462,15000,6530,0,No,21530.0
BILL03463,A03463,2000,18414,0,No,20414.0
BILL03464,A03464,12000,14889,0,Yes,5377.8
BILL03465,A03465,40000,1209,0,Yes,8241.8
BILL03466,A03466,40000,8386,6000,Yes,10877.2
BILL03467,A03467,450000,18413,24000,Yes,98482.6
BILL03468,A03468,450000,10003,12000,No,472003.0
BILL03469,A03469,3500,19792,10000,Yes,6658.4
BILL03470,A03470,5000,9517,10000,Yes,4903.4
BILL03471,A03471,180000,4017,35000,Yes,43803.4
BILL03472,A03472,65000,14420,6000,Yes,17084.0
BILL03473,A03473,12000,15477,0,Yes,5495.4
BILL03474,A03474,80000,861,0,Yes,16172.2
BILL03475,A03475,6000,15064,4000,No,25064.0
BILL03476,A03476,60000,12123,9000,Yes,16224.6
BILL03477,A03477,8000,15519,24000,Yes,9503.8
BILL03478,A03478,3500,5687,0,Yes,1837.4
BILL03479,A03479,8000,16989,9000,Yes,6797.8
BILL03480,A03480,8000,17705,5000,Yes,6141.0
BILL03481,A03481,12000,6217,3000,Yes,4243.4
BILL03482,A03482,1500,18953,8000,Yes,5690.6
BILL03483,A03483,8000,5088,8000,No,21088.0
BILL03484,A03484,250000,10426,35000,Yes,59085.2
BILL03485,A03485,12000,16351,20000,No,48351.0
BILL03486,A03486,4000,6410,12000,Yes,4482.0
BILL03487,A03487,1200,11119,0,Yes,2463.8
BILL03488,A03488,4000,13730,6000,Yes,4746.0
BILL03489,A03489,15000,5715,24000,Yes,8943.0
BILL03490,A03490,5000,3980,30000,No,38980.0
BILL03491,A03491,12000,16111,8000,No,36111.0
BILL03492,A03492,60000,8253,0,No,68253.0
BILL03493,A03493,35000,6201,20000,No,61201.0
BILL03494,A03494,1200,14264,18000,Yes,6692.8
BILL03495,A03495,70000,8707,2000,Yes,16141.4
BILL03496,A03496,3000,2888,40000,No,45888.0
BILL03497,A03497,6000,1465,15000,Yes,4493.0
BILL03498,A03498,2000,15229,5000,Yes,4445.8
BILL03499,A03499,8000,19301,3000,Yes,6060.2
BILL03500,A03500,3500,16592,5000,No,25092.0
BILL03501,A03501,12000,7889,12000,No,31889.0
BILL03502,A03502,2500,14723,0,Yes,3444.6
BILL03503,A03503,5000,1294,0,Yes,1258.8
BILL03504,A03504,6000,5105,10000,Yes,4221.0
BILL03505,A03505,1200,13870,4000,Yes,3814.0
BILL03506,A03506,1000,17806,20000,Yes,7761.2
BILL03507,A03507,35000,7298,10000,Yes,10459.6
BILL03508,A03508,80000,12181,0,No,92181.0
BILL03509,A03509,8000,14881,10000,Yes,6576.2
BILL03510,A03510,40000,2822,6000,Yes,9764.4
BILL03511,A03511,1500,17449,0,Yes,3789.8
BILL03512,A03512,6000,16841,27000,Yes,9968.2
BILL03513,A03513,3000,18212,8000,Yes,5842.4
BILL03514,A03514,5000,9999,0,Yes,2999.8
BILL03515,A03515,1500,12227,0,No,13727.0
BILL03516,A03516,40000,5672,12000,Yes,11534.4
BILL03517,A03517,6000,19353,0,No,25353.0
BILL03518,A03518,1200,16885,0,Yes,3617.0
BILL03519,A03519,1500,2356,2000,Yes,1171.2
BILL03520,A03520,5000,9119,2000,Yes,3223.8
BILL03521,A03521,8000,14308,0,Yes,4461.6
BILL03522,A03522,15000,2446,30000,Yes,9489.2
BILL03523,A03523,5000,11300,18000,Yes,6860.0
BILL03524,A03524,60000,2889,4000,Yes,13377.8
BILL03525,A03525,1500,2818,15000,Yes,3863.6
BILL03526,A03526,8000,3140,5000,No,16140.0
BILL03527,A03527,180000,9364,2000,Yes,38272.8
BILL03528,A03528,15000,16772,21000,No,52772.0
BILL03529,A03529,450000,14639,0,Yes,92927.8
BILL03530,A03530,5000,7963,16000,No,28963.0
BILL03531,A03531,450000,1363,12000,Yes,92672.6
BILL03532,A03532,1200,12931,4000,Yes,3626.2
BILL03533,A03533,10000,2208,10000,No,22208.0
BILL03534,A03534,5000,4603,0,No,9603.0
BILL03535,A03535,1000,18507,12000,Yes,6301.4
BILL03536,A03536,40000,4366,36000,Yes,16073.2
BILL03537,A03537,6000,11743,0,No,17743.0
BILL03538,A03538,3500,8304,12000,Yes,4760.8
BILL03539,A03539,3000,829,18000,Yes,4365.8
BILL03540,A03540,15000,18070,6000,No,39070.0
BILL03541,A03541,6000,988,0,No,6988.0
BILL03542,A03542,450000,3010,8000,Yes,92202.0
BILL03543,A03543,12000,6417,4000,Yes,4483.4
BILL03544,A03544,6000,11957,3000,No,20957.0
BILL03545,A03545,3000,4750,45000,Yes,10550.0
BILL03546,A03546,1200,4510,4000,Yes,1942.0
BILL03547,A03547,1500,18314,21000,Yes,8162.8
BILL03548,A03548,1000,12196,9000,Yes,4439.2
BILL03549,A03549,1200,10419,24000,No,35619.0
BILL03550,A03550,10000,10090,24000,Yes,8818.0
BILL03551,A03551,1000,9266,12000,No,22266.0
BILL03552,A03552,70000,16996,18000,Yes,20999.2
BILL03553,A03553,250000,13962,10000,Yes,54792.4
BILL03554,A03554,1200,7170,9000,No,17370.0
BILL03555,A03555,12000,17571,12000,Yes,8314.2
BILL03556,A03556,8000,18619,0,Yes,5323.8
BILL03557,A03557,40000,5151,2000,No,47151.0
BILL03558,A03558,65000,14927,10000,No,89927.0
BILL03559,A03559,8000,1197,5000,No,14197.0
BILL03560,A03560,180000,9357,12000,Yes,40271.4
BILL03561,A03561,12000,10343,20000,Yes,8468.6
BILL03562,A03562,1000,13080,0,Yes,2816.0
BILL03563,A03563,8000,13036,0,Yes,4207.2
BILL03564,A03564,2000,7854,6000,Yes,3170.8
BILL03565,A03565,800,14625,6000,No,21425.0
BILL03566,A03566,250000,1525,8000,No,259525.0
BILL03567,A03567,450000,11517,24000,No,485517.0
BILL03568,A03568,1500,19864,9000,No,30364.0
BILL03569,A03569,12000,11672,0,No,23672.0
BILL03570,A03570,6000,2371,14000,Yes,4474.2
BILL03571,A03571,10000,9918,15000,Yes,6983.6
BILL03572,A03572,1200,19122,8000,Yes,5664.4
BILL03573,A03573,1200,12994,5000,No,19194.0
BILL03574,A03574,70000,8306,30000,No,108306.0
BILL03575,A03575,180000,9697,0,Yes,37939.4
BILL03576,A03576,35000,8689,32000,Yes,15137.8
BILL03577,A03577,8000,13430,0,Yes,4286.0
BILL03578,A03578,8000,12352,20000,No,40352.0
BILL03579,A03579,10000,904,10000,Yes,4180.8
BILL03580,A03580,1500,11018,40000,No,52518.0
BILL03581,A03581,40000,15042,0,Yes,11008.4
BILL03582,A03582,2500,790,15000,Yes,3658.0
BILL03583,A03583,12000,12254,35000,Yes,11850.8
BILL03584,A03584,3500,18738,30000,Yes,10447.6
BILL03585,A03585,8000,19491,10000,Yes,7498.2
BILL03586,A03586,12000,18569,16000,No,46569.0
BILL03587,A03587,3000,14932,0,Yes,3586.4
BILL03588,A03588,1200,9548,0,No,10748.0
BILL03589,A03589,80000,4668,0,Yes,16933.6
BILL03590,A03590,6000,5313,4000,Yes,3062.6
BILL03591,A03591,5000,1761,6000,No,12761.0
BILL03592,A03592,35000,14928,0,Yes,9985.6
BILL03593,A03593,65000,7969,4000,No,76969.0
BILL03594,A03594,70000,8988,28000,Yes,21397.6
BILL03595,A03595,10000,12078,10000,Yes,6415.6
BILL03596,A03596,250000,11959,0,Yes,52391.8
BILL03597,A03597,800,15042,8000,Yes,4768.4
BILL03598,A03598,250000,8265,6000,Yes,52853.0
BILL03599,A03599,15000,12668,40000,Yes,13533.6
BILL03600,A03600,40000,14474,0,Yes,10894.8
BILL03601,A03601,65000,11200,40000,Yes,23240.0
BILL03602,A03602,12000,13873,0,Yes,5174.6
BILL03603,A03603,6000,10135,6000,Yes,4427.0
BILL03604,A03604,800,1961,12000,No,14761.0
BILL03605,A03605,60000,19873,0,Yes,15974.6
BILL03606,A03606,3000,7429,0,Yes,2085.8
BILL03607,A03607,70000,17152,20000,No,107152.0
BILL03608,A03608,6000,12913,0,No,18913.0
BILL03609,A03609,1000,5417,0,No,6417.0
BILL03610,A03610,1000,3070,16000,No,20070.0
BILL03611,A03611,2500,7859,10000,Yes,4071.8
BILL03612,A03612,10000,4472,2000,Yes,3294.4
BILL03613,A03613,70000,17685,15000,Yes,20537.0
BILL03614,A03614,1000,6890,36000,No,43890.0
BILL03615,A03615,1000,11270,9000,No,21270.0
BILL03616,A03616,4000,12360,9000,Yes,5072.0
BILL03617,A03617,800,4281,0,Yes,1016.2
BILL03618,A03618,1500,13932,32000,Yes,9486.4
BILL03619,A03619,12000,18865,0,No,30865.0
BILL03620,A03620,1000,16364,27000,Yes,8872.8
BILL03621,A03621,10000,14224,0,Yes,4844.8
BILL03622,A03622,15000,4605,6000,No,25605.0
BILL03623,A03623,70000,13856,0,Yes,16771.2
BILL03624,A03624,70000,9900,20000,Yes,19980.0
BILL03625,A03625,12000,3170,35000,Yes,10034.0
BILL03626,A03626,450000,5362,0,Yes,91072.4
BILL03627,A03627,8000,6991,9000,No,23991.0
BILL03628,A03628,450000,1008,6000,Yes,91401.6
BILL03629,A03629,12000,9130,40000,No,61130.0
BILL03630,A03630,6000,4641,2000,No,12641.0
BILL03631,A03631,3000,1284,0,No,4284.0
BILL03632,A03632,5000,4837,0,No,9837.0
BILL03633,A03633,3000,12111,9000,Yes,4822.2
BILL03634,A03634,3000,18749,6000,No,27749.0
BILL03635,A03635,15000,4400,8000,No,27400.0
BILL03636,A03636,4000,11531,0,No,15531.0
BILL03637,A03637,8000,1982,2000,No,11982.0
BILL03638,A03638,80000,12131,15000,No,107131.0
BILL03639,A03639,70000,15237,0,Yes,17047.4
BILL03640,A03640,1000,16133,6000,No,23133.0
BILL03641,A03641,12000,19818,2000,Yes,6763.6
BILL03642,A03642,8000,755,16000,No,24755.0
BILL03643,A03643,35000,15361,20000,Yes,14072.2
BILL03644,A03644,15000,6290,8000,No,29290.0
BILL03645,A03645,3500,3675,0,Yes,1435.0
BILL03646,A03646,3000,11677,6000,Yes,4135.4
BILL03647,A03647,8000,17709,0,Yes,5141.8
BILL03648,A03648,70000,13085,16000,No,99085.0
BILL03649,A03649,8000,5192,0,No,13192.0
BILL03650,A03650,35000,7403,30000,Yes,14480.6
BILL03651,A03651,12000,19346,0,Yes,6269.2
BILL03652,A03652,12000,9832,21000,Yes,8566.4
BILL03653,A03653,60000,9473,0,Yes,13894.6
BILL03654,A03654,3500,6048,12000,No,21548.0
BILL03655,A03655,2500,9000,20000,No,31500.0
BILL03656,A03656,70000,9630,15000,Yes,18926.0
BILL03657,A03657,70000,18593,6000,Yes,18918.6
BILL03658,A03658,10000,1802,12000,Yes,4760.4
BILL03659,A03659,60000,1344,0,Yes,12268.8
BILL03660,A03660,70000,19215,35000,No,124215.0
BILL03661,A03661,1000,17568,15000,No,33568.0
BILL03662,A03662,5000,10164,20000,No,35164.0
BILL03663,A03663,8000,4430,5000,No,17430.0
BILL03664,A03664,15000,16662,40000,Yes,14332.4
BILL03665,A03665,1200,4983,12000,No,18183.0
BILL03666,A03666,6000,4316,36000,No,46316.0
BILL03667,A03667,4000,7788,2000,Yes,2757.6
BILL03668,A03668,250000,17115,40000,Yes,61423.0
BILL03669,A03669,800,17304,0,No,18104.0
BILL03670,A03670,1200,10815,18000,Yes,6003.0
BILL03671,A03671,5000,17581,32000,Yes,10916.2
BILL03672,A03672,450000,18790,6000,No,474790.0
BILL03673,A03673,8000,761,9000,Yes,3552.2
BILL03674,A03674,180000,12827,9000,No,201827.0
BILL03675,A03675,1000,9192,10000,Yes,4038.4
BILL03676,A03676,60000,6631,5000,Yes,14326.2
BILL03677,A03677,1000,7006,6000,No,14006.0
BILL03678,A03678,12000,7518,10000,Yes,5903.6
BILL03679,A03679,35000,16578,0,No,51578.0
BILL03680,A03680,40000,1771,15000,No,56771.0
BILL03681,A03681,1000,12961,6000,Yes,3992.2
BILL03682,A03682,35000,16367,6000,No,57367.0
BILL03683,A03683,60000,8098,8000,No,76098.0
BILL03684,A03684,4000,16563,50000,Yes,14112.6
BILL03685,A03685,10000,18306,0,Yes,5661.2
BILL03686,A03686,15000,7673,0,No,22673.0
BILL03687,A03687,6000,9913,20000,No,35913.0
BILL03688,A03688,12000,11162,9000,No,32162.0
BILL03689,A03689,450000,4295,6000,Yes,92059.0
BILL03690,A03690,80000,10949,0,Yes,18189.8
BILL03691,A03691,80000,13544,27000,No,120544.0
BILL03692,A03692,3500,16351,5000,Yes,4970.2
BILL03693,A03693,1000,8195,4000,Yes,2639.0
BILL03694,A03694,8000,17129,0,No,25129.0
BILL03695,A03695,6000,13902,10000,Yes,5980.4
BILL03696,A03696,5000,11090,4000,No,20090.0
BILL03697,A03697,2000,13975,15000,No,30975.0
BILL03698,A03698,1000,14432,15000,Yes,6086.4
BILL03699,A03699,450000,2290,16000,Yes,93658.0
BILL03700,A03700,1200,7674,16000,Yes,4974.8
BILL03701,A03701,1500,1995,0,Yes,699.0
BILL03702,A03702,1500,7751,0,Yes,1850.2
BILL03703,A03703,1200,4114,40000,Yes,9062.8
BILL03704,A03704,12000,18187,0,No,30187.0
BILL03705,A03705,1500,1191,25000,Yes,5538.2
BILL03706,A03706,3000,11421,0,No,14421.0
BILL03707,A03707,180000,18617,14000,No,212617.0
BILL03708,A03708,70000,17495,0,Yes,17499.0
BILL03709,A03709,5000,7002,9000,No,21002.0
BILL03710,A03710,6000,13460,0,Yes,3892.0
BILL03711,A03711,3000,5788,0,Yes,1757.6
BILL03712,A03712,5000,7565,12000,No,24565.0
BILL03713,A03713,8000,1682,4000,No,13682.0
BILL03714,A03714,15000,17754,2000,Yes,6950.8
BILL03715,A03715,8000,16389,6000,Yes,6077.8
BILL03716,A03716,65000,10378,6000,Yes,16275.6
BILL03717,A03717,2000,8603,4000,Yes,2920.6
BILL03718,A03718,70000,4551,15000,No,89551.0
BILL03719,A03719,800,4798,0,No,5598.0
BILL03720,A03720,12000,3007,20000,Yes,7001.4
BILL03721,A03721,6000,14111,0,Yes,4022.2
BILL03722,A03722,70000,18250,0,Yes,17650.0
BILL03723,A03723,3500,19773,0,Yes,4654.6
BILL03724,A03724,1200,10729,24000,Yes,7185.8
BILL03725,A03725,40000,1267,40000,Yes,16253.4
BILL03726,A03726,15000,7140,6000,Yes,5628.0
BILL03727,A03727,35000,19380,20000,Yes,14876.0
BILL03728,A03728,80000,14574,14000,Yes,21714.8
BILL03729,A03729,250000,13814,24000,Yes,57562.8
BILL03730,A03730,10000,17972,24000,Yes,10394.4
BILL03731,A03731,65000,16786,20000,No,101786.0
BILL03732,A03732,40000,18410,4000,Yes,12482.0
BILL03733,A03733,250000,19435,2000,Yes,54287.0
BILL03734,A03734,5000,8105,30000,Yes,8621.0
BILL03735,A03735,1000,18953,4000,Yes,4790.6
BILL03736,A03736,35000,11393,18000,No,64393.0
BILL03737,A03737,40000,3240,0,Yes,8648.0
BILL03738,A03738,15000,7305,10000,Yes,6461.0
BILL03739,A03739,6000,3248,9000,Yes,3649.6
BILL03740,A03740,2500,16016,9000,Yes,5503.2
BILL03741,A03741,60000,16668,36000,Yes,22533.6
BILL03742,A03742,80000,11571,3000,Yes,18914.2
BILL03743,A03743,6000,19024,15000,No,40024.0
BILL03744,A03744,3000,9286,9000,No,21286.0
BILL03745,A03745,15000,16514,20000,Yes,10302.8
BILL03746,A03746,8000,8224,8000,Yes,4844.8
BILL03747,A03747,3500,16326,4000,No,23826.0
BILL03748,A03748,180000,14449,8000,Yes,40489.8
BILL03749,A03749,1500,946,12000,Yes,2889.2
BILL03750,A03750,65000,4480,0,Yes,13896.0
BILL03751,A03751,1000,4224,4000,No,9224.0
BILL03752,A03752,2000,16726,6000,Yes,4945.2
BILL03753,A03753,65000,17689,10000,Yes,18537.8
BILL03754,A03754,2000,18426,0,Yes,4085.2
BILL03755,A03755,800,10223,0,Yes,2204.6
BILL03756,A03756,8000,10141,4000,Yes,4428.2
BILL03757,A03757,35000,12677,3000,Yes,10135.4
BILL03758,A03758,8000,17645,6000,No,31645.0
BILL03759,A03759,5000,12665,20000,Yes,7533.0
BILL03760,A03760,6000,7401,12000,No,25401.0
BILL03761,A03761,2000,4934,6000,Yes,2586.8
BILL03762,A03762,5000,16027,8000,Yes,5805.4
BILL03763,A03763,6000,6372,6000,Yes,3674.4
BILL03764,A03764,2500,683,12000,No,15183.0
BILL03765,A03765,1500,7029,2000,Yes,2105.8
BILL03766,A03766,12000,11347,4000,Yes,5469.4
BILL03767,A03767,6000,15858,0,Yes,4371.6
BILL03768,A03768,60000,18822,12000,Yes,18164.4
BILL03769,A03769,15000,962,6000,Yes,4392.4
BILL03770,A03770,80000,14464,20000,Yes,22892.8
BILL03771,A03771,450000,13714,12000,Yes,95142.8
BILL03772,A03772,180000,7138,12000,Yes,39827.6
BILL03773,A03773,3500,3874,9000,Yes,3274.8
BILL03774,A03774,180000,9115,0,Yes,37823.0
BILL03775,A03775,35000,17615,20000,Yes,14523.0
BILL03776,A03776,12000,19904,28000,No,59904.0
BILL03777,A03777,12000,16012,15000,Yes,8602.4
BILL03778,A03778,65000,8096,24000,Yes,19419.2
BILL03779,A03779,35000,5300,18000,Yes,11660.0
BILL03780,A03780,1200,508,0,Yes,341.6
BILL03781,A03781,2500,2210,6000,Yes,2142.0
BILL03782,A03782,450000,14907,0,No,464907.0
BILL03783,A03783,80000,11218,0,Yes,18243.6
BILL03784,A03784,10000,4343,0,Yes,2868.6
BILL03785,A03785,2000,12863,15000,No,29863.0
BILL03786,A03786,10000,12132,0,No,22132.0
BILL03787,A03787,60000,10886,12000,No,82886.0
BILL03788,A03788,65000,7509,0,No,72509.0
BILL03789,A03789,450000,9600,15000,No,474600.0
BILL03790,A03790,1200,18866,5000,Yes,5013.2
BILL03791,A03791,10000,8709,14000,Yes,6541.8
BILL03792,A03792,10000,14767,32000,Yes,11353.4
BILL03793,A03793,1000,12482,0,No,13482.0
BILL03794,A03794,6000,11837,0,Yes,3567.4
BILL03795,A03795,8000,18843,30000,Yes,11368.6
BILL03796,A03796,12000,6365,4000,Yes,4473.0
BILL03797,A03797,800,12328,6000,Yes,3825.6
BILL03798,A03798,250000,10670,12000,Yes,54534.0
BILL03799,A03799,12000,12587,0,Yes,4917.4
BILL03800,A03800,65000,925,0,Yes,13185.0
BILL03801,A03801,6000,9509,15000,Yes,6101.8
BILL03802,A03802,70000,8791,8000,Yes,17358.2
BILL03803,A03803,40000,19249,20000,No,79249.0
BILL03804,A03804,12000,15927,0,Yes,5585.4
BILL03805,A03805,450000,16013,4000,Yes,94002.6
BILL03806,A03806,12000,1444,15000,No,28444.0
BILL03807,A03807,15000,6296,15000,Yes,7259.2
BILL03808,A03808,1000,4413,4000,Yes,1882.6
BILL03809,A03809,8000,2542,12000,Yes,4508.4
BILL03810,A03810,8000,18328,16000,No,42328.0
BILL03811,A03811,15000,6862,18000,Yes,7972.4
BILL03812,A03812,40000,10870,6000,No,56870.0
BILL03813,A03813,1000,19729,8000,Yes,5745.8
BILL03814,A03814,15000,13711,10000,No,38711.0
BILL03815,A03815,15000,2514,12000,Yes,5902.8
BILL03816,A03816,1200,16933,30000,No,48133.0
BILL03817,A03817,6000,3251,0,Yes,1850.2
BILL03818,A03818,10000,9528,9000,No,28528.0
BILL03819,A03819,3000,13910,30000,Yes,9382.0
BILL03820,A03820,5000,605,8000,Yes,2721.0
BILL03821,A03821,6000,11991,4000,Yes,4398.2
BILL03822,A03822,10000,19117,14000,Yes,8623.4
BILL03823,A03823,3000,15671,0,Yes,3734.2
BILL03824,A03824,5000,3467,0,No,8467.0
BILL03825,A03825,2000,6583,0,Yes,1716.6
BILL03826,A03826,800,1158,0,No,1958.0
BILL03827,A03827,15000,7627,0,Yes,4525.4
BILL03828,A03828,8000,8584,4000,No,20584.0
BILL03829,A03829,2000,6761,6000,Yes,2952.2
BILL03830,A03830,5000,12929,4000,Yes,4385.8
BILL03831,A03831,65000,5101,36000,Yes,21220.2
BILL03832,A03832,800,6668,0,No,7468.0
BILL03833,A03833,6000,6303,8000,Yes,4060.6
BILL03834,A03834,65000,14904,0,Yes,15980.8
BILL03835,A03835,1500,12137,8000,Yes,4327.4
BILL03836,A03836,6000,17639,15000,No,38639.0
BILL03837,A03837,80000,6086,0,No,86086.0
BILL03838,A03838,6000,19676,45000,Yes,14135.2
BILL03839,A03839,15000,19135,21000,No,55135.0
BILL03840,A03840,40000,14716,4000,Yes,11743.2
BILL03841,A03841,2000,9959,0,Yes,2391.8
BILL03842,A03842,35000,17007,24000,Yes,15201.4
BILL03843,A03843,10000,7404,24000,Yes,8280.8
BILL03844,A03844,12000,9047,12000,No,33047.0
BILL03845,A03845,15000,17442,24000,Yes,11288.4
BILL03846,A03846,60000,15810,0,Yes,15162.0
BILL03847,A03847,2000,12883,4000,Yes,3776.6
BILL03848,A03848,2500,3927,0,No,6427.0
BILL03849,A03849,35000,758,0,Yes,7151.6
BILL03850,A03850,1000,11467,40000,Yes,10493.4
BILL03851,A03851,3000,3783,3000,No,9783.0
BILL03852,A03852,1000,10536,27000,Yes,7707.2
BILL03853,A03853,1000,6600,0,Yes,1520.0
BILL03854,A03854,6000,15456,0,No,21456.0
BILL03855,A03855,70000,16018,6000,Yes,18403.6
BILL03856,A03856,40000,12729,40000,Yes,18545.8
BILL03857,A03857,2000,13644,0,Yes,3128.8
BILL03858,A03858,60000,8177,8000,Yes,15235.4
BILL03859,A03859,70000,9326,25000,Yes,20865.2
BILL03860,A03860,1500,5874,30000,No,37374.0
BILL03861,A03861,1200,17673,30000,No,48873.0
BILL03862,A03862,1000,19111,0,Yes,4022.2
BILL03863,A03863,250000,11416,0,No,261416.0
BILL03864,A03864,3000,10634,6000,No,19634.0
BILL03865,A03865,2000,15531,30000,Yes,9506.2
BILL03866,A03866,70000,527,24000,Yes,18905.4
BILL03867,A03867,3500,6138,0,Yes,1927.6
BILL03868,A03868,1000,6548,0,No,7548.0
BILL03869,A03869,1000,14804,10000,No,25804.0
BILL03870,A03870,3000,5550,8000,Yes,3310.0
BILL03871,A03871,15000,5720,0,Yes,4144.0
BILL03872,A03872,1000,18516,15000,No,34516.0
BILL03873,A03873,1000,15976,20000,No,36976.0
BILL03874,A03874,65000,8454,20000,Yes,18690.8
BILL03875,A03875,15000,10931,24000,Yes,9986.2
BILL03876,A03876,80000,11218,40000,No,131218.0
BILL03877,A03877,2000,14413,15000,Yes,6282.6
BILL03878,A03878,3500,11866,0,No,15366.0
BILL03879,A03879,1000,19716,0,Yes,4143.2
BILL03880,A03880,2500,6337,0,Yes,1767.4
BILL03881,A03881,6000,11636,4000,Yes,4327.2
BILL03882,A03882,6000,13547,20000,Yes,7909.4
BILL03883,A03883,1500,5024,10000,Yes,3304.8
BILL03884,A03884,35000,7421,8000,Yes,10084.2
BILL03885,A03885,8000,11627,30000,No,49627.0
BILL03886,A03886,2500,14449,12000,Yes,5789.8
BILL03887,A03887,40000,13175,40000,Yes,18635.0
BILL03888,A03888,450000,14319,3000,Yes,93463.8
BILL03889,A03889,70000,17452,0,Yes,17490.4
BILL03890,A03890,180000,3207,8000,No,191207.0
BILL03891,A03891,2000,3822,30000,No,35822.0
BILL03892,A03892,3000,900,0,Yes,780.0
BILL03893,A03893,8000,19331,0,No,27331.0
BILL03894,A03894,3000,879,50000,No,53879.0
BILL03895,A03895,65000,13663,50000,No,128663.0
BILL03896,A03896,2000,10427,50000,Yes,12485.4
BILL03897,A03897,1000,4299,0,Yes,1059.8
BILL03898,A03898,8000,16017,8000,No,32017.0
BILL03899,A03899,35000,12455,2000,No,49455.0
BILL03900,A03900,1000,14395,0,No,15395.0
BILL03901,A03901,35000,3121,30000,Yes,13624.2
BILL03902,A03902,8000,19838,0,Yes,5567.6
BILL03903,A03903,8000,15409,20000,Yes,8681.8
BILL03904,A03904,1000,9731,6000,Yes,3346.2
BILL03905,A03905,65000,16543,20000,Yes,20308.6
BILL03906,A03906,1500,12601,20000,Yes,6820.2
BILL03907,A03907,8000,10204,2000,Yes,4040.8
BILL03908,A03908,70000,6356,8000,Yes,16871.2
BILL03909,A03909,8000,1074,20000,Yes,5814.8
BILL03910,A03910,180000,1667,0,Yes,36333.4
BILL03911,A03911,250000,1699,15000,Yes,53339.8
BILL03912,A03912,5000,3254,8000,Yes,3250.8
BILL03913,A03913,15000,5239,15000,Yes,7047.8
BILL03914,A03914,65000,9501,40000,No,114501.0
BILL03915,A03915,8000,8498,10000,Yes,5299.6
BILL03916,A03916,450000,11201,8000,Yes,93840.2
BILL03917,A03917,1000,3813,45000,Yes,9962.6
BILL03918,A03918,12000,3080,8000,No,23080.0
BILL03919,A03919,2500,10395,15000,Yes,5579.0
BILL03920,A03920,250000,6527,32000,No,288527.0
BILL03921,A03921,250000,3097,15000,No,268097.0
BILL03922,A03922,5000,6779,32000,No,43779.0
BILL03923,A03923,3500,17344,21000,No,41844.0
BILL03924,A03924,80000,2100,0,Yes,16420.0
BILL03925,A03925,2500,7551,0,Yes,2010.2
BILL03926,A03926,8000,6585,24000,Yes,7717.0
BILL03927,A03927,2000,1998,20000,No,23998.0
BILL03928,A03928,3500,9836,8000,Yes,4267.2
BILL03929,A03929,3000,7287,8000,No,18287.0
BILL03930,A03930,5000,4752,12000,Yes,4350.4
BILL03931,A03931,65000,10925,6000,Yes,16385.0
BILL03932,A03932,1500,1092,20000,Yes,4518.4
BILL03933,A03933,60000,9931,0,Yes,13986.2
BILL03934,A03934,40000,11272,10000,Yes,12254.4
BILL03935,A03935,8000,18773,0,Yes,5354.6
BILL03936,A03936,40000,10974,0,No,50974.0
BILL03937,A03937,6000,5473,15000,No,26473.0
BILL03938,A03938,8000,16850,0,Yes,4970.0
BILL03939,A03939,65000,6070,45000,Yes,23214.0
BILL03940,A03940,8000,1557,6000,Yes,3111.4
BILL03941,A03941,12000,18893,12000,Yes,8578.6
BILL03942,A03942,180000,17853,28000,Yes,45170.6
BILL03943,A03943,12000,10832,15000,No,37832.0
BILL03944,A03944,70000,1468,21000,Yes,18493.6
BILL03945,A03945,3500,5963,8000,Yes,3492.6
BILL03946,A03946,1200,14111,12000,No,27311.0
BILL03947,A03947,800,9802,50000,No,60602.0
BILL03948,A03948,800,12797,3000,Yes,3319.4
BILL03949,A03949,8000,4546,0,Yes,2509.2
BILL03950,A03950,250000,7424,2000,Yes,51884.8
BILL03951,A03951,6000,6353,9000,No,21353.0
BILL03952,A03952,1000,13643,15000,Yes,5928.6
BILL03953,A03953,1000,7635,10000,No,18635.0
BILL03954,A03954,180000,9638,8000,No,197638.0
BILL03955,A03955,12000,3961,8000,Yes,4792.2
BILL03956,A03956,40000,17949,5000,Yes,12589.8
BILL03957,A03957,80000,13737,10000,No,103737.0
BILL03958,A03958,15000,9880,10000,Yes,6976.0
BILL03959,A03959,5000,6320,0,Yes,2264.0
BILL03960,A03960,1200,17954,16000,No,35154.0
BILL03961,A03961,2000,6144,16000,Yes,4828.8
BILL03962,A03962,450000,14200,50000,Yes,102840.0
BILL03963,A03963,800,1451,0,Yes,450.2
BILL03964,A03964,1000,16994,0,Yes,3598.8
BILL03965,A03965,4000,13894,20000,Yes,7578.8
BILL03966,A03966,8000,8690,0,Yes,3338.0
BILL03967,A03967,65000,15963,16000,No,96963.0
BILL03968,A03968,5000,1244,5000,Yes,2248.8
BILL03969,A03969,80000,6825,9000,Yes,19165.0
BILL03970,A03970,1000,8341,24000,Yes,6668.2
BILL03971,A03971,15000,7046,32000,Yes,10809.2
BILL03972,A03972,70000,2623,20000,Yes,18524.6
BILL03973,A03973,180000,15611,15000,Yes,42122.2
BILL03974,A03974,2000,15037,21000,No,38037.0
BILL03975,A03975,60000,15619,0,No,75619.0
BILL03976,A03976,10000,11354,18000,Yes,7870.8
BILL03977,A03977,8000,2788,2000,No,12788.0
BILL03978,A03978,5000,13815,15000,No,33815.0
BILL03979,A03979,180000,2805,10000,No,192805.0
BILL03980,A03980,1000,18107,12000,No,31107.0
BILL03981,A03981,5000,18003,0,Yes,4600.6
BILL03982,A03982,70000,2459,4000,No,76459.0
BILL03983,A03983,12000,1807,0,Yes,2761.4
BILL03984,A03984,40000,17262,0,Yes,11452.4
BILL03985,A03985,2000,4565,6000,Yes,2513.0
BILL03986,A03986,8000,9101,0,No,17101.0
BILL03987,A03987,250000,12508,5000,No,267508.0
BILL03988,A03988,35000,5151,9000,No,49151.0
BILL03989,A03989,15000,7384,20000,Yes,8476.8
BILL03990,A03990,1200,2927,20000,No,24127.0
BILL03991,A03991,450000,16607,0,No,466607.0
BILL03992,A03992,1200,11721,12000,No,24921.0
BILL03993,A03993,65000,11335,20000,No,96335.0
BILL03994,A03994,1200,19119,32000,Yes,10463.8
BILL03995,A03995,3500,5088,12000,Yes,4117.6
BILL03996,A03996,2500,1350,0,No,3850.0
BILL03997,A03997,6000,18966,0,No,24966.0
BILL03998,A03998,8000,10548,27000,Yes,9109.6
BILL03999,A03999,6000,10485,0,No,16485.0
BILL04000,A04000,2000,10162,9000,No,21162.0
BILL04001,A04001,40000,4712,6000,Yes,10142.4
BILL04002,A04002,1200,13090,8000,Yes,4458.0
BILL04003,A04003,180000,1417,6000,Yes,37483.4
BILL04004,A04004,800,5361,18000,Yes,4832.2
BILL04005,A04005,65000,17165,0,Yes,16433.0
BILL04006,A04006,5000,6083,0,Yes,2216.6
BILL04007,A04007,1000,19739,12000,Yes,6547.8
BILL04008,A04008,65000,12885,10000,Yes,17577.0
BILL04009,A04009,2000,17710,5000,Yes,4942.0
BILL04010,A04010,6000,12947,12000,No,30947.0
BILL04011,A04011,40000,2621,0,Yes,8524.2
BILL04012,A04012,8000,7264,9000,Yes,4852.8
BILL04013,A04013,4000,4418,18000,Yes,5283.6
BILL04014,A04014,180000,15551,4000,No,199551.0
BILL04015,A04015,1000,17674,9000,No,27674.0
BILL04016,A04016,10000,12413,12000,Yes,6882.6
BILL04017,A04017,800,3738,20000,Yes,4907.6
BILL04018,A04018,5000,9395,6000,No,20395.0
BILL04019,A04019,1200,2334,15000,Yes,3706.8
BILL04020,A04020,1200,8625,12000,Yes,4365.0
BILL04021,A04021,10000,6486,9000,Yes,5097.2
BILL04022,A04022,65000,15444,15000,Yes,19088.8
BILL04023,A04023,80000,9208,20000,Yes,21841.6
BILL04024,A04024,80000,6726,0,No,86726.0
BILL04025,A04025,450000,4843,40000,Yes,98968.6
BILL04026,A04026,80000,7957,30000,Yes,23591.4
BILL04027,A04027,4000,19547,40000,Yes,12709.4
BILL04028,A04028,1000,18094,0,Yes,3818.8
BILL04029,A04029,60000,2893,30000,Yes,18578.6
BILL04030,A04030,2000,14980,14000,Yes,6196.0
BILL04031,A04031,1200,3772,15000,Yes,3994.4
BILL04032,A04032,40000,10329,18000,Yes,13665.8
BILL04033,A04033,70000,4154,10000,No,84154.0
BILL04034,A04034,12000,6883,30000,No,48883.0
BILL04035,A04035,450000,8749,0,Yes,91749.8
BILL04036,A04036,2500,16641,27000,Yes,9228.2
BILL04037,A04037,1000,16336,8000,No,25336.0
BILL04038,A04038,6000,10318,40000,No,56318.0
BILL04039,A04039,6000,8659,8000,Yes,4531.8
BILL04040,A04040,450000,18891,12000,Yes,96178.2
BILL04041,A04041,5000,4152,18000,Yes,5430.4
BILL04042,A04042,180000,10959,15000,Yes,41191.8
BILL04043,A04043,10000,6358,6000,No,22358.0
BILL04044,A04044,12000,10482,18000,No,40482.0
BILL04045,A04045,60000,15022,4000,Yes,15804.4
BILL04046,A04046,6000,18148,6000,Yes,6029.6
BILL04047,A04047,4000,4062,15000,Yes,4612.4
BILL04048,A04048,4000,16942,40000,Yes,12188.4
BILL04049,A04049,5000,17880,25000,Yes,9576.0
BILL04050,A04050,40000,10332,0,Yes,10066.4
BILL04051,A04051,2000,5565,4000,Yes,2313.0
BILL04052,A04052,1500,13483,6000,No,20983.0
BILL04053,A04053,450000,5648,0,No,455648.0
BILL04054,A04054,60000,16024,40000,No,116024.0
BILL04055,A04055,8000,9327,6000,No,23327.0
BILL04056,A04056,800,15965,12000,Yes,5753.0
BILL04057,A04057,15000,10534,4000,No,29534.0
BILL04058,A04058,4000,10833,45000,Yes,11966.6
BILL04059,A04059,12000,18957,0,No,30957.0
BILL04060,A04060,35000,685,10000,Yes,9137.0
BILL04061,A04061,6000,13895,36000,Yes,11179.0
BILL04062,A04062,800,5085,0,No,5885.0
BILL04063,A04063,12000,1138,0,Yes,2627.6
BILL04064,A04064,6000,8886,20000,No,34886.0
BILL04065,A04065,2000,1275,16000,Yes,3855.0
BILL04066,A04066,180000,13030,28000,Yes,44206.0
BILL04067,A04067,60000,7035,3000,Yes,14007.0
BILL04068,A04068,3500,14921,12000,Yes,6084.2
BILL04069,A04069,1000,8467,0,Yes,1893.4
BILL04070,A04070,8000,16218,0,No,24218.0
BILL04071,A04071,60000,2007,20000,No,82007.0
BILL04072,A04072,3500,16459,9000,Yes,5791.8
BILL04073,A04073,250000,19705,0,Yes,53941.0
BILL04074,A04074,40000,2338,12000,Yes,10867.6
BILL04075,A04075,250000,12606,15000,No,277606.0
BILL04076,A04076,10000,4138,0,Yes,2827.6
BILL04077,A04077,3500,2924,12000,No,18424.0
BILL04078,A04078,12000,14058,30000,No,56058.0
BILL04079,A04079,60000,19826,32000,Yes,22365.2
BILL04080,A04080,12000,18910,14000,Yes,8982.0
BILL04081,A04081,8000,11242,40000,Yes,11848.4
BILL04082,A04082,6000,10049,4000,Yes,4009.8
BILL04083,A04083,6000,2728,36000,No,44728.0
BILL04084,A04084,6000,12336,10000,No,28336.0
BILL04085,A04085,60000,7538,0,Yes,13507.6
BILL04086,A04086,12000,7960,30000,Yes,9992.0
BILL04087,A04087,2000,7020,4000,Yes,2604.0
BILL04088,A04088,800,1258,15000,Yes,3411.6
BILL04089,A04089,60000,13960,40000,Yes,22792.0
BILL04090,A04090,1000,16436,14000,No,31436.0
BILL04091,A04091,450000,2475,4000,Yes,91295.0
BILL04092,A04092,65000,14826,0,No,79826.0
BILL04093,A04093,6000,11217,0,Yes,3443.4
BILL04094,A04094,8000,11436,12000,No,31436.0
BILL04095,A04095,40000,19023,0,No,59023.0
BILL04096,A04096,15000,4180,30000,No,49180.0
BILL04097,A04097,3000,3374,50000,Yes,11274.8
BILL04098,A04098,70000,6755,0,No,76755.0
BILL04099,A04099,35000,14621,24000,Yes,14724.2
BILL04100,A04100,4000,5487,8000,Yes,3497.4
BILL04101,A04101,70000,19348,4000,Yes,18669.6
BILL04102,A04102,8000,14668,6000,Yes,5733.6
BILL04103,A04103,6000,10127,10000,Yes,5225.4
BILL04104,A04104,450000,13277,0,Yes,92655.4
BILL04105,A04105,80000,11063,0,Yes,18212.6
BILL04106,A04106,15000,7803,32000,Yes,10960.6
BILL04107,A04107,3000,7064,12000,No,22064.0
BILL04108,A04108,65000,19402,9000,Yes,18680.4
BILL04109,A04109,1200,5358,0,Yes,1311.6
BILL04110,A04110,3000,3806,2000,Yes,1761.2
BILL04111,A04111,450000,1792,6000,Yes,91558.4
BILL04112,A04112,4000,2769,8000,No,14769.0
BILL04113,A04113,12000,8040,6000,Yes,5208.0
BILL04114,A04114,40000,5850,10000,No,55850.0
BILL04115,A04115,250000,8134,6000,No,264134.0
BILL04116,A04116,80000,1394,12000,No,93394.0
BILL04117,A04117,10000,14906,0,No,24906.0
BILL04118,A04118,70000,12791,0,Yes,16558.2
BILL04119,A04119,1500,7334,10000,Yes,3766.8
BILL04120,A04120,15000,14870,0,Yes,5974.0
BILL04121,A04121,40000,12968,2000,Yes,10993.6
BILL04122,A04122,1500,6237,0,Yes,1547.4
BILL04123,A04123,3500,7369,12000,No,22869.0
BILL04124,A04124,3500,12243,32000,Yes,9548.6
BILL04125,A04125,40000,7392,4000,No,51392.0
BILL04126,A04126,8000,12291,15000,Yes,7058.2
BILL04127,A04127,1500,4169,15000,Yes,4133.8
BILL04128,A04128,15000,12952,15000,Yes,8590.4
BILL04129,A04129,8000,3778,36000,Yes,9555.6
BILL04130,A04130,4000,10657,0,Yes,2931.4
BILL04131,A04131,35000,10353,6000,No,51353.0
BILL04132,A04132,3500,3267,15000,No,21767.0
BILL04133,A04133,8000,1019,20000,No,29019.0
BILL04134,A04134,6000,11092,16000,Yes,6618.4
BILL04135,A04135,5000,8659,0,Yes,2731.8
BILL04136,A04136,2500,4692,30000,Yes,7438.4
BILL04137,A04137,6000,15894,8000,Yes,5978.8
BILL04138,A04138,180000,7375,0,Yes,37475.0
BILL04139,A04139,250000,14094,0,Yes,52818.8
BILL04140,A04140,450000,6222,9000,No,465222.0
BILL04141,A04141,6000,6451,8000,No,20451.0
BILL04142,A04142,8000,4084,18000,Yes,6016.8
BILL04143,A04143,15000,7187,12000,Yes,6837.4
BILL04144,A04144,12000,12728,0,Yes,4945.6
BILL04145,A04145,70000,1433,6000,Yes,15486.6
BILL04146,A04146,35000,15917,0,No,50917.0
BILL04147,A04147,1500,5229,0,Yes,1345.8
BILL04148,A04148,12000,12854,21000,Yes,9170.8
BILL04149,A04149,2000,989,0,No,2989.0
BILL04150,A04150,70000,3518,10000,No,83518.0
BILL04151,A04151,40000,4183,40000,Yes,16836.6
BILL04152,A04152,5000,14101,15000,Yes,6820.2
BILL04153,A04153,1000,523,12000,Yes,2704.6
BILL04154,A04154,180000,8916,18000,Yes,41383.2
BILL04155,A04155,5000,18194,0,No,23194.0
BILL04156,A04156,8000,3658,10000,Yes,4331.6
BILL04157,A04157,35000,19218,0,Yes,10843.6
BILL04158,A04158,800,17366,6000,No,24166.0
BILL04159,A04159,2000,5172,6000,No,13172.0
BILL04160,A04160,15000,3606,0,Yes,3721.2
BILL04161,A04161,1200,3948,9000,Yes,2829.6
BILL04162,A04162,12000,6549,0,Yes,3709.8
BILL04163,A04163,2000,15643,0,No,17643.0
BILL04164,A04164,10000,4815,0,Yes,2963.0
BILL04165,A04165,60000,5258,20000,No,85258.0
BILL04166,A04166,40000,13116,16000,No,69116.0
BILL04167,A04167,15000,6469,18000,Yes,7893.8
BILL04168,A04168,250000,1617,30000,Yes,56323.4
BILL04169,A04169,450000,11068,12000,Yes,94613.6
BILL04170,A04170,1500,16354,32000,Yes,9970.8
BILL04171,A04171,10000,19413,45000,Yes,14882.6
BILL04172,A04172,4000,7539,45000,Yes,11307.8
BILL04173,A04173,35000,18387,30000,Yes,16677.4
BILL04174,A04174,450000,9652,32000,Yes,98330.4
BILL04175,A04175,1500,6605,0,Yes,1621.0
BILL04176,A04176,5000,16469,35000,No,56469.0
BILL04177,A04177,3000,11718,12000,Yes,5343.6
BILL04178,A04178,180000,12474,25000,Yes,43494.8
BILL04179,A04179,2500,18303,21000,Yes,8360.6
BILL04180,A04180,800,15489,12000,Yes,5657.8
BILL04181,A04181,35000,10189,27000,No,72189.0
BILL04182,A04182,65000,10560,10000,Yes,17112.0
BILL04183,A04183,10000,3218,21000,Yes,6843.6
BILL04184,A04184,1000,17241,18000,Yes,7248.2
BILL04185,A04185,2000,7769,0,Yes,1953.8
BILL04186,A04186,1000,12097,18000,Yes,6219.4
BILL04187,A04187,1000,17885,18000,No,36885.0
BILL04188,A04188,2000,12383,0,No,14383.0
BILL04189,A04189,60000,17895,0,Yes,15579.0
BILL04190,A04190,12000,3781,0,Yes,3156.2
BILL04191,A04191,35000,7914,9000,Yes,10382.8
BILL04192,A04192,5000,14394,0,Yes,3878.8
BILL04193,A04193,6000,13635,16000,Yes,7127.0
BILL04194,A04194,1000,17596,15000,No,33596.0
BILL04195,A04195,15000,15835,36000,Yes,13367.0
BILL04196,A04196,5000,10330,14000,Yes,5866.0
BILL04197,A04197,6000,18711,0,Yes,4942.2
BILL04198,A04198,800,19963,2000,Yes,4552.6
BILL04199,A04199,6000,13947,0,Yes,3989.4
BILL04200,A04200,70000,5751,9000,Yes,16950.2
BILL04201,A04201,3000,5724,40000,Yes,9744.8
BILL04202,A04202,8000,6836,0,No,14836.0
BILL04203,A04203,3500,2811,3000,No,9311.0
BILL04204,A04204,10000,9551,0,No,19551.0
BILL04205,A04205,8000,4545,6000,Yes,3709.0
BILL04206,A04206,10000,5166,0,No,15166.0
BILL04207,A04207,180000,852,8000,Yes,37770.4
BILL04208,A04208,60000,17678,2000,No,79678.0
BILL04209,A04209,12000,15937,0,No,27937.0
BILL04210,A04210,180000,10291,0,Yes,38058.2
BILL04211,A04211,1500,15388,0,Yes,3377.6
BILL04212,A04212,8000,11686,4000,No,23686.0
BILL04213,A04213,80000,1842,0,No,81842.0
BILL04214,A04214,12000,8870,2000,Yes,4574.0
BILL04215,A04215,4000,14456,3000,No,21456.0
BILL04216,A04216,12000,16467,40000,Yes,13693.4
BILL04217,A04217,5000,3876,0,No,8876.0
BILL04218,A04218,5000,12380,0,No,17380.0
BILL04219,A04219,40000,16704,45000,Yes,20340.8
BILL04220,A04220,250000,3946,0,No,253946.0
BILL04221,A04221,8000,9539,0,Yes,3507.8
BILL04222,A04222,800,11275,25000,No,37075.0
BILL04223,A04223,1500,8732,8000,Yes,3646.4
BILL04224,A04224,12000,3813,0,Yes,3162.6
BILL04225,A04225,65000,16719,18000,Yes,19943.8
BILL04226,A04226,15000,9208,0,No,24208.0
BILL04227,A04227,10000,16486,45000,Yes,14297.2
BILL04228,A04228,6000,13036,4000,Yes,4607.2
BILL04229,A04229,1500,19844,0,Yes,4268.8
BILL04230,A04230,2500,4349,9000,Yes,3169.8
BILL04231,A04231,15000,14322,50000,No,79322.0
BILL04232,A04232,3000,1806,36000,Yes,8161.2
BILL04233,A04233,35000,14925,15000,Yes,12985.0
BILL04234,A04234,180000,17629,0,No,197629.0
BILL04235,A04235,6000,14649,2000,Yes,4529.8
BILL04236,A04236,180000,6422,10000,Yes,39284.4
BILL04237,A04237,3500,11279,4000,Yes,3755.8
BILL04238,A04238,15000,14005,4000,No,33005.0
BILL04239,A04239,1000,8807,8000,No,17807.0
BILL04240,A04240,10000,11773,20000,No,41773.0
BILL04241,A04241,5000,8649,8000,Yes,4329.8
BILL04242,A04242,1000,2066,0,Yes,613.2
BILL04243,A04243,1000,9123,0,Yes,2024.6
BILL04244,A04244,1200,18433,0,No,19633.0
BILL04245,A04245,6000,11920,30000,No,47920.0
BILL04246,A04246,65000,3412,4000,Yes,14482.4
BILL04247,A04247,5000,18136,0,Yes,4627.2
BILL04248,A04248,40000,10521,6000,No,56521.0
BILL04249,A04249,60000,3463,45000,Yes,21692.6
BILL04250,A04250,3500,16792,6000,No,26292.0
BILL04251,A04251,2500,7124,12000,No,21624.0
BILL04252,A04252,12000,16406,36000,Yes,12881.2
BILL04253,A04253,2000,14844,0,No,16844.0
BILL04254,A04254,1500,6022,0,Yes,1504.4
BILL04255,A04255,12000,6719,0,No,18719.0
BILL04256,A04256,8000,18865,36000,No,62865.0
BILL04257,A04257,1500,18137,12000,Yes,6327.4
BILL04258,A04258,5000,2988,15000,Yes,4597.6
BILL04259,A04259,40000,13759,0,Yes,10751.8
BILL04260,A04260,1500,11646,0,Yes,2629.2
BILL04261,A04261,1000,13123,6000,No,20123.0
BILL04262,A04262,2000,10130,0,Yes,2426.0
BILL04263,A04263,5000,7867,45000,No,57867.0
BILL04264,A04264,250000,8557,0,No,258557.0
BILL04265,A04265,180000,9471,0,Yes,37894.2
BILL04266,A04266,40000,7675,3000,No,50675.0
BILL04267,A04267,15000,14929,3000,Yes,6585.8
BILL04268,A04268,1000,10225,6000,No,17225.0
BILL04269,A04269,250000,16335,40000,Yes,61267.0
BILL04270,A04270,80000,18562,6000,Yes,20912.4
BILL04271,A04271,1000,17492,15000,Yes,6698.4
BILL04272,A04272,250000,13184,0,No,263184.0
BILL04273,A04273,15000,12426,0,Yes,5485.2
BILL04274,A04274,65000,12444,30000,Yes,21488.8
BILL04275,A04275,15000,12200,2000,No,29200.0
BILL04276,A04276,180000,4907,40000,No,224907.0
BILL04277,A04277,2000,8590,3000,Yes,2718.0
BILL04278,A04278,180000,17128,15000,Yes,42425.6
BILL04279,A04279,6000,3934,0,No,9934.0
BILL04280,A04280,180000,18655,27000,Yes,45131.0
BILL04281,A04281,70000,19317,16000,Yes,21063.4
BILL04282,A04282,6000,14848,30000,Yes,10169.6
BILL04283,A04283,12000,2618,3000,Yes,3523.6
BILL04284,A04284,10000,15195,18000,No,43195.0
BILL04285,A04285,6000,16118,9000,Yes,6223.6
BILL04286,A04286,250000,12113,4000,No,266113.0
BILL04287,A04287,1200,9546,8000,No,18746.0
BILL04288,A04288,40000,1403,15000,Yes,11280.6
BILL04289,A04289,1000,4869,20000,Yes,5173.8
BILL04290,A04290,70000,15314,0,Yes,17062.8
BILL04291,A04291,10000,10483,28000,Yes,9696.6
BILL04292,A04292,4000,17144,10000,Yes,6228.8
BILL04293,A04293,1000,18182,16000,No,35182.0
BILL04294,A04294,35000,2235,28000,Yes,13047.0
BILL04295,A04295,8000,2826,4000,Yes,2965.2
BILL04296,A04296,10000,5782,12000,Yes,5556.4
BILL04297,A04297,1500,6376,9000,Yes,3375.2
BILL04298,A04298,3000,16719,4000,Yes,4743.8
BILL04299,A04299,5000,3585,0,Yes,1717.0
BILL04300,A04300,60000,13195,15000,Yes,17639.0
BILL04301,A04301,40000,16045,0,No,56045.0
BILL04302,A04302,2000,6496,0,Yes,1699.2
BILL04303,A04303,80000,6313,0,No,86313.0
BILL04304,A04304,35000,16873,6000,Yes,11574.6
BILL04305,A04305,35000,13653,27000,Yes,15130.6
BILL04306,A04306,35000,3172,0,Yes,7634.4
BILL04307,A04307,12000,3581,24000,Yes,7916.2
BILL04308,A04308,1000,2495,14000,No,17495.0
BILL04309,A04309,800,3629,0,Yes,885.8
BILL04310,A04310,10000,17838,0,Yes,5567.6
BILL04311,A04311,15000,13107,0,Yes,5621.4
BILL04312,A04312,6000,19114,8000,No,33114.0
BILL04313,A04313,5000,6148,15000,Yes,5229.6
BILL04314,A04314,8000,16825,12000,Yes,7365.0
BILL04315,A04315,800,11813,6000,No,18613.0
BILL04316,A04316,1000,5568,0,Yes,1313.6
BILL04317,A04317,1000,14940,12000,Yes,5588.0
BILL04318,A04318,5000,15085,16000,Yes,7217.0
BILL04319,A04319,70000,18115,0,No,88115.0
BILL04320,A04320,1000,10712,8000,Yes,3942.4
BILL04321,A04321,250000,6411,9000,No,265411.0
BILL04322,A04322,1000,16807,9000,Yes,5361.4
BILL04323,A04323,2500,11555,0,No,14055.0
BILL04324,A04324,15000,18456,0,No,33456.0
BILL04325,A04325,80000,4313,2000,Yes,17262.6
BILL04326,A04326,10000,12483,18000,Yes,8096.6
BILL04327,A04327,12000,16581,9000,No,37581.0
BILL04328,A04328,60000,1862,8000,Yes,13972.4
BILL04329,A04329,8000,16242,0,No,24242.0
BILL04330,A04330,2000,3480,8000,No,13480.0
BILL04331,A04331,5000,18948,0,No,23948.0
BILL04332,A04332,10000,7084,8000,Yes,5016.8
BILL04333,A04333,70000,15176,0,Yes,17035.2
BILL04334,A04334,65000,14469,5000,Yes,16893.8
BILL04335,A04335,35000,3199,45000,Yes,16639.8
BILL04336,A04336,450000,3918,16000,Yes,93983.6
BILL04337,A04337,1500,13240,16000,Yes,6148.0
BILL04338,A04338,3000,9910,14000,Yes,5382.0
BILL04339,A04339,800,1864,6000,No,8664.0
BILL04340,A04340,35000,10563,0,Yes,9112.6
BILL04341,A04341,12000,2071,2000,Yes,3214.2
BILL04342,A04342,70000,10426,15000,Yes,19085.2
BILL04343,A04343,3500,18121,0,No,21621.0
BILL04344,A04344,3500,14714,27000,Yes,9042.8
BILL04345,A04345,65000,1965,0,Yes,13393.0
BILL04346,A04346,6000,6585,18000,No,30585.0
BILL04347,A04347,60000,2890,0,Yes,12578.0
BILL04348,A04348,1500,19215,10000,Yes,6143.0
BILL04349,A04349,5000,13000,0,No,18000.0
BILL04350,A04350,12000,4311,8000,Yes,4862.2
BILL04351,A04351,12000,8377,12000,No,32377.0
BILL04352,A04352,800,13276,3000,Yes,3415.2
BILL04353,A04353,10000,13671,4000,Yes,5534.2
BILL04354,A04354,2500,8566,0,No,11066.0
BILL04355,A04355,6000,14355,8000,Yes,5671.0
BILL04356,A04356,450000,9433,0,No,459433.0
BILL04357,A04357,35000,14127,0,Yes,9825.4
BILL04358,A04358,70000,6709,0,Yes,15341.8
BILL04359,A04359,10000,841,40000,Yes,10168.2
BILL04360,A04360,6000,15217,3000,No,24217.0
BILL04361,A04361,800,7806,18000,Yes,5321.2
BILL04362,A04362,10000,4277,27000,No,41277.0
BILL04363,A04363,2000,16508,0,Yes,3701.6
BILL04364,A04364,450000,11227,0,No,461227.0
BILL04365,A04365,15000,8904,40000,Yes,12780.8
BILL04366,A04366,2500,9886,32000,No,44386.0
BILL04367,A04367,60000,9068,6000,No,75068.0
BILL04368,A04368,6000,13440,24000,No,43440.0
BILL04369,A04369,1200,18678,15000,Yes,6975.6
BILL04370,A04370,12000,17481,4000,Yes,6696.2
BILL04371,A04371,6000,4082,2000,Yes,2416.4
BILL04372,A04372,6000,13216,3000,Yes,4443.2
BILL04373,A04373,15000,2708,0,Yes,3541.6
BILL04374,A04374,1000,12653,5000,No,18653.0
BILL04375,A04375,35000,14984,0,No,49984.0
BILL04376,A04376,3000,17002,30000,No,50002.0
BILL04377,A04377,10000,10917,18000,Yes,7783.4
BILL04378,A04378,10000,5504,8000,No,23504.0
BILL04379,A04379,5000,8718,0,Yes,2743.6
BILL04380,A04380,70000,7074,4000,Yes,16214.8
BILL04381,A04381,15000,5516,8000,Yes,5703.2
BILL04382,A04382,1200,7880,0,Yes,1816.0
BILL04383,A04383,2000,11506,10000,Yes,4701.2
BILL04384,A04384,1200,14935,10000,No,26135.0
BILL04385,A04385,800,17819,0,Yes,3723.8
BILL04386,A04386,3500,5197,0,Yes,1739.4
BILL04387,A04387,1000,2634,0,Yes,726.8
BILL04388,A04388,6000,1072,30000,No,37072.0
BILL04389,A04389,1200,11040,8000,Yes,4048.0
BILL04390,A04390,1200,3901,15000,Yes,4020.2
BILL04391,A04391,6000,612,4000,No,10612.0
BILL04392,A04392,450000,19077,2000,No,471077.0
BILL04393,A04393,15000,1653,2000,Yes,3730.6
BILL04394,A04394,60000,16111,50000,Yes,25222.2
BILL04395,A04395,15000,13173,30000,No,58173.0
BILL04396,A04396,6000,8287,10000,Yes,4857.4
BILL04397,A04397,3500,11809,0,Yes,3061.8
BILL04398,A04398,3000,5518,0,Yes,1703.6
BILL04399,A04399,12000,12300,0,Yes,4860.0
BILL04400,A04400,2500,6213,10000,No,18713.0
BILL04401,A04401,3000,5753,24000,No,32753.0
BILL04402,A04402,70000,14647,0,Yes,16929.4
BILL04403,A04403,250000,15571,30000,No,295571.0
BILL04404,A04404,250000,18243,6000,No,274243.0
BILL04405,A04405,12000,4596,36000,Yes,10519.2
BILL04406,A04406,5000,13797,10000,No,28797.0
BILL04407,A04407,5000,15592,45000,Yes,13118.4
BILL04408,A04408,8000,13228,10000,Yes,6245.6
BILL04409,A04409,12000,11182,45000,Yes,13636.4
BILL04410,A04410,450000,17864,9000,Yes,95372.8
BILL04411,A04411,12000,6757,3000,No,21757.0
BILL04412,A04412,40000,12408,5000,Yes,11481.6
BILL04413,A04413,6000,13876,12000,Yes,6375.2
BILL04414,A04414,3000,7496,20000,Yes,6099.2
BILL04415,A04415,1000,4060,10000,Yes,3012.0
BILL04416,A04416,10000,14004,12000,Yes,7200.8
BILL04417,A04417,3000,11565,6000,No,20565.0
BILL04418,A04418,4000,17457,0,Yes,4291.4
BILL04419,A04419,6000,15015,10000,No,31015.0
BILL04420,A04420,8000,13147,27000,Yes,9629.4
BILL04421,A04421,1200,18960,0,Yes,4032.0
BILL04422,A04422,40000,19343,21000,Yes,16068.6
BILL04423,A04423,800,10870,30000,Yes,8334.0
BILL04424,A04424,2500,4778,0,Yes,1455.6
BILL04425,A04425,5000,17886,10000,No,32886.0
BILL04426,A04426,8000,2641,0,Yes,2128.2
BILL04427,A04427,1000,2228,12000,No,15228.0
BILL04428,A04428,3000,10766,20000,Yes,6753.2
BILL04429,A04429,60000,5434,0,Yes,13086.8
BILL04430,A04430,180000,2663,0,Yes,36532.6
BILL04431,A04431,2000,10838,0,Yes,2567.6
BILL04432,A04432,5000,6241,24000,Yes,7048.2
BILL04433,A04433,15000,18911,24000,No,57911.0
BILL04434,A04434,2000,5481,27000,Yes,6896.2
BILL04435,A04435,1200,17942,40000,Yes,11828.4
BILL04436,A04436,80000,18598,35000,No,133598.0
BILL04437,A04437,6000,9715,6000,No,21715.0
BILL04438,A04438,65000,5305,45000,Yes,23061.0
BILL04439,A04439,35000,1790,27000,No,63790.0
BILL04440,A04440,12000,15993,0,Yes,5598.6
BILL04441,A04441,1200,1153,8000,No,10353.0
BILL04442,A04442,10000,19665,9000,Yes,7733.0
BILL04443,A04443,60000,1150,5000,No,66150.0
BILL04444,A04444,8000,19072,12000,No,39072.0
BILL04445,A04445,1000,3285,12000,Yes,3257.0
BILL04446,A04446,40000,4921,32000,No,76921.0
BILL04447,A04447,40000,5398,0,No,45398.0
BILL04448,A04448,60000,6959,8000,Yes,14991.8
BILL04449,A04449,1000,3222,28000,Yes,6444.4
BILL04450,A04450,35000,16711,6000,Yes,11542.2
BILL04451,A04451,8000,19843,10000,No,37843.0
BILL04452,A04452,65000,12467,8000,Yes,17093.4
BILL04453,A04453,800,9683,10000,Yes,4096.6
BILL04454,A04454,40000,5968,16000,Yes,12393.6
BILL04455,A04455,4000,10547,20000,Yes,6909.4
BILL04456,A04456,12000,14686,8000,Yes,6937.2
BILL04457,A04457,1000,15510,4000,Yes,4102.0
BILL04458,A04458,3500,1528,24000,No,29028.0
BILL04459,A04459,12000,849,16000,Yes,5769.8
BILL04460,A04460,800,7041,15000,Yes,4568.2
BILL04461,A04461,6000,1679,12000,No,19679.0
BILL04462,A04462,1000,11498,28000,No,40498.0
BILL04463,A04463,250000,14410,20000,No,284410.0
BILL04464,A04464,15000,4836,0,No,19836.0
BILL04465,A04465,4000,18600,3000,Yes,5120.0
BILL04466,A04466,65000,9238,0,No,74238.0
BILL04467,A04467,80000,3278,16000,No,99278.0
BILL04468,A04468,3000,4219,10000,No,17219.0
BILL04469,A04469,15000,4007,21000,Yes,8001.4
BILL04470,A04470,80000,12735,6000,Yes,19747.0
BILL04471,A04471,15000,8264,0,No,23264.0
BILL04472,A04472,1200,816,0,No,2016.0
BILL04473,A04473,3500,11678,10000,Yes,5035.6
BILL04474,A04474,3500,15598,40000,No,59098.0
BILL04475,A04475,2000,3967,18000,Yes,4793.4
BILL04476,A04476,800,5045,0,No,5845.0
BILL04477,A04477,70000,3159,6000,Yes,15831.8
BILL04478,A04478,70000,3501,8000,Yes,16300.2
BILL04479,A04479,5000,8137,0,Yes,2627.4
BILL04480,A04480,5000,3102,25000,Yes,6620.4
BILL04481,A04481,12000,17845,6000,Yes,7169.0
BILL04482,A04482,15000,6965,5000,Yes,5393.0
BILL04483,A04483,450000,6596,40000,Yes,99319.2
BILL04484,A04484,2500,19892,18000,Yes,8078.4
BILL04485,A04485,15000,17132,10000,Yes,8426.4
BILL04486,A04486,1500,6978,20000,Yes,5695.6
BILL04487,A04487,1200,18260,0,No,19460.0
BILL04488,A04488,5000,2983,0,Yes,1596.6
BILL04489,A04489,1200,11031,0,Yes,2446.2
BILL04490,A04490,6000,19908,24000,Yes,9981.6
BILL04491,A04491,5000,17102,8000,Yes,6020.4
BILL04492,A04492,40000,8723,12000,No,60723.0
BILL04493,A04493,5000,17885,4000,No,26885.0
BILL04494,A04494,6000,8746,0,No,14746.0
BILL04495,A04495,8000,2618,6000,Yes,3323.6
BILL04496,A04496,60000,11779,6000,Yes,15555.8
BILL04497,A04497,60000,14593,0,No,74593.0
BILL04498,A04498,1200,15112,20000,No,36312.0
BILL04499,A04499,2000,3391,24000,Yes,5878.2
BILL04500,A04500,12000,12344,14000,Yes,7668.8
BILL04501,A04501,15000,10955,10000,Yes,7191.0
BILL04502,A04502,4000,16243,0,Yes,4048.6
BILL04503,A04503,3000,16526,40000,Yes,11905.2
BILL04504,A04504,8000,6735,9000,Yes,4747.0
BILL04505,A04505,180000,1899,8000,Yes,37979.8
BILL04506,A04506,65000,15627,12000,No,92627.0
BILL04507,A04507,1500,13713,40000,No,55213.0
BILL04508,A04508,15000,15717,45000,Yes,15143.4
BILL04509,A04509,2000,13134,5000,No,20134.0
BILL04510,A04510,60000,5068,8000,Yes,14613.6
BILL04511,A04511,3500,5395,0,Yes,1779.0
BILL04512,A04512,12000,14733,0,Yes,5346.6
BILL04513,A04513,6000,6526,6000,Yes,3705.2
BILL04514,A04514,1200,13321,20000,Yes,6904.2
BILL04515,A04515,12000,11553,6000,Yes,5910.6
BILL04516,A04516,65000,13352,27000,Yes,21070.4
BILL04517,A04517,5000,18500,8000,Yes,6300.0
BILL04518,A04518,3000,16442,15000,Yes,6888.4
BILL04519,A04519,5000,5737,40000,No,50737.0
BILL04520,A04520,60000,2458,32000,No,94458.0
BILL04521,A04521,8000,2692,0,No,10692.0
BILL04522,A04522,15000,9980,18000,Yes,8596.0
BILL04523,A04523,180000,16694,0,Yes,39338.8
BILL04524,A04524,6000,924,0,Yes,1384.8
BILL04525,A04525,60000,11594,28000,No,99594.0
BILL04526,A04526,1000,14557,14000,Yes,5911.4
BILL04527,A04527,450000,17855,12000,Yes,95971.0
BILL04528,A04528,15000,12734,21000,Yes,9746.8
BILL04529,A04529,40000,16016,16000,Yes,14403.2
BILL04530,A04530,2000,12624,30000,Yes,8924.8
BILL04531,A04531,180000,11188,0,No,191188.0
BILL04532,A04532,1200,10741,0,No,11941.0
BILL04533,A04533,250000,18686,8000,Yes,55337.2
BILL04534,A04534,65000,11348,30000,No,106348.0
BILL04535,A04535,2500,11045,9000,No,22545.0
BILL04536,A04536,1500,8266,9000,Yes,3753.2
BILL04537,A04537,60000,15892,0,Yes,15178.4
BILL04538,A04538,800,3632,30000,No,34432.0
BILL04539,A04539,6000,11039,8000,Yes,5007.8
BILL04540,A04540,3500,15661,8000,Yes,5432.2
BILL04541,A04541,80000,13265,12000,No,105265.0
BILL04542,A04542,1000,9550,6000,Yes,3310.0
BILL04543,A04543,450000,2434,15000,Yes,93486.8
BILL04544,A04544,12000,600,0,Yes,2520.0
BILL04545,A04545,1000,16312,0,No,17312.0
BILL04546,A04546,250000,10986,15000,No,275986.0
BILL04547,A04547,10000,18073,15000,No,43073.0
BILL04548,A04548,180000,6666,4000,Yes,38133.2
BILL04549,A04549,1000,2484,6000,Yes,1896.8
BILL04550,A04550,4000,17019,0,Yes,4203.8
BILL04551,A04551,4000,12821,10000,No,26821.0
BILL04552,A04552,3500,857,16000,Yes,4071.4
BILL04553,A04553,12000,5220,0,Yes,3444.0
BILL04554,A04554,1000,14309,16000,Yes,6261.8
BILL04555,A04555,1000,5337,35000,Yes,8267.4
BILL04556,A04556,250000,18694,6000,Yes,54938.8
BILL04557,A04557,10000,10792,6000,No,26792.0
BILL04558,A04558,1000,15440,12000,Yes,5688.0
BILL04559,A04559,1000,15354,12000,Yes,5670.8
BILL04560,A04560,15000,4711,8000,No,27711.0
BILL04561,A04561,1200,4560,0,No,5760.0
BILL04562,A04562,60000,18606,0,Yes,15721.2
BILL04563,A04563,12000,10830,20000,Yes,8566.0
BILL04564,A04564,6000,14729,12000,Yes,6545.8
BILL04565,A04565,6000,11202,0,Yes,3440.4
BILL04566,A04566,1000,11117,14000,No,26117.0
BILL04567,A04567,1500,2330,24000,Yes,5566.0
BILL04568,A04568,1000,2724,12000,Yes,3144.8
BILL04569,A04569,1200,17630,27000,No,45830.0
BILL04570,A04570,800,8200,16000,No,25000.0
BILL04571,A04571,70000,12200,40000,Yes,24440.0
BILL04572,A04572,2000,11758,0,Yes,2751.6
BILL04573,A04573,1500,18362,0,Yes,3972.4
BILL04574,A04574,15000,13475,0,Yes,5695.0
BILL04575,A04575,1200,3431,6000,Yes,2126.2
BILL04576,A04576,800,4276,0,Yes,1015.2
BILL04577,A04577,2500,2351,18000,Yes,4570.2
BILL04578,A04578,6000,7889,0,Yes,2777.8
BILL04579,A04579,40000,7676,0,No,47676.0
BILL04580,A04580,1000,5011,0,Yes,1202.2
BILL04581,A04581,800,13469,6000,Yes,4053.8
BILL04582,A04582,1200,9990,10000,Yes,4238.0
BILL04583,A04583,15000,14096,18000,Yes,9419.2
BILL04584,A04584,70000,19822,0,Yes,17964.4
BILL04585,A04585,4000,19595,10000,Yes,6719.0
BILL04586,A04586,10000,3141,8000,Yes,4228.2
BILL04587,A04587,6000,5879,10000,Yes,4375.8
BILL04588,A04588,250000,18071,4000,No,272071.0
BILL04589,A04589,1000,9721,20000,Yes,6144.2
BILL04590,A04590,1200,17240,10000,Yes,5688.0
BILL04591,A04591,40000,7105,20000,Yes,13421.0
BILL04592,A04592,35000,11217,16000,Yes,12443.4
BILL04593,A04593,12000,9851,20000,Yes,8370.2
BILL04594,A04594,15000,17270,45000,Yes,15454.0
BILL04595,A04595,1000,4192,6000,Yes,2238.4
BILL04596,A04596,1000,3997,0,Yes,999.4
BILL04597,A04597,80000,19184,8000,No,107184.0
BILL04598,A04598,180000,7523,28000,Yes,43104.6
BILL04599,A04599,1000,2281,30000,Yes,6656.2
BILL04600,A04600,2000,8768,21000,Yes,6353.6
BILL04601,A04601,8000,10654,10000,Yes,5730.8
BILL04602,A04602,15000,6428,0,Yes,4285.6
BILL04603,A04603,15000,13232,0,Yes,5646.4
BILL04604,A04604,5000,13304,0,No,18304.0
BILL04605,A04605,12000,16234,12000,No,40234.0
BILL04606,A04606,3000,8643,4000,Yes,3128.6
BILL04607,A04607,15000,508,8000,Yes,4701.6
BILL04608,A04608,6000,867,8000,No,14867.0
BILL04609,A04609,15000,10443,50000,Yes,15088.6
BILL04610,A04610,2500,19115,0,Yes,4323.0
BILL04611,A04611,60000,12560,15000,Yes,17512.0
BILL04612,A04612,2500,14366,16000,Yes,6573.2
BILL04613,A04613,70000,14180,2000,Yes,17236.0
BILL04614,A04614,8000,1646,0,Yes,1929.2
BILL04615,A04615,1000,9108,50000,No,60108.0
BILL04616,A04616,250000,7206,18000,No,275206.0
BILL04617,A04617,15000,1495,5000,Yes,4299.0
BILL04618,A04618,65000,4189,8000,No,77189.0
BILL04619,A04619,70000,15417,24000,Yes,21883.4
BILL04620,A04620,60000,18955,50000,Yes,25791.0
BILL04621,A04621,80000,5523,24000,Yes,21904.6
BILL04622,A04622,1000,12867,0,Yes,2773.4
BILL04623,A04623,12000,14671,0,Yes,5334.2
BILL04624,A04624,450000,934,10000,No,460934.0
BILL04625,A04625,80000,9702,4000,No,93702.0
BILL04626,A04626,80000,7142,0,Yes,17428.4
BILL04627,A04627,10000,9411,6000,Yes,5082.2
BILL04628,A04628,6000,15179,10000,No,31179.0
BILL04629,A04629,8000,1945,50000,Yes,11989.0
BILL04630,A04630,1500,16508,0,No,18008.0
BILL04631,A04631,2500,2049,32000,Yes,7309.8
BILL04632,A04632,35000,12535,20000,No,67535.0
BILL04633,A04633,6000,18345,30000,Yes,10869.0
BILL04634,A04634,80000,12665,0,Yes,18533.0
BILL04635,A04635,10000,11863,10000,Yes,6372.6
BILL04636,A04636,8000,13665,16000,Yes,7533.0
BILL04637,A04637,5000,11884,4000,Yes,4176.8
BILL04638,A04638,15000,16704,0,Yes,6340.8
BILL04639,A04639,3000,14646,8000,Yes,5129.2
BILL04640,A04640,800,5010,16000,No,21810.0
BILL04641,A04641,15000,15788,10000,No,40788.0
BILL04642,A04642,800,5883,14000,Yes,4136.6
BILL04643,A04643,12000,5253,0,Yes,3450.6
BILL04644,A04644,12000,5724,21000,No,38724.0
BILL04645,A04645,1000,7244,0,Yes,1648.8
BILL04646,A04646,450000,14229,0,No,464229.0
BILL04647,A04647,12000,18325,0,Yes,6065.0
BILL04648,A04648,1000,19356,0,Yes,4071.2
BILL04649,A04649,1200,18537,27000,No,46737.0
BILL04650,A04650,800,11473,5000,Yes,3454.6
BILL04651,A04651,6000,12733,25000,Yes,8746.6
BILL04652,A04652,1500,13371,18000,Yes,6574.2
BILL04653,A04653,3000,13869,6000,Yes,4573.8
BILL04654,A04654,40000,15365,27000,No,82365.0
BILL04655,A04655,40000,6671,2000,No,48671.0
BILL04656,A04656,70000,17031,0,Yes,17406.2
BILL04657,A04657,800,2866,20000,Yes,4733.2
BILL04658,A04658,40000,13807,0,No,53807.0
BILL04659,A04659,10000,18259,6000,No,34259.0
BILL04660,A04660,4000,6758,6000,Yes,3351.6
BILL04661,A04661,2000,10192,0,Yes,2438.4
BILL04662,A04662,12000,2837,10000,Yes,4967.4
BILL04663,A04663,450000,4397,5000,No,459397.0
BILL04664,A04664,1500,13705,4000,No,19205.0
BILL04665,A04665,180000,10337,28000,Yes,43667.4
BILL04666,A04666,3000,7330,8000,Yes,3666.0
BILL04667,A04667,15000,19822,0,Yes,6964.4
BILL04668,A04668,15000,19942,6000,No,40942.0
BILL04669,A04669,12000,1532,0,Yes,2706.4
BILL04670,A04670,6000,1517,12000,No,19517.0
BILL04671,A04671,80000,13074,0,Yes,18614.8
BILL04672,A04672,6000,19738,28000,No,53738.0
BILL04673,A04673,1200,16566,18000,Yes,7153.2
BILL04674,A04674,15000,16472,8000,Yes,7894.4
BILL04675,A04675,450000,18317,2000,Yes,94063.4
BILL04676,A04676,80000,3580,0,Yes,16716.0
BILL04677,A04677,12000,11555,0,Yes,4711.0
BILL04678,A04678,80000,15877,20000,Yes,23175.4
BILL04679,A04679,3500,18608,0,Yes,4421.6
BILL04680,A04680,60000,13954,0,Yes,14790.8
BILL04681,A04681,60000,4706,0,No,64706.0
BILL04682,A04682,70000,15063,0,Yes,17012.6
BILL04683,A04683,450000,15677,0,No,465677.0
BILL04684,A04684,2000,13219,2000,Yes,3443.8
BILL04685,A04685,180000,4355,30000,Yes,42871.0
BILL04686,A04686,12000,15302,0,No,27302.0
BILL04687,A04687,60000,1804,24000,Yes,17160.8
BILL04688,A04688,15000,14483,20000,No,49483.0
BILL04689,A04689,1000,3017,9000,Yes,2603.4
BILL04690,A04690,70000,8660,6000,Yes,16932.0
BILL04691,A04691,1500,6287,15000,Yes,4557.4
BILL04692,A04692,2500,6485,3000,Yes,2397.0
BILL04693,A04693,15000,19622,0,Yes,6924.4
BILL04694,A04694,6000,15070,0,Yes,4214.0
BILL04695,A04695,1000,5061,15000,No,21061.0
BILL04696,A04696,80000,18940,0,Yes,19788.0
BILL04697,A04697,2000,12515,10000,Yes,4903.0
BILL04698,A04698,3500,17708,12000,Yes,6641.6
BILL04699,A04699,1200,3984,5000,Yes,2036.8
BILL04700,A04700,6000,9639,0,Yes,3127.8
BILL04701,A04701,8000,14336,14000,Yes,7267.2
BILL04702,A04702,3000,9110,0,Yes,2422.0
BILL04703,A04703,12000,17117,6000,No,35117.0
BILL04704,A04704,1000,5006,8000,Yes,2801.2
BILL04705,A04705,80000,3330,3000,No,86330.0
BILL04706,A04706,12000,15117,12000,Yes,7823.4
BILL04707,A04707,3000,16159,12000,No,31159.0
BILL04708,A04708,5000,6578,0,Yes,2315.6
BILL04709,A04709,10000,1802,30000,Yes,8360.4
BILL04710,A04710,6000,10341,3000,No,19341.0
BILL04711,A04711,1000,13302,6000,Yes,4060.4
BILL04712,A04712,40000,17218,14000,Yes,14243.6
BILL04713,A04713,70000,9212,2000,Yes,16242.4
BILL04714,A04714,12000,4991,40000,No,56991.0
BILL04715,A04715,15000,16241,12000,Yes,8648.2
BILL04716,A04716,70000,16056,10000,Yes,19211.2
BILL04717,A04717,40000,3745,18000,Yes,12349.0
BILL04718,A04718,60000,18240,10000,Yes,17648.0
BILL04719,A04719,3000,4660,24000,No,31660.0
BILL04720,A04720,3000,2728,15000,Yes,4145.6
BILL04721,A04721,12000,2878,30000,Yes,8975.6
BILL04722,A04722,2000,14049,0,No,16049.0
BILL04723,A04723,65000,9100,5000,Yes,15820.0
BILL04724,A04724,40000,14651,6000,No,60651.0
BILL04725,A04725,450000,13431,14000,Yes,95486.2
BILL04726,A04726,450000,12744,0,Yes,92548.8
BILL04727,A04727,65000,7863,15000,Yes,17572.6
BILL04728,A04728,1000,17196,40000,Yes,11639.2
BILL04729,A04729,80000,5653,6000,Yes,18330.6
BILL04730,A04730,8000,9924,15000,No,32924.0
BILL04731,A04731,2000,14680,10000,Yes,5336.0
BILL04732,A04732,15000,18905,18000,No,51905.0
BILL04733,A04733,35000,5269,14000,Yes,10853.8
BILL04734,A04734,8000,13386,4000,Yes,5077.2
BILL04735,A04735,800,11689,36000,No,48489.0
BILL04736,A04736,65000,11218,12000,No,88218.0
BILL04737,A04737,15000,15898,30000,Yes,12179.6
BILL04738,A04738,3000,19818,27000,Yes,9963.6
BILL04739,A04739,12000,3481,0,No,15481.0
BILL04740,A04740,8000,17956,0,Yes,5191.2
BILL04741,A04741,5000,9288,36000,No,50288.0
BILL04742,A04742,6000,19978,21000,Yes,9395.6
BILL04743,A04743,35000,11122,0,Yes,9224.4
BILL04744,A04744,3000,11920,0,Yes,2984.0
BILL04745,A04745,60000,11477,15000,Yes,17295.4
BILL04746,A04746,8000,14388,6000,No,28388.0
BILL04747,A04747,12000,5063,16000,Yes,6612.6
BILL04748,A04748,5000,12345,20000,Yes,7469.0
BILL04749,A04749,65000,15661,6000,Yes,17332.2
BILL04750,A04750,60000,10050,24000,Yes,18810.0
BILL04751,A04751,15000,11555,0,No,26555.0
BILL04752,A04752,4000,16784,0,Yes,4156.8
BILL04753,A04753,60000,16370,4000,No,80370.0
BILL04754,A04754,250000,15543,8000,Yes,54708.6
BILL04755,A04755,10000,2860,0,Yes,2572.0
BILL04756,A04756,5000,12839,45000,Yes,12567.8
BILL04757,A04757,2000,6690,0,No,8690.0
BILL04758,A04758,40000,15401,36000,Yes,18280.2
BILL04759,A04759,12000,14278,9000,Yes,7055.6
BILL04760,A04760,4000,14515,10000,Yes,5703.0
BILL04761,A04761,6000,16109,35000,Yes,11421.8
BILL04762,A04762,60000,4413,27000,Yes,18282.6
BILL04763,A04763,2500,12340,4000,Yes,3768.0
BILL04764,A04764,65000,2802,36000,Yes,20760.4
BILL04765,A04765,5000,18038,32000,Yes,11007.6
BILL04766,A04766,15000,3642,0,Yes,3728.4
BILL04767,A04767,3500,19065,4000,Yes,5313.0
BILL04768,A04768,4000,11562,16000,Yes,6312.4
BILL04769,A04769,15000,8386,6000,Yes,5877.2
BILL04770,A04770,12000,19197,8000,No,39197.0
BILL04771,A04771,5000,12085,27000,Yes,8817.0
BILL04772,A04772,4000,18643,0,No,22643.0
BILL04773,A04773,3000,6130,5000,Yes,2826.0
BILL04774,A04774,4000,1071,0,Yes,1014.2
BILL04775,A04775,8000,9338,0,Yes,3467.6
BILL04776,A04776,3500,8567,0,Yes,2413.4
BILL04777,A04777,60000,15557,3000,No,78557.0
BILL04778,A04778,10000,7720,28000,Yes,9144.0
BILL04779,A04779,1000,8324,8000,Yes,3464.8
BILL04780,A04780,10000,13171,0,Yes,4634.2
BILL04781,A04781,15000,3788,4000,Yes,4557.6
BILL04782,A04782,6000,15053,20000,Yes,8210.6
BILL04783,A04783,8000,13098,15000,Yes,7219.6
BILL04784,A04784,2000,9403,0,No,11403.0
BILL04785,A04785,12000,16606,10000,No,38606.0
BILL04786,A04786,15000,17668,4000,Yes,7333.6
BILL04787,A04787,40000,16852,20000,No,76852.0
BILL04788,A04788,3500,7232,0,Yes,2146.4
BILL04789,A04789,250000,3034,15000,Yes,53606.8
BILL04790,A04790,60000,13738,18000,Yes,18347.6
BILL04791,A04791,6000,12075,15000,Yes,6615.0
BILL04792,A04792,450000,10024,24000,Yes,96804.8
BILL04793,A04793,180000,15891,2000,No,197891.0
BILL04794,A04794,3000,18958,12000,Yes,6791.6
BILL04795,A04795,3000,2619,45000,No,50619.0
BILL04796,A04796,6000,1216,35000,Yes,8443.2
BILL04797,A04797,15000,12280,15000,Yes,8456.0
BILL04798,A04798,6000,14796,0,No,20796.0
BILL04799,A04799,12000,3431,15000,Yes,6086.2
BILL04800,A04800,12000,7989,32000,Yes,10397.8
BILL04801,A04801,6000,9015,0,Yes,3003.0
BILL04802,A04802,40000,7680,0,No,47680.0
BILL04803,A04803,1200,12999,12000,Yes,5239.8
BILL04804,A04804,6000,7990,0,No,13990.0
BILL04805,A04805,3500,5702,0,Yes,1840.4
BILL04806,A04806,80000,18614,6000,Yes,20922.8
BILL04807,A04807,4000,17711,12000,Yes,6742.2
BILL04808,A04808,6000,10106,6000,No,22106.0
BILL04809,A04809,12000,9626,0,Yes,4325.2
BILL04810,A04810,250000,10710,15000,Yes,55142.0
BILL04811,A04811,1200,8096,4000,Yes,2659.2
BILL04812,A04812,1200,19263,6000,Yes,5292.6
BILL04813,A04813,450000,15909,15000,No,480909.0
BILL04814,A04814,6000,8241,0,No,14241.0
BILL04815,A04815,180000,6902,0,Yes,37380.4
BILL04816,A04816,15000,3826,12000,No,30826.0
BILL04817,A04817,3500,6356,0,No,9856.0
BILL04818,A04818,10000,18635,0,No,28635.0
BILL04819,A04819,8000,5504,9000,Yes,4500.8
BILL04820,A04820,40000,786,0,No,40786.0
BILL04821,A04821,5000,9423,8000,Yes,4484.6
BILL04822,A04822,800,2362,5000,Yes,1632.4
BILL04823,A04823,15000,2084,15000,Yes,6416.8
BILL04824,A04824,12000,4834,21000,No,37834.0
BILL04825,A04825,15000,12532,32000,Yes,11906.4
BILL04826,A04826,5000,15407,9000,No,29407.0
BILL04827,A04827,250000,8633,18000,Yes,55326.6
BILL04828,A04828,10000,1885,0,No,11885.0
BILL04829,A04829,5000,4953,6000,Yes,3190.6
BILL04830,A04830,1200,17830,0,No,19030.0
BILL04831,A04831,6000,13443,10000,No,29443.0
BILL04832,A04832,5000,15790,24000,No,44790.0
BILL04833,A04833,35000,19422,40000,No,94422.0
BILL04834,A04834,250000,17653,15000,Yes,56530.6
BILL04835,A04835,5000,16875,30000,No,51875.0
BILL04836,A04836,250000,7279,4000,Yes,52255.8
BILL04837,A04837,1000,12542,8000,Yes,4308.4
BILL04838,A04838,60000,14013,15000,Yes,17802.6
BILL04839,A04839,1000,12742,6000,Yes,3948.4
BILL04840,A04840,5000,7011,2000,Yes,2802.2
BILL04841,A04841,70000,5322,0,No,75322.0
BILL04842,A04842,5000,5082,20000,Yes,6016.4
BILL04843,A04843,2000,5163,2000,No,9163.0
BILL04844,A04844,70000,14886,0,Yes,16977.2
BILL04845,A04845,1500,15781,0,Yes,3456.2
BILL04846,A04846,10000,7207,20000,Yes,7441.4
BILL04847,A04847,65000,2182,3000,No,70182.0
BILL04848,A04848,1200,3818,8000,Yes,2603.6
BILL04849,A04849,6000,11986,0,No,17986.0
BILL04850,A04850,4000,14701,18000,Yes,7340.2
BILL04851,A04851,4000,12125,40000,Yes,11225.0
BILL04852,A04852,60000,16210,4000,Yes,16042.0
BILL04853,A04853,6000,6839,0,No,12839.0
BILL04854,A04854,10000,5937,6000,No,21937.0
BILL04855,A04855,12000,5282,0,Yes,3456.4
BILL04856,A04856,250000,17195,0,Yes,53439.0
BILL04857,A04857,35000,12665,8000,Yes,11133.0
BILL04858,A04858,1000,11445,10000,Yes,4489.0
BILL04859,A04859,3000,11200,0,Yes,2840.0
BILL04860,A04860,10000,17440,0,No,27440.0
BILL04861,A04861,6000,16474,5000,No,27474.0
BILL04862,A04862,250000,1684,0,No,251684.0
BILL04863,A04863,2500,5524,15000,Yes,4604.8
BILL04864,A04864,10000,14913,0,Yes,4982.6
BILL04865,A04865,180000,6933,14000,Yes,40186.6
BILL04866,A04866,5000,9536,5000,Yes,3907.2
BILL04867,A04867,10000,1942,32000,Yes,8788.4
BILL04868,A04868,5000,4856,6000,Yes,3171.2
BILL04869,A04869,8000,6845,10000,No,24845.0
BILL04870,A04870,1500,5469,20000,Yes,5393.8
BILL04871,A04871,180000,8860,24000,Yes,42572.0
BILL04872,A04872,800,2670,3000,No,6470.0
BILL04873,A04873,450000,9200,45000,No,504200.0
BILL04874,A04874,12000,7679,0,No,19679.0
BILL04875,A04875,60000,5926,10000,Yes,15185.2
BILL04876,A04876,6000,15560,16000,Yes,7512.0
BILL04877,A04877,3500,12693,0,No,16193.0
BILL04878,A04878,6000,8956,12000,Yes,5391.2
BILL04879,A04879,5000,11199,3000,No,19199.0
BILL04880,A04880,65000,19825,16000,No,100825.0
BILL04881,A04881,35000,8537,0,No,43537.0
BILL04882,A04882,5000,14717,35000,Yes,10943.4
BILL04883,A04883,15000,17173,20000,Yes,10434.6
BILL04884,A04884,450000,13761,4000,No,467761.0
BILL04885,A04885,40000,10341,12000,Yes,12468.2
BILL04886,A04886,3500,5348,0,No,8848.0
BILL04887,A04887,8000,7674,0,Yes,3134.8
BILL04888,A04888,65000,5521,0,No,70521.0
BILL04889,A04889,65000,17075,40000,Yes,24415.0
BILL04890,A04890,40000,13602,10000,Yes,12720.4
BILL04891,A04891,15000,10300,6000,Yes,6260.0
BILL04892,A04892,1000,16267,8000,No,25267.0
BILL04893,A04893,6000,2364,0,Yes,1672.8
BILL04894,A04894,1000,14661,0,Yes,3132.2
BILL04895,A04895,60000,1502,0,No,61502.0
BILL04896,A04896,10000,4374,16000,Yes,6074.8
BILL04897,A04897,250000,16617,0,Yes,53323.4
BILL04898,A04898,12000,13781,0,No,25781.0
BILL04899,A04899,65000,9886,15000,Yes,17977.2
BILL04900,A04900,60000,5903,36000,Yes,20380.6
BILL04901,A04901,5000,11219,20000,No,36219.0
BILL04902,A04902,70000,3798,18000,Yes,18359.6
BILL04903,A04903,3000,778,9000,Yes,2555.6
BILL04904,A04904,15000,16643,0,No,31643.0
BILL04905,A04905,450000,5477,0,Yes,91095.4
BILL04906,A04906,5000,6318,12000,Yes,4663.6
BILL04907,A04907,70000,12518,8000,No,90518.0
BILL04908,A04908,60000,3367,14000,Yes,15473.4
BILL04909,A04909,8000,10650,12000,Yes,6130.0
BILL04910,A04910,6000,19599,4000,No,29599.0
BILL04911,A04911,6000,506,0,No,6506.0
BILL04912,A04912,5000,13307,0,Yes,3661.4
BILL04913,A04913,10000,19943,40000,Yes,13988.6
BILL04914,A04914,3500,17738,4000,No,25238.0
BILL04915,A04915,1000,9820,0,Yes,2164.0
BILL04916,A04916,8000,9019,30000,Yes,9403.8
BILL04917,A04917,1000,17371,8000,Yes,5274.2
BILL04918,A04918,15000,7833,0,Yes,4566.6
BILL04919,A04919,450000,11597,6000,No,467597.0
BILL04920,A04920,5000,15327,0,No,20327.0
BILL04921,A04921,6000,10540,32000,No,48540.0
BILL04922,A04922,65000,13643,20000,No,98643.0
BILL04923,A04923,15000,8204,4000,No,27204.0
BILL04924,A04924,2000,7399,0,Yes,1879.8
BILL04925,A04925,5000,5586,0,Yes,2117.2
BILL04926,A04926,12000,19757,4000,Yes,7151.4
BILL04927,A04927,1500,15210,24000,Yes,8142.0
BILL04928,A04928,15000,2906,4000,No,21906.0
BILL04929,A04929,8000,10984,18000,No,36984.0
BILL04930,A04930,4000,14765,10000,Yes,5753.0
BILL04931,A04931,1500,18591,0,No,20091.0
BILL04932,A04932,180000,7373,30000,No,217373.0
BILL04933,A04933,6000,12434,0,Yes,3686.8
BILL04934,A04934,2000,11807,0,Yes,2761.4
BILL04935,A04935,450000,8763,0,Yes,91752.6
BILL04936,A04936,80000,16805,25000,No,121805.0
BILL04937,A04937,1200,13524,36000,Yes,10144.8
BILL04938,A04938,80000,11212,50000,No,141212.0
BILL04939,A04939,6000,19065,0,Yes,5013.0
BILL04940,A04940,5000,5879,40000,Yes,10175.8
BILL04941,A04941,2500,16454,8000,Yes,5390.8
BILL04942,A04942,5000,5098,0,Yes,2019.6
BILL04943,A04943,450000,16731,12000,No,478731.0
BILL04944,A04944,65000,6415,20000,Yes,18283.0
BILL04945,A04945,2000,802,0,No,2802.0
BILL04946,A04946,1000,12723,12000,Yes,5144.6
BILL04947,A04947,8000,16320,0,Yes,4864.0
BILL04948,A04948,3000,11395,12000,Yes,5279.0
BILL04949,A04949,8000,17825,6000,Yes,6365.0
BILL04950,A04950,60000,1791,10000,No,71791.0
BILL04951,A04951,5000,19865,8000,Yes,6573.0
BILL04952,A04952,3500,15456,0,Yes,3791.2
BILL04953,A04953,60000,1087,20000,Yes,16217.4
BILL04954,A04954,1000,2557,30000,No,33557.0
BILL04955,A04955,1200,14172,0,No,15372.0
BILL04956,A04956,12000,19239,0,No,31239.0
BILL04957,A04957,2000,19862,24000,Yes,9172.4
BILL04958,A04958,65000,10339,0,No,75339.0
BILL04959,A04959,60000,19491,20000,Yes,19898.2
BILL04960,A04960,3500,640,15000,Yes,3828.0
BILL04961,A04961,5000,15221,0,Yes,4044.2
BILL04962,A04962,5000,14590,0,No,19590.0
BILL04963,A04963,2000,9466,45000,Yes,11293.2
BILL04964,A04964,1000,10533,18000,Yes,5906.6
BILL04965,A04965,5000,19511,21000,Yes,9102.2
BILL04966,A04966,800,18599,8000,No,27399.0
BILL04967,A04967,800,8195,30000,Yes,7799.0
BILL04968,A04968,12000,11267,6000,Yes,5853.4
BILL04969,A04969,4000,7062,4000,No,15062.0
BILL04970,A04970,180000,3110,12000,Yes,39022.0
BILL04971,A04971,4000,16224,18000,Yes,7644.8
BILL04972,A04972,5000,8960,3000,No,16960.0
BILL04973,A04973,3500,8924,20000,Yes,6484.8
BILL04974,A04974,40000,14473,0,No,54473.0
BILL04975,A04975,80000,12343,0,No,92343.0
BILL04976,A04976,8000,9962,0,No,17962.0
BILL04977,A04977,40000,18479,0,Yes,11695.8
BILL04978,A04978,12000,5597,0,No,17597.0
BILL04979,A04979,12000,609,6000,Yes,3721.8
BILL04980,A04980,60000,9349,18000,Yes,17469.8
BILL04981,A04981,12000,15287,20000,Yes,9457.4
BILL04982,A04982,12000,18017,0,Yes,6003.4
BILL04983,A04983,35000,16269,40000,No,91269.0
BILL04984,A04984,5000,12173,6000,Yes,4634.6
BILL04985,A04985,6000,13210,9000,Yes,5642.0
BILL04986,A04986,10000,8701,0,No,18701.0
BILL04987,A04987,40000,3331,0,Yes,8666.2
BILL04988,A04988,3000,11709,0,Yes,2941.8
BILL04989,A04989,40000,18024,9000,Yes,13404.8
BILL04990,A04990,80000,12014,0,Yes,18402.8
BILL04991,A04991,3500,13255,0,Yes,3351.0
BILL04992,A04992,5000,17290,10000,Yes,6458.0
BILL04993,A04993,15000,6730,15000,No,36730.0
BILL04994,A04994,65000,2692,15000,No,82692.0
BILL04995,A04995,180000,16699,10000,Yes,41339.8
BILL04996,A04996,12000,12587,6000,No,30587.0
BILL04997,A04997,35000,1692,30000,Yes,13338.4
BILL04998,A04998,8000,19208,24000,Yes,10241.6
BILL04999,A04999,5000,12707,0,Yes,3541.4
BILL05000,A05000,1500,743,12000,No,14243.0
BILL05001,A05001,2500,3292,9000,No,14792.0
BILL05002,A05002,3500,19985,2000,Yes,5097.0
BILL05003,A05003,6000,16013,0,Yes,4402.6
BILL05004,A05004,5000,18574,0,Yes,4714.8
BILL05005,A05005,3500,1564,0,Yes,1012.8
BILL05006,A05006,8000,18099,25000,Yes,10219.8
BILL05007,A05007,180000,3992,2000,No,185992.0
BILL05008,A05008,12000,4986,12000,No,28986.0
BILL05009,A05009,12000,5514,16000,Yes,6702.8
BILL05010,A05010,65000,14001,4000,No,83001.0
BILL05011,A05011,800,12420,20000,Yes,6644.0
BILL05012,A05012,6000,10324,20000,Yes,7264.8
BILL05013,A05013,5000,9843,28000,Yes,8568.6
BILL05014,A05014,12000,3549,9000,No,24549.0
BILL05015,A05015,15000,3780,0,Yes,3756.0
BILL05016,A05016,800,9157,0,Yes,1991.4
BILL05017,A05017,1500,4554,6000,Yes,2410.8
BILL05018,A05018,6000,19578,12000,Yes,7515.6
BILL05019,A05019,3000,9560,40000,No,52560.0
BILL05020,A05020,1500,18529,0,No,20029.0
BILL05021,A05021,5000,18487,28000,No,51487.0
BILL05022,A05022,450000,10249,10000,No,470249.0
BILL05023,A05023,8000,1834,16000,No,25834.0
BILL05024,A05024,250000,14268,12000,No,276268.0
BILL05025,A05025,1200,9316,20000,Yes,6103.2
BILL05026,A05026,5000,3590,0,Yes,1718.0
BILL05027,A05027,1500,16129,14000,Yes,6325.8
BILL05028,A05028,1000,12333,45000,Yes,11666.6
BILL05029,A05029,5000,9160,24000,Yes,7632.0
BILL05030,A05030,1000,18889,6000,Yes,5177.8
BILL05031,A05031,1200,6017,0,Yes,1443.4
BILL05032,A05032,15000,19145,18000,Yes,10429.0
BILL05033,A05033,1000,1051,15000,Yes,3410.2
BILL05034,A05034,800,4650,6000,No,11450.0
BILL05035,A05035,1500,17201,21000,No,39701.0
BILL05036,A05036,2000,673,0,Yes,534.6
BILL05037,A05037,5000,6645,10000,Yes,4329.0
BILL05038,A05038,250000,2445,30000,Yes,56489.0
BILL05039,A05039,40000,13228,3000,No,56228.0
BILL05040,A05040,65000,10091,16000,Yes,18218.2
BILL05041,A05041,40000,19858,10000,No,69858.0
BILL05042,A05042,1200,9926,0,Yes,2225.2
BILL05043,A05043,2500,4584,35000,Yes,8416.8
BILL05044,A05044,12000,16807,2000,No,30807.0
BILL05045,A05045,12000,13788,15000,No,40788.0
BILL05046,A05046,6000,4700,6000,No,16700.0
BILL05047,A05047,40000,19512,6000,No,65512.0
BILL05048,A05048,180000,8652,24000,No,212652.0
BILL05049,A05049,40000,8064,30000,No,78064.0
BILL05050,A05050,70000,2865,10000,Yes,16573.0
BILL05051,A05051,3000,7647,8000,No,18647.0
BILL05052,A05052,40000,19327,0,No,59327.0
BILL05053,A05053,8000,4129,20000,Yes,6425.8
BILL05054,A05054,65000,11685,30000,Yes,21337.0
BILL05055,A05055,4000,5316,14000,No,23316.0
BILL05056,A05056,1200,11153,25000,Yes,7470.6
BILL05057,A05057,60000,17502,0,Yes,15500.4
BILL05058,A05058,1000,7104,0,Yes,1620.8
BILL05059,A05059,2000,12072,30000,No,44072.0
BILL05060,A05060,10000,8455,30000,Yes,9691.0
BILL05061,A05061,70000,9475,5000,Yes,16895.0
BILL05062,A05062,5000,600,5000,Yes,2120.0
BILL05063,A05063,12000,2512,0,No,14512.0
BILL05064,A05064,2000,17679,0,Yes,3935.8
BILL05065,A05065,5000,4118,36000,Yes,9023.6
BILL05066,A05066,5000,9653,3000,Yes,3530.6
BILL05067,A05067,40000,951,25000,No,65951.0
BILL05068,A05068,3000,17853,4000,Yes,4970.6
BILL05069,A05069,5000,11898,4000,Yes,4179.6
BILL05070,A05070,800,15224,0,No,16024.0
BILL05071,A05071,6000,9531,0,No,15531.0
BILL05072,A05072,3000,9335,21000,Yes,6667.0
BILL05073,A05073,1000,14856,9000,Yes,4971.2
BILL05074,A05074,3000,8181,0,Yes,2236.2
BILL05075,A05075,10000,18579,0,Yes,5715.8
BILL05076,A05076,60000,12651,0,No,72651.0
BILL05077,A05077,4000,9406,8000,No,21406.0
BILL05078,A05078,1000,1165,4000,Yes,1233.0
BILL05079,A05079,6000,4010,0,No,10010.0
BILL05080,A05080,450000,8760,12000,No,470760.0
BILL05081,A05081,80000,18717,9000,Yes,21543.4
BILL05082,A05082,12000,17812,14000,Yes,8762.4
BILL05083,A05083,6000,1141,16000,No,23141.0
BILL05084,A05084,450000,18649,45000,Yes,102729.8
BILL05085,A05085,1500,547,5000,Yes,1409.4
BILL05086,A05086,60000,4054,32000,No,96054.0
BILL05087,A05087,8000,14421,8000,No,30421.0
BILL05088,A05088,800,9410,21000,Yes,6242.0
BILL05089,A05089,10000,19020,32000,Yes,12204.0
BILL05090,A05090,35000,15961,0,No,50961.0
BILL05091,A05091,1200,11140,0,No,12340.0
BILL05092,A05092,6000,12194,45000,No,63194.0
BILL05093,A05093,70000,17948,0,Yes,17589.6
BILL05094,A05094,1200,14617,0,No,15817.0
BILL05095,A05095,60000,3881,0,Yes,12776.2
BILL05096,A05096,12000,1937,9000,Yes,4587.4
BILL05097,A05097,65000,18030,0,Yes,16606.0
BILL05098,A05098,40000,18475,5000,No,63475.0
BILL05099,A05099,180000,7732,21000,Yes,41746.4
BILL05100,A05100,6000,3673,0,Yes,1934.6
BILL05101,A05101,8000,19751,0,Yes,5550.2
BILL05102,A05102,1200,9688,0,No,10888.0
BILL05103,A05103,15000,3563,0,No,18563.0
BILL05104,A05104,5000,4392,10000,No,19392.0
BILL05105,A05105,15000,18092,6000,Yes,7818.4
BILL05106,A05106,15000,9579,6000,No,30579.0
BILL05107,A05107,3500,708,35000,No,39208.0
BILL05108,A05108,15000,7589,45000,No,67589.0
BILL05109,A05109,6000,3779,0,Yes,1955.8
BILL05110,A05110,10000,8014,36000,Yes,10802.8
BILL05111,A05111,15000,11934,0,No,26934.0
BILL05112,A05112,5000,18728,30000,Yes,10745.6
BILL05113,A05113,2500,3695,4000,No,10195.0
BILL05114,A05114,35000,6809,0,No,41809.0
BILL05115,A05115,180000,8174,0,No,188174.0
BILL05116,A05116,3500,6917,21000,Yes,6283.4
BILL05117,A05117,250000,10166,40000,Yes,60033.2
BILL05118,A05118,15000,15228,24000,Yes,10845.6
BILL05119,A05119,70000,1531,0,No,71531.0
BILL05120,A05120,1000,7190,12000,Yes,4038.0
BILL05121,A05121,12000,10317,30000,Yes,10463.4
BILL05122,A05122,5000,2573,0,Yes,1514.6
BILL05123,A05123,35000,749,0,Yes,7149.8
BILL05124,A05124,450000,17966,27000,No,494966.0
BILL05125,A05125,35000,14274,0,Yes,9854.8
BILL05126,A05126,250000,5662,9000,Yes,52932.4
BILL05127,A05127,12000,14100,4000,Yes,6020.0
BILL05128,A05128,15000,5945,12000,No,32945.0
BILL05129,A05129,70000,18686,0,No,88686.0
BILL05130,A05130,70000,5657,0,No,75657.0
BILL05131,A05131,10000,14422,0,Yes,4884.4
BILL05132,A05132,65000,15084,40000,Yes,24016.8
BILL05133,A05133,12000,7517,6000,Yes,5103.4
BILL05134,A05134,15000,10184,25000,No,50184.0
BILL05135,A05135,10000,15732,14000,No,39732.0
BILL05136,A05136,70000,4279,0,No,74279.0
BILL05137,A05137,10000,8028,16000,Yes,6805.6
BILL05138,A05138,3000,13430,9000,Yes,5086.0
BILL05139,A05139,15000,6391,9000,No,30391.0
BILL05140,A05140,250000,8380,20000,Yes,55676.0
BILL05141,A05141,15000,18314,8000,Yes,8262.8
BILL05142,A05142,1000,18597,6000,Yes,5119.4
BILL05143,A05143,70000,18114,16000,Yes,20822.8
BILL05144,A05144,5000,11381,12000,No,28381.0
BILL05145,A05145,2500,1942,50000,Yes,10888.4
BILL05146,A05146,3000,7227,0,No,10227.0
BILL05147,A05147,1200,7725,14000,Yes,4585.0
BILL05148,A05148,1200,14994,0,Yes,3238.8
BILL05149,A05149,250000,18415,10000,No,278415.0
BILL05150,A05150,35000,11046,15000,Yes,12209.2
BILL05151,A05151,1200,9554,12000,Yes,4550.8
BILL05152,A05152,80000,877,16000,No,96877.0
BILL05153,A05153,40000,1293,4000,Yes,9058.6
BILL05154,A05154,70000,5904,0,Yes,15180.8
BILL05155,A05155,1000,6739,10000,No,17739.0
BILL05156,A05156,6000,3719,0,No,9719.0
BILL05157,A05157,1000,18162,12000,Yes,6232.4
BILL05158,A05158,1500,1346,9000,No,11846.0
BILL05159,A05159,180000,10751,10000,No,200751.0
BILL05160,A05160,180000,17015,4000,No,201015.0
BILL05161,A05161,12000,9046,0,Yes,4209.2
BILL05162,A05162,10000,5347,40000,Yes,11069.4
BILL05163,A05163,4000,17612,0,Yes,4322.4
BILL05164,A05164,2500,9969,0,Yes,2493.8
BILL05165,A05165,5000,15864,4000,Yes,4972.8
BILL05166,A05166,3500,15812,0,Yes,3862.4
BILL05167,A05167,800,2100,0,No,2900.0
BILL05168,A05168,800,8548,0,Yes,1869.6
BILL05169,A05169,6000,11689,6000,Yes,4737.8
BILL05170,A05170,40000,17404,4000,Yes,12280.8
BILL05171,A05171,10000,13777,0,Yes,4755.4
BILL05172,A05172,1000,8226,10000,Yes,3845.2
BILL05173,A05173,2500,9328,15000,No,26828.0
BILL05174,A05174,40000,12609,6000,Yes,11721.8
BILL05175,A05175,80000,6078,15000,No,101078.0
BILL05176,A05176,450000,18605,8000,Yes,95321.0
BILL05177,A05177,180000,2237,15000,Yes,39447.4
BILL05178,A05178,70000,13940,30000,Yes,22788.0
BILL05179,A05179,15000,1056,0,Yes,3211.2
BILL05180,A05180,80000,2489,16000,No,98489.0
BILL05181,A05181,5000,4511,0,Yes,1902.2
BILL05182,A05182,60000,17820,6000,No,83820.0
BILL05183,A05183,65000,17843,20000,Yes,20568.6
BILL05184,A05184,5000,8975,0,Yes,2795.0
BILL05185,A05185,65000,16020,0,No,81020.0
BILL05186,A05186,65000,8659,0,Yes,14731.8
BILL05187,A05187,2000,6650,0,Yes,1730.0
BILL05188,A05188,3000,8437,3000,No,14437.0
BILL05189,A05189,450000,5136,20000,Yes,95027.2
BILL05190,A05190,8000,10171,15000,Yes,6634.2
BILL05191,A05191,2500,10576,10000,Yes,4615.2
BILL05192,A05192,450000,1178,6000,No,457178.0
BILL05193,A05193,8000,4776,36000,No,48776.0
BILL05194,A05194,5000,17812,0,Yes,4562.4
BILL05195,A05195,15000,10644,28000,Yes,10728.8
BILL05196,A05196,12000,1836,0,Yes,2767.2
BILL05197,A05197,8000,13275,0,Yes,4255.0
BILL05198,A05198,8000,12744,0,No,20744.0
BILL05199,A05199,1500,1886,9000,Yes,2477.2
BILL05200,A05200,70000,8006,40000,Yes,23601.2
BILL05201,A05201,15000,6626,4000,Yes,5125.2
BILL05202,A05202,3500,1262,18000,Yes,4552.4
BILL05203,A05203,5000,10583,30000,No,45583.0
BILL05204,A05204,12000,10022,20000,No,42022.0
BILL05205,A05205,80000,4070,16000,Yes,20014.0
BILL05206,A05206,180000,16915,21000,No,217915.0
BILL05207,A05207,6000,9525,0,No,15525.0
BILL05208,A05208,12000,4899,25000,Yes,8379.8
BILL05209,A05209,800,2516,12000,Yes,3063.2
BILL05210,A05210,1200,2384,0,Yes,716.8
BILL05211,A05211,1200,7582,12000,No,20782.0
BILL05212,A05212,1500,12134,21000,No,34634.0
BILL05213,A05213,70000,8944,12000,No,90944.0
BILL05214,A05214,6000,4503,0,No,10503.0
BILL05215,A05215,4000,5133,4000,Yes,2626.6
BILL05216,A05216,12000,15401,0,No,27401.0
BILL05217,A05217,6000,4555,8000,Yes,3711.0
BILL05218,A05218,60000,7008,0,Yes,13401.6
BILL05219,A05219,180000,6987,5000,Yes,38397.4
BILL05220,A05220,35000,13770,16000,No,64770.0
BILL05221,A05221,35000,1784,15000,No,51784.0
BILL05222,A05222,15000,3017,0,No,18017.0
BILL05223,A05223,15000,17044,10000,No,42044.0
BILL05224,A05224,15000,11229,15000,Yes,8245.8
BILL05225,A05225,12000,16906,0,No,28906.0
BILL05226,A05226,3000,17685,6000,Yes,5337.0
BILL05227,A05227,5000,6556,0,No,11556.0
BILL05228,A05228,12000,1463,6000,Yes,3892.6
BILL05229,A05229,60000,14099,4000,Yes,15619.8
BILL05230,A05230,3500,17666,6000,Yes,5433.2
BILL05231,A05231,5000,12863,12000,Yes,5972.6
BILL05232,A05232,1200,16797,12000,No,29997.0
BILL05233,A05233,1000,4422,5000,No,10422.0
BILL05234,A05234,2000,7502,10000,Yes,3900.4
BILL05235,A05235,12000,11830,12000,No,35830.0
BILL05236,A05236,15000,2998,16000,Yes,6799.6
BILL05237,A05237,8000,4536,36000,Yes,9707.2
BILL05238,A05238,8000,10076,9000,Yes,5415.2
BILL05239,A05239,70000,17863,50000,Yes,27572.6
BILL05240,A05240,4000,1364,6000,No,11364.0
BILL05241,A05241,8000,13845,6000,Yes,5569.0
BILL05242,A05242,800,5666,15000,Yes,4293.2
BILL05243,A05243,15000,17075,6000,Yes,7615.0
BILL05244,A05244,15000,15287,20000,Yes,10057.4
BILL05245,A05245,1000,14205,0,Yes,3041.0
BILL05246,A05246,4000,1695,4000,Yes,1939.0
BILL05247,A05247,180000,18067,10000,No,208067.0
BILL05248,A05248,12000,1904,0,Yes,2780.8
BILL05249,A05249,15000,11558,0,Yes,5311.6
BILL05250,A05250,1500,13459,35000,Yes,9991.8
BILL05251,A05251,800,2019,16000,Yes,3763.8
BILL05252,A05252,65000,4720,10000,No,79720.0
BILL05253,A05253,1500,1088,18000,No,20588.0
BILL05254,A05254,12000,2314,0,Yes,2862.8
BILL05255,A05255,80000,13536,6000,No,99536.0
BILL05256,A05256,70000,1393,0,Yes,14278.6
BILL05257,A05257,450000,15430,12000,Yes,95486.0
BILL05258,A05258,3000,7474,4000,No,14474.0
BILL05259,A05259,3000,7663,0,No,10663.0
BILL05260,A05260,35000,12158,6000,No,53158.0
BILL05261,A05261,70000,17181,24000,Yes,22236.2
BILL05262,A05262,12000,4064,0,Yes,3212.8
BILL05263,A05263,8000,16401,0,No,24401.0
BILL05264,A05264,1000,5172,0,No,6172.0
BILL05265,A05265,4000,9143,8000,No,21143.0
BILL05266,A05266,1000,1821,6000,Yes,1764.2
BILL05267,A05267,450000,18670,4000,No,472670.0
BILL05268,A05268,15000,15161,9000,Yes,7832.2
BILL05269,A05269,3000,8279,10000,No,21279.0
BILL05270,A05270,800,18531,0,Yes,3866.2
BILL05271,A05271,1000,7445,0,Yes,1689.0
BILL05272,A05272,1500,4567,0,Yes,1213.4
BILL05273,A05273,180000,12642,20000,No,212642.0
BILL05274,A05274,8000,1091,4000,Yes,2618.2
BILL05275,A05275,3000,18996,0,No,21996.0
BILL05276,A05276,5000,9863,0,No,14863.0
BILL05277,A05277,3500,15347,12000,Yes,6169.4
BILL05278,A05278,3000,5926,15000,No,23926.0
BILL05279,A05279,3000,19269,50000,No,72269.0
BILL05280,A05280,8000,19266,40000,No,67266.0
BILL05281,A05281,60000,10212,15000,Yes,17042.4
BILL05282,A05282,1200,17611,0,Yes,3762.2
BILL05283,A05283,4000,12499,35000,Yes,10299.8
BILL05284,A05284,450000,19137,21000,Yes,98027.4
BILL05285,A05285,1200,19025,0,Yes,4045.0
BILL05286,A05286,10000,16898,0,Yes,5379.6
BILL05287,A05287,6000,6871,27000,No,39871.0
BILL05288,A05288,1000,4050,15000,No,20050.0
BILL05289,A05289,10000,7808,32000,No,49808.0
BILL05290,A05290,180000,14586,35000,Yes,45917.2
BILL05291,A05291,1000,2294,30000,Yes,6658.8
BILL05292,A05292,2000,1252,10000,Yes,2650.4
BILL05293,A05293,1200,4357,0,No,5557.0
BILL05294,A05294,3500,1500,5000,Yes,2000.0
BILL05295,A05295,4000,7574,16000,Yes,5514.8
BILL05296,A05296,1500,7974,0,Yes,1894.8
BILL05297,A05297,800,12355,9000,No,22155.0
BILL05298,A05298,8000,17546,6000,No,31546.0
BILL05299,A05299,180000,18887,16000,No,214887.0
BILL05300,A05300,15000,9829,14000,No,38829.0
BILL05301,A05301,5000,13852,18000,No,36852.0
BILL05302,A05302,6000,19055,15000,Yes,8011.0
BILL05303,A05303,70000,18497,12000,Yes,20099.4
BILL05304,A05304,1000,12254,0,Yes,2650.8
BILL05305,A05305,180000,9217,4000,No,193217.0
BILL05306,A05306,450000,13031,0,Yes,92606.2
BILL05307,A05307,2000,2885,9000,Yes,2777.0
BILL05308,A05308,250000,16291,0,Yes,53258.2
BILL05309,A05309,2000,5274,18000,No,25274.0
BILL05310,A05310,65000,10779,36000,No,111779.0
BILL05311,A05311,180000,4438,28000,No,212438.0
BILL05312,A05312,8000,9250,0,Yes,3450.0
BILL05313,A05313,70000,8384,0,No,78384.0
BILL05314,A05314,1000,9409,2000,No,12409.0
BILL05315,A05315,3500,5881,30000,No,39381.0
BILL05316,A05316,2500,532,0,No,3032.0
BILL05317,A05317,6000,17339,10000,Yes,6667.8
BILL05318,A05318,800,13256,6000,No,20056.0
BILL05319,A05319,15000,4326,15000,Yes,6865.2
BILL05320,A05320,15000,2959,10000,No,27959.0
BILL05321,A05321,1200,11472,0,Yes,2534.4
BILL05322,A05322,70000,2669,10000,Yes,16533.8
BILL05323,A05323,250000,9650,18000,Yes,55530.0
BILL05324,A05324,15000,2897,12000,Yes,5979.4
BILL05325,A05325,70000,13862,24000,No,107862.0
BILL05326,A05326,1000,17598,9000,No,27598.0
BILL05327,A05327,35000,15026,0,Yes,10005.2
BILL05328,A05328,3000,2148,12000,Yes,3429.6
BILL05329,A05329,3000,9668,0,Yes,2533.6
BILL05330,A05330,2000,16728,0,Yes,3745.6
BILL05331,A05331,1200,9724,35000,Yes,9184.8
BILL05332,A05332,10000,15213,0,No,25213.0
BILL05333,A05333,1000,13988,12000,Yes,5397.6
BILL05334,A05334,1500,11790,18000,Yes,6258.0
BILL05335,A05335,4000,3516,0,No,7516.0
BILL05336,A05336,5000,16036,15000,No,36036.0
BILL05337,A05337,15000,5774,8000,No,28774.0
BILL05338,A05338,4000,9135,12000,Yes,5027.0
BILL05339,A05339,6000,17669,0,Yes,4733.8
BILL05340,A05340,1200,6898,27000,Yes,7019.6
BILL05341,A05341,40000,8105,0,No,48105.0
BILL05342,A05342,1500,10795,40000,No,52295.0
BILL05343,A05343,3500,6111,15000,Yes,4922.2
BILL05344,A05344,180000,13650,2000,Yes,39130.0
BILL05345,A05345,8000,3093,30000,Yes,8218.6
BILL05346,A05346,10000,5882,4000,Yes,3976.4
BILL05347,A05347,8000,5853,14000,Yes,5570.6
BILL05348,A05348,6000,7671,5000,Yes,3734.2
BILL05349,A05349,800,17319,36000,Yes,10823.8
BILL05350,A05350,6000,16744,20000,Yes,8548.8
BILL05351,A05351,15000,6738,21000,Yes,8547.6
BILL05352,A05352,8000,18364,12000,Yes,7672.8
BILL05353,A05353,6000,19916,0,No,25916.0
BILL05354,A05354,35000,6027,12000,Yes,10605.4
BILL05355,A05355,1000,13462,0,Yes,2892.4
BILL05356,A05356,6000,3597,45000,Yes,10919.4
BILL05357,A05357,800,2233,0,Yes,606.6
BILL05358,A05358,40000,8696,2000,Yes,10139.2
BILL05359,A05359,6000,18004,0,No,24004.0
BILL05360,A05360,1000,15678,0,No,16678.0
BILL05361,A05361,70000,6080,3000,Yes,15816.0
BILL05362,A05362,10000,5791,0,No,15791.0
BILL05363,A05363,10000,19800,0,Yes,5960.0
BILL05364,A05364,2000,6836,28000,Yes,7367.2
BILL05365,A05365,8000,14258,12000,Yes,6851.6
BILL05366,A05366,1200,11645,20000,No,32845.0
BILL05367,A05367,800,14850,9000,No,24650.0
BILL05368,A05368,8000,8090,9000,No,25090.0
BILL05369,A05369,70000,17385,0,Yes,17477.0
BILL05370,A05370,6000,10934,0,Yes,3386.8
BILL05371,A05371,2000,8000,35000,No,45000.0
BILL05372,A05372,1000,1250,35000,No,37250.0
BILL05373,A05373,8000,19787,35000,Yes,12557.4
BILL05374,A05374,3000,4399,50000,Yes,11479.8
BILL05375,A05375,60000,2501,30000,No,92501.0
BILL05376,A05376,65000,16768,0,No,81768.0
BILL05377,A05377,3000,17482,12000,No,32482.0
BILL05378,A05378,4000,1006,0,No,5006.0
BILL05379,A05379,15000,12824,27000,Yes,10964.8
BILL05380,A05380,2500,6101,6000,Yes,2920.2
BILL05381,A05381,1000,11945,4000,No,16945.0
BILL05382,A05382,6000,3324,25000,No,34324.0
BILL05383,A05383,12000,12494,6000,No,30494.0
BILL05384,A05384,1200,18164,35000,No,54364.0
BILL05385,A05385,12000,9180,40000,Yes,12236.0
BILL05386,A05386,1200,2887,21000,Yes,5017.4
BILL05387,A05387,2500,19198,15000,Yes,7339.6
BILL05388,A05388,4000,13539,0,No,17539.0
BILL05389,A05389,15000,1792,0,Yes,3358.4
BILL05390,A05390,3500,18255,0,No,21755.0
BILL05391,A05391,2500,1029,12000,Yes,3105.8
BILL05392,A05392,6000,1738,32000,No,39738.0
BILL05393,A05393,1200,8030,0,No,9230.0
BILL05394,A05394,800,8717,24000,Yes,6703.4
BILL05395,A05395,15000,10269,0,No,25269.0
BILL05396,A05396,6000,17283,0,Yes,4656.6
BILL05397,A05397,15000,9791,0,Yes,4958.2
BILL05398,A05398,40000,18381,0,No,58381.0
BILL05399,A05399,3500,1673,15000,Yes,4034.6
BILL05400,A05400,2000,6366,0,No,8366.0
BILL05401,A05401,5000,13661,40000,Yes,11732.2
BILL05402,A05402,2500,6922,6000,Yes,3084.4
BILL05403,A05403,60000,15311,20000,Yes,19062.2
BILL05404,A05404,180000,3055,0,No,183055.0
BILL05405,A05405,3000,15619,0,Yes,3723.8
BILL05406,A05406,12000,16637,0,Yes,5727.4
BILL05407,A05407,12000,19328,0,Yes,6265.6
BILL05408,A05408,1000,5543,0,Yes,1308.6
BILL05409,A05409,12000,19400,0,Yes,6280.0
BILL05410,A05410,10000,1751,8000,No,19751.0
BILL05411,A05411,6000,521,25000,Yes,6304.2
BILL05412,A05412,8000,8281,0,Yes,3256.2
BILL05413,A05413,4000,9325,18000,No,31325.0
BILL05414,A05414,180000,12308,50000,Yes,48461.6
BILL05415,A05415,15000,11374,40000,Yes,13274.8
BILL05416,A05416,65000,1503,0,Yes,13300.6
BILL05417,A05417,1000,18252,12000,No,31252.0
BILL05418,A05418,12000,11727,4000,Yes,5545.4
BILL05419,A05419,180000,6481,35000,Yes,44296.2
BILL05420,A05420,6000,13412,0,Yes,3882.4
BILL05421,A05421,65000,10139,0,Yes,15027.8
BILL05422,A05422,1000,4861,20000,No,25861.0
BILL05423,A05423,1200,7780,9000,Yes,3596.0
BILL05424,A05424,15000,19262,16000,Yes,10052.4
BILL05425,A05425,2000,5887,24000,Yes,6377.4
BILL05426,A05426,12000,11243,0,Yes,4648.6
BILL05427,A05427,1000,11571,0,Yes,2514.2
BILL05428,A05428,2500,11750,45000,Yes,11850.0
BILL05429,A05429,40000,19356,0,Yes,11871.2
BILL05430,A05430,10000,19804,30000,No,59804.0
BILL05431,A05431,1000,7783,8000,Yes,3356.6
BILL05432,A05432,2000,12625,2000,Yes,3325.0
BILL05433,A05433,1000,17030,14000,Yes,6406.0
BILL05434,A05434,5000,13319,24000,Yes,8463.8
BILL05435,A05435,10000,16544,4000,No,30544.0
BILL05436,A05436,6000,18806,0,Yes,4961.2
BILL05437,A05437,1000,11000,0,No,12000.0
BILL05438,A05438,70000,9914,28000,Yes,21582.8
BILL05439,A05439,3000,6862,0,Yes,1972.4
BILL05440,A05440,1500,4431,16000,No,21931.0
BILL05441,A05441,8000,4209,10000,Yes,4441.8
BILL05442,A05442,6000,5900,4000,Yes,3180.0
BILL05443,A05443,10000,11431,6000,Yes,5486.2
BILL05444,A05444,1200,1735,10000,No,12935.0
BILL05445,A05445,800,7387,5000,Yes,2637.4
BILL05446,A05446,180000,11157,8000,Yes,39831.4
BILL05447,A05447,15000,11207,0,Yes,5241.4
BILL05448,A05448,15000,7597,18000,Yes,8119.4
BILL05449,A05449,5000,7527,10000,Yes,4505.4
BILL05450,A05450,60000,17687,18000,Yes,19137.4
BILL05451,A05451,4000,14467,5000,No,23467.0
BILL05452,A05452,6000,2000,4000,No,12000.0
BILL05453,A05453,1000,9208,24000,No,34208.0
BILL05454,A05454,6000,4075,24000,No,34075.0
BILL05455,A05455,80000,3355,20000,No,103355.0
BILL05456,A05456,35000,6310,20000,Yes,12262.0
BILL05457,A05457,6000,17841,2000,No,25841.0
BILL05458,A05458,8000,17661,0,Yes,5132.2
BILL05459,A05459,4000,4813,45000,Yes,10762.6
BILL05460,A05460,2000,12328,9000,Yes,4665.6
BILL05461,A05461,8000,17351,0,Yes,5070.2
BILL05462,A05462,70000,4984,0,Yes,14996.8
BILL05463,A05463,35000,14529,0,Yes,9905.8
BILL05464,A05464,65000,11131,10000,No,86131.0
BILL05465,A05465,12000,15238,0,Yes,5447.6
BILL05466,A05466,450000,5991,0,Yes,91198.2
BILL05467,A05467,8000,11571,20000,No,39571.0
BILL05468,A05468,800,9662,0,No,10462.0
BILL05469,A05469,1000,14326,20000,No,35326.0
BILL05470,A05470,180000,10898,8000,Yes,39779.6
BILL05471,A05471,1000,4723,4000,No,9723.0
BILL05472,A05472,8000,4388,6000,No,18388.0
BILL05473,A05473,60000,14528,12000,Yes,17305.6
BILL05474,A05474,3500,705,8000,Yes,2441.0
BILL05475,A05475,2000,10554,8000,Yes,4110.8
BILL05476,A05476,1500,19712,0,Yes,4242.4
BILL05477,A05477,60000,8247,6000,Yes,14849.4
BILL05478,A05478,10000,4292,12000,No,26292.0
BILL05479,A05479,5000,2768,0,Yes,1553.6
BILL05480,A05480,1000,11638,0,Yes,2527.6
BILL05481,A05481,2500,7187,10000,Yes,3937.4
BILL05482,A05482,3500,6468,6000,Yes,3193.6
BILL05483,A05483,1500,9818,10000,Yes,4263.6
BILL05484,A05484,6000,16576,15000,Yes,7515.2
BILL05485,A05485,8000,7777,15000,Yes,6155.4
BILL05486,A05486,1500,14952,24000,Yes,8090.4
BILL05487,A05487,2000,5405,4000,Yes,2281.0
BILL05488,A05488,12000,17385,9000,No,38385.0
BILL05489,A05489,250000,9934,12000,No,271934.0
BILL05490,A05490,70000,2780,24000,No,96780.0
BILL05491,A05491,3500,6164,6000,No,15664.0
BILL05492,A05492,15000,6739,0,Yes,4347.8
BILL05493,A05493,3500,5192,10000,Yes,3738.4
BILL05494,A05494,8000,3534,4000,Yes,3106.8
BILL05495,A05495,6000,765,4000,Yes,2153.0
BILL05496,A05496,1500,14110,8000,Yes,4722.0
BILL05497,A05497,800,7183,15000,Yes,4596.6
BILL05498,A05498,5000,17949,24000,No,46949.0
BILL05499,A05499,1200,13739,2000,No,16939.0
BILL05500,A05500,6000,6298,21000,No,33298.0
BILL05501,A05501,250000,16231,45000,Yes,62246.2
BILL05502,A05502,1500,12400,4000,Yes,3580.0
BILL05503,A05503,2500,12916,3000,No,18416.0
BILL05504,A05504,180000,1571,40000,Yes,44314.2
BILL05505,A05505,8000,3456,35000,Yes,9291.2
BILL05506,A05506,35000,18646,9000,No,62646.0
BILL05507,A05507,1200,13361,20000,Yes,6912.2
BILL05508,A05508,1500,6452,10000,No,17952.0
BILL05509,A05509,35000,15860,15000,Yes,13172.0
BILL05510,A05510,450000,7547,9000,Yes,93309.4
BILL05511,A05511,180000,7619,0,No,187619.0
BILL05512,A05512,450000,1459,16000,Yes,93491.8
BILL05513,A05513,250000,5585,0,No,255585.0
BILL05514,A05514,2500,6109,18000,No,26609.0
BILL05515,A05515,4000,11213,2000,Yes,3442.6
BILL05516,A05516,1500,8242,0,Yes,1948.4
BILL05517,A05517,15000,5957,28000,No,48957.0
BILL05518,A05518,6000,8512,15000,Yes,5902.4
BILL05519,A05519,450000,10594,20000,Yes,96118.8
BILL05520,A05520,3500,16526,0,No,20026.0
BILL05521,A05521,8000,16657,6000,Yes,6131.4
BILL05522,A05522,15000,13380,0,Yes,5676.0
BILL05523,A05523,1000,1140,28000,Yes,6028.0
BILL05524,A05524,65000,8819,0,Yes,14763.8
BILL05525,A05525,40000,4316,27000,No,71316.0
BILL05526,A05526,65000,19579,0,Yes,16915.8
BILL05527,A05527,65000,19211,9000,Yes,18642.2
BILL05528,A05528,12000,5811,6000,Yes,4762.2
BILL05529,A05529,2000,15852,0,No,17852.0
BILL05530,A05530,10000,7520,5000,No,22520.0
BILL05531,A05531,8000,11211,15000,Yes,6842.2
BILL05532,A05532,2500,18794,0,Yes,4258.8
BILL05533,A05533,10000,1420,8000,Yes,3884.0
BILL05534,A05534,180000,12437,30000,No,222437.0
BILL05535,A05535,3000,2278,0,Yes,1055.6
BILL05536,A05536,1200,1957,24000,No,27157.0
BILL05537,A05537,15000,16521,10000,Yes,8304.2
BILL05538,A05538,250000,17077,45000,Yes,62415.4
BILL05539,A05539,60000,7400,12000,No,79400.0
BILL05540,A05540,3500,12210,6000,Yes,4342.0
BILL05541,A05541,70000,18030,0,No,88030.0
BILL05542,A05542,8000,1825,9000,Yes,3765.0
BILL05543,A05543,65000,10399,0,No,75399.0
BILL05544,A05544,3500,3187,0,Yes,1337.4
BILL05545,A05545,70000,2676,0,No,72676.0
BILL05546,A05546,3500,5841,24000,No,33341.0
BILL05547,A05547,60000,19194,0,Yes,15838.8
BILL05548,A05548,2000,5389,24000,No,31389.0
BILL05549,A05549,180000,19730,12000,No,211730.0
BILL05550,A05550,65000,3530,0,Yes,13706.0
BILL05551,A05551,1000,9582,12000,Yes,4516.4
BILL05552,A05552,10000,6933,6000,Yes,4586.6
BILL05553,A05553,5000,15904,2000,Yes,4580.8
BILL05554,A05554,12000,19947,10000,Yes,8389.4
BILL05555,A05555,2000,4273,9000,Yes,3054.6
BILL05556,A05556,1000,5445,0,Yes,1289.0
BILL05557,A05557,70000,5657,0,No,75657.0
BILL05558,A05558,800,15584,0,Yes,3276.8
BILL05559,A05559,10000,5075,0,Yes,3015.0
BILL05560,A05560,12000,3424,8000,Yes,4684.8
BILL05561,A05561,80000,13695,20000,Yes,22739.0
BILL05562,A05562,40000,6421,6000,Yes,10484.2
BILL05563,A05563,3000,1545,10000,Yes,2909.0
BILL05564,A05564,450000,11737,10000,No,471737.0
BILL05565,A05565,250000,6986,24000,Yes,56197.2
BILL05566,A05566,2500,19239,3000,Yes,4947.8
BILL05567,A05567,180000,11553,0,Yes,38310.6
BILL05568,A05568,3000,6360,30000,No,39360.0
BILL05569,A05569,65000,10378,0,Yes,15075.6
BILL05570,A05570,3500,9742,24000,Yes,7448.4
BILL05571,A05571,6000,9820,4000,No,19820.0
BILL05572,A05572,3500,13436,21000,No,37936.0
BILL05573,A05573,3500,786,40000,No,44286.0
BILL05574,A05574,80000,5419,0,Yes,17083.8
BILL05575,A05575,2500,1060,0,No,3560.0
BILL05576,A05576,80000,12516,4000,No,96516.0
BILL05577,A05577,4000,2663,14000,No,20663.0
BILL05578,A05578,8000,7532,0,Yes,3106.4
BILL05579,A05579,1500,19618,10000,No,31118.0
BILL05580,A05580,6000,3684,9000,No,18684.0
BILL05581,A05581,35000,4387,27000,Yes,13277.4
BILL05582,A05582,5000,14389,0,Yes,3877.8
BILL05583,A05583,2000,18182,32000,Yes,10436.4
BILL05584,A05584,1200,4770,0,No,5970.0
BILL05585,A05585,180000,8998,2000,No,190998.0
BILL05586,A05586,15000,5617,8000,Yes,5723.4
BILL05587,A05587,70000,16289,0,Yes,17257.8
BILL05588,A05588,3500,12356,6000,Yes,4371.2
BILL05589,A05589,15000,18769,10000,Yes,8753.8
BILL05590,A05590,250000,5951,4000,Yes,51990.2
BILL05591,A05591,250000,3297,10000,Yes,52659.4
BILL05592,A05592,450000,19859,2000,Yes,94371.8
BILL05593,A05593,800,4759,27000,No,32559.0
BILL05594,A05594,6000,17901,14000,Yes,7580.2
BILL05595,A05595,40000,9054,9000,No,58054.0
BILL05596,A05596,12000,748,0,No,12748.0
BILL05597,A05597,12000,9853,20000,Yes,8370.6
BILL05598,A05598,15000,4585,2000,Yes,4317.0
BILL05599,A05599,80000,13788,10000,Yes,20757.6
BILL05600,A05600,80000,15293,8000,Yes,20658.6
BILL05601,A05601,800,10601,0,Yes,2280.2
BILL05602,A05602,450000,19837,0,Yes,93967.4
BILL05603,A05603,35000,14431,0,No,49431.0
BILL05604,A05604,80000,8733,20000,No,108733.0
BILL05605,A05605,8000,4984,28000,Yes,8196.8
BILL05606,A05606,12000,589,4000,Yes,3317.8
BILL05607,A05607,12000,2446,6000,No,20446.0
BILL05608,A05608,12000,17348,14000,Yes,8669.6
BILL05609,A05609,8000,1373,30000,Yes,7874.6
BILL05610,A05610,1200,3789,35000,Yes,7997.8
BILL05611,A05611,12000,3448,5000,Yes,4089.6
BILL05612,A05612,5000,17417,4000,Yes,5283.4
BILL05613,A05613,12000,17436,4000,No,33436.0
BILL05614,A05614,450000,12501,40000,Yes,100500.2
BILL05615,A05615,70000,19923,0,No,89923.0
BILL05616,A05616,1200,4044,36000,No,41244.0
BILL05617,A05617,65000,15686,2000,Yes,16537.2
BILL05618,A05618,5000,1891,0,Yes,1378.2
BILL05619,A05619,8000,8577,0,Yes,3315.4
BILL05620,A05620,10000,8010,16000,Yes,6802.0
BILL05621,A05621,70000,2066,28000,Yes,20013.2
BILL05622,A05622,65000,17889,0,Yes,16577.8
BILL05623,A05623,70000,7037,0,Yes,15407.4
BILL05624,A05624,4000,6940,4000,Yes,2988.0
BILL05625,A05625,1000,14757,6000,Yes,4351.4
BILL05626,A05626,65000,17805,20000,Yes,20561.0
BILL05627,A05627,3500,14573,28000,Yes,9214.6
BILL05628,A05628,3500,7203,6000,Yes,3340.6
BILL05629,A05629,15000,11436,30000,No,56436.0
BILL05630,A05630,180000,7065,50000,Yes,47413.0
BILL05631,A05631,15000,14900,0,No,29900.0
BILL05632,A05632,800,13398,40000,No,54198.0
BILL05633,A05633,65000,3086,8000,Yes,15217.2
BILL05634,A05634,1000,17690,6000,No,24690.0
BILL05635,A05635,8000,16064,6000,Yes,6012.8
BILL05636,A05636,1000,9216,10000,Yes,4043.2
BILL05637,A05637,8000,3782,0,No,11782.0
BILL05638,A05638,180000,19810,14000,No,213810.0
BILL05639,A05639,60000,4316,12000,Yes,15263.2
BILL05640,A05640,8000,16413,0,Yes,4882.6
BILL05641,A05641,1000,8767,12000,Yes,4353.4
BILL05642,A05642,2000,9107,0,Yes,2221.4
BILL05643,A05643,12000,18589,2000,No,32589.0
BILL05644,A05644,10000,18945,8000,Yes,7389.0
BILL05645,A05645,60000,10823,30000,No,100823.0
BILL05646,A05646,1000,2655,0,No,3655.0
BILL05647,A05647,180000,1885,32000,Yes,42777.0
BILL05648,A05648,70000,16944,4000,No,90944.0
BILL05649,A05649,12000,10252,50000,No,72252.0
BILL05650,A05650,65000,13443,15000,Yes,18688.6
BILL05651,A05651,6000,2633,15000,Yes,4726.6
BILL05652,A05652,3500,14885,6000,No,24385.0
BILL05653,A05653,1200,13024,8000,Yes,4444.8
BILL05654,A05654,80000,13017,4000,Yes,19403.4
BILL05655,A05655,5000,16391,28000,No,49391.0
BILL05656,A05656,2500,16393,0,Yes,3778.6
BILL05657,A05657,1200,8634,21000,No,30834.0
BILL05658,A05658,1200,11061,25000,Yes,7452.2
BILL05659,A05659,60000,17388,16000,Yes,18677.6
BILL05660,A05660,800,4233,0,No,5033.0
BILL05661,A05661,15000,2695,0,Yes,3539.0
BILL05662,A05662,1500,14616,15000,Yes,6223.2
BILL05663,A05663,35000,15811,0,Yes,10162.2
BILL05664,A05664,65000,18212,0,Yes,16642.4
BILL05665,A05665,180000,13959,2000,No,195959.0
BILL05666,A05666,2000,1398,0,Yes,679.6
BILL05667,A05667,180000,18383,0,Yes,39676.6
BILL05668,A05668,8000,19228,10000,No,37228.0
BILL05669,A05669,6000,4168,18000,No,28168.0
BILL05670,A05670,450000,1234,12000,No,463234.0
BILL05671,A05671,15000,17153,0,No,32153.0
BILL05672,A05672,450000,2813,0,No,452813.0
BILL05673,A05673,4000,10465,30000,Yes,8893.0
BILL05674,A05674,80000,4440,10000,No,94440.0
BILL05675,A05675,35000,12167,27000,Yes,14833.4
BILL05676,A05676,12000,14929,12000,Yes,7785.8
BILL05677,A05677,15000,877,30000,Yes,9175.4
BILL05678,A05678,10000,1341,0,Yes,2268.2
BILL05679,A05679,65000,14222,5000,Yes,16844.4
BILL05680,A05680,2500,3570,27000,No,33070.0
BILL05681,A05681,3500,12960,12000,Yes,5692.0
BILL05682,A05682,1000,13713,0,No,14713.0
BILL05683,A05683,15000,3253,0,Yes,3650.6
BILL05684,A05684,8000,16873,0,No,24873.0
BILL05685,A05685,8000,14376,27000,Yes,9875.2
BILL05686,A05686,250000,13348,0,No,263348.0
BILL05687,A05687,40000,2139,12000,Yes,10827.8
BILL05688,A05688,12000,12120,21000,No,45120.0
BILL05689,A05689,1500,8975,6000,No,16475.0
BILL05690,A05690,3000,14377,2000,Yes,3875.4
BILL05691,A05691,1000,1942,35000,No,37942.0
BILL05692,A05692,5000,8630,0,Yes,2726.0
BILL05693,A05693,10000,18627,6000,Yes,6925.4
BILL05694,A05694,250000,12866,0,Yes,52573.2
BILL05695,A05695,8000,15581,15000,Yes,7716.2
BILL05696,A05696,2000,1980,10000,No,13980.0
BILL05697,A05697,800,9774,15000,Yes,5114.8
BILL05698,A05698,1200,8647,0,No,9847.0
BILL05699,A05699,8000,14567,0,Yes,4513.4
BILL05700,A05700,40000,17267,12000,Yes,13853.4
BILL05701,A05701,3500,15047,18000,Yes,7309.4
BILL05702,A05702,12000,11576,0,Yes,4715.2
BILL05703,A05703,12000,5736,0,Yes,3547.2
BILL05704,A05704,70000,8467,25000,Yes,20693.4
BILL05705,A05705,8000,18414,9000,Yes,7082.8
BILL05706,A05706,4000,19304,24000,Yes,9460.8
BILL05707,A05707,180000,13611,6000,Yes,39922.2
BILL05708,A05708,2000,14783,6000,No,22783.0
BILL05709,A05709,60000,13449,50000,Yes,24689.8
BILL05710,A05710,180000,17775,15000,Yes,42555.0
BILL05711,A05711,5000,2733,0,Yes,1546.6
BILL05712,A05712,450000,2577,0,Yes,90515.4
BILL05713,A05713,800,7527,4000,Yes,2465.4
BILL05714,A05714,12000,8635,8000,No,28635.0
BILL05715,A05715,65000,5849,18000,No,88849.0
BILL05716,A05716,1000,4037,3000,Yes,1607.4
BILL05717,A05717,180000,13857,0,Yes,38771.4
BILL05718,A05718,12000,8646,0,No,20646.0
BILL05719,A05719,2500,11025,2000,Yes,3105.0
BILL05720,A05720,60000,1218,0,Yes,12243.6
BILL05721,A05721,80000,9623,0,Yes,17924.6
BILL05722,A05722,80000,9091,16000,Yes,21018.2
BILL05723,A05723,4000,14554,32000,No,50554.0
BILL05724,A05724,180000,6832,0,Yes,37366.4
BILL05725,A05725,70000,19086,20000,Yes,21817.2
BILL05726,A05726,12000,2570,20000,No,34570.0
BILL05727,A05727,65000,16367,2000,No,83367.0
BILL05728,A05728,1000,4654,0,Yes,1130.8
BILL05729,A05729,1000,19283,0,Yes,4056.6
BILL05730,A05730,12000,593,15000,Yes,5518.6
BILL05731,A05731,1000,18560,6000,Yes,5112.0
BILL05732,A05732,1200,3108,10000,Yes,2861.6
BILL05733,A05733,800,17440,20000,No,38240.0
BILL05734,A05734,250000,11197,12000,No,273197.0
BILL05735,A05735,1000,12838,0,Yes,2767.6
BILL05736,A05736,70000,18142,0,No,88142.0
BILL05737,A05737,450000,19563,20000,No,489563.0
BILL05738,A05738,5000,18507,0,Yes,4701.4
BILL05739,A05739,250000,17104,40000,Yes,61420.8
BILL05740,A05740,15000,3458,4000,Yes,4491.6
BILL05741,A05741,6000,9059,0,No,15059.0
BILL05742,A05742,15000,2115,0,Yes,3423.0
BILL05743,A05743,60000,4916,0,Yes,12983.2
BILL05744,A05744,15000,16155,8000,Yes,7831.0
BILL05745,A05745,12000,13000,2000,Yes,5400.0
BILL05746,A05746,2000,2806,10000,Yes,2961.2
BILL05747,A05747,12000,2527,0,No,14527.0
BILL05748,A05748,1500,18123,5000,Yes,4924.6
BILL05749,A05749,60000,10801,6000,Yes,15360.2
BILL05750,A05750,4000,4621,6000,Yes,2924.2
BILL05751,A05751,80000,9016,40000,Yes,25803.2
BILL05752,A05752,180000,2328,0,Yes,36465.6
BILL05753,A05753,180000,2110,12000,Yes,38822.0
BILL05754,A05754,15000,19256,0,No,34256.0
BILL05755,A05755,5000,10288,0,Yes,3057.6
BILL05756,A05756,2000,10111,15000,No,27111.0
BILL05757,A05757,3500,9477,10000,Yes,4595.4
BILL05758,A05758,6000,13949,0,Yes,3989.8
BILL05759,A05759,15000,14780,20000,Yes,9956.0
BILL05760,A05760,8000,10682,0,Yes,3736.4
BILL05761,A05761,80000,12433,0,No,92433.0
BILL05762,A05762,12000,11638,0,Yes,4727.6
BILL05763,A05763,40000,10609,16000,No,66609.0
BILL05764,A05764,4000,6800,2000,Yes,2560.0
BILL05765,A05765,6000,8446,28000,Yes,8489.2
BILL05766,A05766,12000,13752,0,No,25752.0
BILL05767,A05767,1200,6539,5000,Yes,2547.8
BILL05768,A05768,250000,9976,0,Yes,51995.2
BILL05769,A05769,4000,11444,40000,Yes,11088.8
BILL05770,A05770,8000,2259,4000,No,14259.0
BILL05771,A05771,2000,14442,30000,No,46442.0
BILL05772,A05772,4000,4380,0,Yes,1676.0
BILL05773,A05773,70000,6432,10000,Yes,17286.4
BILL05774,A05774,12000,16175,45000,Yes,14635.0
BILL05775,A05775,8000,4901,20000,Yes,6580.2
BILL05776,A05776,12000,13284,4000,Yes,5856.8
BILL05777,A05777,12000,6295,36000,No,54295.0
BILL05778,A05778,6000,3774,0,Yes,1954.8
BILL05779,A05779,1200,16994,32000,Yes,10038.8
BILL05780,A05780,250000,17443,0,No,267443.0
BILL05781,A05781,12000,700,16000,Yes,5740.0
BILL05782,A05782,5000,19794,0,Yes,4958.8
BILL05783,A05783,6000,16704,30000,Yes,10540.8
BILL05784,A05784,2500,3093,0,Yes,1118.6
BILL05785,A05785,15000,12242,15000,No,42242.0
BILL05786,A05786,4000,946,28000,Yes,6589.2
BILL05787,A05787,70000,13887,20000,No,103887.0
BILL05788,A05788,3000,14426,18000,Yes,7085.2
BILL05789,A05789,5000,4134,0,Yes,1826.8
BILL05790,A05790,8000,17826,0,Yes,5165.2
BILL05791,A05791,12000,16186,8000,Yes,7237.2
BILL05792,A05792,180000,11828,5000,No,196828.0
BILL05793,A05793,8000,17942,0,Yes,5188.4
BILL05794,A05794,2500,11980,27000,Yes,8296.0
BILL05795,A05795,250000,9174,0,Yes,51834.8
BILL05796,A05796,60000,4543,6000,Yes,14108.6
BILL05797,A05797,450000,8797,36000,No,494797.0
BILL05798,A05798,65000,9293,12000,Yes,17258.6
BILL05799,A05799,35000,14565,12000,Yes,12313.0
BILL05800,A05800,1200,12539,36000,No,49739.0
BILL05801,A05801,6000,11593,6000,No,23593.0
BILL05802,A05802,5000,3013,0,Yes,1602.6
BILL05803,A05803,60000,6842,0,No,66842.0
BILL05804,A05804,1200,15162,20000,No,36362.0
BILL05805,A05805,12000,16597,4000,Yes,6519.4
BILL05806,A05806,80000,13546,27000,Yes,24109.2
BILL05807,A05807,60000,10116,12000,Yes,16423.2
BILL05808,A05808,5000,1506,0,No,6506.0
BILL05809,A05809,35000,18689,15000,No,68689.0
BILL05810,A05810,5000,2884,0,Yes,1576.8
BILL05811,A05811,8000,913,4000,No,12913.0
BILL05812,A05812,35000,2704,0,No,37704.0
BILL05813,A05813,40000,1866,8000,Yes,9973.2
BILL05814,A05814,2000,6868,2000,Yes,2173.6
BILL05815,A05815,12000,8021,8000,No,28021.0
BILL05816,A05816,8000,16983,3000,Yes,5596.6
BILL05817,A05817,1500,8018,0,No,9518.0
BILL05818,A05818,3000,10513,0,Yes,2702.6
BILL05819,A05819,6000,3902,2000,No,11902.0
BILL05820,A05820,1000,13487,50000,Yes,12897.4
BILL05821,A05821,5000,9891,0,No,14891.0
BILL05822,A05822,15000,11816,0,Yes,5363.2
BILL05823,A05823,4000,8835,36000,Yes,9767.0
BILL05824,A05824,80000,14508,2000,No,96508.0
BILL05825,A05825,3000,7389,0,No,10389.0
BILL05826,A05826,1500,16068,6000,Yes,4713.6
BILL05827,A05827,1000,18603,18000,Yes,7520.6
BILL05828,A05828,5000,11002,0,Yes,3200.4
BILL05829,A05829,12000,4541,12000,Yes,5708.2
BILL05830,A05830,40000,16960,4000,No,60960.0
BILL05831,A05831,1200,13148,20000,No,34348.0
BILL05832,A05832,40000,17791,6000,No,63791.0
BILL05833,A05833,5000,2496,24000,No,31496.0
BILL05834,A05834,1000,10805,50000,Yes,12361.0
BILL05835,A05835,6000,4853,10000,Yes,4170.6
BILL05836,A05836,35000,15226,24000,Yes,14845.2
BILL05837,A05837,1000,8120,10000,No,19120.0
BILL05838,A05838,1200,18209,10000,No,29409.0
BILL05839,A05839,3500,6235,28000,Yes,7547.0
BILL05840,A05840,1500,7175,18000,Yes,5335.0
BILL05841,A05841,180000,5832,0,Yes,37166.4
BILL05842,A05842,10000,3881,21000,No,34881.0
BILL05843,A05843,65000,18512,15000,Yes,19702.4
BILL05844,A05844,2500,5648,21000,No,29148.0
BILL05845,A05845,12000,17443,2000,No,31443.0
BILL05846,A05846,1000,18753,30000,Yes,9950.6
BILL05847,A05847,65000,4469,16000,No,85469.0
BILL05848,A05848,10000,988,15000,Yes,5197.6
BILL05849,A05849,65000,569,4000,Yes,13913.8
BILL05850,A05850,800,17605,15000,Yes,6681.0
BILL05851,A05851,8000,12932,10000,Yes,6186.4
BILL05852,A05852,10000,1476,35000,No,46476.0
BILL05853,A05853,3000,4487,6000,Yes,2697.4
BILL05854,A05854,60000,10182,9000,Yes,15836.4
BILL05855,A05855,70000,3545,0,Yes,14709.0
BILL05856,A05856,6000,8208,0,No,14208.0
BILL05857,A05857,60000,8494,6000,Yes,14898.8
BILL05858,A05858,12000,2052,25000,Yes,7810.4
BILL05859,A05859,40000,18533,12000,Yes,14106.6
BILL05860,A05860,6000,10636,50000,No,66636.0
BILL05861,A05861,12000,19790,28000,No,59790.0
BILL05862,A05862,2000,3700,12000,Yes,3540.0
BILL05863,A05863,6000,1053,10000,No,17053.0
BILL05864,A05864,5000,13747,6000,Yes,4949.4
BILL05865,A05865,80000,9640,0,No,89640.0
BILL05866,A05866,3500,19778,30000,Yes,10655.6
BILL05867,A05867,5000,2942,0,Yes,1588.4
BILL05868,A05868,60000,2009,10000,Yes,14401.8
BILL05869,A05869,6000,13277,15000,Yes,6855.4
BILL05870,A05870,250000,2919,2000,No,254919.0
BILL05871,A05871,5000,13377,0,Yes,3675.4
BILL05872,A05872,15000,3335,0,No,18335.0
BILL05873,A05873,8000,7866,8000,Yes,4773.2
BILL05874,A05874,70000,15147,8000,Yes,18629.4
BILL05875,A05875,10000,19881,0,No,29881.0
BILL05876,A05876,6000,15882,0,Yes,4376.4
BILL05877,A05877,40000,992,20000,No,60992.0
BILL05878,A05878,1500,6878,0,Yes,1675.6
BILL05879,A05879,40000,7129,20000,Yes,13425.8
BILL05880,A05880,65000,12883,0,Yes,15576.6
BILL05881,A05881,10000,15544,0,Yes,5108.8
BILL05882,A05882,15000,18192,35000,Yes,13638.4
BILL05883,A05883,250000,17540,2000,Yes,53908.0
BILL05884,A05884,1500,16402,10000,Yes,5580.4
BILL05885,A05885,10000,12656,25000,Yes,9531.2
BILL05886,A05886,2000,15361,0,Yes,3472.2
BILL05887,A05887,3500,12855,4000,No,20355.0
BILL05888,A05888,1200,8257,12000,Yes,4291.4
BILL05889,A05889,4000,3350,18000,Yes,5070.0
BILL05890,A05890,10000,12247,20000,No,42247.0
BILL05891,A05891,80000,17604,0,Yes,19520.8
BILL05892,A05892,60000,10419,0,Yes,14083.8
BILL05893,A05893,6000,691,12000,No,18691.0
BILL05894,A05894,35000,2886,25000,Yes,12577.2
BILL05895,A05895,10000,17227,36000,No,63227.0
BILL05896,A05896,3500,4359,0,Yes,1571.8
BILL05897,A05897,180000,10028,2000,No,192028.0
BILL05898,A05898,3000,5020,45000,Yes,10604.0
BILL05899,A05899,250000,6558,20000,Yes,55311.6
BILL05900,A05900,180000,18569,6000,Yes,40913.8
BILL05901,A05901,1000,19905,0,No,20905.0
BILL05902,A05902,3500,14778,0,Yes,3655.6
BILL05903,A05903,2000,5117,0,Yes,1423.4
BILL05904,A05904,2500,19755,0,Yes,4451.0
BILL05905,A05905,40000,9161,36000,Yes,17032.2
BILL05906,A05906,1000,4821,20000,No,25821.0
BILL05907,A05907,1200,11857,24000,Yes,7411.4
BILL05908,A05908,250000,1986,0,Yes,50397.2
BILL05909,A05909,70000,17073,0,Yes,17414.6
BILL05910,A05910,3500,19439,15000,Yes,7587.8
BILL05911,A05911,1000,12531,0,No,13531.0
BILL05912,A05912,3500,19325,6000,No,28825.0
BILL05913,A05913,3500,2131,0,Yes,1126.2
BILL05914,A05914,3500,7694,8000,Yes,3838.8
BILL05915,A05915,12000,2231,35000,Yes,9846.2
BILL05916,A05916,1500,4956,40000,No,46456.0
BILL05917,A05917,450000,15901,0,Yes,93180.2
BILL05918,A05918,1000,18849,4000,No,23849.0
BILL05919,A05919,5000,9674,14000,Yes,5734.8
BILL05920,A05920,180000,16408,24000,Yes,44081.6
BILL05921,A05921,15000,9079,35000,Yes,11815.8
BILL05922,A05922,3500,4964,0,Yes,1692.8
BILL05923,A05923,1000,18268,0,Yes,3853.6
BILL05924,A05924,1000,2659,14000,No,17659.0
BILL05925,A05925,2000,18930,8000,Yes,5786.0
BILL05926,A05926,450000,19320,8000,No,477320.0
BILL05927,A05927,40000,6332,20000,No,66332.0
BILL05928,A05928,12000,4078,6000,Yes,4415.6
BILL05929,A05929,800,14505,4000,No,19305.0
BILL05930,A05930,1000,1929,4000,Yes,1385.8
BILL05931,A05931,8000,14937,4000,No,26937.0
BILL05932,A05932,70000,4961,18000,Yes,18592.2
BILL05933,A05933,5000,15651,14000,No,34651.0
BILL05934,A05934,80000,19952,0,No,99952.0
BILL05935,A05935,15000,650,0,Yes,3130.0
BILL05936,A05936,12000,3338,8000,Yes,4667.6
BILL05937,A05937,6000,11222,0,Yes,3444.4
BILL05938,A05938,15000,5115,0,Yes,4023.0
BILL05939,A05939,15000,18697,9000,No,42697.0
BILL05940,A05940,2500,14004,16000,Yes,6500.8
BILL05941,A05941,250000,8924,8000,No,266924.0
BILL05942,A05942,80000,4286,25000,No,109286.0
BILL05943,A05943,1000,3386,6000,No,10386.0
BILL05944,A05944,1000,7125,8000,No,16125.0
BILL05945,A05945,60000,3208,3000,No,66208.0
BILL05946,A05946,15000,2817,0,Yes,3563.4
BILL05947,A05947,1000,1987,30000,Yes,6597.4
BILL05948,A05948,250000,18898,50000,Yes,63779.6
BILL05949,A05949,2000,6502,6000,Yes,2900.4
BILL05950,A05950,1000,10224,0,No,11224.0
BILL05951,A05951,800,12294,10000,Yes,4618.8
BILL05952,A05952,15000,8428,12000,No,35428.0
BILL05953,A05953,5000,5460,5000,Yes,3092.0
BILL05954,A05954,6000,13791,12000,No,31791.0
BILL05955,A05955,1500,14767,0,No,16267.0
BILL05956,A05956,65000,15173,21000,Yes,20234.6
BILL05957,A05957,15000,7677,32000,No,54677.0
BILL05958,A05958,5000,18258,0,Yes,4651.6
BILL05959,A05959,2500,6295,40000,No,48795.0
BILL05960,A05960,250000,13037,24000,Yes,57407.4
BILL05961,A05961,6000,5018,12000,Yes,4603.6
BILL05962,A05962,8000,2239,25000,No,35239.0
BILL05963,A05963,12000,9566,0,Yes,4313.2
BILL05964,A05964,10000,15212,0,Yes,5042.4
BILL05965,A05965,4000,12434,0,Yes,3286.8
BILL05966,A05966,10000,18999,27000,No,55999.0
BILL05967,A05967,800,818,18000,Yes,3923.6
BILL05968,A05968,15000,11421,28000,Yes,10884.2
BILL05969,A05969,65000,16667,12000,No,93667.0
BILL05970,A05970,35000,3833,3000,Yes,8366.6
BILL05971,A05971,450000,3230,14000,Yes,93446.0
BILL05972,A05972,800,17130,25000,Yes,8586.0
BILL05973,A05973,8000,1125,3000,Yes,2425.0
BILL05974,A05974,65000,10164,40000,No,115164.0
BILL05975,A05975,12000,2268,24000,Yes,7653.6
BILL05976,A05976,15000,1279,30000,No,46279.0
BILL05977,A05977,4000,12655,30000,Yes,9331.0
BILL05978,A05978,800,9283,14000,No,24083.0
BILL05979,A05979,3500,521,4000,No,8021.0
BILL05980,A05980,250000,6471,25000,No,281471.0
BILL05981,A05981,60000,19043,8000,No,87043.0
BILL05982,A05982,40000,2450,12000,Yes,10890.0
BILL05983,A05983,1200,14186,20000,Yes,7077.2
BILL05984,A05984,40000,4137,16000,Yes,12027.4
BILL05985,A05985,1000,6499,28000,No,35499.0
BILL05986,A05986,800,19774,8000,Yes,5714.8
BILL05987,A05987,3500,11634,0,Yes,3026.8
BILL05988,A05988,12000,1936,15000,Yes,5787.2
BILL05989,A05989,2500,15014,21000,No,38514.0
BILL05990,A05990,80000,15694,0,No,95694.0
BILL05991,A05991,1500,19829,0,Yes,4265.8
BILL05992,A05992,10000,8056,4000,Yes,4411.2
BILL05993,A05993,60000,13367,0,No,73367.0
BILL05994,A05994,1500,7585,0,No,9085.0
BILL05995,A05995,3000,899,15000,No,18899.0
BILL05996,A05996,1000,19471,20000,Yes,8094.2
BILL05997,A05997,70000,11910,0,No,81910.0
BILL05998,A05998,65000,7529,20000,Yes,18505.8
BILL05999,A05999,65000,9813,8000,Yes,16562.6
BILL06000,A06000,80000,10326,14000,No,104326.0
BILL06001,A06001,5000,11536,9000,No,25536.0
BILL06002,A06002,8000,12269,12000,No,32269.0
BILL06003,A06003,250000,8483,0,No,258483.0
BILL06004,A06004,4000,11656,0,Yes,3131.2
BILL06005,A06005,15000,13211,2000,Yes,6042.2
BILL06006,A06006,1500,13854,20000,Yes,7070.8
BILL06007,A06007,180000,19427,0,Yes,39885.4
BILL06008,A06008,12000,13534,45000,No,70534.0
BILL06009,A06009,12000,18440,20000,Yes,10088.0
BILL06010,A06010,8000,13176,0,Yes,4235.2
BILL06011,A06011,65000,1944,12000,No,78944.0
BILL06012,A06012,12000,16915,20000,No,48915.0
BILL06013,A06013,250000,4606,30000,No,284606.0
BILL06014,A06014,3500,19186,0,Yes,4537.2
BILL06015,A06015,8000,12786,27000,Yes,9557.2
BILL06016,A06016,6000,13365,30000,Yes,9873.0
BILL06017,A06017,15000,5650,36000,Yes,11330.0
BILL06018,A06018,800,7642,21000,Yes,5888.4
BILL06019,A06019,15000,862,6000,Yes,4372.4
BILL06020,A06020,2000,12934,36000,Yes,10186.8
BILL06021,A06021,6000,13317,18000,Yes,7463.4
BILL06022,A06022,3000,15552,0,Yes,3710.4
BILL06023,A06023,70000,2503,9000,No,81503.0
BILL06024,A06024,250000,19265,6000,Yes,55053.0
BILL06025,A06025,80000,7752,24000,Yes,22350.4
BILL06026,A06026,2500,3621,2000,Yes,1624.2
BILL06027,A06027,3000,1546,16000,Yes,4109.2
BILL06028,A06028,6000,14320,20000,Yes,8064.0
BILL06029,A06029,1000,684,0,Yes,336.8
BILL06030,A06030,10000,8461,6000,Yes,4892.2
BILL06031,A06031,8000,4322,14000,Yes,5264.4
BILL06032,A06032,6000,15051,0,No,21051.0
BILL06033,A06033,5000,712,8000,No,13712.0
BILL06034,A06034,800,11461,30000,Yes,8452.2
BILL06035,A06035,1200,18934,10000,Yes,6026.8
BILL06036,A06036,60000,19033,9000,Yes,17606.6
BILL06037,A06037,1000,19945,10000,Yes,6189.0
BILL06038,A06038,8000,13451,6000,Yes,5490.2
BILL06039,A06039,60000,8373,15000,No,83373.0
BILL06040,A06040,800,6371,18000,No,25171.0
BILL06041,A06041,1000,5135,0,Yes,1227.0
BILL06042,A06042,5000,17561,18000,Yes,8112.2
BILL06043,A06043,3000,15636,15000,No,33636.0
BILL06044,A06044,70000,4631,4000,No,78631.0
BILL06045,A06045,3500,4253,0,No,7753.0
BILL06046,A06046,5000,5811,21000,No,31811.0
BILL06047,A06047,800,18546,12000,Yes,6269.2
BILL06048,A06048,3000,14637,24000,Yes,8327.4
BILL06049,A06049,4000,6100,0,Yes,2020.0
BILL06050,A06050,2500,17684,0,Yes,4036.8
BILL06051,A06051,6000,16518,0,No,22518.0
BILL06052,A06052,800,19031,8000,Yes,5566.2
BILL06053,A06053,1000,4172,0,Yes,1034.4
BILL06054,A06054,3000,12670,24000,Yes,7934.0
BILL06055,A06055,60000,3172,24000,Yes,17434.4
BILL06056,A06056,800,15696,40000,Yes,11299.2
BILL06057,A06057,1000,3586,10000,Yes,2917.2
BILL06058,A06058,15000,1956,14000,No,30956.0
BILL06059,A06059,15000,11630,30000,Yes,11326.0
BILL06060,A06060,5000,7576,18000,Yes,6115.2
BILL06061,A06061,1200,12802,9000,Yes,4600.4
BILL06062,A06062,8000,19567,20000,No,47567.0
BILL06063,A06063,450000,17181,16000,Yes,96636.2
BILL06064,A06064,1200,10690,20000,No,31890.0
BILL06065,A06065,12000,17339,27000,Yes,11267.8
BILL06066,A06066,5000,16122,0,Yes,4224.4
BILL06067,A06067,3000,6320,3000,Yes,2464.0
BILL06068,A06068,2500,18085,21000,Yes,8317.0
BILL06069,A06069,8000,7992,0,No,15992.0
BILL06070,A06070,2000,5595,2000,Yes,1919.0
BILL06071,A06071,800,9590,8000,Yes,3678.0
BILL06072,A06072,3500,9634,21000,No,34134.0
BILL06073,A06073,8000,17699,20000,Yes,9139.8
BILL06074,A06074,3500,12293,9000,No,24793.0
BILL06075,A06075,5000,4646,0,Yes,1929.2
BILL06076,A06076,1000,7311,10000,Yes,3662.2
BILL06077,A06077,180000,5391,0,No,185391.0
BILL06078,A06078,80000,4778,10000,Yes,18955.6
BILL06079,A06079,15000,4667,8000,Yes,5533.4
BILL06080,A06080,12000,6855,6000,No,24855.0
BILL06081,A06081,3000,4780,0,Yes,1556.0
BILL06082,A06082,3500,2041,15000,Yes,4108.2
BILL06083,A06083,3500,6956,4000,No,14456.0
BILL06084,A06084,12000,2382,4000,No,18382.0
BILL06085,A06085,250000,19992,15000,No,284992.0
BILL06086,A06086,12000,14916,0,Yes,5383.2
BILL06087,A06087,10000,13537,20000,Yes,8707.4
BILL06088,A06088,6000,7848,3000,No,16848.0
BILL06089,A06089,35000,1250,9000,No,45250.0
BILL06090,A06090,4000,3437,30000,No,37437.0
BILL06091,A06091,70000,2925,0,Yes,14585.0
BILL06092,A06092,12000,1839,15000,Yes,5767.8
BILL06093,A06093,8000,17896,0,Yes,5179.2
BILL06094,A06094,450000,1455,24000,Yes,95091.0
BILL06095,A06095,15000,18234,36000,Yes,13846.8
BILL06096,A06096,15000,13184,40000,Yes,13636.8
BILL06097,A06097,60000,19095,18000,No,97095.0
BILL06098,A06098,40000,7152,0,Yes,9430.4
BILL06099,A06099,65000,958,4000,Yes,13991.6
BILL06100,A06100,250000,18757,8000,No,276757.0
BILL06101,A06101,35000,14186,0,Yes,9837.2
BILL06102,A06102,5000,1829,25000,Yes,6365.8
BILL06103,A06103,2000,13410,24000,Yes,7882.0
BILL06104,A06104,15000,17281,5000,Yes,7456.2
BILL06105,A06105,4000,2480,0,Yes,1296.0
BILL06106,A06106,5000,8847,12000,No,25847.0
BILL06107,A06107,60000,14949,0,Yes,14989.8
BILL06108,A06108,2500,6933,4000,Yes,2686.6
BILL06109,A06109,800,6678,9000,Yes,3295.6
BILL06110,A06110,1200,11765,0,Yes,2593.0
BILL06111,A06111,4000,12851,3000,Yes,3970.2
BILL06112,A06112,1000,4742,12000,Yes,3548.4
BILL06113,A06113,80000,14716,10000,Yes,20943.2
BILL06114,A06114,6000,5312,4000,Yes,3062.4
BILL06115,A06115,10000,13965,21000,No,44965.0
BILL06116,A06116,60000,11756,8000,Yes,15951.2
BILL06117,A06117,15000,5457,4000,No,24457.0
BILL06118,A06118,1200,17317,6000,Yes,4903.4
BILL06119,A06119,10000,16654,6000,No,32654.0
BILL06120,A06120,12000,13855,0,Yes,5171.0
BILL06121,A06121,35000,10695,6000,No,51695.0
BILL06122,A06122,1200,19207,5000,Yes,5081.4
BILL06123,A06123,180000,7086,0,No,187086.0
BILL06124,A06124,8000,4890,8000,No,20890.0
BILL06125,A06125,65000,6616,40000,No,111616.0
BILL06126,A06126,1000,12449,3000,Yes,3289.8
BILL06127,A06127,3000,9043,0,No,12043.0
BILL06128,A06128,35000,1638,9000,Yes,9127.6
BILL06129,A06129,12000,12487,45000,Yes,13897.4
BILL06130,A06130,5000,12750,0,Yes,3550.0
BILL06131,A06131,65000,15799,35000,No,115799.0
BILL06132,A06132,3500,18971,0,Yes,4494.2
BILL06133,A06133,3500,15361,0,Yes,3772.2
BILL06134,A06134,70000,9290,12000,No,91290.0
BILL06135,A06135,2500,12312,12000,Yes,5362.4
BILL06136,A06136,450000,18991,10000,No,478991.0
BILL06137,A06137,1000,9375,0,Yes,2075.0
BILL06138,A06138,80000,19985,5000,No,104985.0
BILL06139,A06139,40000,2583,30000,Yes,14516.6
BILL06140,A06140,3500,9686,6000,Yes,3837.2
BILL06141,A06141,10000,11747,4000,Yes,5149.4
BILL06142,A06142,3500,18046,12000,Yes,6709.2
BILL06143,A06143,10000,10538,4000,No,24538.0
BILL06144,A06144,1000,6574,40000,Yes,9514.8
BILL06145,A06145,3500,11087,0,Yes,2917.4
BILL06146,A06146,250000,13511,24000,No,287511.0
BILL06147,A06147,450000,6454,6000,No,462454.0
BILL06148,A06148,40000,8348,6000,Yes,10869.6
BILL06149,A06149,35000,9549,9000,Yes,10709.8
BILL06150,A06150,1000,19784,2000,Yes,4556.8
BILL06151,A06151,4000,13109,12000,No,29109.0
BILL06152,A06152,250000,9868,14000,No,273868.0
BILL06153,A06153,6000,9176,30000,Yes,9035.2
BILL06154,A06154,12000,5658,5000,No,22658.0
BILL06155,A06155,3000,10363,28000,No,41363.0
BILL06156,A06156,12000,7495,0,Yes,3899.0
BILL06157,A06157,70000,14021,24000,No,108021.0
BILL06158,A06158,1200,15504,6000,Yes,4540.8
BILL06159,A06159,1500,1092,10000,Yes,2518.4
BILL06160,A06160,15000,4497,10000,No,29497.0
BILL06161,A06161,8000,12174,12000,Yes,6434.8
BILL06162,A06162,450000,4440,2000,Yes,91288.0
BILL06163,A06163,6000,18489,5000,Yes,5897.8
BILL06164,A06164,65000,18751,12000,Yes,19150.2
BILL06165,A06165,4000,7352,8000,No,19352.0
BILL06166,A06166,2500,9654,6000,Yes,3630.8
BILL06167,A06167,1000,17063,0,Yes,3612.6
BILL06168,A06168,6000,16820,0,Yes,4564.0
BILL06169,A06169,35000,6856,18000,No,59856.0
BILL06170,A06170,1500,1329,20000,No,22829.0
BILL06171,A06171,12000,5336,9000,No,26336.0
BILL06172,A06172,8000,15665,5000,Yes,5733.0
BILL06173,A06173,70000,14589,20000,No,104589.0
BILL06174,A06174,180000,13827,0,Yes,38765.4
BILL06175,A06175,4000,611,2000,Yes,1322.2
BILL06176,A06176,15000,2529,18000,No,35529.0
BILL06177,A06177,1000,12201,9000,No,22201.0
BILL06178,A06178,1000,18096,0,Yes,3819.2
BILL06179,A06179,65000,12541,8000,Yes,17108.2
BILL06180,A06180,6000,1995,0,Yes,1599.0
BILL06181,A06181,800,5480,15000,No,21280.0
BILL06182,A06182,35000,6338,27000,Yes,13667.6
BILL06183,A06183,10000,6604,36000,Yes,10520.8
BILL06184,A06184,2500,6885,14000,Yes,4677.0
BILL06185,A06185,10000,10367,0,No,20367.0
BILL06186,A06186,12000,4544,18000,No,34544.0
BILL06187,A06187,1000,17837,10000,Yes,5767.4
BILL06188,A06188,8000,5889,4000,Yes,3577.8
BILL06189,A06189,1200,6991,0,Yes,1638.2
BILL06190,A06190,450000,12003,0,Yes,92400.6
BILL06191,A06191,3500,13304,6000,No,22804.0
BILL06192,A06192,2000,1377,3000,Yes,1275.4
BILL06193,A06193,15000,16380,0,Yes,6276.0
BILL06194,A06194,12000,12739,12000,No,36739.0
BILL06195,A06195,8000,7486,9000,Yes,4897.2
BILL06196,A06196,6000,5440,0,Yes,2288.0
BILL06197,A06197,5000,6729,6000,Yes,3545.8
BILL06198,A06198,40000,12414,40000,No,92414.0
BILL06199,A06199,35000,7776,32000,Yes,14955.2
BILL06200,A06200,12000,7926,10000,Yes,5985.2
BILL06201,A06201,10000,17122,32000,No,59122.0
BILL06202,A06202,12000,15885,20000,Yes,9577.0
BILL06203,A06203,35000,2104,25000,Yes,12420.8
BILL06204,A06204,80000,6641,10000,Yes,19328.2
BILL06205,A06205,15000,4458,30000,No,49458.0
BILL06206,A06206,60000,7050,10000,Yes,15410.0
BILL06207,A06207,60000,963,0,Yes,12192.6
BILL06208,A06208,60000,13490,4000,Yes,15498.0
BILL06209,A06209,2000,18641,6000,No,26641.0
BILL06210,A06210,6000,18793,0,No,24793.0
BILL06211,A06211,6000,16654,15000,No,37654.0
BILL06212,A06212,250000,9089,0,No,259089.0
BILL06213,A06213,3000,16178,9000,Yes,5635.6
BILL06214,A06214,1000,9106,18000,Yes,5621.2
BILL06215,A06215,70000,7600,30000,Yes,21520.0
BILL06216,A06216,3500,5788,0,Yes,1857.6
BILL06217,A06217,6000,10069,8000,No,24069.0
BILL06218,A06218,12000,11841,3000,No,26841.0
BILL06219,A06219,800,6533,30000,No,37333.0
BILL06220,A06220,6000,12091,15000,Yes,6618.2
BILL06221,A06221,2500,6497,32000,Yes,8199.4
BILL06222,A06222,15000,2115,0,Yes,3423.0
BILL06223,A06223,70000,16188,15000,Yes,20237.6
BILL06224,A06224,1200,4259,16000,Yes,4291.8
BILL06225,A06225,5000,16614,0,Yes,4322.8
BILL06226,A06226,250000,8243,6000,Yes,52848.6
BILL06227,A06227,6000,10830,3000,No,19830.0
BILL06228,A06228,80000,10490,8000,No,98490.0
BILL06229,A06229,15000,11115,0,Yes,5223.0
BILL06230,A06230,6000,2850,0,No,8850.0
BILL06231,A06231,80000,6218,25000,No,111218.0
BILL06232,A06232,35000,17169,36000,No,88169.0
BILL06233,A06233,1500,8011,0,No,9511.0
BILL06234,A06234,15000,13152,18000,Yes,9230.4
BILL06235,A06235,15000,9571,5000,Yes,5914.2
BILL06236,A06236,6000,10934,8000,Yes,4986.8
BILL06237,A06237,1200,6210,6000,Yes,2682.0
BILL06238,A06238,450000,14528,4000,Yes,93705.6
BILL06239,A06239,10000,19054,12000,Yes,8210.8
BILL06240,A06240,2500,9400,0,Yes,2380.0
BILL06241,A06241,800,3492,0,Yes,858.4
BILL06242,A06242,60000,7431,36000,Yes,20686.2
BILL06243,A06243,8000,16774,0,No,24774.0
BILL06244,A06244,10000,2472,0,No,12472.0
BILL06245,A06245,1000,4992,4000,Yes,1998.4
BILL06246,A06246,10000,14740,15000,No,39740.0
BILL06247,A06247,80000,2830,0,Yes,16566.0
BILL06248,A06248,8000,3442,21000,Yes,6488.4
BILL06249,A06249,1500,7112,3000,No,11612.0
BILL06250,A06250,12000,14590,50000,Yes,15318.0
BILL06251,A06251,65000,19064,50000,Yes,26812.8
BILL06252,A06252,2000,19059,0,Yes,4211.8
BILL06253,A06253,15000,5905,15000,Yes,7181.0
BILL06254,A06254,80000,16355,0,Yes,19271.0
BILL06255,A06255,5000,6574,6000,Yes,3514.8
BILL06256,A06256,15000,13259,10000,Yes,7651.8
BILL06257,A06257,65000,11612,15000,Yes,18322.4
BILL06258,A06258,800,14274,20000,Yes,7014.8
BILL06259,A06259,40000,7315,28000,Yes,15063.0
BILL06260,A06260,8000,3504,10000,Yes,4300.8
BILL06261,A06261,12000,6672,18000,No,36672.0
BILL06262,A06262,5000,19447,8000,Yes,6489.4
BILL06263,A06263,3500,4585,18000,Yes,5217.0
BILL06264,A06264,15000,4466,6000,Yes,5093.2
BILL06265,A06265,15000,1270,8000,Yes,4854.0
BILL06266,A06266,2000,12890,24000,No,38890.0
BILL06267,A06267,450000,18949,10000,No,478949.0
BILL06268,A06268,250000,9809,40000,Yes,59961.8
BILL06269,A06269,65000,2136,6000,Yes,14627.2
BILL06270,A06270,70000,18891,20000,Yes,21778.2
BILL06271,A06271,1200,10631,30000,Yes,8366.2
BILL06272,A06272,250000,10256,0,Yes,52051.2
BILL06273,A06273,10000,10642,0,Yes,4128.4
BILL06274,A06274,15000,7096,10000,No,32096.0
BILL06275,A06275,1000,14479,12000,Yes,5495.8
BILL06276,A06276,250000,11333,18000,Yes,55866.6
BILL06277,A06277,5000,8504,0,Yes,2700.8
BILL06278,A06278,1200,7728,0,Yes,1785.6
BILL06279,A06279,180000,19795,15000,No,214795.0
BILL06280,A06280,2000,19015,5000,Yes,5203.0
BILL06281,A06281,1200,15717,45000,Yes,12383.4
BILL06282,A06282,40000,19028,12000,Yes,14205.6
BILL06283,A06283,1000,12956,0,Yes,2791.2
BILL06284,A06284,1000,2123,4000,Yes,1424.6
BILL06285,A06285,1200,760,15000,Yes,3392.0
BILL06286,A06286,6000,4108,3000,Yes,2621.6
BILL06287,A06287,1000,15660,0,No,16660.0
BILL06288,A06288,250000,14477,0,Yes,52895.4
BILL06289,A06289,70000,3067,0,Yes,14613.4
BILL06290,A06290,70000,17687,16000,Yes,20737.4
BILL06291,A06291,35000,11925,8000,Yes,10985.0
BILL06292,A06292,40000,14741,9000,Yes,12748.2
BILL06293,A06293,10000,11326,4000,No,25326.0
BILL06294,A06294,1000,10073,9000,Yes,4014.6
BILL06295,A06295,1500,8934,0,No,10434.0
BILL06296,A06296,15000,10505,0,Yes,5101.0
BILL06297,A06297,6000,19803,0,No,25803.0
BILL06298,A06298,80000,8444,0,Yes,17688.8
BILL06299,A06299,12000,15274,0,Yes,5454.8
BILL06300,A06300,1000,9335,5000,Yes,3067.0
BILL06301,A06301,15000,17730,0,Yes,6546.0
BILL06302,A06302,180000,2064,28000,Yes,42012.8
BILL06303,A06303,15000,4704,0,No,19704.0
BILL06304,A06304,6000,7660,32000,Yes,9132.0
BILL06305,A06305,40000,5667,8000,No,53667.0
BILL06306,A06306,3000,19210,5000,Yes,5442.0
BILL06307,A06307,65000,6179,0,No,71179.0
BILL06308,A06308,12000,1920,40000,Yes,10784.0
BILL06309,A06309,80000,17492,0,Yes,19498.4
BILL06310,A06310,800,14026,0,Yes,2965.2
BILL06311,A06311,1000,19689,0,No,20689.0
BILL06312,A06312,180000,4617,10000,Yes,38923.4
BILL06313,A06313,70000,1906,0,Yes,14381.2
BILL06314,A06314,6000,14683,12000,Yes,6536.6
BILL06315,A06315,2500,2600,9000,No,14100.0
BILL06316,A06316,3000,7821,2000,No,12821.0
BILL06317,A06317,450000,5134,32000,Yes,97426.8
BILL06318,A06318,1200,4261,9000,No,14461.0
BILL06319,A06319,800,15621,0,No,16421.0
BILL06320,A06320,6000,12173,10000,Yes,5634.6
BILL06321,A06321,80000,19582,0,Yes,19916.4
BILL06322,A06322,10000,15945,18000,Yes,8789.0
BILL06323,A06323,2500,14598,8000,No,25098.0
BILL06324,A06324,15000,7656,12000,Yes,6931.2
BILL06325,A06325,1000,12312,8000,Yes,4262.4
BILL06326,A06326,15000,11223,5000,Yes,6244.6
BILL06327,A06327,12000,3273,4000,Yes,3854.6
BILL06328,A06328,800,18261,40000,Yes,11812.2
BILL06329,A06329,180000,7207,16000,No,203207.0
BILL06330,A06330,1200,6742,20000,Yes,5588.4
BILL06331,A06331,70000,4947,0,No,74947.0
BILL06332,A06332,1200,6886,0,Yes,1617.2
BILL06333,A06333,8000,6500,0,Yes,2900.0
BILL06334,A06334,2500,4031,0,Yes,1306.2
BILL06335,A06335,65000,15270,0,Yes,16054.0
BILL06336,A06336,6000,13484,2000,Yes,4296.8
BILL06337,A06337,2000,10782,12000,Yes,4956.4
BILL06338,A06338,250000,9694,10000,No,269694.0
BILL06339,A06339,10000,2142,0,No,12142.0
BILL06340,A06340,1000,3438,10000,Yes,2887.6
BILL06341,A06341,1200,9873,10000,Yes,4214.6
BILL06342,A06342,65000,6670,0,Yes,14334.0
BILL06343,A06343,10000,10937,0,Yes,4187.4
BILL06344,A06344,800,18082,36000,No,54882.0
BILL06345,A06345,6000,5853,30000,No,41853.0
BILL06346,A06346,1500,9685,10000,Yes,4237.0
BILL06347,A06347,6000,6436,10000,No,22436.0
BILL06348,A06348,5000,5725,0,Yes,2145.0
BILL06349,A06349,6000,17549,30000,Yes,10709.8
BILL06350,A06350,15000,8160,20000,Yes,8632.0
BILL06351,A06351,800,4905,8000,Yes,2741.0
BILL06352,A06352,1200,4032,0,Yes,1046.4
BILL06353,A06353,1500,826,3000,Yes,1065.2
BILL06354,A06354,5000,6964,12000,Yes,4792.8
BILL06355,A06355,5000,14949,0,No,19949.0
BILL06356,A06356,60000,4525,0,No,64525.0
BILL06357,A06357,3000,12466,6000,Yes,4293.2
BILL06358,A06358,6000,14487,9000,No,29487.0
BILL06359,A06359,2500,11882,40000,Yes,10876.4
BILL06360,A06360,1500,2356,3000,Yes,1371.2
BILL06361,A06361,10000,12630,0,Yes,4526.0
BILL06362,A06362,6000,6170,3000,No,15170.0
BILL06363,A06363,180000,18723,12000,No,210723.0
BILL06364,A06364,3500,6091,15000,Yes,4918.2
BILL06365,A06365,12000,9375,21000,Yes,8475.0
BILL06366,A06366,12000,18200,28000,Yes,11640.0
BILL06367,A06367,1200,19555,0,Yes,4151.0
BILL06368,A06368,5000,5842,24000,No,34842.0
BILL06369,A06369,2000,4838,0,Yes,1367.6
BILL06370,A06370,80000,12732,6000,Yes,19746.4
BILL06371,A06371,35000,14052,28000,No,77052.0
BILL06372,A06372,8000,18406,25000,No,51406.0
BILL06373,A06373,70000,3828,0,Yes,14765.6
BILL06374,A06374,3500,16726,36000,No,56226.0
BILL06375,A06375,15000,14063,0,Yes,5812.6
BILL06376,A06376,15000,6492,4000,Yes,5098.4
BILL06377,A06377,65000,12288,12000,Yes,17857.6
BILL06378,A06378,2000,14941,9000,No,25941.0
BILL06379,A06379,1000,15873,9000,Yes,5174.6
BILL06380,A06380,2500,2600,0,Yes,1020.0
BILL06381,A06381,80000,1814,0,Yes,16362.8
BILL06382,A06382,180000,17990,0,No,197990.0
BILL06383,A06383,450000,17117,21000,No,488117.0
BILL06384,A06384,2500,16407,9000,Yes,5581.4
BILL06385,A06385,6000,15290,6000,No,27290.0
BILL06386,A06386,6000,3767,9000,Yes,3753.4
BILL06387,A06387,1500,2044,20000,Yes,4708.8
BILL06388,A06388,450000,17326,12000,Yes,95865.2
BILL06389,A06389,2500,11859,40000,No,54359.0
BILL06390,A06390,1200,2138,4000,Yes,1467.6
BILL06391,A06391,8000,2121,30000,Yes,8024.2
BILL06392,A06392,3000,1681,27000,Yes,6336.2
BILL06393,A06393,2000,12051,0,Yes,2810.2
BILL06394,A06394,15000,8751,8000,Yes,6350.2
BILL06395,A06395,5000,10931,4000,Yes,3986.2
BILL06396,A06396,70000,6157,0,Yes,15231.4
BILL06397,A06397,4000,16629,0,No,20629.0
BILL06398,A06398,15000,8684,24000,Yes,9536.8
BILL06399,A06399,1500,6456,24000,Yes,6391.2
BILL06400,A06400,40000,9978,0,Yes,9995.6
BILL06401,A06401,4000,12810,9000,Yes,5162.0
BILL06402,A06402,180000,11002,24000,Yes,43000.4
BILL06403,A06403,2000,13033,12000,No,27033.0
BILL06404,A06404,3000,549,0,Yes,709.8
BILL06405,A06405,5000,9999,8000,Yes,4599.8
BILL06406,A06406,6000,1106,12000,Yes,3821.2
BILL06407,A06407,80000,17492,40000,Yes,27498.4
BILL06408,A06408,1000,19509,32000,Yes,10501.8
BILL06409,A06409,65000,15724,0,No,80724.0
BILL06410,A06410,8000,838,20000,Yes,5767.6
BILL06411,A06411,1200,12870,0,Yes,2814.0
BILL06412,A06412,10000,10763,3000,No,23763.0
BILL06413,A06413,12000,15186,40000,Yes,13437.2
BILL06414,A06414,10000,6452,40000,Yes,11290.4
BILL06415,A06415,3500,7355,15000,No,25855.0
BILL06416,A06416,70000,10872,20000,Yes,20174.4
BILL06417,A06417,6000,6561,0,No,12561.0
BILL06418,A06418,2500,16037,12000,No,30537.0
BILL06419,A06419,8000,5743,16000,Yes,5948.6
BILL06420,A06420,12000,1074,10000,Yes,4614.8
BILL06421,A06421,60000,13586,12000,Yes,17117.2
BILL06422,A06422,3500,5145,6000,Yes,2929.0
BILL06423,A06423,800,12587,18000,Yes,6277.4
BILL06424,A06424,40000,9866,0,Yes,9973.2
BILL06425,A06425,4000,13951,6000,Yes,4790.2
BILL06426,A06426,2500,19879,8000,Yes,6075.8
BILL06427,A06427,800,19556,10000,Yes,6071.2
BILL06428,A06428,4000,8507,0,No,12507.0
BILL06429,A06429,800,5551,20000,Yes,5270.2
BILL06430,A06430,1200,10220,0,Yes,2284.0
BILL06431,A06431,35000,12852,0,Yes,9570.4
BILL06432,A06432,3500,8993,0,Yes,2498.6
BILL06433,A06433,3000,18562,40000,Yes,12312.4
BILL06434,A06434,8000,7209,18000,Yes,6641.8
BILL06435,A06435,450000,18139,18000,Yes,97227.8
BILL06436,A06436,6000,19305,24000,No,49305.0
BILL06437,A06437,12000,5645,0,No,17645.0
BILL06438,A06438,3500,3242,15000,No,21742.0
BILL06439,A06439,40000,3592,6000,No,49592.0
BILL06440,A06440,1000,12693,0,Yes,2738.6
BILL06441,A06441,6000,4191,28000,Yes,7638.2
BILL06442,A06442,250000,14768,0,Yes,52953.6
BILL06443,A06443,180000,13655,0,No,193655.0
BILL06444,A06444,10000,3907,4000,Yes,3581.4
BILL06445,A06445,450000,9089,6000,Yes,93017.8
BILL06446,A06446,15000,10513,0,No,25513.0
BILL06447,A06447,8000,531,8000,No,16531.0
BILL06448,A06448,65000,6321,20000,Yes,18264.2
BILL06449,A06449,800,17684,50000,Yes,13696.8
BILL06450,A06450,6000,10778,0,No,16778.0
BILL06451,A06451,15000,13204,40000,Yes,13640.8
BILL06452,A06452,40000,13584,24000,No,77584.0
BILL06453,A06453,180000,4391,10000,No,194391.0
BILL06454,A06454,4000,7633,20000,No,31633.0
BILL06455,A06455,8000,4163,24000,No,36163.0
BILL06456,A06456,8000,14790,18000,Yes,8158.0
BILL06457,A06457,3500,6834,0,Yes,2066.8
BILL06458,A06458,3500,2595,0,Yes,1219.0
BILL06459,A06459,2500,8788,0,No,11288.0
BILL06460,A06460,8000,4195,12000,No,24195.0
BILL06461,A06461,5000,17247,0,Yes,4449.4
BILL06462,A06462,8000,15131,3000,No,26131.0
BILL06463,A06463,60000,13812,12000,Yes,17162.4
BILL06464,A06464,5000,17763,0,No,22763.0
BILL06465,A06465,2500,17332,0,Yes,3966.4
BILL06466,A06466,180000,18507,18000,Yes,43301.4
BILL06467,A06467,5000,14655,50000,Yes,13931.0
BILL06468,A06468,2500,6008,0,Yes,1701.6
BILL06469,A06469,80000,11897,0,No,91897.0
BILL06470,A06470,12000,18169,24000,Yes,10833.8
BILL06471,A06471,15000,13477,0,No,28477.0
BILL06472,A06472,800,626,16000,Yes,3485.2
BILL06473,A06473,1500,11203,21000,Yes,6740.6
BILL06474,A06474,1500,17849,0,Yes,3869.8
BILL06475,A06475,12000,562,0,Yes,2512.4
BILL06476,A06476,12000,5803,20000,No,37803.0
BILL06477,A06477,2000,6100,18000,Yes,5220.0
BILL06478,A06478,6000,13545,15000,Yes,6909.0
BILL06479,A06479,60000,15487,5000,No,80487.0
BILL06480,A06480,3500,7942,15000,No,26442.0
BILL06481,A06481,6000,7276,30000,No,43276.0
BILL06482,A06482,4000,7179,27000,No,38179.0
BILL06483,A06483,2000,13853,0,Yes,3170.6
BILL06484,A06484,8000,4237,0,Yes,2447.4
BILL06485,A06485,12000,15405,16000,Yes,8681.0
BILL06486,A06486,10000,18592,0,No,28592.0
BILL06487,A06487,4000,4060,6000,No,14060.0
BILL06488,A06488,5000,6721,0,No,11721.0
BILL06489,A06489,250000,5639,0,No,255639.0
BILL06490,A06490,35000,5492,14000,No,54492.0
BILL06491,A06491,450000,17149,6000,Yes,94629.8
BILL06492,A06492,450000,6622,15000,No,471622.0
BILL06493,A06493,5000,2574,15000,Yes,4514.8
BILL06494,A06494,3000,1148,0,No,4148.0
BILL06495,A06495,12000,16303,10000,Yes,7660.6
BILL06496,A06496,8000,1923,45000,No,54923.0
BILL06497,A06497,2000,12631,3000,Yes,3526.2
BILL06498,A06498,6000,18136,6000,No,30136.0
BILL06499,A06499,800,9229,27000,No,37029.0
BILL06500,A06500,80000,4675,0,Yes,16935.0
BILL06501,A06501,2000,13926,20000,Yes,7185.2
BILL06502,A06502,15000,16987,0,Yes,6397.4
BILL06503,A06503,70000,19945,5000,Yes,18989.0
BILL06504,A06504,65000,17973,9000,Yes,18394.6
BILL06505,A06505,1000,10294,0,No,11294.0
BILL06506,A06506,65000,6339,6000,No,77339.0
BILL06507,A06507,5000,5437,20000,Yes,6087.4
BILL06508,A06508,15000,13582,25000,No,53582.0
BILL06509,A06509,5000,12096,0,Yes,3419.2
BILL06510,A06510,6000,15187,0,Yes,4237.4
BILL06511,A06511,35000,17120,9000,Yes,12224.0
BILL06512,A06512,4000,7824,32000,No,43824.0
BILL06513,A06513,12000,795,10000,No,22795.0
BILL06514,A06514,4000,4972,6000,Yes,2994.4
BILL06515,A06515,80000,16070,9000,No,105070.0
BILL06516,A06516,6000,14000,50000,Yes,14000.0
BILL06517,A06517,35000,10478,0,No,45478.0
BILL06518,A06518,12000,19311,40000,Yes,14262.2
BILL06519,A06519,8000,18929,0,Yes,5385.8
BILL06520,A06520,3500,15484,28000,No,46984.0
BILL06521,A06521,10000,16819,36000,Yes,12563.8
BILL06522,A06522,15000,19209,0,Yes,6841.8
BILL06523,A06523,10000,2966,6000,No,18966.0
BILL06524,A06524,450000,17017,24000,Yes,98203.4
BILL06525,A06525,1000,15640,21000,Yes,7528.0
BILL06526,A06526,3500,15518,4000,Yes,4603.6
BILL06527,A06527,1200,19555,0,No,20755.0
BILL06528,A06528,1000,10099,0,Yes,2219.8
BILL06529,A06529,2000,10855,8000,No,20855.0
BILL06530,A06530,1000,5961,0,No,6961.0
BILL06531,A06531,6000,11204,3000,Yes,4040.8
BILL06532,A06532,1200,1528,21000,Yes,4745.6
BILL06533,A06533,80000,15530,2000,Yes,19506.0
BILL06534,A06534,5000,9998,18000,Yes,6599.6
BILL06535,A06535,70000,18337,12000,Yes,20067.4
BILL06536,A06536,8000,8779,36000,Yes,10555.8
BILL06537,A06537,180000,7756,18000,Yes,41151.2
BILL06538,A06538,40000,18182,21000,No,79182.0
BILL06539,A06539,40000,1848,0,Yes,8369.6
BILL06540,A06540,15000,18222,24000,Yes,11444.4
BILL06541,A06541,65000,16023,8000,No,89023.0
BILL06542,A06542,60000,3972,32000,Yes,19194.4
BILL06543,A06543,1500,8251,16000,Yes,5150.2
BILL06544,A06544,8000,15149,0,No,23149.0
BILL06545,A06545,2500,2048,6000,Yes,2109.6
BILL06546,A06546,3000,11802,0,No,14802.0
BILL06547,A06547,10000,13715,0,Yes,4743.0
BILL06548,A06548,60000,12161,9000,Yes,16232.2
BILL06549,A06549,2000,12212,5000,Yes,3842.4
BILL06550,A06550,15000,18783,0,No,33783.0
BILL06551,A06551,250000,6777,0,No,256777.0
BILL06552,A06552,1000,10140,0,Yes,2228.0
BILL06553,A06553,250000,2196,10000,No,262196.0
BILL06554,A06554,1500,1139,0,Yes,527.8
BILL06555,A06555,1000,5808,25000,No,31808.0
BILL06556,A06556,8000,1644,4000,Yes,2728.8
BILL06557,A06557,5000,7186,40000,Yes,10437.2
BILL06558,A06558,4000,4526,16000,Yes,4905.2
BILL06559,A06559,15000,10187,8000,No,33187.0
BILL06560,A06560,5000,8759,0,Yes,2751.8
BILL06561,A06561,2000,1917,20000,Yes,4783.4
BILL06562,A06562,5000,11737,20000,Yes,7347.4
BILL06563,A06563,3000,13635,40000,Yes,11327.0
BILL06564,A06564,3000,1765,0,Yes,953.0
BILL06565,A06565,35000,4630,4000,Yes,8726.0
BILL06566,A06566,800,11778,30000,No,42578.0
BILL06567,A06567,8000,4986,4000,No,16986.0
BILL06568,A06568,6000,6341,0,No,12341.0
BILL06569,A06569,80000,6424,0,Yes,17284.8
BILL06570,A06570,15000,11371,0,Yes,5274.2
BILL06571,A06571,4000,10163,0,No,14163.0
BILL06572,A06572,3000,8974,50000,Yes,12394.8
BILL06573,A06573,1000,13240,8000,Yes,4448.0
BILL06574,A06574,2000,11171,0,Yes,2634.2
BILL06575,A06575,12000,14822,8000,Yes,6964.4
BILL06576,A06576,70000,8094,30000,Yes,21618.8
BILL06577,A06577,12000,16526,18000,No,46526.0
BILL06578,A06578,180000,9919,0,No,189919.0
BILL06579,A06579,8000,7648,2000,Yes,3529.6
BILL06580,A06580,1200,2346,0,No,3546.0
BILL06581,A06581,800,13423,27000,No,41223.0
BILL06582,A06582,8000,3495,0,No,11495.0
BILL06583,A06583,3000,15976,6000,No,24976.0
BILL06584,A06584,6000,5191,0,Yes,2238.2
BILL06585,A06585,3500,14446,8000,Yes,5189.2
BILL06586,A06586,1000,18377,9000,Yes,5675.4
BILL06587,A06587,5000,18708,20000,No,43708.0
BILL06588,A06588,1200,11026,8000,Yes,4045.2
BILL06589,A06589,2000,19651,8000,Yes,5930.2
BILL06590,A06590,10000,11846,21000,No,42846.0
BILL06591,A06591,15000,10744,10000,Yes,7148.8
BILL06592,A06592,250000,16961,0,Yes,53392.2
BILL06593,A06593,3000,3253,35000,Yes,8250.6
BILL06594,A06594,8000,11509,4000,Yes,4701.8
BILL06595,A06595,3500,2045,4000,Yes,1909.0
BILL06596,A06596,1200,3539,0,Yes,947.8
BILL06597,A06597,6000,10568,40000,Yes,11313.6
BILL06598,A06598,1500,12497,15000,Yes,5799.4
BILL06599,A06599,2000,5125,0,Yes,1425.0
BILL06600,A06600,70000,17831,12000,Yes,19966.2
BILL06601,A06601,8000,15614,4000,Yes,5522.8
BILL06602,A06602,35000,10339,35000,Yes,16067.8
BILL06603,A06603,180000,9982,6000,Yes,39196.4
BILL06604,A06604,250000,8081,20000,Yes,55616.2
BILL06605,A06605,15000,1492,0,Yes,3298.4
BILL06606,A06606,6000,17862,0,Yes,4772.4
BILL06607,A06607,60000,2749,6000,Yes,13749.8
BILL06608,A06608,6000,17577,0,Yes,4715.4
BILL06609,A06609,15000,1726,0,Yes,3345.2
BILL06610,A06610,15000,6237,2000,Yes,4647.4
BILL06611,A06611,35000,6204,10000,Yes,10240.8
BILL06612,A06612,15000,6932,0,Yes,4386.4
BILL06613,A06613,450000,18681,20000,Yes,97736.2
BILL06614,A06614,70000,2551,40000,Yes,22510.2
BILL06615,A06615,12000,15087,32000,Yes,11817.4
BILL06616,A06616,4000,7469,8000,No,19469.0
BILL06617,A06617,6000,16314,0,Yes,4462.8
BILL06618,A06618,1000,18998,0,Yes,3999.6
BILL06619,A06619,60000,16175,21000,Yes,19435.0
BILL06620,A06620,6000,13001,40000,Yes,11800.2
BILL06621,A06621,1000,16202,20000,No,37202.0
BILL06622,A06622,180000,5827,15000,Yes,40165.4
BILL06623,A06623,70000,2639,8000,Yes,16127.8
BILL06624,A06624,1000,13477,24000,Yes,7695.4
BILL06625,A06625,60000,19360,0,No,79360.0
BILL06626,A06626,800,14590,28000,No,43390.0
BILL06627,A06627,1000,11688,14000,Yes,5337.6
BILL06628,A06628,6000,19345,0,No,25345.0
BILL06629,A06629,250000,4175,12000,Yes,53235.0
BILL06630,A06630,40000,18656,16000,Yes,14931.2
BILL06631,A06631,8000,19421,20000,Yes,9484.2
BILL06632,A06632,5000,8166,8000,Yes,4233.2
BILL06633,A06633,65000,3284,25000,No,93284.0
BILL06634,A06634,3500,10019,32000,Yes,9103.8
BILL06635,A06635,80000,10160,0,Yes,18032.0
BILL06636,A06636,80000,17362,0,Yes,19472.4
BILL06637,A06637,35000,15501,8000,Yes,11700.2
BILL06638,A06638,12000,18884,20000,No,50884.0
BILL06639,A06639,70000,16565,12000,Yes,19713.0
BILL06640,A06640,6000,19211,0,No,25211.0
BILL06641,A06641,3500,4642,0,No,8142.0
BILL06642,A06642,15000,2182,3000,Yes,4036.4
BILL06643,A06643,3500,14954,15000,No,33454.0
BILL06644,A06644,5000,2924,18000,Yes,5184.8
BILL06645,A06645,6000,18209,15000,Yes,7841.8
BILL06646,A06646,1000,15306,4000,Yes,4061.2
BILL06647,A06647,8000,11253,16000,No,35253.0
BILL06648,A06648,70000,9107,0,No,79107.0
BILL06649,A06649,5000,9212,18000,Yes,6442.4
BILL06650,A06650,60000,5738,10000,No,75738.0
BILL06651,A06651,1500,3934,18000,Yes,4686.8
BILL06652,A06652,3000,7631,4000,Yes,2926.2
BILL06653,A06653,12000,16975,0,No,28975.0
BILL06654,A06654,15000,18075,0,No,33075.0
BILL06655,A06655,1000,19443,24000,Yes,8888.6
BILL06656,A06656,60000,16611,4000,Yes,16122.2
BILL06657,A06657,250000,11528,4000,No,265528.0
BILL06658,A06658,80000,1242,6000,No,87242.0
BILL06659,A06659,65000,15091,0,Yes,16018.2
BILL06660,A06660,3500,12637,4000,Yes,4027.4
BILL06661,A06661,180000,14433,10000,Yes,40886.6
BILL06662,A06662,1500,7742,12000,Yes,4248.4
BILL06663,A06663,65000,10759,8000,No,83759.0
BILL06664,A06664,60000,15726,10000,No,85726.0
BILL06665,A06665,4000,10933,18000,Yes,6586.6
BILL06666,A06666,800,13429,20000,No,34229.0
BILL06667,A06667,65000,4482,0,Yes,13896.4
BILL06668,A06668,250000,19652,0,Yes,53930.4
BILL06669,A06669,3500,17953,30000,No,51453.0
BILL06670,A06670,12000,16042,4000,Yes,6408.4
BILL06671,A06671,15000,10826,36000,Yes,12365.2
BILL06672,A06672,4000,14478,8000,Yes,5295.6
BILL06673,A06673,8000,17903,20000,No,45903.0
BILL06674,A06674,15000,3811,10000,Yes,5762.2
BILL06675,A06675,6000,11239,4000,No,21239.0
BILL06676,A06676,1200,10308,0,No,11508.0
BILL06677,A06677,2500,7269,40000,Yes,9953.8
BILL06678,A06678,60000,11747,15000,Yes,17349.4
BILL06679,A06679,3000,13674,9000,No,25674.0
BILL06680,A06680,5000,3084,9000,No,17084.0
BILL06681,A06681,40000,17200,20000,Yes,15440.0
BILL06682,A06682,10000,7348,8000,Yes,5069.6
BILL06683,A06683,250000,2477,0,Yes,50495.4
BILL06684,A06684,60000,18343,12000,No,90343.0
BILL06685,A06685,10000,14596,0,Yes,4919.2
BILL06686,A06686,10000,10064,0,No,20064.0
BILL06687,A06687,1000,3316,0,No,4316.0
BILL06688,A06688,12000,12806,0,Yes,4961.2
BILL06689,A06689,12000,19115,15000,Yes,9223.0
BILL06690,A06690,2000,4290,10000,Yes,3258.0
BILL06691,A06691,2000,8564,30000,No,40564.0
BILL06692,A06692,35000,1895,15000,No,51895.0
BILL06693,A06693,450000,8363,10000,Yes,93672.6
BILL06694,A06694,12000,15472,18000,No,45472.0
BILL06695,A06695,35000,18348,10000,No,63348.0
BILL06696,A06696,10000,12893,0,Yes,4578.6
BILL06697,A06697,1000,8671,4000,Yes,2734.2
BILL06698,A06698,1200,3193,40000,No,44393.0
BILL06699,A06699,180000,8902,4000,No,192902.0
BILL06700,A06700,2000,14007,18000,Yes,6801.4
BILL06701,A06701,450000,3935,25000,No,478935.0
BILL06702,A06702,250000,11094,9000,Yes,54018.8
BILL06703,A06703,4000,10317,0,No,14317.0
BILL06704,A06704,1000,1904,40000,No,42904.0
BILL06705,A06705,6000,1727,21000,No,28727.0
BILL06706,A06706,35000,18419,0,Yes,10683.8
BILL06707,A06707,3000,7512,2000,Yes,2502.4
BILL06708,A06708,15000,16445,0,Yes,6289.0
BILL06709,A06709,40000,4901,0,Yes,8980.2
BILL06710,A06710,1500,8992,12000,Yes,4498.4
BILL06711,A06711,1500,17829,6000,Yes,5065.8
BILL06712,A06712,1000,7427,0,Yes,1685.4
BILL06713,A06713,60000,19345,10000,Yes,17869.0
BILL06714,A06714,80000,13677,0,No,93677.0
BILL06715,A06715,60000,617,30000,Yes,18123.4
BILL06716,A06716,12000,18082,8000,No,38082.0
BILL06717,A06717,3500,17183,0,No,20683.0
BILL06718,A06718,450000,10982,8000,Yes,93796.4
BILL06719,A06719,35000,8270,24000,Yes,13454.0
BILL06720,A06720,2000,15366,21000,No,38366.0
BILL06721,A06721,65000,4539,0,Yes,13907.8
BILL06722,A06722,1000,6940,2000,Yes,1988.0
BILL06723,A06723,6000,14420,14000,No,34420.0
BILL06724,A06724,15000,13074,36000,No,64074.0
BILL06725,A06725,15000,1650,12000,Yes,5730.0
BILL06726,A06726,35000,7324,18000,Yes,12064.8
BILL06727,A06727,450000,7235,20000,Yes,95447.0
BILL06728,A06728,40000,12268,30000,No,82268.0
BILL06729,A06729,12000,7527,0,Yes,3905.4
BILL06730,A06730,8000,16061,0,Yes,4812.2
BILL06731,A06731,450000,8727,20000,Yes,95745.4
BILL06732,A06732,6000,776,20000,Yes,5355.2
BILL06733,A06733,5000,4193,12000,Yes,4238.6
BILL06734,A06734,70000,14234,0,Yes,16846.8
BILL06735,A06735,5000,4685,45000,Yes,10937.0
BILL06736,A06736,15000,9167,9000,No,33167.0
BILL06737,A06737,3000,9084,12000,No,24084.0
BILL06738,A06738,1000,6083,18000,No,25083.0
BILL06739,A06739,15000,1641,4000,Yes,4128.2
BILL06740,A06740,40000,4889,20000,Yes,12977.8
BILL06741,A06741,450000,9658,2000,Yes,92331.6
BILL06742,A06742,2000,16711,0,Yes,3742.2
BILL06743,A06743,80000,7548,0,Yes,17509.6
BILL06744,A06744,5000,8370,0,Yes,2674.0
BILL06745,A06745,6000,16317,12000,Yes,6863.4
BILL06746,A06746,10000,5233,0,No,15233.0
BILL06747,A06747,250000,18325,10000,Yes,55665.0
BILL06748,A06748,40000,18785,35000,Yes,18757.0
BILL06749,A06749,4000,13272,20000,No,37272.0
BILL06750,A06750,8000,19319,0,Yes,5463.8
BILL06751,A06751,450000,6314,4000,Yes,92062.8
BILL06752,A06752,15000,16753,0,No,31753.0
BILL06753,A06753,250000,6579,0,Yes,51315.8
BILL06754,A06754,6000,7511,6000,Yes,3902.2
BILL06755,A06755,180000,4035,4000,Yes,37607.0
BILL06756,A06756,800,10509,10000,Yes,4261.8
BILL06757,A06757,2500,3751,15000,Yes,4250.2
BILL06758,A06758,1500,16061,16000,Yes,6712.2
BILL06759,A06759,60000,13586,25000,No,98586.0
BILL06760,A06760,5000,6065,4000,No,15065.0
BILL06761,A06761,8000,5462,6000,Yes,3892.4
BILL06762,A06762,65000,11484,0,Yes,15296.8
BILL06763,A06763,10000,14069,9000,Yes,6613.8
BILL06764,A06764,10000,12309,0,Yes,4461.8
BILL06765,A06765,10000,18316,4000,Yes,6463.2
BILL06766,A06766,5000,15732,15000,Yes,7146.4
BILL06767,A06767,65000,1483,4000,Yes,14096.6
BILL06768,A06768,4000,8475,0,Yes,2495.0
BILL06769,A06769,65000,18951,0,Yes,16790.2
BILL06770,A06770,2500,15618,9000,Yes,5423.6
BILL06771,A06771,1200,3431,30000,No,34631.0
BILL06772,A06772,2000,1634,0,Yes,726.8
BILL06773,A06773,35000,3564,14000,Yes,10512.8
BILL06774,A06774,15000,12973,12000,No,39973.0
BILL06775,A06775,8000,15986,6000,No,29986.0
BILL06776,A06776,3500,16740,9000,Yes,5848.0
BILL06777,A06777,800,1317,20000,Yes,4423.4
BILL06778,A06778,1200,9653,30000,No,40853.0
BILL06779,A06779,8000,16752,4000,Yes,5750.4
BILL06780,A06780,70000,18429,0,Yes,17685.8
BILL06781,A06781,3000,706,0,Yes,741.2
BILL06782,A06782,6000,8524,25000,Yes,7904.8
BILL06783,A06783,15000,5241,0,No,20241.0
BILL06784,A06784,2000,10105,24000,Yes,7221.0
BILL06785,A06785,15000,5225,18000,Yes,7645.0
BILL06786,A06786,250000,1004,0,Yes,50200.8
BILL06787,A06787,250000,7534,4000,No,261534.0
BILL06788,A06788,6000,5150,0,Yes,2230.0
BILL06789,A06789,450000,10497,0,No,460497.0
BILL06790,A06790,800,16047,0,Yes,3369.4
BILL06791,A06791,3000,1240,21000,No,25240.0
BILL06792,A06792,15000,14284,36000,Yes,13056.8
BILL06793,A06793,8000,7861,0,Yes,3172.2
BILL06794,A06794,5000,3085,15000,Yes,4617.0
BILL06795,A06795,2500,10333,4000,No,16833.0
BILL06796,A06796,2500,4888,32000,No,39388.0
BILL06797,A06797,1000,12266,0,Yes,2653.2
BILL06798,A06798,250000,1714,0,Yes,50342.8
BILL06799,A06799,12000,19340,4000,Yes,7068.0
BILL06800,A06800,12000,18097,6000,Yes,7219.4
BILL06801,A06801,6000,14585,10000,No,30585.0
BILL06802,A06802,3000,9856,30000,Yes,8571.2
BILL06803,A06803,3000,18719,10000,No,31719.0
BILL06804,A06804,3000,17332,0,Yes,4066.4
BILL06805,A06805,1200,15691,50000,No,66891.0
BILL06806,A06806,12000,816,4000,Yes,3363.2
BILL06807,A06807,2000,8980,2000,Yes,2596.0
BILL06808,A06808,5000,8060,25000,No,38060.0
BILL06809,A06809,180000,18767,2000,No,200767.0
BILL06810,A06810,60000,4089,4000,Yes,13617.8
BILL06811,A06811,1000,19087,3000,Yes,4617.4
BILL06812,A06812,1200,10355,6000,Yes,3511.0
BILL06813,A06813,180000,19219,3000,Yes,40443.8
BILL06814,A06814,10000,4689,9000,No,23689.0
BILL06815,A06815,12000,8051,28000,Yes,9610.2
BILL06816,A06816,40000,17207,25000,Yes,16441.4
BILL06817,A06817,40000,1780,27000,Yes,13756.0
BILL06818,A06818,35000,19311,0,Yes,10862.2
BILL06819,A06819,1500,14645,0,Yes,3229.0
BILL06820,A06820,5000,818,18000,Yes,4763.6
BILL06821,A06821,5000,5955,9000,No,19955.0
BILL06822,A06822,1200,16610,0,No,17810.0
BILL06823,A06823,1000,12272,32000,Yes,9054.4
BILL06824,A06824,2000,7320,0,Yes,1864.0
BILL06825,A06825,12000,1175,0,Yes,2635.0
BILL06826,A06826,2000,12850,24000,No,38850.0
BILL06827,A06827,12000,13715,0,Yes,5143.0
BILL06828,A06828,3500,4144,0,Yes,1528.8
BILL06829,A06829,65000,17575,0,Yes,16515.0
BILL06830,A06830,35000,4403,35000,No,74403.0
BILL06831,A06831,12000,1258,0,Yes,2651.6
BILL06832,A06832,1000,5489,27000,Yes,6697.8
BILL06833,A06833,80000,16702,0,No,96702.0
BILL06834,A06834,450000,19570,10000,No,479570.0
BILL06835,A06835,1000,1965,0,Yes,593.0
BILL06836,A06836,3000,11537,0,Yes,2907.4
BILL06837,A06837,1000,3193,0,Yes,838.6
BILL06838,A06838,80000,8954,45000,Yes,26790.8
BILL06839,A06839,35000,2160,18000,No,55160.0
BILL06840,A06840,2000,19816,32000,No,53816.0
BILL06841,A06841,65000,8660,0,Yes,14732.0
BILL06842,A06842,3000,3671,6000,No,12671.0
BILL06843,A06843,4000,3202,16000,Yes,4640.4
BILL06844,A06844,40000,3290,8000,Yes,10258.0
BILL06845,A06845,40000,18695,12000,No,70695.0
BILL06846,A06846,70000,11304,18000,No,99304.0
BILL06847,A06847,2000,10626,0,No,12626.0
BILL06848,A06848,40000,6696,32000,No,78696.0
BILL06849,A06849,800,894,2000,Yes,738.8
BILL06850,A06850,12000,11114,24000,Yes,9422.8
BILL06851,A06851,1200,13971,10000,Yes,5034.2
BILL06852,A06852,15000,12790,36000,Yes,12758.0
BILL06853,A06853,80000,9456,0,Yes,17891.2
BILL06854,A06854,800,5358,8000,Yes,2831.6
BILL06855,A06855,65000,18539,0,Yes,16707.8
BILL06856,A06856,1000,1025,30000,No,32025.0
BILL06857,A06857,40000,18164,16000,No,74164.0
BILL06858,A06858,65000,5487,0,No,70487.0
BILL06859,A06859,3000,17321,5000,Yes,5064.2
BILL06860,A06860,3500,9969,0,Yes,2693.8
BILL06861,A06861,8000,13314,24000,Yes,9062.8
BILL06862,A06862,180000,11859,0,Yes,38371.8
BILL06863,A06863,2500,11141,9000,Yes,4528.2
BILL06864,A06864,2000,12247,6000,Yes,4049.4
BILL06865,A06865,1000,5735,0,Yes,1347.0
BILL06866,A06866,1200,15390,20000,Yes,7318.0
BILL06867,A06867,8000,3357,24000,Yes,7071.4
BILL06868,A06868,1000,18850,9000,Yes,5770.0
BILL06869,A06869,12000,11379,0,Yes,4675.8
BILL06870,A06870,2500,14219,10000,Yes,5343.8
BILL06871,A06871,6000,11227,24000,Yes,8245.4
BILL06872,A06872,4000,9899,10000,Yes,4779.8
BILL06873,A06873,35000,1538,14000,Yes,10107.6
BILL06874,A06874,450000,6165,12000,Yes,93633.0
BILL06875,A06875,1500,14474,10000,Yes,5194.8
BILL06876,A06876,8000,3293,3000,Yes,2858.6
BILL06877,A06877,3000,17617,6000,Yes,5323.4
BILL06878,A06878,65000,1470,0,No,66470.0
BILL06879,A06879,12000,6259,0,No,18259.0
BILL06880,A06880,15000,4666,45000,Yes,12933.2
BILL06881,A06881,40000,3435,6000,Yes,9887.0
BILL06882,A06882,15000,9166,0,Yes,4833.2
BILL06883,A06883,65000,14570,0,No,79570.0
BILL06884,A06884,3500,7852,12000,Yes,4670.4
BILL06885,A06885,60000,2007,4000,No,66007.0
BILL06886,A06886,3500,5229,0,Yes,1745.8
BILL06887,A06887,2500,7668,4000,Yes,2833.6
BILL06888,A06888,800,1324,2000,Yes,824.8
BILL06889,A06889,6000,11408,21000,Yes,7681.6
BILL06890,A06890,3000,16858,0,No,19858.0
BILL06891,A06891,15000,10629,0,No,25629.0
BILL06892,A06892,12000,9002,0,Yes,4200.4
BILL06893,A06893,60000,14323,2000,Yes,15264.6
BILL06894,A06894,1000,13929,6000,Yes,4185.8
BILL06895,A06895,6000,10915,8000,No,24915.0
BILL06896,A06896,1200,4635,0,No,5835.0
BILL06897,A06897,180000,6505,0,Yes,37301.0
BILL06898,A06898,8000,624,15000,No,23624.0
BILL06899,A06899,6000,13195,8000,No,27195.0
BILL06900,A06900,65000,13613,18000,No,96613.0
BILL06901,A06901,180000,9545,8000,No,197545.0
BILL06902,A06902,1200,14981,50000,No,66181.0
BILL06903,A06903,1200,14983,40000,No,56183.0
BILL06904,A06904,250000,10115,20000,Yes,56023.0
BILL06905,A06905,6000,3138,0,Yes,1827.6
BILL06906,A06906,8000,7305,0,Yes,3061.0
BILL06907,A06907,5000,14026,12000,No,31026.0
BILL06908,A06908,2000,10438,35000,No,47438.0
BILL06909,A06909,1200,5270,0,Yes,1294.0
BILL06910,A06910,800,9408,9000,Yes,3841.6
BILL06911,A06911,35000,10567,10000,No,55567.0
BILL06912,A06912,5000,12899,6000,No,23899.0
BILL06913,A06913,40000,5441,4000,Yes,9888.2
BILL06914,A06914,8000,14682,36000,Yes,11736.4
BILL06915,A06915,40000,12174,0,Yes,10434.8
BILL06916,A06916,6000,19336,0,Yes,5067.2
BILL06917,A06917,65000,13596,8000,No,86596.0
BILL06918,A06918,60000,3381,6000,Yes,13876.2
BILL06919,A06919,3000,16656,0,Yes,3931.2
BILL06920,A06920,12000,3131,27000,Yes,8426.2
BILL06921,A06921,5000,582,0,Yes,1116.4
BILL06922,A06922,1200,7884,28000,No,37084.0
BILL06923,A06923,5000,9920,24000,No,38920.0
BILL06924,A06924,15000,17809,0,Yes,6561.8
BILL06925,A06925,1200,14255,0,No,15455.0
BILL06926,A06926,8000,13776,8000,No,29776.0
BILL06927,A06927,12000,1099,4000,No,17099.0
BILL06928,A06928,70000,3801,12000,Yes,17160.2
BILL06929,A06929,15000,5775,36000,Yes,11355.0
BILL06930,A06930,450000,9641,0,No,459641.0
BILL06931,A06931,15000,6610,21000,No,42610.0
BILL06932,A06932,12000,4381,15000,Yes,6276.2
BILL06933,A06933,40000,17797,0,Yes,11559.4
BILL06934,A06934,8000,8355,0,Yes,3271.0
BILL06935,A06935,2000,17055,0,Yes,3811.0
BILL06936,A06936,3500,2415,30000,Yes,7183.0
BILL06937,A06937,450000,7107,12000,Yes,93821.4
BILL06938,A06938,5000,18547,0,Yes,4709.4
BILL06939,A06939,1500,9544,0,No,11044.0
BILL06940,A06940,10000,7376,0,No,17376.0
BILL06941,A06941,35000,16059,14000,Yes,13011.8
BILL06942,A06942,8000,16765,0,Yes,4953.0
BILL06943,A06943,1200,15790,0,Yes,3398.0
BILL06944,A06944,80000,3939,20000,No,103939.0
BILL06945,A06945,8000,5598,0,No,13598.0
BILL06946,A06946,8000,2168,16000,Yes,5233.6
BILL06947,A06947,2000,9835,5000,No,16835.0
BILL06948,A06948,1200,11269,24000,No,36469.0
BILL06949,A06949,10000,4447,6000,Yes,4089.4
BILL06950,A06950,800,14837,32000,Yes,9527.4
BILL06951,A06951,180000,17870,12000,No,209870.0
BILL06952,A06952,180000,1241,5000,No,186241.0
BILL06953,A06953,2500,18788,10000,Yes,6257.6
BILL06954,A06954,3500,613,0,Yes,822.6
BILL06955,A06955,3500,15834,10000,No,29334.0
BILL06956,A06956,40000,15833,20000,No,75833.0
BILL06957,A06957,180000,3966,10000,Yes,38793.2
BILL06958,A06958,65000,17276,6000,No,88276.0
BILL06959,A06959,12000,15900,6000,Yes,6780.0
BILL06960,A06960,1000,7145,25000,Yes,6629.0
BILL06961,A06961,70000,16569,6000,Yes,18513.8
BILL06962,A06962,15000,16397,12000,No,43397.0
BILL06963,A06963,5000,1821,35000,No,41821.0
BILL06964,A06964,40000,18838,4000,No,62838.0
BILL06965,A06965,12000,728,3000,No,15728.0
BILL06966,A06966,70000,18425,18000,No,106425.0
BILL06967,A06967,5000,18490,28000,No,51490.0
BILL06968,A06968,180000,15754,0,Yes,39150.8
BILL06969,A06969,450000,8917,0,Yes,91783.4
BILL06970,A06970,180000,4922,3000,No,187922.0
BILL06971,A06971,60000,6602,6000,No,72602.0
BILL06972,A06972,1000,4482,45000,Yes,10096.4
BILL06973,A06973,450000,13097,0,Yes,92619.4
BILL06974,A06974,35000,15438,12000,Yes,12487.6
BILL06975,A06975,8000,15971,0,Yes,4794.2
BILL06976,A06976,800,14999,12000,Yes,5559.8
BILL06977,A06977,250000,4379,3000,Yes,51475.8
BILL06978,A06978,3000,12449,3000,Yes,3689.8
BILL06979,A06979,70000,2299,12000,No,84299.0
BILL06980,A06980,3000,10271,9000,Yes,4454.2
BILL06981,A06981,8000,644,15000,No,23644.0
BILL06982,A06982,1000,7629,21000,Yes,5925.8
BILL06983,A06983,450000,17627,0,No,467627.0
BILL06984,A06984,1000,5629,32000,No,38629.0
BILL06985,A06985,4000,4186,0,Yes,1637.2
BILL06986,A06986,15000,9955,36000,Yes,12191.0
BILL06987,A06987,80000,7721,2000,Yes,17944.2
BILL06988,A06988,60000,4010,10000,Yes,14802.0
BILL06989,A06989,80000,2944,0,Yes,16588.8
BILL06990,A06990,60000,7991,16000,Yes,16798.2
BILL06991,A06991,70000,12568,18000,Yes,20113.6
BILL06992,A06992,1000,12451,50000,No,63451.0
BILL06993,A06993,12000,13747,12000,Yes,7549.4
BILL06994,A06994,180000,11313,3000,Yes,38862.6
BILL06995,A06995,8000,3472,4000,Yes,3094.4
BILL06996,A06996,3000,1059,0,No,4059.0
BILL06997,A06997,800,9548,5000,Yes,3069.6
BILL06998,A06998,8000,5594,50000,Yes,12718.8
BILL06999,A06999,6000,19676,10000,No,35676.0
BILL07000,A07000,2500,4506,36000,Yes,8601.2
BILL07001,A07001,15000,18581,0,Yes,6716.2
BILL07002,A07002,8000,4142,9000,Yes,4228.4
BILL07003,A07003,4000,3002,0,No,7002.0
BILL07004,A07004,8000,11297,4000,Yes,4659.4
BILL07005,A07005,4000,19907,20000,No,43907.0
BILL07006,A07006,6000,16810,6000,Yes,5762.0
BILL07007,A07007,2000,9006,12000,Yes,4601.2
BILL07008,A07008,3000,1994,35000,Yes,7998.8
BILL07009,A07009,15000,13061,8000,Yes,7212.2
BILL07010,A07010,65000,10091,15000,No,90091.0
BILL07011,A07011,8000,12617,0,Yes,4123.4
BILL07012,A07012,1200,15657,0,Yes,3371.4
BILL07013,A07013,6000,12234,4000,Yes,4446.8
BILL07014,A07014,3500,1395,40000,Yes,8979.0
BILL07015,A07015,180000,16885,0,Yes,39377.0
BILL07016,A07016,1200,13091,24000,No,38291.0
BILL07017,A07017,12000,16251,0,Yes,5650.2
BILL07018,A07018,12000,2505,15000,Yes,5901.0
BILL07019,A07019,80000,10921,40000,No,130921.0
BILL07020,A07020,1000,17869,8000,No,26869.0
BILL07021,A07021,6000,14993,8000,No,28993.0
BILL07022,A07022,3500,10386,8000,No,21886.0
BILL07023,A07023,5000,6433,10000,Yes,4286.6
BILL07024,A07024,60000,18936,0,Yes,15787.2
BILL07025,A07025,1000,13424,20000,No,34424.0
BILL07026,A07026,8000,15274,18000,Yes,8254.8
BILL07027,A07027,1000,10338,0,Yes,2267.6
BILL07028,A07028,1500,14544,24000,Yes,8008.8
BILL07029,A07029,4000,15092,5000,No,24092.0
BILL07030,A07030,40000,5212,15000,No,60212.0
BILL07031,A07031,1200,7267,40000,Yes,9693.4
BILL07032,A07032,800,18472,45000,Yes,12854.4
BILL07033,A07033,40000,5033,20000,Yes,13006.6
BILL07034,A07034,2500,7639,30000,No,40139.0
BILL07035,A07035,12000,16070,10000,Yes,7614.0
BILL07036,A07036,4000,1489,12000,Yes,3497.8
BILL07037,A07037,1500,17648,0,Yes,3829.6
BILL07038,A07038,15000,8159,6000,Yes,5831.8
BILL07039,A07039,5000,11464,0,No,16464.0
BILL07040,A07040,40000,9010,4000,Yes,10602.0
BILL07041,A07041,6000,1332,0,Yes,1466.4
BILL07042,A07042,180000,19430,10000,No,209430.0
BILL07043,A07043,65000,11227,25000,Yes,20245.4
BILL07044,A07044,12000,8933,6000,Yes,5386.6
BILL07045,A07045,800,11040,0,Yes,2368.0
BILL07046,A07046,250000,16021,15000,Yes,56204.2
BILL07047,A07047,6000,11608,36000,Yes,10721.6
BILL07048,A07048,1500,14797,0,Yes,3259.4
BILL07049,A07049,1500,1405,6000,No,8905.0
BILL07050,A07050,60000,17767,32000,Yes,21953.4
BILL07051,A07051,4000,6428,0,Yes,2085.6
BILL07052,A07052,15000,13687,0,Yes,5737.4
BILL07053,A07053,6000,7258,6000,Yes,3851.6
BILL07054,A07054,6000,6269,27000,No,39269.0
BILL07055,A07055,8000,5324,30000,Yes,8664.8
BILL07056,A07056,180000,2957,25000,No,207957.0
BILL07057,A07057,450000,16559,0,Yes,93311.8
BILL07058,A07058,12000,16615,0,Yes,5723.0
BILL07059,A07059,15000,2374,8000,Yes,5074.8
BILL07060,A07060,12000,18299,12000,Yes,8459.8
BILL07061,A07061,8000,9288,0,Yes,3457.6
BILL07062,A07062,60000,8124,18000,Yes,17224.8
BILL07063,A07063,10000,3893,10000,No,23893.0
BILL07064,A07064,1500,757,3000,Yes,1051.4
BILL07065,A07065,60000,6371,21000,Yes,17474.2
BILL07066,A07066,12000,6404,50000,No,68404.0
BILL07067,A07067,6000,19133,4000,Yes,5826.6
BILL07068,A07068,800,9220,0,No,10020.0
BILL07069,A07069,800,9302,40000,No,50102.0
BILL07070,A07070,10000,2484,45000,Yes,11496.8
BILL07071,A07071,5000,2841,0,Yes,1568.2
BILL07072,A07072,15000,1133,15000,No,31133.0
BILL07073,A07073,2000,3134,15000,No,20134.0
BILL07074,A07074,35000,15103,12000,No,62103.0
BILL07075,A07075,1200,853,14000,Yes,3210.6
BILL07076,A07076,5000,6997,21000,Yes,6599.4
BILL07077,A07077,180000,15535,0,Yes,39107.0
BILL07078,A07078,80000,9663,10000,Yes,19932.6
BILL07079,A07079,6000,4207,15000,Yes,5041.4
BILL07080,A07080,10000,9630,20000,Yes,7926.0
BILL07081,A07081,80000,8418,6000,Yes,18883.6
BILL07082,A07082,8000,18942,8000,No,34942.0
BILL07083,A07083,15000,11152,32000,Yes,11630.4
BILL07084,A07084,15000,11962,40000,Yes,13392.4
BILL07085,A07085,70000,7675,3000,Yes,16135.0
BILL07086,A07086,70000,5677,25000,Yes,20135.4
BILL07087,A07087,6000,3351,0,No,9351.0
BILL07088,A07088,65000,4362,5000,Yes,14872.4
BILL07089,A07089,8000,2064,8000,No,18064.0
BILL07090,A07090,5000,18955,20000,Yes,8791.0
BILL07091,A07091,70000,14604,25000,Yes,21920.8
BILL07092,A07092,65000,11350,0,Yes,15270.0
BILL07093,A07093,15000,5946,8000,Yes,5789.2
BILL07094,A07094,5000,7230,45000,Yes,11446.0
BILL07095,A07095,6000,19714,0,Yes,5142.8
BILL07096,A07096,70000,518,40000,Yes,22103.6
BILL07097,A07097,1000,591,10000,No,11591.0
BILL07098,A07098,35000,12407,0,No,47407.0
BILL07099,A07099,450000,1211,9000,Yes,92042.2
BILL07100,A07100,12000,835,0,Yes,2567.0
BILL07101,A07101,1200,6128,0,Yes,1465.6
BILL07102,A07102,800,3047,0,No,3847.0
BILL07103,A07103,6000,10307,12000,Yes,5661.4
BILL07104,A07104,1000,9658,24000,Yes,6931.6
BILL07105,A07105,6000,1633,24000,Yes,6326.6
BILL07106,A07106,180000,5640,0,No,185640.0
BILL07107,A07107,6000,8602,0,Yes,2920.4
BILL07108,A07108,6000,5997,30000,Yes,8399.4
BILL07109,A07109,800,1834,0,No,2634.0
BILL07110,A07110,2000,11358,24000,No,37358.0
BILL07111,A07111,10000,2445,20000,Yes,6489.0
BILL07112,A07112,1000,7913,0,Yes,1782.6
BILL07113,A07113,3000,1594,18000,No,22594.0
BILL07114,A07114,2000,19534,8000,No,29534.0
BILL07115,A07115,2000,7320,6000,No,15320.0
BILL07116,A07116,12000,8547,3000,No,23547.0
BILL07117,A07117,2500,10151,21000,Yes,6730.2
BILL07118,A07118,12000,5848,15000,Yes,6569.6
BILL07119,A07119,800,18109,0,Yes,3781.8
BILL07120,A07120,3500,18141,3000,Yes,4928.2
BILL07121,A07121,15000,9329,0,Yes,4865.8
BILL07122,A07122,800,19498,6000,Yes,5259.6
BILL07123,A07123,5000,11422,15000,Yes,6284.4
BILL07124,A07124,60000,4887,18000,Yes,16577.4
BILL07125,A07125,10000,8453,15000,Yes,6690.6
BILL07126,A07126,80000,2965,10000,Yes,18593.0
BILL07127,A07127,1200,19767,28000,Yes,9793.4
BILL07128,A07128,12000,2648,0,Yes,2929.6
BILL07129,A07129,65000,9288,8000,Yes,16457.6
BILL07130,A07130,15000,15184,0,Yes,6036.8
BILL07131,A07131,180000,3704,0,Yes,36740.8
BILL07132,A07132,250000,15125,0,No,265125.0
BILL07133,A07133,60000,3772,30000,Yes,18754.4
BILL07134,A07134,10000,13632,9000,No,32632.0
BILL07135,A07135,15000,9480,30000,Yes,10896.0
BILL07136,A07136,250000,17168,5000,Yes,54433.6
BILL07137,A07137,1200,3871,6000,No,11071.0
BILL07138,A07138,1500,14450,4000,Yes,3990.0
BILL07139,A07139,80000,7989,18000,Yes,21197.8
BILL07140,A07140,8000,19934,0,No,27934.0
BILL07141,A07141,15000,17966,12000,Yes,8993.2
BILL07142,A07142,80000,5003,24000,Yes,21800.6
BILL07143,A07143,1000,5946,0,Yes,1389.2
BILL07144,A07144,35000,8045,0,Yes,8609.0
BILL07145,A07145,10000,10913,8000,Yes,5782.6
BILL07146,A07146,2000,5073,18000,Yes,5014.6
BILL07147,A07147,8000,3942,12000,Yes,4788.4
BILL07148,A07148,180000,2117,5000,Yes,37423.4
BILL07149,A07149,40000,19875,5000,Yes,12975.0
BILL07150,A07150,3500,9050,15000,Yes,5510.0
BILL07151,A07151,15000,4656,0,No,19656.0
BILL07152,A07152,12000,8735,30000,Yes,10147.0
BILL07153,A07153,3500,3561,18000,No,25061.0
BILL07154,A07154,40000,8835,36000,No,84835.0
BILL07155,A07155,10000,18184,14000,Yes,8436.8
BILL07156,A07156,80000,743,8000,No,88743.0
BILL07157,A07157,5000,16330,0,Yes,4266.0
BILL07158,A07158,1000,16645,10000,No,27645.0
BILL07159,A07159,3000,6997,0,No,9997.0
BILL07160,A07160,250000,6075,15000,Yes,54215.0
BILL07161,A07161,1200,12229,16000,Yes,5885.8
BILL07162,A07162,80000,15811,0,No,95811.0
BILL07163,A07163,60000,9509,12000,No,81509.0
BILL07164,A07164,8000,11429,0,No,19429.0
BILL07165,A07165,15000,17880,0,No,32880.0
BILL07166,A07166,6000,18243,18000,No,42243.0
BILL07167,A07167,10000,11006,0,No,21006.0
BILL07168,A07168,65000,16157,3000,Yes,16831.4
BILL07169,A07169,2500,6132,4000,No,12632.0
BILL07170,A07170,10000,9220,0,Yes,3844.0
BILL07171,A07171,8000,19652,18000,Yes,9130.4
BILL07172,A07172,1500,7601,8000,No,17101.0
BILL07173,A07173,35000,3126,30000,Yes,13625.2
BILL07174,A07174,60000,5710,3000,Yes,13742.0
BILL07175,A07175,180000,11980,4000,No,195980.0
BILL07176,A07176,12000,17974,30000,Yes,11994.8
BILL07177,A07177,6000,13795,9000,No,28795.0
BILL07178,A07178,80000,10326,10000,Yes,20065.2
BILL07179,A07179,10000,13973,24000,Yes,9594.6
BILL07180,A07180,80000,8755,0,Yes,17751.0
BILL07181,A07181,70000,3470,6000,No,79470.0
BILL07182,A07182,3500,8550,0,Yes,2410.0
BILL07183,A07183,5000,19168,12000,Yes,7233.6
BILL07184,A07184,450000,940,15000,Yes,93188.0
BILL07185,A07185,65000,15028,16000,Yes,19205.6
BILL07186,A07186,60000,13558,6000,Yes,15911.6
BILL07187,A07187,2500,11729,14000,No,28229.0
BILL07188,A07188,2000,12339,15000,Yes,5867.8
BILL07189,A07189,450000,2687,5000,No,457687.0
BILL07190,A07190,40000,1789,4000,No,45789.0
BILL07191,A07191,2000,2953,4000,No,8953.0
BILL07192,A07192,5000,3265,3000,Yes,2253.0
BILL07193,A07193,250000,7079,18000,Yes,55015.8
BILL07194,A07194,800,10260,10000,Yes,4212.0
BILL07195,A07195,8000,19894,0,Yes,5578.8
BILL07196,A07196,3500,689,10000,Yes,2837.8
BILL07197,A07197,70000,1196,9000,Yes,16039.2
BILL07198,A07198,1000,1721,4000,Yes,1344.2
BILL07199,A07199,180000,13614,4000,No,197614.0
BILL07200,A07200,800,14196,8000,Yes,4599.2
BILL07201,A07201,40000,14784,18000,Yes,14556.8
BILL07202,A07202,6000,7656,40000,Yes,10731.2
BILL07203,A07203,1000,19257,40000,Yes,12051.4
BILL07204,A07204,3500,6184,0,Yes,1936.8
BILL07205,A07205,35000,3453,50000,No,88453.0
BILL07206,A07206,5000,5304,15000,No,25304.0
BILL07207,A07207,15000,7236,18000,No,40236.0
BILL07208,A07208,800,4257,4000,Yes,1811.4
BILL07209,A07209,60000,8986,12000,No,80986.0
BILL07210,A07210,8000,14763,8000,Yes,6152.6
BILL07211,A07211,4000,7055,0,Yes,2211.0
BILL07212,A07212,2500,9544,4000,Yes,3208.8
BILL07213,A07213,1000,6943,40000,Yes,9588.6
BILL07214,A07214,1200,15896,15000,Yes,6419.2
BILL07215,A07215,4000,16117,5000,No,25117.0
BILL07216,A07216,6000,1536,15000,No,22536.0
BILL07217,A07217,10000,7329,32000,Yes,9865.8
BILL07218,A07218,1500,6400,0,No,7900.0
BILL07219,A07219,6000,14543,0,Yes,4108.6
BILL07220,A07220,450000,11647,2000,Yes,92729.4
BILL07221,A07221,65000,14963,4000,No,83963.0
BILL07222,A07222,65000,16700,15000,Yes,19340.0
BILL07223,A07223,1200,6488,2000,No,9688.0
BILL07224,A07224,2000,9905,0,Yes,2381.0
BILL07225,A07225,8000,9236,28000,Yes,9047.2
BILL07226,A07226,250000,16759,0,Yes,53351.8
BILL07227,A07227,800,11816,15000,No,27616.0
BILL07228,A07228,70000,6934,15000,Yes,18386.8
BILL07229,A07229,35000,15200,0,Yes,10040.0
BILL07230,A07230,5000,10114,28000,No,43114.0
BILL07231,A07231,65000,12902,9000,Yes,17380.4
BILL07232,A07232,5000,19106,18000,Yes,8421.2
BILL07233,A07233,10000,15822,12000,Yes,7564.4
BILL07234,A07234,70000,14717,0,Yes,16943.4
BILL07235,A07235,1000,896,0,Yes,379.2
BILL07236,A07236,2500,7942,28000,Yes,7688.4
BILL07237,A07237,1200,10754,5000,No,16954.0
BILL07238,A07238,8000,9279,0,Yes,3455.8
BILL07239,A07239,250000,9626,18000,Yes,55525.2
BILL07240,A07240,8000,19832,14000,No,41832.0
BILL07241,A07241,2500,1565,0,Yes,813.0
BILL07242,A07242,8000,3044,0,No,11044.0
BILL07243,A07243,40000,2135,28000,Yes,14027.0
BILL07244,A07244,15000,13953,14000,Yes,8590.6
BILL07245,A07245,6000,15429,36000,Yes,11485.8
BILL07246,A07246,80000,15476,0,Yes,19095.2
BILL07247,A07247,12000,12793,18000,Yes,8558.6
BILL07248,A07248,6000,15290,0,No,21290.0
BILL07249,A07249,800,8901,5000,No,14701.0
BILL07250,A07250,80000,4804,0,No,84804.0
BILL07251,A07251,15000,13742,0,Yes,5748.4
BILL07252,A07252,8000,10229,12000,Yes,6045.8
BILL07253,A07253,40000,17458,20000,No,77458.0
BILL07254,A07254,250000,5387,45000,Yes,60077.4
BILL07255,A07255,1000,5970,4000,Yes,2194.0
BILL07256,A07256,10000,17441,0,Yes,5488.2
BILL07257,A07257,6000,15390,10000,Yes,6278.0
BILL07258,A07258,2000,8239,0,Yes,2047.8
BILL07259,A07259,12000,14537,20000,Yes,9307.4
BILL07260,A07260,8000,1696,27000,No,36696.0
BILL07261,A07261,2500,15055,24000,No,41555.0
BILL07262,A07262,1000,19903,3000,Yes,4780.6
BILL07263,A07263,6000,13487,0,Yes,3897.4
BILL07264,A07264,1000,7413,2000,No,10413.0
BILL07265,A07265,80000,15933,0,Yes,19186.6
BILL07266,A07266,180000,4944,12000,No,196944.0
BILL07267,A07267,3500,14283,50000,No,67783.0
BILL07268,A07268,450000,16077,4000,No,470077.0
BILL07269,A07269,1000,1029,45000,Yes,9405.8
BILL07270,A07270,4000,17115,0,Yes,4223.0
BILL07271,A07271,5000,16962,0,No,21962.0
BILL07272,A07272,3500,2029,0,Yes,1105.8
BILL07273,A07273,10000,7225,5000,Yes,4445.0
BILL07274,A07274,35000,6043,20000,No,61043.0
BILL07275,A07275,2000,1288,12000,No,15288.0
BILL07276,A07276,6000,11072,16000,No,33072.0
BILL07277,A07277,10000,10418,0,Yes,4083.6
BILL07278,A07278,35000,4364,0,Yes,7872.8
BILL07279,A07279,180000,18883,20000,No,218883.0
BILL07280,A07280,3000,3047,0,No,6047.0
BILL07281,A07281,3000,15009,2000,Yes,4001.8
BILL07282,A07282,8000,7248,24000,No,39248.0
BILL07283,A07283,15000,2784,0,No,17784.0
BILL07284,A07284,1200,19435,2000,Yes,4527.0
BILL07285,A07285,6000,19512,0,No,25512.0
BILL07286,A07286,180000,17177,4000,No,201177.0
BILL07287,A07287,3500,19067,6000,Yes,5713.4
BILL07288,A07288,180000,18910,3000,Yes,40382.0
BILL07289,A07289,12000,11079,27000,No,50079.0
BILL07290,A07290,3500,8147,0,Yes,2329.4
BILL07291,A07291,10000,699,10000,No,20699.0
BILL07292,A07292,15000,10591,12000,Yes,7518.2
BILL07293,A07293,15000,19745,24000,Yes,11749.0
BILL07294,A07294,250000,7258,0,No,257258.0
BILL07295,A07295,450000,3354,6000,No,459354.0
BILL07296,A07296,15000,10411,20000,Yes,9082.2
BILL07297,A07297,2500,12256,5000,Yes,3951.2
BILL07298,A07298,800,12964,3000,Yes,3352.8
BILL07299,A07299,60000,11640,10000,Yes,16328.0
BILL07300,A07300,3000,12554,40000,No,55554.0
BILL07301,A07301,4000,17883,9000,No,30883.0
BILL07302,A07302,180000,9398,15000,Yes,40879.6
BILL07303,A07303,40000,17297,4000,No,61297.0
BILL07304,A07304,3500,8539,0,No,12039.0
BILL07305,A07305,15000,2968,15000,No,32968.0
BILL07306,A07306,70000,4158,30000,Yes,20831.6
BILL07307,A07307,70000,682,0,Yes,14136.4
BILL07308,A07308,80000,9382,15000,No,104382.0
BILL07309,A07309,250000,11763,0,Yes,52352.6
BILL07310,A07310,8000,8777,3000,No,19777.0
BILL07311,A07311,12000,17244,0,Yes,5848.8
BILL07312,A07312,5000,7044,15000,No,27044.0
BILL07313,A07313,250000,4249,45000,Yes,59849.8
BILL07314,A07314,1200,5614,20000,Yes,5362.8
BILL07315,A07315,250000,1893,5000,No,256893.0
BILL07316,A07316,65000,7171,0,Yes,14434.2
BILL07317,A07317,5000,18175,6000,Yes,5835.0
BILL07318,A07318,8000,2649,25000,Yes,7129.8
BILL07319,A07319,15000,5422,3000,Yes,4684.4
BILL07320,A07320,6000,14086,24000,No,44086.0
BILL07321,A07321,2500,10198,36000,No,48698.0
BILL07322,A07322,180000,11190,8000,No,199190.0
BILL07323,A07323,800,1130,5000,Yes,1386.0
BILL07324,A07324,3000,17134,36000,No,56134.0
BILL07325,A07325,15000,6524,10000,Yes,6304.8
BILL07326,A07326,3000,3410,8000,Yes,2882.0
BILL07327,A07327,15000,571,0,No,15571.0
BILL07328,A07328,2500,4180,25000,No,31680.0
BILL07329,A07329,8000,6119,5000,Yes,3823.8
BILL07330,A07330,1500,4839,6000,Yes,2467.8
BILL07331,A07331,1000,17879,30000,No,48879.0
BILL07332,A07332,70000,8367,2000,Yes,16073.4
BILL07333,A07333,3000,6241,0,Yes,1848.2
BILL07334,A07334,6000,9169,12000,Yes,5433.8
BILL07335,A07335,3000,11184,10000,Yes,4836.8
BILL07336,A07336,15000,6525,4000,Yes,5105.0
BILL07337,A07337,70000,17602,15000,No,102602.0
BILL07338,A07338,1000,3161,30000,Yes,6832.2
BILL07339,A07339,12000,10174,0,Yes,4434.8
BILL07340,A07340,800,12753,0,Yes,2710.6
BILL07341,A07341,12000,1108,18000,No,31108.0
BILL07342,A07342,3000,5618,27000,Yes,7123.6
BILL07343,A07343,1500,8647,14000,Yes,4829.4
BILL07344,A07344,12000,9224,0,Yes,4244.8
BILL07345,A07345,1500,2426,0,Yes,785.2
BILL07346,A07346,40000,15208,16000,Yes,14241.6
BILL07347,A07347,6000,10122,6000,Yes,4424.4
BILL07348,A07348,65000,4856,24000,Yes,18771.2
BILL07349,A07349,40000,12128,0,No,52128.0
BILL07350,A07350,65000,14423,12000,Yes,18284.6
BILL07351,A07351,450000,3093,5000,No,458093.0
BILL07352,A07352,250000,9622,0,No,259622.0
BILL07353,A07353,1500,13610,0,No,15110.0
BILL07354,A07354,800,17212,9000,Yes,5402.4
BILL07355,A07355,1200,19176,5000,No,25376.0
BILL07356,A07356,1200,8651,12000,Yes,4370.2
BILL07357,A07357,1200,13609,0,Yes,2961.8
BILL07358,A07358,15000,6974,15000,Yes,7394.8
BILL07359,A07359,65000,1759,0,Yes,13351.8
BILL07360,A07360,10000,15691,0,Yes,5138.2
BILL07361,A07361,2500,2914,30000,Yes,7082.8
BILL07362,A07362,5000,10671,20000,No,35671.0
BILL07363,A07363,2500,6207,30000,No,38707.0
BILL07364,A07364,3500,8907,30000,Yes,8481.4
BILL07365,A07365,5000,13179,0,Yes,3635.8
BILL07366,A07366,250000,13958,15000,Yes,55791.6
BILL07367,A07367,2000,14162,10000,Yes,5232.4
BILL07368,A07368,250000,15367,25000,Yes,58073.4
BILL07369,A07369,15000,11796,40000,Yes,13359.2
BILL07370,A07370,10000,19833,21000,Yes,10166.6
BILL07371,A07371,180000,18462,9000,Yes,41492.4
BILL07372,A07372,180000,18615,20000,No,218615.0
BILL07373,A07373,800,13601,50000,No,64401.0
BILL07374,A07374,1000,15276,9000,Yes,5055.2
BILL07375,A07375,12000,14715,18000,Yes,8943.0
BILL07376,A07376,6000,8595,0,Yes,2919.0
BILL07377,A07377,5000,2100,4000,No,11100.0
BILL07378,A07378,70000,8594,12000,Yes,18118.8
BILL07379,A07379,15000,17797,6000,No,38797.0
BILL07380,A07380,10000,3273,6000,No,19273.0
BILL07381,A07381,12000,13687,6000,Yes,6337.4
BILL07382,A07382,2500,2679,4000,Yes,1835.8
BILL07383,A07383,70000,15783,50000,Yes,27156.6
BILL07384,A07384,15000,2706,32000,No,49706.0
BILL07385,A07385,180000,7932,8000,No,195932.0
BILL07386,A07386,10000,18981,4000,Yes,6596.2
BILL07387,A07387,5000,4373,4000,Yes,2674.6
BILL07388,A07388,2000,19338,35000,Yes,11267.6
BILL07389,A07389,40000,18311,20000,Yes,15662.2
BILL07390,A07390,5000,19880,10000,Yes,6976.0
BILL07391,A07391,40000,13074,20000,Yes,14614.8
BILL07392,A07392,70000,4937,0,No,74937.0
BILL07393,A07393,5000,11297,9000,Yes,5059.4
BILL07394,A07394,2000,6485,12000,Yes,4097.0
BILL07395,A07395,6000,8106,8000,Yes,4421.2
BILL07396,A07396,5000,16375,30000,Yes,10275.0
BILL07397,A07397,12000,3852,36000,Yes,10370.4
BILL07398,A07398,3500,13629,9000,No,26129.0
BILL07399,A07399,8000,19124,4000,Yes,6224.8
BILL07400,A07400,80000,12624,10000,Yes,20524.8
BILL07401,A07401,12000,641,2000,Yes,2928.2
BILL07402,A07402,1200,12443,6000,Yes,3928.6
BILL07403,A07403,6000,591,20000,Yes,5318.2
BILL07404,A07404,180000,13903,0,No,193903.0
BILL07405,A07405,15000,14610,28000,No,57610.0
BILL07406,A07406,5000,5511,32000,No,42511.0
BILL07407,A07407,8000,720,0,Yes,1744.0
BILL07408,A07408,10000,10571,50000,Yes,14114.2
BILL07409,A07409,5000,5853,12000,Yes,4570.6
BILL07410,A07410,450000,2877,6000,Yes,91775.4
BILL07411,A07411,8000,10846,0,Yes,3769.2
BILL07412,A07412,15000,2198,15000,Yes,6439.6
BILL07413,A07413,6000,6937,3000,Yes,3187.4
BILL07414,A07414,3000,11956,10000,Yes,4991.2
BILL07415,A07415,180000,3323,9000,No,192323.0
BILL07416,A07416,80000,5304,40000,No,125304.0
BILL07417,A07417,35000,19630,0,Yes,10926.0
BILL07418,A07418,35000,17396,0,Yes,10479.2
BILL07419,A07419,1000,15560,0,Yes,3312.0
BILL07420,A07420,12000,6524,36000,No,54524.0
BILL07421,A07421,80000,10674,8000,No,98674.0
BILL07422,A07422,1200,9891,2000,No,13091.0
BILL07423,A07423,2500,16667,10000,Yes,5833.4
BILL07424,A07424,60000,18015,20000,No,98015.0
BILL07425,A07425,450000,7888,8000,No,465888.0
BILL07426,A07426,1000,668,10000,Yes,2333.6
BILL07427,A07427,60000,2997,0,No,62997.0
BILL07428,A07428,12000,1617,20000,Yes,6723.4
BILL07429,A07429,15000,8328,9000,No,32328.0
BILL07430,A07430,1500,19934,0,Yes,4286.8
BILL07431,A07431,1000,12023,45000,Yes,11604.6
BILL07432,A07432,70000,8881,18000,Yes,19376.2
BILL07433,A07433,80000,2904,36000,Yes,23780.8
BILL07434,A07434,15000,11782,12000,Yes,7756.4
BILL07435,A07435,70000,3090,12000,Yes,17018.0
BILL07436,A07436,40000,15307,4000,Yes,11861.4
BILL07437,A07437,2000,13358,0,Yes,3071.6
BILL07438,A07438,80000,4332,25000,Yes,21866.4
BILL07439,A07439,12000,16618,15000,Yes,8723.6
BILL07440,A07440,80000,9840,0,Yes,17968.0
BILL07441,A07441,1500,912,0,Yes,482.4
BILL07442,A07442,3500,10715,10000,Yes,4843.0
BILL07443,A07443,4000,1102,21000,Yes,5220.4
BILL07444,A07444,2500,18389,6000,Yes,5377.8
BILL07445,A07445,12000,18182,0,No,30182.0
BILL07446,A07446,15000,19786,35000,Yes,13957.2
BILL07447,A07447,250000,5753,0,Yes,51150.6
BILL07448,A07448,35000,12681,45000,No,92681.0
BILL07449,A07449,10000,9632,4000,No,23632.0
BILL07450,A07450,8000,18003,0,Yes,5200.6
BILL07451,A07451,65000,11041,27000,Yes,20608.2
BILL07452,A07452,4000,11573,4000,No,19573.0
BILL07453,A07453,15000,13021,0,No,28021.0
BILL07454,A07454,5000,7271,3000,No,15271.0
BILL07455,A07455,12000,11724,10000,Yes,6744.8
BILL07456,A07456,6000,2318,3000,Yes,2263.6
BILL07457,A07457,1000,15849,32000,Yes,9769.8
BILL07458,A07458,15000,1177,0,No,16177.0
BILL07459,A07459,8000,14655,15000,Yes,7531.0
BILL07460,A07460,12000,18797,15000,No,45797.0
BILL07461,A07461,2500,1894,9000,Yes,2678.8
BILL07462,A07462,5000,4349,8000,Yes,3469.8
BILL07463,A07463,60000,9745,6000,Yes,15149.0
BILL07464,A07464,8000,7043,9000,No,24043.0
BILL07465,A07465,40000,12905,0,Yes,10581.0
BILL07466,A07466,800,18100,24000,Yes,8580.0
BILL07467,A07467,10000,18878,18000,Yes,9375.6
BILL07468,A07468,1200,13585,6000,Yes,4157.0
BILL07469,A07469,15000,4409,8000,Yes,5481.8
BILL07470,A07470,2000,13714,2000,Yes,3542.8
BILL07471,A07471,450000,15403,27000,Yes,98480.6
BILL07472,A07472,12000,10774,9000,Yes,6354.8
BILL07473,A07473,1200,15913,18000,Yes,7022.6
BILL07474,A07474,2500,9433,0,No,11933.0
BILL07475,A07475,5000,10208,5000,No,20208.0
BILL07476,A07476,1000,2358,0,No,3358.0
BILL07477,A07477,3000,6945,14000,Yes,4789.0
BILL07478,A07478,3500,2581,16000,Yes,4416.2
BILL07479,A07479,12000,2906,0,No,14906.0
BILL07480,A07480,70000,19393,36000,Yes,25078.6
BILL07481,A07481,6000,16422,15000,No,37422.0
BILL07482,A07482,250000,4834,0,Yes,50966.8
BILL07483,A07483,15000,11205,30000,No,56205.0
BILL07484,A07484,8000,12404,0,No,20404.0
BILL07485,A07485,3000,5017,45000,Yes,10603.4
BILL07486,A07486,1500,18018,0,Yes,3903.6
BILL07487,A07487,180000,12754,15000,No,207754.0
BILL07488,A07488,1200,15193,4000,Yes,4078.6
BILL07489,A07489,60000,13222,15000,Yes,17644.4
BILL07490,A07490,12000,2198,10000,Yes,4839.6
BILL07491,A07491,450000,13483,5000,Yes,93696.6
BILL07492,A07492,250000,774,8000,Yes,51754.8
BILL07493,A07493,180000,17896,0,Yes,39579.2
BILL07494,A07494,6000,14555,12000,No,32555.0
BILL07495,A07495,6000,18359,0,Yes,4871.8
BILL07496,A07496,1200,7589,2000,Yes,2157.8
BILL07497,A07497,180000,5903,6000,No,191903.0
BILL07498,A07498,3500,8274,4000,Yes,3154.8
BILL07499,A07499,1500,4932,18000,Yes,4886.4
BILL07500,A07500,3500,11607,0,No,15107.0
BILL07501,A07501,2000,15575,12000,Yes,5915.0
BILL07502,A07502,2500,12514,12000,No,27014.0
BILL07503,A07503,1200,19324,0,No,20524.0
BILL07504,A07504,1200,1865,0,Yes,613.0
BILL07505,A07505,35000,17979,40000,Yes,18595.8
BILL07506,A07506,6000,15686,8000,No,29686.0
BILL07507,A07507,5000,16654,8000,No,29654.0
BILL07508,A07508,65000,8947,8000,No,81947.0
BILL07509,A07509,2000,19850,27000,Yes,9770.0
BILL07510,A07510,80000,9866,24000,No,113866.0
BILL07511,A07511,450000,11293,0,Yes,92258.6
BILL07512,A07512,12000,4574,12000,Yes,5714.8
BILL07513,A07513,12000,4457,15000,Yes,6291.4
BILL07514,A07514,8000,11981,9000,Yes,5796.2
BILL07515,A07515,80000,9773,8000,Yes,19554.6
BILL07516,A07516,5000,13808,15000,No,33808.0
BILL07517,A07517,60000,12656,6000,Yes,15731.2
BILL07518,A07518,70000,16721,18000,Yes,20944.2
BILL07519,A07519,5000,13849,20000,Yes,7769.8
BILL07520,A07520,15000,13882,0,No,28882.0
BILL07521,A07521,1200,5072,16000,Yes,4454.4
BILL07522,A07522,2500,1498,0,Yes,799.6
BILL07523,A07523,8000,15209,0,No,23209.0
BILL07524,A07524,1000,13807,0,Yes,2961.4
BILL07525,A07525,10000,12077,14000,Yes,7215.4
BILL07526,A07526,12000,12465,0,Yes,4893.0
BILL07527,A07527,4000,7022,0,Yes,2204.4
BILL07528,A07528,15000,8049,8000,Yes,6209.8
BILL07529,A07529,40000,3576,0,Yes,8715.2
BILL07530,A07530,70000,11865,35000,Yes,23373.0
BILL07531,A07531,1000,12736,9000,Yes,4547.2
BILL07532,A07532,40000,10403,6000,Yes,11280.6
BILL07533,A07533,6000,19857,8000,Yes,6771.4
BILL07534,A07534,180000,19084,20000,Yes,43816.8
BILL07535,A07535,180000,12800,16000,No,208800.0
BILL07536,A07536,250000,12472,9000,Yes,54294.4
BILL07537,A07537,1000,10981,0,Yes,2396.2
BILL07538,A07538,250000,10963,30000,Yes,58192.6
BILL07539,A07539,5000,3119,20000,Yes,5623.8
BILL07540,A07540,80000,10341,35000,Yes,25068.2
BILL07541,A07541,1500,14579,12000,Yes,5615.8
BILL07542,A07542,3500,4532,6000,Yes,2806.4
BILL07543,A07543,1000,11060,40000,Yes,10412.0
BILL07544,A07544,8000,18835,10000,Yes,7367.0
BILL07545,A07545,35000,726,8000,No,43726.0
BILL07546,A07546,4000,2111,6000,No,12111.0
BILL07547,A07547,2500,16171,0,No,18671.0
BILL07548,A07548,8000,3406,16000,Yes,5481.2
BILL07549,A07549,800,695,0,Yes,299.0
BILL07550,A07550,1000,5872,0,Yes,1374.4
BILL07551,A07551,250000,14671,0,Yes,52934.2
BILL07552,A07552,40000,6714,6000,No,52714.0
BILL07553,A07553,12000,16197,0,No,28197.0
BILL07554,A07554,2500,4866,21000,Yes,5673.2
BILL07555,A07555,180000,13766,24000,Yes,43553.2
BILL07556,A07556,8000,6596,6000,Yes,4119.2
BILL07557,A07557,1000,5869,40000,No,46869.0
BILL07558,A07558,35000,15579,10000,Yes,12115.8
BILL07559,A07559,65000,19955,12000,Yes,19391.0
BILL07560,A07560,40000,14894,0,No,54894.0
BILL07561,A07561,450000,5724,30000,No,485724.0
BILL07562,A07562,800,11580,6000,Yes,3676.0
BILL07563,A07563,450000,8308,3000,Yes,92261.6
BILL07564,A07564,2000,3577,12000,No,17577.0
BILL07565,A07565,10000,504,4000,Yes,2900.8
BILL07566,A07566,800,6689,6000,No,13489.0
BILL07567,A07567,8000,6240,40000,Yes,10848.0
BILL07568,A07568,1000,7460,32000,Yes,8092.0
BILL07569,A07569,3000,2813,27000,No,32813.0
BILL07570,A07570,250000,797,0,Yes,50159.4
BILL07571,A07571,12000,11021,0,Yes,4604.2
BILL07572,A07572,4000,9305,40000,Yes,10661.0
BILL07573,A07573,4000,13246,8000,No,25246.0
BILL07574,A07574,4000,15001,4000,Yes,4600.2
BILL07575,A07575,180000,2775,0,Yes,36555.0
BILL07576,A07576,180000,7746,4000,Yes,38349.2
BILL07577,A07577,8000,13389,36000,No,57389.0
BILL07578,A07578,450000,7494,12000,Yes,93898.8
BILL07579,A07579,15000,14672,0,No,29672.0
BILL07580,A07580,1500,16646,10000,Yes,5629.2
BILL07581,A07581,1000,7654,9000,No,17654.0
BILL07582,A07582,60000,14071,12000,No,86071.0
BILL07583,A07583,6000,13666,8000,No,27666.0
BILL07584,A07584,1000,1426,5000,Yes,1485.2
BILL07585,A07585,1500,18801,12000,Yes,6460.2
BILL07586,A07586,250000,12901,4000,Yes,53380.2
BILL07587,A07587,6000,10762,0,Yes,3352.4
BILL07588,A07588,1000,10469,0,Yes,2293.8
BILL07589,A07589,1200,3279,16000,Yes,4095.8
BILL07590,A07590,1200,10248,4000,Yes,3089.6
BILL07591,A07591,35000,16754,8000,Yes,11950.8
BILL07592,A07592,1000,14732,35000,No,50732.0
BILL07593,A07593,12000,12520,3000,Yes,5504.0
BILL07594,A07594,1200,14270,0,Yes,3094.0
BILL07595,A07595,15000,579,0,No,15579.0
BILL07596,A07596,6000,951,6000,Yes,2590.2
BILL07597,A07597,80000,13765,0,No,93765.0
BILL07598,A07598,800,12192,10000,No,22992.0
BILL07599,A07599,6000,9097,25000,No,40097.0
BILL07600,A07600,800,9764,10000,Yes,4112.8
BILL07601,A07601,6000,19997,0,Yes,5199.4
BILL07602,A07602,4000,7344,4000,Yes,3068.8
BILL07603,A07603,40000,7629,0,No,47629.0
BILL07604,A07604,15000,18249,4000,No,37249.0
BILL07605,A07605,6000,3035,0,Yes,1807.0
BILL07606,A07606,10000,17083,35000,Yes,12416.6
BILL07607,A07607,3500,10821,12000,Yes,5264.2
BILL07608,A07608,8000,9743,9000,Yes,5348.6
BILL07609,A07609,8000,14162,20000,Yes,8432.4
BILL07610,A07610,800,4679,6000,No,11479.0
BILL07611,A07611,70000,19848,16000,No,105848.0
BILL07612,A07612,3000,3823,6000,Yes,2564.6
BILL07613,A07613,3000,18458,16000,No,37458.0
BILL07614,A07614,60000,3918,0,Yes,12783.6
BILL07615,A07615,15000,18928,0,Yes,6785.6
BILL07616,A07616,2500,1033,0,No,3533.0
BILL07617,A07617,80000,6478,10000,Yes,19295.6
BILL07618,A07618,1000,5852,21000,No,27852.0
BILL07619,A07619,450000,19884,0,No,469884.0
BILL07620,A07620,3000,10336,9000,No,22336.0
BILL07621,A07621,1000,5795,36000,Yes,8559.0
BILL07622,A07622,6000,15609,0,Yes,4321.8
BILL07623,A07623,450000,17322,0,No,467322.0
BILL07624,A07624,80000,4719,12000,Yes,19343.8
BILL07625,A07625,5000,18392,10000,Yes,6678.4
BILL07626,A07626,800,18412,20000,Yes,7842.4
BILL07627,A07627,12000,17610,0,Yes,5922.0
BILL07628,A07628,2500,3024,0,No,5524.0
BILL07629,A07629,15000,8869,0,Yes,4773.8
BILL07630,A07630,10000,15820,8000,Yes,6764.0
BILL07631,A07631,15000,11135,0,No,26135.0
BILL07632,A07632,1000,9325,0,Yes,2065.0
BILL07633,A07633,15000,18246,0,No,33246.0
BILL07634,A07634,60000,15074,15000,Yes,18014.8
BILL07635,A07635,6000,4410,16000,No,26410.0
BILL07636,A07636,10000,2444,6000,Yes,3688.8
BILL07637,A07637,70000,13089,0,Yes,16617.8
BILL07638,A07638,1200,3742,10000,Yes,2988.4
BILL07639,A07639,3500,10941,5000,No,19441.0
BILL07640,A07640,10000,13815,20000,Yes,8763.0
BILL07641,A07641,3000,17629,45000,Yes,13125.8
BILL07642,A07642,80000,12246,15000,Yes,21449.2
BILL07643,A07643,1000,6140,12000,Yes,3828.0
BILL07644,A07644,1000,9498,0,Yes,2099.6
BILL07645,A07645,450000,13162,15000,Yes,95632.4
BILL07646,A07646,10000,14096,30000,Yes,10819.2
BILL07647,A07647,1000,2383,40000,Yes,8676.6
BILL07648,A07648,8000,13037,0,Yes,4207.4
BILL07649,A07649,5000,3990,3000,Yes,2398.0
BILL07650,A07650,15000,8911,0,Yes,4782.2
BILL07651,A07651,5000,17286,0,No,22286.0
BILL07652,A07652,8000,661,12000,No,20661.0
BILL07653,A07653,1200,7109,3000,Yes,2261.8
BILL07654,A07654,8000,18011,10000,Yes,7202.2
BILL07655,A07655,1200,8147,0,No,9347.0
BILL07656,A07656,5000,1872,10000,Yes,3374.4
BILL07657,A07657,1000,8533,15000,Yes,4906.6
BILL07658,A07658,10000,10274,0,Yes,4054.8
BILL07659,A07659,180000,7452,25000,Yes,42490.4
BILL07660,A07660,12000,1981,4000,No,17981.0
BILL07661,A07661,250000,18212,0,Yes,53642.4
BILL07662,A07662,8000,9608,8000,Yes,5121.6
BILL07663,A07663,3000,19452,4000,Yes,5290.4
BILL07664,A07664,180000,14697,0,No,194697.0
BILL07665,A07665,40000,16085,10000,No,66085.0
BILL07666,A07666,35000,19369,45000,Yes,19873.8
BILL07667,A07667,450000,9437,0,No,459437.0
BILL07668,A07668,8000,18694,12000,Yes,7738.8
BILL07669,A07669,10000,12380,50000,Yes,14476.0
BILL07670,A07670,3000,17756,18000,Yes,7751.2
BILL07671,A07671,15000,1884,40000,Yes,11376.8
BILL07672,A07672,15000,12874,35000,Yes,12574.8
BILL07673,A07673,40000,17193,16000,Yes,14638.6
BILL07674,A07674,4000,16827,9000,Yes,5965.4
BILL07675,A07675,8000,1117,12000,Yes,4223.4
BILL07676,A07676,1000,18473,0,Yes,3894.6
BILL07677,A07677,15000,14662,2000,Yes,6332.4
BILL07678,A07678,10000,8723,8000,Yes,5344.6
BILL07679,A07679,8000,1951,0,No,9951.0
BILL07680,A07680,70000,12092,15000,Yes,19418.4
BILL07681,A07681,3500,9687,18000,Yes,6237.4
BILL07682,A07682,15000,10729,6000,Yes,6345.8
BILL07683,A07683,35000,3657,10000,No,48657.0
BILL07684,A07684,450000,15939,0,Yes,93187.8
BILL07685,A07685,4000,15582,36000,Yes,11116.4
BILL07686,A07686,35000,4225,0,Yes,7845.0
BILL07687,A07687,8000,14438,8000,No,30438.0
BILL07688,A07688,180000,17627,0,Yes,39525.4
BILL07689,A07689,8000,16912,27000,No,51912.0
BILL07690,A07690,1000,10985,10000,No,21985.0
BILL07691,A07691,60000,9558,2000,Yes,14311.6
BILL07692,A07692,15000,5715,9000,Yes,5943.0
BILL07693,A07693,250000,7701,30000,No,287701.0
BILL07694,A07694,3500,14569,0,No,18069.0
BILL07695,A07695,180000,12315,50000,No,242315.0
BILL07696,A07696,250000,9673,9000,Yes,53734.6
BILL07697,A07697,1200,16247,0,No,17447.0
BILL07698,A07698,800,7374,0,No,8174.0
BILL07699,A07699,8000,15031,3000,No,26031.0
BILL07700,A07700,1200,13081,10000,Yes,4856.2
BILL07701,A07701,1200,19844,9000,No,30044.0
BILL07702,A07702,60000,3332,0,Yes,12666.4
BILL07703,A07703,8000,17854,14000,Yes,7970.8
BILL07704,A07704,40000,16905,12000,Yes,13781.0
BILL07705,A07705,10000,5306,15000,No,30306.0
BILL07706,A07706,800,11637,4000,Yes,3287.4
BILL07707,A07707,2000,18481,0,No,20481.0
BILL07708,A07708,6000,5505,6000,Yes,3501.0
BILL07709,A07709,1200,5232,0,No,6432.0
BILL07710,A07710,8000,4400,50000,Yes,12480.0
BILL07711,A07711,1500,19481,2000,No,22981.0
BILL07712,A07712,80000,6111,21000,Yes,21422.2
BILL07713,A07713,15000,19282,14000,Yes,9656.4
BILL07714,A07714,180000,14538,20000,No,214538.0
BILL07715,A07715,5000,18265,15000,Yes,7653.0
BILL07716,A07716,8000,18594,24000,No,50594.0
BILL07717,A07717,15000,15135,12000,No,42135.0
BILL07718,A07718,6000,2813,10000,Yes,3762.6
BILL07719,A07719,6000,10787,32000,Yes,9757.4
BILL07720,A07720,1500,17697,10000,No,29197.0
BILL07721,A07721,800,18346,0,No,19146.0
BILL07722,A07722,250000,7385,5000,Yes,52477.0
BILL07723,A07723,2000,12058,10000,Yes,4811.6
BILL07724,A07724,70000,2403,0,Yes,14480.6
BILL07725,A07725,250000,13299,30000,Yes,58659.8
BILL07726,A07726,6000,18520,30000,Yes,10904.0
BILL07727,A07727,12000,18538,35000,Yes,13107.6
BILL07728,A07728,2500,17707,6000,No,26207.0
BILL07729,A07729,60000,1053,15000,Yes,15210.6
BILL07730,A07730,65000,5445,0,Yes,14089.0
BILL07731,A07731,3500,4064,0,Yes,1512.8
BILL07732,A07732,5000,1412,24000,No,30412.0
BILL07733,A07733,65000,18430,2000,Yes,17086.0
BILL07734,A07734,6000,19081,0,No,25081.0
BILL07735,A07735,6000,3720,0,No,9720.0
BILL07736,A07736,800,1370,10000,Yes,2434.0
BILL07737,A07737,3000,13665,5000,No,21665.0
BILL07738,A07738,1000,1700,0,Yes,540.0
BILL07739,A07739,15000,19706,9000,Yes,8741.2
BILL07740,A07740,6000,5308,6000,Yes,3461.6
BILL07741,A07741,1200,8068,18000,Yes,5453.6
BILL07742,A07742,10000,17256,25000,No,52256.0
BILL07743,A07743,12000,15380,10000,Yes,7476.0
BILL07744,A07744,8000,10860,4000,Yes,4572.0
BILL07745,A07745,6000,11244,45000,Yes,12448.8
BILL07746,A07746,8000,14058,0,No,22058.0
BILL07747,A07747,12000,6758,4000,Yes,4551.6
BILL07748,A07748,15000,15117,4000,No,34117.0
BILL07749,A07749,180000,14991,0,No,194991.0
BILL07750,A07750,8000,6097,0,Yes,2819.4
BILL07751,A07751,1000,11289,12000,Yes,4857.8
BILL07752,A07752,40000,10929,0,No,50929.0
BILL07753,A07753,2000,1572,4000,Yes,1514.4
BILL07754,A07754,6000,3567,0,Yes,1913.4
BILL07755,A07755,15000,7795,32000,No,54795.0
BILL07756,A07756,8000,9680,40000,Yes,11536.0
BILL07757,A07757,2000,12546,0,Yes,2909.2
BILL07758,A07758,12000,3001,36000,Yes,10200.2
BILL07759,A07759,2500,16339,2000,No,20839.0
BILL07760,A07760,8000,3855,6000,No,17855.0
BILL07761,A07761,15000,11074,12000,Yes,7614.8
BILL07762,A07762,1500,18055,25000,Yes,8911.0
BILL07763,A07763,5000,13395,16000,No,34395.0
BILL07764,A07764,1000,19596,0,No,20596.0
BILL07765,A07765,65000,15256,45000,Yes,25051.2
BILL07766,A07766,12000,5157,0,Yes,3431.4
BILL07767,A07767,35000,10414,4000,Yes,9882.8
BILL07768,A07768,15000,17289,40000,Yes,14457.8
BILL07769,A07769,450000,16000,28000,Yes,98800.0
BILL07770,A07770,1000,8098,50000,No,59098.0
BILL07771,A07771,3000,14500,8000,No,25500.0
BILL07772,A07772,35000,2675,10000,Yes,9535.0
BILL07773,A07773,1200,4914,12000,Yes,3622.8
BILL07774,A07774,40000,16838,18000,No,74838.0
BILL07775,A07775,60000,12134,15000,Yes,17426.8
BILL07776,A07776,10000,5748,9000,No,24748.0
BILL07777,A07777,80000,8152,16000,Yes,20830.4
BILL07778,A07778,40000,18835,15000,No,73835.0
BILL07779,A07779,15000,4979,20000,Yes,7995.8
BILL07780,A07780,800,12568,12000,Yes,5073.6
BILL07781,A07781,180000,7930,21000,Yes,41786.0
BILL07782,A07782,2500,3464,15000,No,20964.0
BILL07783,A07783,800,12717,14000,Yes,5503.4
BILL07784,A07784,65000,8832,6000,Yes,15966.4
BILL07785,A07785,2500,13248,0,No,15748.0
BILL07786,A07786,8000,7292,4000,Yes,3858.4
BILL07787,A07787,3000,13092,10000,No,26092.0
BILL07788,A07788,800,13239,0,No,14039.0
BILL07789,A07789,5000,11817,12000,Yes,5763.4
BILL07790,A07790,65000,3197,0,Yes,13639.4
BILL07791,A07791,3500,4265,40000,Yes,9553.0
BILL07792,A07792,2000,596,4000,Yes,1319.2
BILL07793,A07793,800,5794,9000,Yes,3118.8
BILL07794,A07794,40000,3581,0,Yes,8716.2
BILL07795,A07795,10000,2852,4000,No,16852.0
BILL07796,A07796,1000,3740,9000,No,13740.0
BILL07797,A07797,250000,10325,0,No,260325.0
BILL07798,A07798,80000,13168,10000,No,103168.0
BILL07799,A07799,12000,8860,24000,No,44860.0
BILL07800,A07800,800,15237,0,Yes,3207.4
BILL07801,A07801,65000,4709,6000,Yes,15141.8
BILL07802,A07802,60000,9957,0,No,69957.0
BILL07803,A07803,80000,1439,0,Yes,16287.8
BILL07804,A07804,2000,11899,6000,Yes,3979.8
BILL07805,A07805,1000,19673,30000,No,50673.0
BILL07806,A07806,1500,6633,0,Yes,1626.6
BILL07807,A07807,6000,6680,10000,Yes,4536.0
BILL07808,A07808,1500,15562,0,Yes,3412.4
BILL07809,A07809,12000,12871,0,Yes,4974.2
BILL07810,A07810,8000,3054,6000,Yes,3410.8
BILL07811,A07811,5000,10771,45000,No,60771.0
BILL07812,A07812,12000,9605,9000,No,30605.0
BILL07813,A07813,1000,1550,12000,No,14550.0
BILL07814,A07814,2000,4694,12000,No,18694.0
BILL07815,A07815,60000,7714,0,Yes,13542.8
BILL07816,A07816,8000,18332,18000,Yes,8866.4
BILL07817,A07817,1500,7340,10000,No,18840.0
BILL07818,A07818,15000,18644,24000,No,57644.0
BILL07819,A07819,65000,16498,12000,Yes,18699.6
BILL07820,A07820,5000,1029,6000,Yes,2405.8
BILL07821,A07821,12000,15322,0,Yes,5464.4
BILL07822,A07822,180000,10475,12000,No,202475.0
BILL07823,A07823,800,4441,0,Yes,1048.2
BILL07824,A07824,1000,5880,3000,Yes,1976.0
BILL07825,A07825,180000,11983,20000,Yes,42396.6
BILL07826,A07826,3500,13458,4000,Yes,4191.6
BILL07827,A07827,4000,10565,0,No,14565.0
BILL07828,A07828,800,12850,2000,Yes,3130.0
BILL07829,A07829,1500,13074,27000,Yes,8314.8
BILL07830,A07830,80000,4702,30000,Yes,22940.4
BILL07831,A07831,800,19099,8000,No,27899.0
BILL07832,A07832,8000,12997,0,Yes,4199.4
BILL07833,A07833,70000,5675,21000,Yes,19335.0
BILL07834,A07834,65000,14874,35000,No,114874.0
BILL07835,A07835,80000,9108,18000,Yes,21421.6
BILL07836,A07836,2500,1973,10000,Yes,2894.6
BILL07837,A07837,6000,18442,8000,Yes,6488.4
BILL07838,A07838,1000,6362,0,Yes,1472.4
BILL07839,A07839,3000,7325,0,No,10325.0
BILL07840,A07840,8000,8882,0,Yes,3376.4
BILL07841,A07841,8000,6416,3000,Yes,3483.2
BILL07842,A07842,80000,10353,5000,No,95353.0
BILL07843,A07843,3500,8148,2000,Yes,2729.6
BILL07844,A07844,12000,12335,8000,Yes,6467.0
BILL07845,A07845,250000,3242,20000,No,273242.0
BILL07846,A07846,4000,10081,24000,Yes,7616.2
BILL07847,A07847,15000,3540,20000,Yes,7708.0
BILL07848,A07848,3500,19779,0,Yes,4655.8
BILL07849,A07849,35000,15788,8000,Yes,11757.6
BILL07850,A07850,1000,4891,18000,Yes,4778.2
BILL07851,A07851,80000,19609,0,Yes,19921.8
BILL07852,A07852,3000,14944,0,No,17944.0
BILL07853,A07853,12000,14423,0,Yes,5284.6
BILL07854,A07854,40000,2196,32000,Yes,14839.2
BILL07855,A07855,12000,2458,0,No,14458.0
BILL07856,A07856,1200,18060,0,No,19260.0
BILL07857,A07857,1500,3310,12000,Yes,3362.0
BILL07858,A07858,80000,3262,24000,Yes,21452.4
BILL07859,A07859,250000,2627,4000,Yes,51325.4
BILL07860,A07860,5000,16273,0,Yes,4254.6
BILL07861,A07861,250000,3904,20000,Yes,54780.8
BILL07862,A07862,35000,18473,4000,Yes,11494.6
BILL07863,A07863,1500,3688,2000,Yes,1437.6
BILL07864,A07864,6000,13783,16000,Yes,7156.6
BILL07865,A07865,60000,4722,36000,No,100722.0
BILL07866,A07866,10000,2232,10000,Yes,4446.4
BILL07867,A07867,180000,575,21000,No,201575.0
BILL07868,A07868,5000,19446,27000,Yes,10289.2
BILL07869,A07869,3000,2862,20000,No,25862.0
BILL07870,A07870,60000,6372,21000,Yes,17474.4
BILL07871,A07871,1000,1589,20000,Yes,4517.8
BILL07872,A07872,8000,2277,6000,No,16277.0
BILL07873,A07873,65000,14647,24000,No,103647.0
BILL07874,A07874,1000,11481,12000,No,24481.0
BILL07875,A07875,8000,5025,0,Yes,2605.0
BILL07876,A07876,60000,3631,10000,Yes,14726.2
BILL07877,A07877,1000,5526,14000,Yes,4105.2
BILL07878,A07878,6000,16241,6000,Yes,5648.2
BILL07879,A07879,35000,2970,8000,Yes,9194.0
BILL07880,A07880,65000,19794,3000,Yes,17558.8
BILL07881,A07881,1500,13666,30000,No,45166.0
BILL07882,A07882,35000,7243,21000,Yes,12648.6
BILL07883,A07883,1200,4977,36000,Yes,8435.4
BILL07884,A07884,12000,10969,18000,No,40969.0
BILL07885,A07885,1200,19738,27000,Yes,9587.6
BILL07886,A07886,65000,6270,18000,Yes,17854.0
BILL07887,A07887,12000,5082,0,Yes,3416.4
BILL07888,A07888,2000,2019,14000,Yes,3603.8
BILL07889,A07889,15000,7307,40000,Yes,12461.4
BILL07890,A07890,8000,7350,3000,Yes,3670.0
BILL07891,A07891,10000,6805,0,Yes,3361.0
BILL07892,A07892,250000,12415,0,Yes,52483.0
BILL07893,A07893,2000,4325,0,Yes,1265.0
BILL07894,A07894,2000,8828,4000,No,14828.0
BILL07895,A07895,40000,13991,20000,Yes,14798.2
BILL07896,A07896,6000,7596,0,Yes,2719.2
BILL07897,A07897,8000,13598,0,No,21598.0
BILL07898,A07898,5000,10263,0,Yes,3052.6
BILL07899,A07899,1000,663,18000,Yes,3932.6
BILL07900,A07900,3000,17277,5000,Yes,5055.4
BILL07901,A07901,5000,9269,0,No,14269.0
BILL07902,A07902,15000,19614,8000,Yes,8522.8
BILL07903,A07903,1000,15370,10000,Yes,5274.0
BILL07904,A07904,1200,8446,28000,No,37646.0
BILL07905,A07905,6000,18527,8000,Yes,6505.4
BILL07906,A07906,8000,15963,21000,Yes,8992.6
BILL07907,A07907,6000,3518,0,No,9518.0
BILL07908,A07908,8000,13071,10000,Yes,6214.2
BILL07909,A07909,1200,11395,18000,Yes,6119.0
BILL07910,A07910,2000,13282,18000,Yes,6656.4
BILL07911,A07911,1500,8570,0,Yes,2014.0
BILL07912,A07912,1000,14149,40000,Yes,11029.8
BILL07913,A07913,10000,9235,30000,No,49235.0
BILL07914,A07914,15000,12606,0,Yes,5521.2
BILL07915,A07915,2000,19558,32000,Yes,10711.6
BILL07916,A07916,35000,14968,0,No,49968.0
BILL07917,A07917,6000,13404,0,No,19404.0
BILL07918,A07918,1000,8145,8000,Yes,3429.0
BILL07919,A07919,12000,19523,0,Yes,6304.6
BILL07920,A07920,15000,19393,0,No,34393.0
BILL07921,A07921,15000,5549,0,Yes,4109.8
BILL07922,A07922,6000,13222,20000,No,39222.0
BILL07923,A07923,15000,5439,12000,Yes,6487.8
BILL07924,A07924,80000,16058,2000,Yes,19611.6
BILL07925,A07925,5000,15496,0,No,20496.0
BILL07926,A07926,6000,18425,0,Yes,4885.0
BILL07927,A07927,3000,7463,4000,Yes,2892.6
BILL07928,A07928,6000,11265,15000,Yes,6453.0
BILL07929,A07929,15000,19431,0,Yes,6886.2
BILL07930,A07930,65000,3818,25000,No,93818.0
BILL07931,A07931,1200,5320,40000,Yes,9304.0
BILL07932,A07932,6000,19840,12000,Yes,7568.0
BILL07933,A07933,1000,18403,4000,Yes,4680.6
BILL07934,A07934,5000,12115,6000,No,23115.0
BILL07935,A07935,35000,16887,20000,Yes,14377.4
BILL07936,A07936,65000,17384,0,No,82384.0
BILL07937,A07937,80000,3396,4000,Yes,17479.2
BILL07938,A07938,8000,16789,9000,Yes,6757.8
BILL07939,A07939,1200,12936,0,Yes,2827.2
BILL07940,A07940,800,5941,4000,No,10741.0
BILL07941,A07941,5000,9474,0,No,14474.0
BILL07942,A07942,6000,18649,2000,Yes,5329.8
BILL07943,A07943,5000,5085,45000,No,55085.0
BILL07944,A07944,70000,19303,0,Yes,17860.6
BILL07945,A07945,1000,4513,20000,Yes,5102.6
BILL07946,A07946,80000,6937,28000,No,114937.0
BILL07947,A07947,3500,14984,30000,Yes,9696.8
BILL07948,A07948,800,9608,6000,No,16408.0
BILL07949,A07949,2000,5888,10000,No,17888.0
BILL07950,A07950,6000,10216,0,No,16216.0
BILL07951,A07951,60000,7221,9000,Yes,15244.2
BILL07952,A07952,450000,15573,0,No,465573.0
BILL07953,A07953,80000,19671,8000,Yes,21534.2
BILL07954,A07954,12000,13456,0,Yes,5091.2
BILL07955,A07955,1000,3118,4000,Yes,1623.6
BILL07956,A07956,250000,14053,30000,No,294053.0
BILL07957,A07957,3500,19084,0,Yes,4516.8
BILL07958,A07958,10000,13934,20000,No,43934.0
BILL07959,A07959,5000,1338,0,No,6338.0
BILL07960,A07960,10000,18545,24000,Yes,10509.0
BILL07961,A07961,6000,7731,2000,Yes,3146.2
BILL07962,A07962,250000,13267,0,Yes,52653.4
BILL07963,A07963,1000,19217,18000,Yes,7643.4
BILL07964,A07964,800,8590,28000,No,37390.0
BILL07965,A07965,1500,1610,18000,Yes,4222.0
BILL07966,A07966,250000,8089,0,No,258089.0
BILL07967,A07967,8000,7559,10000,No,25559.0
BILL07968,A07968,4000,14238,10000,No,28238.0
BILL07969,A07969,1000,7221,20000,Yes,5644.2
BILL07970,A07970,3000,3789,24000,Yes,6157.8
BILL07971,A07971,15000,18959,0,Yes,6791.8
BILL07972,A07972,250000,2534,12000,No,264534.0
BILL07973,A07973,180000,16675,3000,Yes,39935.0
BILL07974,A07974,12000,8726,6000,Yes,5345.2
BILL07975,A07975,6000,841,4000,Yes,2168.2
BILL07976,A07976,80000,19843,16000,No,115843.0
BILL07977,A07977,450000,2058,8000,No,460058.0
BILL07978,A07978,180000,5793,6000,Yes,38358.6
BILL07979,A07979,1200,18909,0,No,20109.0
BILL07980,A07980,70000,4401,35000,No,109401.0
BILL07981,A07981,70000,1580,4000,No,75580.0
BILL07982,A07982,5000,1796,15000,Yes,4359.2
BILL07983,A07983,180000,4497,27000,Yes,42299.4
BILL07984,A07984,2000,11284,0,Yes,2656.8
BILL07985,A07985,5000,5609,6000,Yes,3321.8
BILL07986,A07986,5000,6971,10000,Yes,4394.2
BILL07987,A07987,5000,16164,0,Yes,4232.8
BILL07988,A07988,1000,19888,0,Yes,4177.6
BILL07989,A07989,8000,18310,40000,Yes,13262.0
BILL07990,A07990,1000,11114,40000,Yes,10422.8
BILL07991,A07991,3000,3331,0,Yes,1266.2
BILL07992,A07992,2500,4931,8000,Yes,3086.2
BILL07993,A07993,8000,10639,2000,No,20639.0
BILL07994,A07994,4000,10443,15000,No,29443.0
BILL07995,A07995,80000,641,0,No,80641.0
BILL07996,A07996,800,17564,16000,Yes,6872.8
BILL07997,A07997,15000,4406,21000,No,40406.0
BILL07998,A07998,1200,15552,32000,Yes,9750.4
BILL07999,A07999,3500,16378,18000,No,37878.0
BILL08000,A08000,35000,7483,0,Yes,8496.6
BILL08001,A08001,5000,17214,12000,Yes,6842.8
BILL08002,A08002,35000,10152,5000,Yes,10030.4
BILL08003,A08003,40000,2851,0,Yes,8570.2
BILL08004,A08004,80000,3111,0,No,83111.0
BILL08005,A08005,10000,16861,0,Yes,5372.2
BILL08006,A08006,15000,4143,15000,Yes,6828.6
BILL08007,A08007,1000,19426,12000,Yes,6485.2
BILL08008,A08008,80000,5472,0,Yes,17094.4
BILL08009,A08009,6000,2069,8000,No,16069.0
BILL08010,A08010,1500,3200,32000,Yes,7340.0
BILL08011,A08011,40000,2184,45000,Yes,17436.8
BILL08012,A08012,4000,14699,0,Yes,3739.8
BILL08013,A08013,15000,13820,0,No,28820.0
BILL08014,A08014,8000,11547,3000,No,22547.0
BILL08015,A08015,80000,6250,30000,No,116250.0
BILL08016,A08016,1000,2959,0,Yes,791.8
BILL08017,A08017,5000,12404,0,Yes,3480.8
BILL08018,A08018,70000,2630,30000,Yes,20526.0
BILL08019,A08019,800,9541,16000,Yes,5268.2
BILL08020,A08020,4000,9751,0,No,13751.0
BILL08021,A08021,6000,1503,8000,Yes,3100.6
BILL08022,A08022,6000,11665,0,Yes,3533.0
BILL08023,A08023,1500,13669,0,Yes,3033.8
BILL08024,A08024,180000,17043,12000,No,209043.0
BILL08025,A08025,6000,6536,5000,Yes,3507.2
BILL08026,A08026,250000,3331,20000,Yes,54666.2
BILL08027,A08027,6000,13745,27000,No,46745.0
BILL08028,A08028,180000,12349,50000,Yes,48469.8
BILL08029,A08029,40000,8986,5000,No,53986.0
BILL08030,A08030,12000,16111,0,No,28111.0
BILL08031,A08031,12000,3219,0,No,15219.0
BILL08032,A08032,800,9493,6000,No,16293.0
BILL08033,A08033,15000,666,15000,Yes,6133.2
BILL08034,A08034,2500,14294,18000,Yes,6958.8
BILL08035,A08035,2000,17275,0,No,19275.0
BILL08036,A08036,10000,3862,18000,Yes,6372.4
BILL08037,A08037,5000,13995,45000,Yes,12799.0
BILL08038,A08038,250000,2433,0,No,252433.0
BILL08039,A08039,12000,3786,15000,Yes,6157.2
BILL08040,A08040,8000,5111,6000,Yes,3822.2
BILL08041,A08041,80000,6021,0,Yes,17204.2
BILL08042,A08042,1500,4147,0,Yes,1129.4
BILL08043,A08043,6000,5786,0,Yes,2357.2
BILL08044,A08044,8000,18594,24000,Yes,10118.8
BILL08045,A08045,2000,18721,0,Yes,4144.2
BILL08046,A08046,8000,18065,4000,Yes,6013.0
BILL08047,A08047,450000,5596,6000,Yes,92319.2
BILL08048,A08048,1000,19867,0,Yes,4173.4
BILL08049,A08049,8000,9443,16000,Yes,6688.6
BILL08050,A08050,6000,18661,0,Yes,4932.2
BILL08051,A08051,450000,4295,0,Yes,90859.0
BILL08052,A08052,1000,3835,4000,No,8835.0
BILL08053,A08053,3500,11871,2000,No,17371.0
BILL08054,A08054,5000,10802,0,Yes,3160.4
BILL08055,A08055,1000,15016,9000,Yes,5003.2
BILL08056,A08056,8000,17887,0,No,25887.0
BILL08057,A08057,450000,750,0,Yes,90150.0
BILL08058,A08058,450000,12276,15000,Yes,95455.2
BILL08059,A08059,3500,1841,30000,Yes,7068.2
BILL08060,A08060,8000,1457,21000,No,30457.0
BILL08061,A08061,450000,1063,14000,Yes,93012.6
BILL08062,A08062,1200,10333,6000,Yes,3506.6
BILL08063,A08063,8000,11294,9000,Yes,5658.8
BILL08064,A08064,3500,11409,24000,No,38909.0
BILL08065,A08065,8000,17229,0,No,25229.0
BILL08066,A08066,12000,9106,20000,Yes,8221.2
BILL08067,A08067,8000,13934,40000,Yes,12386.8
BILL08068,A08068,2000,4723,0,Yes,1344.6
BILL08069,A08069,1000,17209,6000,Yes,4841.8
BILL08070,A08070,3500,7774,4000,Yes,3054.8
BILL08071,A08071,15000,18825,4000,No,37825.0
BILL08072,A08072,5000,7949,10000,Yes,4589.8
BILL08073,A08073,450000,4281,3000,Yes,91456.2
BILL08074,A08074,60000,15069,8000,No,83069.0
BILL08075,A08075,65000,8349,50000,Yes,24669.8
BILL08076,A08076,6000,950,0,No,6950.0
BILL08077,A08077,4000,18605,12000,No,34605.0
BILL08078,A08078,2000,16654,32000,Yes,10130.8
BILL08079,A08079,5000,10529,0,Yes,3105.8
BILL08080,A08080,12000,9617,0,Yes,4323.4
BILL08081,A08081,8000,521,30000,Yes,7704.2
BILL08082,A08082,2500,14587,0,No,17087.0
BILL08083,A08083,1200,12273,12000,Yes,5094.6
BILL08084,A08084,8000,18300,45000,Yes,14260.0
BILL08085,A08085,1000,2684,0,Yes,736.8
BILL08086,A08086,6000,14274,15000,Yes,7054.8
BILL08087,A08087,1000,15322,12000,Yes,5664.4
BILL08088,A08088,40000,1916,2000,Yes,8783.2
BILL08089,A08089,1000,5215,15000,Yes,4243.0
BILL08090,A08090,80000,7796,0,No,87796.0
BILL08091,A08091,35000,2764,0,Yes,7552.8
BILL08092,A08092,1000,18582,12000,Yes,6316.4
BILL08093,A08093,12000,7707,0,Yes,3941.4
BILL08094,A08094,1000,6871,15000,No,22871.0
BILL08095,A08095,1000,5766,15000,Yes,4353.2
BILL08096,A08096,40000,10372,35000,No,85372.0
BILL08097,A08097,60000,16847,6000,Yes,16569.4
BILL08098,A08098,450000,799,4000,No,454799.0
BILL08099,A08099,1000,8377,6000,No,15377.0
BILL08100,A08100,70000,6205,0,Yes,15241.0
BILL08101,A08101,15000,656,8000,Yes,4731.2
BILL08102,A08102,80000,15388,6000,Yes,20277.6
BILL08103,A08103,70000,11346,0,Yes,16269.2
BILL08104,A08104,3500,13552,16000,Yes,6610.4
BILL08105,A08105,70000,11576,0,Yes,16315.2
BILL08106,A08106,2500,19667,2000,Yes,4833.4
BILL08107,A08107,80000,16850,0,Yes,19370.0
BILL08108,A08108,2000,9594,0,Yes,2318.8
BILL08109,A08109,6000,2513,6000,No,14513.0
BILL08110,A08110,1000,7476,0,No,8476.0
BILL08111,A08111,1200,11573,0,Yes,2554.6
BILL08112,A08112,40000,7782,12000,Yes,11956.4
BILL08113,A08113,12000,18123,9000,Yes,7824.6
BILL08114,A08114,180000,7917,4000,Yes,38383.4
BILL08115,A08115,35000,5081,30000,Yes,14016.2
BILL08116,A08116,15000,3470,25000,Yes,8694.0
BILL08117,A08117,450000,16404,0,No,466404.0
BILL08118,A08118,15000,5049,30000,Yes,10009.8
BILL08119,A08119,35000,3351,10000,Yes,9670.2
BILL08120,A08120,60000,6294,16000,Yes,16458.8
BILL08121,A08121,6000,8388,30000,No,44388.0
BILL08122,A08122,2500,13032,0,Yes,3106.4
BILL08123,A08123,1000,662,50000,Yes,10332.4
BILL08124,A08124,15000,4635,40000,No,59635.0
BILL08125,A08125,180000,7559,0,No,187559.0
BILL08126,A08126,1000,19714,27000,Yes,9542.8
BILL08127,A08127,6000,10398,24000,Yes,8079.6
BILL08128,A08128,65000,5455,14000,Yes,16891.0
BILL08129,A08129,15000,19670,0,Yes,6934.0
BILL08130,A08130,8000,8343,9000,Yes,5068.6
BILL08131,A08131,2000,7895,15000,Yes,4979.0
BILL08132,A08132,6000,3277,4000,Yes,2655.4
BILL08133,A08133,70000,1210,15000,No,86210.0
BILL08134,A08134,1200,11693,15000,Yes,5578.6
BILL08135,A08135,12000,5291,18000,No,35291.0
BILL08136,A08136,35000,12839,24000,No,71839.0
BILL08137,A08137,65000,2596,12000,Yes,15919.2
BILL08138,A08138,8000,10628,18000,No,36628.0
BILL08139,A08139,1000,19484,18000,Yes,7696.8
BILL08140,A08140,450000,9860,0,No,459860.0
BILL08141,A08141,15000,7617,24000,No,46617.0
BILL08142,A08142,12000,3214,50000,No,65214.0
BILL08143,A08143,6000,15859,15000,No,36859.0
BILL08144,A08144,65000,18013,0,Yes,16602.6
BILL08145,A08145,15000,12848,12000,Yes,7969.6
BILL08146,A08146,60000,9935,3000,Yes,14587.0
BILL08147,A08147,15000,4375,8000,No,27375.0
BILL08148,A08148,80000,12058,0,No,92058.0
BILL08149,A08149,8000,3921,0,No,11921.0
BILL08150,A08150,6000,16849,0,No,22849.0
BILL08151,A08151,1500,14525,4000,Yes,4005.0
BILL08152,A08152,6000,6293,0,Yes,2458.6
BILL08153,A08153,3500,14199,2000,Yes,3939.8
BILL08154,A08154,80000,19357,0,Yes,19871.4
BILL08155,A08155,1500,11023,5000,Yes,3504.6
BILL08156,A08156,4000,13829,0,No,17829.0
BILL08157,A08157,35000,2461,9000,Yes,9292.2
BILL08158,A08158,1500,2769,6000,Yes,2053.8
BILL08159,A08159,3500,18427,5000,Yes,5385.4
BILL08160,A08160,12000,16157,0,Yes,5631.4
BILL08161,A08161,180000,8563,18000,Yes,41312.6
BILL08162,A08162,6000,16434,6000,Yes,5686.8
BILL08163,A08163,8000,19694,27000,Yes,10938.8
BILL08164,A08164,800,5023,10000,No,15823.0
BILL08165,A08165,5000,17435,0,Yes,4487.0
BILL08166,A08166,12000,12546,0,Yes,4909.2
BILL08167,A08167,40000,16817,8000,Yes,12963.4
BILL08168,A08168,1200,5488,16000,Yes,4537.6
BILL08169,A08169,40000,1812,4000,No,45812.0
BILL08170,A08170,800,8522,0,No,9322.0
BILL08171,A08171,5000,8549,0,No,13549.0
BILL08172,A08172,65000,2896,24000,Yes,18379.2
BILL08173,A08173,1200,14831,8000,Yes,4806.2
BILL08174,A08174,12000,16956,15000,Yes,8791.2
BILL08175,A08175,65000,7338,3000,No,75338.0
BILL08176,A08176,70000,18043,40000,Yes,25608.6
BILL08177,A08177,65000,18645,6000,No,89645.0
BILL08178,A08178,15000,16783,5000,Yes,7356.6
BILL08179,A08179,80000,2845,12000,No,94845.0
BILL08180,A08180,3500,17663,24000,Yes,9032.6
BILL08181,A08181,3500,3723,0,No,7223.0
BILL08182,A08182,10000,1493,25000,No,36493.0
BILL08183,A08183,12000,5863,5000,Yes,4572.6
BILL08184,A08184,6000,6528,15000,Yes,5505.6
BILL08185,A08185,15000,7719,0,Yes,4543.8
BILL08186,A08186,6000,5234,0,Yes,2246.8
BILL08187,A08187,15000,9663,32000,No,56663.0
BILL08188,A08188,800,7728,6000,Yes,2905.6
BILL08189,A08189,8000,12474,0,Yes,4094.8
BILL08190,A08190,1000,13145,45000,No,59145.0
BILL08191,A08191,1500,9025,15000,Yes,5105.0
BILL08192,A08192,1500,19789,5000,Yes,5257.8
BILL08193,A08193,70000,9631,0,No,79631.0
BILL08194,A08194,70000,4442,16000,Yes,18088.4
BILL08195,A08195,60000,5024,4000,Yes,13804.8
BILL08196,A08196,2500,14042,0,No,16542.0
BILL08197,A08197,3000,14223,24000,Yes,8244.6
BILL08198,A08198,80000,11438,10000,Yes,20287.6
BILL08199,A08199,15000,2277,0,No,17277.0
BILL08200,A08200,15000,15157,45000,No,75157.0
BILL08201,A08201,180000,6376,3000,No,189376.0
BILL08202,A08202,250000,1213,10000,Yes,52242.6
BILL08203,A08203,180000,7561,4000,No,191561.0
BILL08204,A08204,80000,9324,0,Yes,17864.8
BILL08205,A08205,15000,19358,4000,Yes,7671.6
BILL08206,A08206,40000,12665,4000,Yes,11333.0
BILL08207,A08207,35000,6918,8000,No,49918.0
BILL08208,A08208,8000,15621,6000,Yes,5924.2
BILL08209,A08209,1200,11801,0,No,13001.0
BILL08210,A08210,1000,15692,0,Yes,3338.4
BILL08211,A08211,5000,17531,32000,No,54531.0
BILL08212,A08212,5000,2201,50000,Yes,11440.2
BILL08213,A08213,2000,8042,0,Yes,2008.4
BILL08214,A08214,65000,15336,21000,No,101336.0
BILL08215,A08215,2000,6826,50000,Yes,11765.2
BILL08216,A08216,2500,5613,0,No,8113.0
BILL08217,A08217,8000,9338,24000,Yes,8267.6
BILL08218,A08218,65000,13433,0,Yes,15686.6
BILL08219,A08219,8000,15090,14000,Yes,7418.0
BILL08220,A08220,1500,13836,9000,No,24336.0
BILL08221,A08221,2000,17546,15000,Yes,6909.2
BILL08222,A08222,65000,4197,10000,No,79197.0
BILL08223,A08223,6000,5465,20000,No,31465.0
BILL08224,A08224,12000,2105,4000,Yes,3621.0
BILL08225,A08225,1200,9295,0,Yes,2099.0
BILL08226,A08226,1500,8794,18000,Yes,5658.8
BILL08227,A08227,2000,7463,0,No,9463.0
BILL08228,A08228,180000,19382,50000,Yes,49876.4
BILL08229,A08229,12000,17195,3000,No,32195.0
BILL08230,A08230,65000,18203,0,Yes,16640.6
BILL08231,A08231,3000,3311,12000,Yes,3662.2
BILL08232,A08232,6000,11495,36000,Yes,10699.0
BILL08233,A08233,8000,9872,30000,No,47872.0
BILL08234,A08234,35000,4860,14000,Yes,10772.0
BILL08235,A08235,35000,12639,10000,Yes,11527.8
BILL08236,A08236,8000,2203,0,No,10203.0
BILL08237,A08237,1500,5270,40000,Yes,9354.0
BILL08238,A08238,3000,3566,0,Yes,1313.2
BILL08239,A08239,6000,529,6000,Yes,2505.8
BILL08240,A08240,15000,11372,16000,Yes,8474.4
BILL08241,A08241,65000,16071,0,No,81071.0
BILL08242,A08242,1000,17886,20000,Yes,7777.2
BILL08243,A08243,1200,2098,0,No,3298.0
BILL08244,A08244,3500,17197,4000,Yes,4939.4
BILL08245,A08245,1500,2732,10000,Yes,2846.4
BILL08246,A08246,6000,9410,0,Yes,3082.0
BILL08247,A08247,6000,13792,45000,No,64792.0
BILL08248,A08248,12000,11638,0,No,23638.0
BILL08249,A08249,40000,11319,12000,Yes,12663.8
BILL08250,A08250,12000,3876,0,Yes,3175.2
BILL08251,A08251,15000,7618,50000,Yes,14523.6
BILL08252,A08252,6000,10976,0,Yes,3395.2
BILL08253,A08253,6000,6958,0,Yes,2591.6
BILL08254,A08254,1200,893,4000,No,6093.0
BILL08255,A08255,12000,17418,20000,Yes,9883.6
BILL08256,A08256,60000,15159,4000,Yes,15831.8
BILL08257,A08257,8000,15271,36000,Yes,11854.2
BILL08258,A08258,12000,1719,15000,No,28719.0
BILL08259,A08259,250000,3865,40000,No,293865.0
BILL08260,A08260,250000,17772,18000,Yes,57154.4
BILL08261,A08261,70000,3869,15000,Yes,17773.8
BILL08262,A08262,2500,12486,15000,Yes,5997.2
BILL08263,A08263,2000,17452,30000,Yes,9890.4
BILL08264,A08264,80000,19136,0,No,99136.0
BILL08265,A08265,180000,13128,15000,Yes,41625.6
BILL08266,A08266,5000,17582,9000,No,31582.0
BILL08267,A08267,1000,5737,10000,Yes,3347.4
BILL08268,A08268,15000,1865,20000,No,36865.0
BILL08269,A08269,15000,11406,9000,Yes,7081.2
BILL08270,A08270,1000,8874,20000,Yes,5974.8
BILL08271,A08271,15000,2694,0,Yes,3538.8
BILL08272,A08272,1200,14909,6000,Yes,4421.8
BILL08273,A08273,4000,8590,8000,No,20590.0
BILL08274,A08274,1000,8608,30000,Yes,7921.6
BILL08275,A08275,15000,13210,30000,No,58210.0
BILL08276,A08276,3500,3588,25000,No,32088.0
BILL08277,A08277,70000,16293,12000,Yes,19658.6
BILL08278,A08278,70000,2680,12000,Yes,16936.0
BILL08279,A08279,6000,9271,0,Yes,3054.2
BILL08280,A08280,12000,16388,9000,Yes,7477.6
BILL08281,A08281,70000,7132,18000,Yes,19026.4
BILL08282,A08282,70000,17389,8000,Yes,19077.8
BILL08283,A08283,65000,15639,0,Yes,16127.8
BILL08284,A08284,5000,13091,20000,Yes,7618.2
BILL08285,A08285,1200,7773,24000,Yes,6594.6
BILL08286,A08286,8000,12656,4000,Yes,4931.2
BILL08287,A08287,8000,4621,0,No,12621.0
BILL08288,A08288,5000,14474,18000,No,37474.0
BILL08289,A08289,60000,644,15000,No,75644.0
BILL08290,A08290,2500,750,15000,Yes,3650.0
BILL08291,A08291,800,761,40000,No,41561.0
BILL08292,A08292,2000,7832,0,No,9832.0
BILL08293,A08293,5000,16068,0,Yes,4213.6
BILL08294,A08294,3500,4299,20000,No,27799.0
BILL08295,A08295,3000,16925,8000,Yes,5585.0
BILL08296,A08296,70000,4703,10000,No,84703.0
BILL08297,A08297,65000,13277,0,Yes,15655.4
BILL08298,A08298,5000,2514,0,Yes,1502.8
BILL08299,A08299,5000,3217,24000,Yes,6443.4
BILL08300,A08300,800,5138,4000,Yes,1987.6
BILL08301,A08301,6000,10173,0,Yes,3234.6
BILL08302,A08302,1200,2198,32000,No,35398.0
BILL08303,A08303,40000,16340,10000,No,66340.0
BILL08304,A08304,80000,3578,5000,No,88578.0
BILL08305,A08305,1500,19493,30000,Yes,10198.6
BILL08306,A08306,15000,12452,50000,Yes,15490.4
BILL08307,A08307,5000,13566,15000,No,33566.0
BILL08308,A08308,6000,13827,12000,Yes,6365.4
BILL08309,A08309,6000,12874,0,Yes,3774.8
BILL08310,A08310,180000,9216,20000,Yes,41843.2
BILL08311,A08311,1500,12514,9000,Yes,4602.8
BILL08312,A08312,35000,9725,3000,No,47725.0
BILL08313,A08313,10000,12947,8000,Yes,6189.4
BILL08314,A08314,8000,15537,6000,No,29537.0
BILL08315,A08315,40000,6473,3000,No,49473.0
BILL08316,A08316,12000,19487,4000,No,35487.0
BILL08317,A08317,8000,8491,0,Yes,3298.2
BILL08318,A08318,65000,12356,4000,Yes,16271.2
BILL08319,A08319,80000,8470,0,Yes,17694.0
BILL08320,A08320,65000,4236,20000,Yes,17847.2
BILL08321,A08321,6000,19726,2000,Yes,5545.2
BILL08322,A08322,1000,11272,20000,No,32272.0
BILL08323,A08323,6000,3651,0,Yes,1930.2
BILL08324,A08324,800,5460,10000,Yes,3252.0
BILL08325,A08325,12000,17012,0,Yes,5802.4
BILL08326,A08326,1200,11924,0,No,13124.0
BILL08327,A08327,180000,15859,0,Yes,39171.8
BILL08328,A08328,1500,18729,9000,Yes,5845.8
BILL08329,A08329,80000,9970,3000,Yes,18594.0
BILL08330,A08330,4000,3424,12000,Yes,3884.8
BILL08331,A08331,1000,19192,25000,Yes,9038.4
BILL08332,A08332,15000,3491,12000,Yes,6098.2
BILL08333,A08333,12000,17059,0,No,29059.0
BILL08334,A08334,15000,13192,0,No,28192.0
BILL08335,A08335,800,8366,6000,Yes,3033.2
BILL08336,A08336,12000,7304,2000,No,21304.0
BILL08337,A08337,65000,16715,9000,No,90715.0
BILL08338,A08338,5000,13858,25000,Yes,8771.6
BILL08339,A08339,60000,17488,0,Yes,15497.6
BILL08340,A08340,15000,18152,12000,Yes,9030.4
BILL08341,A08341,12000,19906,18000,No,49906.0
BILL08342,A08342,450000,16820,9000,Yes,95164.0
BILL08343,A08343,40000,1790,6000,No,47790.0
BILL08344,A08344,70000,5128,6000,Yes,16225.6
BILL08345,A08345,1200,2126,4000,Yes,1465.2
BILL08346,A08346,35000,12853,10000,Yes,11570.6
BILL08347,A08347,60000,19807,0,Yes,15961.4
BILL08348,A08348,2500,11572,28000,Yes,8414.4
BILL08349,A08349,10000,5193,40000,No,55193.0
BILL08350,A08350,6000,13628,0,No,19628.0
BILL08351,A08351,12000,6992,0,Yes,3798.4
BILL08352,A08352,2000,14289,21000,Yes,7457.8
BILL08353,A08353,65000,7078,6000,Yes,15615.6
BILL08354,A08354,5000,2407,4000,No,11407.0
BILL08355,A08355,1000,19811,12000,Yes,6562.2
BILL08356,A08356,2000,19788,3000,Yes,4957.6
BILL08357,A08357,1000,15028,4000,No,20028.0
BILL08358,A08358,6000,10648,4000,Yes,4129.6
BILL08359,A08359,12000,8057,28000,No,48057.0
BILL08360,A08360,2000,9631,12000,Yes,4726.2
BILL08361,A08361,250000,6388,6000,Yes,52477.6
BILL08362,A08362,800,8040,10000,No,18840.0
BILL08363,A08363,65000,7729,10000,Yes,16545.8
BILL08364,A08364,15000,3400,21000,No,39400.0
BILL08365,A08365,40000,13407,9000,Yes,12481.4
BILL08366,A08366,800,1310,4000,Yes,1222.0
BILL08367,A08367,5000,4992,10000,Yes,3998.4
BILL08368,A08368,40000,11929,0,No,51929.0
BILL08369,A08369,8000,8902,15000,No,31902.0
BILL08370,A08370,1000,11886,9000,Yes,4377.2
BILL08371,A08371,12000,3392,2000,No,17392.0
BILL08372,A08372,2000,18472,12000,No,32472.0
BILL08373,A08373,1000,8512,6000,No,15512.0
BILL08374,A08374,80000,14677,0,No,94677.0
BILL08375,A08375,10000,15175,36000,No,61175.0
BILL08376,A08376,60000,3601,0,No,63601.0
BILL08377,A08377,1000,5085,10000,Yes,3217.0
BILL08378,A08378,70000,16044,0,No,86044.0
BILL08379,A08379,1000,12164,0,No,13164.0
BILL08380,A08380,6000,3902,10000,No,19902.0
BILL08381,A08381,1200,14496,0,No,15696.0
BILL08382,A08382,800,3720,5000,Yes,1904.0
BILL08383,A08383,8000,4604,6000,Yes,3720.8
BILL08384,A08384,6000,8239,0,Yes,2847.8
BILL08385,A08385,8000,12215,4000,Yes,4843.0
BILL08386,A08386,180000,13492,3000,Yes,39298.4
BILL08387,A08387,1000,13656,0,Yes,2931.2
BILL08388,A08388,10000,6531,15000,Yes,6306.2
BILL08389,A08389,180000,15044,4000,Yes,39808.8
BILL08390,A08390,5000,6880,35000,Yes,9376.0
BILL08391,A08391,6000,3305,0,No,9305.0
BILL08392,A08392,800,11145,18000,Yes,5989.0
BILL08393,A08393,250000,18121,10000,Yes,55624.2
BILL08394,A08394,8000,19531,0,No,27531.0
BILL08395,A08395,80000,19033,14000,Yes,22606.6
BILL08396,A08396,3500,11686,0,Yes,3037.2
BILL08397,A08397,250000,5490,15000,Yes,54098.0
BILL08398,A08398,10000,16753,0,Yes,5350.6
BILL08399,A08399,3000,18491,27000,No,48491.0
BILL08400,A08400,60000,12603,0,Yes,14520.6
BILL08401,A08401,6000,2873,0,Yes,1774.6
BILL08402,A08402,250000,14944,6000,No,270944.0
BILL08403,A08403,40000,13198,20000,Yes,14639.6
BILL08404,A08404,5000,19594,0,Yes,4918.8
BILL08405,A08405,6000,5057,12000,No,23057.0
BILL08406,A08406,1000,11998,0,Yes,2599.6
BILL08407,A08407,60000,14963,0,Yes,14992.6
BILL08408,A08408,1000,10604,10000,Yes,4320.8
BILL08409,A08409,3500,12331,6000,Yes,4366.2
BILL08410,A08410,2500,6517,4000,Yes,2603.4
BILL08411,A08411,1500,6429,30000,Yes,7585.8
BILL08412,A08412,10000,16598,0,Yes,5319.6
BILL08413,A08413,8000,2131,12000,Yes,4426.2
BILL08414,A08414,1000,5129,0,Yes,1225.8
BILL08415,A08415,10000,3831,3000,Yes,3366.2
BILL08416,A08416,8000,932,18000,Yes,5386.4
BILL08417,A08417,1000,13326,20000,Yes,6865.2
BILL08418,A08418,10000,6100,14000,Yes,6020.0
BILL08419,A08419,70000,11792,9000,No,90792.0
BILL08420,A08420,1000,5810,30000,No,36810.0
BILL08421,A08421,5000,13871,9000,No,27871.0
BILL08422,A08422,1200,18876,20000,Yes,8015.2
BILL08423,A08423,80000,1871,0,No,81871.0
BILL08424,A08424,8000,16834,9000,Yes,6766.8
BILL08425,A08425,15000,4959,4000,No,23959.0
BILL08426,A08426,5000,13112,30000,Yes,9622.4
BILL08427,A08427,1200,19315,0,Yes,4103.0
BILL08428,A08428,800,15886,12000,No,28686.0
BILL08429,A08429,4000,11203,10000,No,25203.0
BILL08430,A08430,250000,3515,4000,Yes,51503.0
BILL08431,A08431,6000,12541,20000,No,38541.0
BILL08432,A08432,40000,16754,20000,Yes,15350.8
BILL08433,A08433,1200,12965,50000,No,64165.0
BILL08434,A08434,1000,12358,0,Yes,2671.6
BILL08435,A08435,15000,12711,6000,Yes,6742.2
BILL08436,A08436,5000,2649,16000,Yes,4729.8
BILL08437,A08437,450000,14561,45000,Yes,101912.2
BILL08438,A08438,2000,17346,0,No,19346.0
BILL08439,A08439,250000,9270,0,No,259270.0
BILL08440,A08440,1500,18901,6000,No,26401.0
BILL08441,A08441,3500,12072,5000,Yes,4114.4
BILL08442,A08442,3000,14147,20000,Yes,7429.4
BILL08443,A08443,180000,13333,28000,Yes,44266.6
BILL08444,A08444,8000,8375,3000,Yes,3875.0
BILL08445,A08445,5000,15596,20000,Yes,8119.2
BILL08446,A08446,5000,15933,0,No,20933.0
BILL08447,A08447,12000,10026,0,Yes,4405.2
BILL08448,A08448,1000,13886,18000,No,32886.0
BILL08449,A08449,6000,8751,20000,Yes,6950.2
BILL08450,A08450,2000,14610,8000,No,24610.0
BILL08451,A08451,2000,1537,4000,Yes,1507.4
BILL08452,A08452,12000,10513,8000,No,30513.0
BILL08453,A08453,1200,12335,16000,Yes,5907.0
BILL08454,A08454,4000,17932,4000,Yes,5186.4
BILL08455,A08455,8000,5912,0,Yes,2782.4
BILL08456,A08456,60000,6957,40000,Yes,21391.4
BILL08457,A08457,450000,6927,14000,No,470927.0
BILL08458,A08458,70000,15141,0,No,85141.0
BILL08459,A08459,800,16557,30000,No,47357.0
BILL08460,A08460,6000,19842,0,Yes,5168.4
BILL08461,A08461,6000,11816,6000,Yes,4763.2
BILL08462,A08462,80000,1436,14000,Yes,19087.2
BILL08463,A08463,8000,11479,0,Yes,3895.8
BILL08464,A08464,2000,1759,27000,No,30759.0
BILL08465,A08465,40000,659,0,No,40659.0
BILL08466,A08466,10000,1258,3000,No,14258.0
BILL08467,A08467,3000,3587,36000,Yes,8517.4
BILL08468,A08468,70000,7937,2000,Yes,15987.4
BILL08469,A08469,8000,15704,0,No,23704.0
BILL08470,A08470,5000,8119,18000,No,31119.0
BILL08471,A08471,2500,11333,27000,Yes,8166.6
BILL08472,A08472,1000,3795,0,Yes,959.0
BILL08473,A08473,4000,12053,6000,Yes,4410.6
BILL08474,A08474,4000,5967,10000,Yes,3993.4
BILL08475,A08475,40000,15596,0,Yes,11119.2
BILL08476,A08476,1000,14725,15000,No,30725.0
BILL08477,A08477,250000,11770,0,No,261770.0
BILL08478,A08478,1000,17656,0,Yes,3731.2
BILL08479,A08479,6000,17818,24000,Yes,9563.6
BILL08480,A08480,1200,11971,12000,Yes,5034.2
BILL08481,A08481,2500,3129,32000,Yes,7525.8
BILL08482,A08482,8000,14635,18000,No,40635.0
BILL08483,A08483,800,3148,24000,Yes,5589.6
BILL08484,A08484,6000,3068,0,No,9068.0
BILL08485,A08485,5000,10475,12000,No,27475.0
BILL08486,A08486,10000,10745,9000,No,29745.0
BILL08487,A08487,60000,1524,10000,Yes,14304.8
BILL08488,A08488,6000,6610,0,Yes,2522.0
BILL08489,A08489,1000,7046,0,Yes,1609.2
BILL08490,A08490,2000,13124,18000,No,33124.0
BILL08491,A08491,1500,5100,0,No,6600.0
BILL08492,A08492,3000,16085,16000,No,35085.0
BILL08493,A08493,8000,5965,40000,Yes,10793.0
BILL08494,A08494,2500,3826,24000,No,30326.0
BILL08495,A08495,10000,1441,0,Yes,2288.2
BILL08496,A08496,60000,17249,15000,Yes,18449.8
BILL08497,A08497,12000,962,12000,Yes,4992.4
BILL08498,A08498,15000,8169,20000,Yes,8633.8
BILL08499,A08499,3000,14638,30000,Yes,9527.6
BILL08500,A08500,12000,8196,36000,No,56196.0
BILL08501,A08501,12000,14781,30000,No,56781.0
BILL08502,A08502,65000,10683,0,Yes,15136.6
BILL08503,A08503,5000,11311,3000,No,19311.0
BILL08504,A08504,8000,4597,0,Yes,2519.4
BILL08505,A08505,15000,3775,3000,No,21775.0
BILL08506,A08506,10000,7555,40000,No,57555.0
BILL08507,A08507,6000,17900,8000,Yes,6380.0
BILL08508,A08508,180000,11777,6000,No,197777.0
BILL08509,A08509,80000,5489,0,Yes,17097.8
BILL08510,A08510,180000,8439,5000,Yes,38687.8
BILL08511,A08511,15000,2013,0,Yes,3402.6
BILL08512,A08512,8000,8283,20000,Yes,7256.6
BILL08513,A08513,35000,4842,0,Yes,7968.4
BILL08514,A08514,65000,12659,15000,Yes,18531.8
BILL08515,A08515,12000,6555,0,Yes,3711.0
BILL08516,A08516,250000,11353,12000,Yes,54670.6
BILL08517,A08517,65000,9846,16000,Yes,18169.2
BILL08518,A08518,15000,3287,0,Yes,3657.4
BILL08519,A08519,1000,8650,0,No,9650.0
BILL08520,A08520,4000,12706,6000,No,22706.0
BILL08521,A08521,60000,3270,0,No,63270.0
BILL08522,A08522,40000,5637,0,Yes,9127.4
BILL08523,A08523,800,4012,8000,Yes,2562.4
BILL08524,A08524,250000,5319,18000,No,273319.0
BILL08525,A08525,800,15825,0,Yes,3325.0
BILL08526,A08526,80000,11632,0,No,91632.0
BILL08527,A08527,800,7500,9000,Yes,3460.0
BILL08528,A08528,1200,14503,0,No,15703.0
BILL08529,A08529,60000,3232,20000,No,83232.0
BILL08530,A08530,70000,16529,30000,No,116529.0
BILL08531,A08531,1000,5599,6000,Yes,2519.8
BILL08532,A08532,3500,18520,0,Yes,4404.0
BILL08533,A08533,60000,2974,8000,Yes,14194.8
BILL08534,A08534,15000,15589,15000,No,45589.0
BILL08535,A08535,6000,4232,4000,Yes,2846.4
BILL08536,A08536,1000,19009,0,Yes,4001.8
BILL08537,A08537,8000,14985,4000,Yes,5397.0
BILL08538,A08538,3000,19992,0,Yes,4598.4
BILL08539,A08539,800,6938,4000,Yes,2347.6
BILL08540,A08540,450000,10913,20000,Yes,96182.6
BILL08541,A08541,65000,6318,2000,Yes,14663.6
BILL08542,A08542,6000,12862,9000,Yes,5572.4
BILL08543,A08543,800,18684,6000,No,25484.0
BILL08544,A08544,60000,10647,0,No,70647.0
BILL08545,A08545,15000,6073,16000,Yes,7414.6
BILL08546,A08546,4000,15330,0,Yes,3866.0
BILL08547,A08547,12000,2057,32000,Yes,9211.4
BILL08548,A08548,40000,7240,0,Yes,9448.0
BILL08549,A08549,3000,15548,0,Yes,3709.6
BILL08550,A08550,450000,2754,18000,Yes,94150.8
BILL08551,A08551,1500,14392,4000,Yes,3978.4
BILL08552,A08552,12000,8481,27000,Yes,9496.2
BILL08553,A08553,250000,2848,4000,No,256848.0
BILL08554,A08554,10000,10775,6000,Yes,5355.0
BILL08555,A08555,2000,9701,20000,Yes,6340.2
BILL08556,A08556,70000,18374,8000,Yes,19274.8
BILL08557,A08557,6000,595,18000,Yes,4919.0
BILL08558,A08558,800,18420,0,Yes,3844.0
BILL08559,A08559,1000,8234,24000,Yes,6646.8
BILL08560,A08560,3500,18528,24000,No,46028.0
BILL08561,A08561,1500,3016,45000,Yes,9903.2
BILL08562,A08562,60000,13970,0,Yes,14794.0
BILL08563,A08563,5000,796,21000,Yes,5359.2
BILL08564,A08564,80000,3316,0,No,83316.0
BILL08565,A08565,1500,12964,6000,Yes,4092.8
BILL08566,A08566,250000,17220,0,Yes,53444.0
BILL08567,A08567,35000,14538,5000,Yes,10907.6
BILL08568,A08568,15000,1900,6000,Yes,4580.0
BILL08569,A08569,6000,3147,24000,No,33147.0
BILL08570,A08570,2500,3767,18000,No,24267.0
BILL08571,A08571,3000,789,30000,Yes,6757.8
BILL08572,A08572,2500,8411,0,Yes,2182.2
BILL08573,A08573,450000,1403,24000,Yes,95080.6
BILL08574,A08574,5000,7600,40000,Yes,10520.0
BILL08575,A08575,6000,12667,0,No,18667.0
BILL08576,A08576,10000,19641,20000,Yes,9928.2
BILL08577,A08577,1000,10459,12000,Yes,4691.8
BILL08578,A08578,800,12406,0,Yes,2641.2
BILL08579,A08579,15000,5145,40000,Yes,12029.0
BILL08580,A08580,450000,13262,14000,Yes,95452.4
BILL08581,A08581,6000,15360,0,Yes,4272.0
BILL08582,A08582,800,8243,5000,Yes,2808.6
BILL08583,A08583,250000,4311,0,No,254311.0
BILL08584,A08584,4000,14447,9000,Yes,5489.4
BILL08585,A08585,2000,13633,0,Yes,3126.6
BILL08586,A08586,180000,13663,20000,No,213663.0
BILL08587,A08587,35000,14938,6000,No,55938.0
BILL08588,A08588,12000,12698,40000,Yes,12939.6
BILL08589,A08589,180000,15532,0,Yes,39106.4
BILL08590,A08590,10000,17695,10000,No,37695.0
BILL08591,A08591,8000,2024,0,No,10024.0
BILL08592,A08592,10000,7624,0,No,17624.0
BILL08593,A08593,450000,2755,8000,Yes,92151.0
BILL08594,A08594,8000,13311,15000,Yes,7262.2
BILL08595,A08595,250000,14402,27000,No,291402.0
BILL08596,A08596,80000,527,12000,No,92527.0
BILL08597,A08597,3000,4119,0,No,7119.0
BILL08598,A08598,1500,14134,4000,No,19634.0
BILL08599,A08599,5000,6205,12000,Yes,4641.0
BILL08600,A08600,1000,10183,0,Yes,2236.6
BILL08601,A08601,180000,13501,15000,Yes,41700.2
BILL08602,A08602,65000,14120,24000,Yes,20624.0
BILL08603,A08603,4000,8700,15000,Yes,5540.0
BILL08604,A08604,10000,18150,35000,Yes,12630.0
BILL08605,A08605,65000,16328,16000,Yes,19465.6
BILL08606,A08606,12000,18561,0,Yes,6112.2
BILL08607,A08607,40000,9619,24000,Yes,14723.8
BILL08608,A08608,250000,7965,5000,No,262965.0
BILL08609,A08609,250000,3080,0,Yes,50616.0
BILL08610,A08610,250000,6435,0,No,256435.0
BILL08611,A08611,3000,19959,6000,No,28959.0
BILL08612,A08612,80000,5994,5000,No,90994.0
BILL08613,A08613,35000,13060,36000,Yes,16812.0
BILL08614,A08614,12000,9680,6000,Yes,5536.0
BILL08615,A08615,70000,9158,10000,Yes,17831.6
BILL08616,A08616,10000,5256,0,Yes,3051.2
BILL08617,A08617,180000,15300,30000,Yes,45060.0
BILL08618,A08618,65000,5640,12000,Yes,16528.0
BILL08619,A08619,3500,17493,0,Yes,4198.6
BILL08620,A08620,60000,18079,0,Yes,15615.8
BILL08621,A08621,800,19616,0,No,20416.0
BILL08622,A08622,15000,16243,16000,No,47243.0
BILL08623,A08623,6000,17730,32000,No,55730.0
BILL08624,A08624,3000,16132,16000,Yes,7026.4
BILL08625,A08625,2000,15206,4000,Yes,4241.2
BILL08626,A08626,12000,4917,16000,Yes,6583.4
BILL08627,A08627,5000,4116,20000,Yes,5823.2
BILL08628,A08628,10000,13909,20000,No,43909.0
BILL08629,A08629,5000,12163,6000,Yes,4632.6
BILL08630,A08630,4000,18015,8000,No,30015.0
BILL08631,A08631,60000,808,45000,Yes,21161.6
BILL08632,A08632,6000,7422,4000,Yes,3484.4
BILL08633,A08633,70000,8470,4000,No,82470.0
BILL08634,A08634,70000,7057,12000,Yes,17811.4
BILL08635,A08635,8000,15605,32000,No,55605.0
BILL08636,A08636,180000,15200,0,No,195200.0
BILL08637,A08637,65000,14079,0,Yes,15815.8
BILL08638,A08638,10000,10497,45000,Yes,13099.4
BILL08639,A08639,10000,18868,0,Yes,5773.6
BILL08640,A08640,1200,7422,2000,Yes,2124.4
BILL08641,A08641,6000,5962,0,Yes,2392.4
BILL08642,A08642,800,7288,20000,Yes,5617.6
BILL08643,A08643,12000,14459,45000,Yes,14291.8
BILL08644,A08644,15000,6127,4000,Yes,5025.4
BILL08645,A08645,65000,6872,45000,No,116872.0
BILL08646,A08646,1000,8432,0,Yes,1886.4
BILL08647,A08647,40000,17764,32000,Yes,17952.8
BILL08648,A08648,80000,1700,0,Yes,16340.0
BILL08649,A08649,800,2344,0,Yes,628.8
BILL08650,A08650,8000,5852,28000,No,41852.0
BILL08651,A08651,450000,12675,12000,Yes,94935.0
BILL08652,A08652,10000,11698,5000,No,26698.0
BILL08653,A08653,2500,8181,0,Yes,2136.2
BILL08654,A08654,15000,9624,9000,Yes,6724.8
BILL08655,A08655,800,5550,0,No,6350.0
BILL08656,A08656,4000,11707,6000,Yes,4341.4
BILL08657,A08657,6000,9423,8000,No,23423.0
BILL08658,A08658,65000,6537,0,Yes,14307.4
BILL08659,A08659,180000,2687,40000,No,222687.0
BILL08660,A08660,35000,14294,24000,No,73294.0
BILL08661,A08661,40000,3983,0,No,43983.0
BILL08662,A08662,800,13797,18000,Yes,6519.4
BILL08663,A08663,40000,18260,0,Yes,11652.0
BILL08664,A08664,10000,9056,36000,Yes,11011.2
BILL08665,A08665,2000,7312,20000,Yes,5862.4
BILL08666,A08666,15000,3574,0,Yes,3714.8
BILL08667,A08667,450000,2227,18000,Yes,94045.4
BILL08668,A08668,1500,15910,15000,Yes,6482.0
BILL08669,A08669,12000,11564,2000,No,25564.0
BILL08670,A08670,1200,14545,0,Yes,3149.0
BILL08671,A08671,40000,19482,0,Yes,11896.4
BILL08672,A08672,35000,9595,10000,Yes,10919.0
BILL08673,A08673,12000,6261,14000,Yes,6452.2
BILL08674,A08674,60000,6666,8000,No,74666.0
BILL08675,A08675,1000,3545,45000,Yes,9909.0
BILL08676,A08676,8000,2609,0,No,10609.0
BILL08677,A08677,1000,7571,15000,Yes,4714.2
BILL08678,A08678,15000,14550,0,Yes,5910.0
BILL08679,A08679,1000,4959,0,Yes,1191.8
BILL08680,A08680,60000,7917,16000,No,83917.0
BILL08681,A08681,1500,6406,28000,Yes,7181.2
BILL08682,A08682,40000,6124,27000,No,73124.0
BILL08683,A08683,5000,9359,18000,No,32359.0
BILL08684,A08684,15000,17710,6000,No,38710.0
BILL08685,A08685,8000,2509,15000,No,25509.0
BILL08686,A08686,1000,8548,3000,No,12548.0
BILL08687,A08687,5000,14717,0,Yes,3943.4
BILL08688,A08688,40000,972,16000,No,56972.0
BILL08689,A08689,450000,3772,0,Yes,90754.4
BILL08690,A08690,10000,6011,8000,No,24011.0
BILL08691,A08691,65000,18612,36000,Yes,23922.4
BILL08692,A08692,180000,1509,0,No,181509.0
BILL08693,A08693,800,8516,36000,Yes,9063.2
BILL08694,A08694,800,10581,35000,Yes,9276.2
BILL08695,A08695,6000,3477,0,No,9477.0
BILL08696,A08696,80000,17367,0,No,97367.0
BILL08697,A08697,3500,11521,10000,No,25021.0
BILL08698,A08698,1200,764,0,Yes,392.8
BILL08699,A08699,15000,16719,0,Yes,6343.8
BILL08700,A08700,4000,18166,0,No,22166.0
BILL08701,A08701,35000,15817,18000,Yes,13763.4
BILL08702,A08702,15000,4898,0,No,19898.0
BILL08703,A08703,5000,3558,2000,Yes,2111.6
BILL08704,A08704,3500,6368,0,No,9868.0
BILL08705,A08705,10000,2813,16000,Yes,5762.6
BILL08706,A08706,1000,10930,0,Yes,2386.0
BILL08707,A08707,12000,9254,12000,No,33254.0
BILL08708,A08708,3500,19952,3000,Yes,5290.4
BILL08709,A08709,3500,6218,6000,Yes,3143.6
BILL08710,A08710,8000,13004,0,Yes,4200.8
BILL08711,A08711,2000,14374,9000,No,25374.0
BILL08712,A08712,6000,19172,0,Yes,5034.4
BILL08713,A08713,1000,18104,0,Yes,3820.8
BILL08714,A08714,2500,8693,0,No,11193.0
BILL08715,A08715,1500,18252,21000,Yes,8150.4
BILL08716,A08716,65000,1032,18000,No,84032.0
BILL08717,A08717,12000,10512,0,Yes,4502.4
BILL08718,A08718,800,5375,8000,Yes,2835.0
BILL08719,A08719,80000,14414,0,Yes,18882.8
BILL08720,A08720,15000,6654,32000,Yes,10730.8
BILL08721,A08721,40000,7105,12000,No,59105.0
BILL08722,A08722,3500,18155,6000,No,27655.0
BILL08723,A08723,40000,8932,0,Yes,9786.4
BILL08724,A08724,180000,3859,10000,Yes,38771.8
BILL08725,A08725,1000,8836,4000,Yes,2767.2
BILL08726,A08726,3000,12361,24000,Yes,7872.2
BILL08727,A08727,40000,8662,0,Yes,9732.4
BILL08728,A08728,15000,4876,40000,Yes,11975.2
BILL08729,A08729,1500,15237,8000,Yes,4947.4
BILL08730,A08730,5000,1211,4000,Yes,2042.2
BILL08731,A08731,10000,18831,0,Yes,5766.2
BILL08732,A08732,4000,16215,6000,Yes,5243.0
BILL08733,A08733,40000,14489,5000,Yes,11897.8
BILL08734,A08734,12000,7365,8000,Yes,5473.0
BILL08735,A08735,65000,15911,10000,Yes,18182.2
BILL08736,A08736,40000,8974,0,Yes,9794.8
BILL08737,A08737,40000,18504,0,Yes,11700.8
BILL08738,A08738,800,19895,4000,Yes,4939.0
BILL08739,A08739,1500,18538,15000,Yes,7007.6
BILL08740,A08740,4000,9503,8000,No,21503.0
BILL08741,A08741,450000,13671,40000,Yes,100734.2
BILL08742,A08742,1200,14709,50000,Yes,13181.8
BILL08743,A08743,60000,18158,28000,Yes,21231.6
BILL08744,A08744,180000,13888,0,Yes,38777.6
BILL08745,A08745,60000,1229,0,Yes,12245.8
BILL08746,A08746,12000,3285,12000,Yes,5457.0
BILL08747,A08747,15000,3188,4000,Yes,4437.6
BILL08748,A08748,1000,7541,32000,No,40541.0
BILL08749,A08749,5000,15181,12000,Yes,6436.2
BILL08750,A08750,1200,16242,8000,Yes,5088.4
BILL08751,A08751,5000,11175,0,No,16175.0
BILL08752,A08752,5000,3009,10000,No,18009.0
BILL08753,A08753,12000,3643,35000,Yes,10128.6
BILL08754,A08754,1500,10085,8000,Yes,3917.0
BILL08755,A08755,10000,6421,6000,Yes,4484.2
BILL08756,A08756,80000,7298,32000,Yes,23859.6
BILL08757,A08757,60000,14752,24000,Yes,19750.4
BILL08758,A08758,70000,9617,40000,No,119617.0
BILL08759,A08759,1200,1045,20000,No,22245.0
BILL08760,A08760,5000,13886,0,Yes,3777.2
BILL08761,A08761,60000,10686,6000,Yes,15337.2
BILL08762,A08762,1000,9160,30000,No,40160.0
BILL08763,A08763,15000,14742,2000,Yes,6348.4
BILL08764,A08764,800,18098,24000,No,42898.0
BILL08765,A08765,12000,15104,0,Yes,5420.8
BILL08766,A08766,65000,1590,0,Yes,13318.0
BILL08767,A08767,4000,8387,12000,No,24387.0
BILL08768,A08768,180000,16572,0,No,196572.0
BILL08769,A08769,15000,12833,0,Yes,5566.6
BILL08770,A08770,250000,2837,10000,No,262837.0
BILL08771,A08771,6000,8671,0,Yes,2934.2
BILL08772,A08772,6000,13843,10000,No,29843.0
BILL08773,A08773,70000,6918,4000,Yes,16183.6
BILL08774,A08774,3000,7733,20000,No,30733.0
BILL08775,A08775,450000,3271,8000,No,461271.0
BILL08776,A08776,250000,5130,5000,Yes,52026.0
BILL08777,A08777,8000,12865,28000,Yes,9773.0
BILL08778,A08778,180000,7328,16000,No,203328.0
BILL08779,A08779,3000,17005,8000,Yes,5601.0
BILL08780,A08780,3000,16547,40000,Yes,11909.4
BILL08781,A08781,2500,12822,10000,Yes,5064.4
BILL08782,A08782,8000,7585,10000,Yes,5117.0
BILL08783,A08783,70000,5306,12000,No,87306.0
BILL08784,A08784,80000,14343,30000,Yes,24868.6
BILL08785,A08785,180000,9716,18000,Yes,41543.2
BILL08786,A08786,10000,8959,0,Yes,3791.8
BILL08787,A08787,5000,12870,30000,Yes,9574.0
BILL08788,A08788,35000,18103,20000,No,73103.0
BILL08789,A08789,250000,5432,15000,Yes,54086.4
BILL08790,A08790,3500,14909,10000,Yes,5681.8
BILL08791,A08791,5000,2066,0,No,7066.0
BILL08792,A08792,70000,4564,5000,Yes,15912.8
BILL08793,A08793,60000,12208,0,Yes,14441.6
BILL08794,A08794,3500,14524,15000,No,33024.0
BILL08795,A08795,6000,4953,5000,Yes,3190.6
BILL08796,A08796,1500,13358,0,Yes,2971.6
BILL08797,A08797,35000,1848,25000,No,61848.0
BILL08798,A08798,450000,9182,0,No,459182.0
BILL08799,A08799,5000,12766,4000,No,21766.0
BILL08800,A08800,60000,8345,0,No,68345.0
BILL08801,A08801,2000,11453,0,Yes,2690.6
BILL08802,A08802,2000,6734,25000,No,33734.0
BILL08803,A08803,250000,8814,0,No,258814.0
BILL08804,A08804,15000,8365,0,Yes,4673.0
BILL08805,A08805,6000,14259,10000,Yes,6051.8
BILL08806,A08806,80000,9188,18000,Yes,21437.6
BILL08807,A08807,3000,16229,15000,Yes,6845.8
BILL08808,A08808,80000,3138,0,Yes,16627.6
BILL08809,A08809,800,11992,12000,Yes,4958.4
BILL08810,A08810,8000,2991,12000,No,22991.0
BILL08811,A08811,6000,7305,15000,Yes,5661.0
BILL08812,A08812,5000,19779,4000,No,28779.0
BILL08813,A08813,10000,2024,0,No,12024.0
BILL08814,A08814,8000,13903,24000,Yes,9180.6
BILL08815,A08815,15000,17088,0,Yes,6417.6
BILL08816,A08816,35000,10019,0,Yes,9003.8
BILL08817,A08817,40000,17714,40000,No,97714.0
BILL08818,A08818,5000,14349,0,Yes,3869.8
BILL08819,A08819,250000,6407,30000,No,286407.0
BILL08820,A08820,12000,4764,15000,Yes,6352.8
BILL08821,A08821,35000,1545,10000,No,46545.0
BILL08822,A08822,4000,1706,40000,Yes,9141.2
BILL08823,A08823,6000,19198,8000,Yes,6639.6
BILL08824,A08824,3500,8545,8000,Yes,4009.0
BILL08825,A08825,1000,12351,10000,Yes,4670.2
BILL08826,A08826,65000,16945,0,No,81945.0
BILL08827,A08827,80000,3132,0,Yes,16626.4
BILL08828,A08828,15000,10929,6000,No,31929.0
BILL08829,A08829,180000,15174,32000,Yes,45434.8
BILL08830,A08830,450000,3006,40000,No,493006.0
BILL08831,A08831,80000,15913,30000,Yes,25182.6
BILL08832,A08832,3500,3547,10000,Yes,3409.4
BILL08833,A08833,4000,501,8000,No,12501.0
BILL08834,A08834,6000,19621,10000,Yes,7124.2
BILL08835,A08835,8000,13063,0,No,21063.0
BILL08836,A08836,2000,1018,0,No,3018.0
BILL08837,A08837,60000,12586,50000,Yes,24517.2
BILL08838,A08838,6000,19707,8000,Yes,6741.4
BILL08839,A08839,5000,2721,0,No,7721.0
BILL08840,A08840,3000,8124,24000,Yes,7024.8
BILL08841,A08841,12000,6413,0,Yes,3682.6
BILL08842,A08842,35000,9864,6000,Yes,10172.8
BILL08843,A08843,80000,16267,0,Yes,19253.4
BILL08844,A08844,2500,14338,24000,No,40838.0
BILL08845,A08845,450000,2698,40000,Yes,98539.6
BILL08846,A08846,8000,2703,6000,No,16703.0
BILL08847,A08847,3000,17930,15000,Yes,7186.0
BILL08848,A08848,12000,10603,0,Yes,4520.6
BILL08849,A08849,800,8483,15000,Yes,4856.6
BILL08850,A08850,35000,3458,12000,Yes,10091.6
BILL08851,A08851,3500,16895,40000,Yes,12079.0
BILL08852,A08852,1200,15416,28000,No,44616.0
BILL08853,A08853,15000,4700,0,Yes,3940.0
BILL08854,A08854,15000,9100,0,Yes,4820.0
BILL08855,A08855,15000,5955,21000,No,41955.0
BILL08856,A08856,1000,16256,0,No,17256.0
BILL08857,A08857,2500,3189,20000,Yes,5137.8
BILL08858,A08858,3000,16782,10000,Yes,5956.4
BILL08859,A08859,60000,7177,6000,No,73177.0
BILL08860,A08860,3000,12508,6000,Yes,4301.6
BILL08861,A08861,12000,6657,6000,Yes,4931.4
BILL08862,A08862,8000,17346,12000,Yes,7469.2
BILL08863,A08863,12000,14210,0,Yes,5242.0
BILL08864,A08864,40000,3073,4000,Yes,9414.6
BILL08865,A08865,12000,17776,0,Yes,5955.2
BILL08866,A08866,60000,4397,0,Yes,12879.4
BILL08867,A08867,15000,11243,8000,No,34243.0
BILL08868,A08868,2000,2396,12000,No,16396.0
BILL08869,A08869,180000,2989,6000,No,188989.0
BILL08870,A08870,35000,18653,10000,Yes,12730.6
BILL08871,A08871,40000,17500,0,Yes,11500.0
BILL08872,A08872,450000,11810,3000,Yes,92962.0
BILL08873,A08873,2500,7234,6000,Yes,3146.8
BILL08874,A08874,60000,10692,4000,Yes,14938.4
BILL08875,A08875,80000,1845,8000,No,89845.0
BILL08876,A08876,15000,17961,0,No,32961.0
BILL08877,A08877,80000,13121,0,Yes,18624.2
BILL08878,A08878,250000,6170,40000,No,296170.0
BILL08879,A08879,3000,3868,20000,Yes,5373.6
BILL08880,A08880,3500,8435,0,No,11935.0
BILL08881,A08881,40000,3829,9000,Yes,10565.8
BILL08882,A08882,1000,10802,6000,Yes,3560.4
BILL08883,A08883,450000,6830,16000,Yes,94566.0
BILL08884,A08884,250000,3355,0,No,253355.0
BILL08885,A08885,450000,3387,6000,Yes,91877.4
BILL08886,A08886,2000,11390,0,Yes,2678.0
BILL08887,A08887,70000,2268,16000,Yes,17653.6
BILL08888,A08888,10000,1777,30000,Yes,8355.4
BILL08889,A08889,12000,10569,32000,Yes,10913.8
BILL08890,A08890,8000,14949,16000,No,38949.0
BILL08891,A08891,15000,3770,2000,Yes,4154.0
BILL08892,A08892,12000,13845,16000,Yes,8369.0
BILL08893,A08893,6000,10431,40000,Yes,11286.2
BILL08894,A08894,12000,13829,25000,Yes,10165.8
BILL08895,A08895,1200,10508,8000,No,19708.0
BILL08896,A08896,8000,10447,18000,No,36447.0
BILL08897,A08897,8000,6521,0,Yes,2904.2
BILL08898,A08898,8000,9245,0,Yes,3449.0
BILL08899,A08899,3500,14163,24000,No,41663.0
BILL08900,A08900,35000,3874,6000,Yes,8974.8
BILL08901,A08901,1000,3928,15000,No,19928.0
BILL08902,A08902,3000,12969,18000,Yes,6793.8
BILL08903,A08903,5000,17750,0,Yes,4550.0
BILL08904,A08904,1500,8693,0,No,10193.0
BILL08905,A08905,6000,4546,15000,Yes,5109.2
BILL08906,A08906,800,14177,0,Yes,2995.4
BILL08907,A08907,15000,3243,35000,Yes,10648.6
BILL08908,A08908,3500,13676,0,No,17176.0
BILL08909,A08909,3500,12985,45000,No,61485.0
BILL08910,A08910,60000,1498,6000,Yes,13499.6
BILL08911,A08911,180000,16771,16000,No,212771.0
BILL08912,A08912,8000,864,8000,Yes,3372.8
BILL08913,A08913,1000,5059,32000,Yes,7611.8
BILL08914,A08914,1000,4847,50000,Yes,11169.4
BILL08915,A08915,450000,7094,6000,Yes,92618.8
BILL08916,A08916,1000,2027,0,No,3027.0
BILL08917,A08917,3000,9259,28000,Yes,8051.8
BILL08918,A08918,4000,4721,0,No,8721.0
BILL08919,A08919,1500,18735,0,No,20235.0
BILL08920,A08920,80000,5243,0,Yes,17048.6
BILL08921,A08921,8000,11466,9000,No,28466.0
BILL08922,A08922,15000,1964,12000,No,28964.0
BILL08923,A08923,3000,17268,14000,No,34268.0
BILL08924,A08924,5000,5330,0,Yes,2066.0
BILL08925,A08925,35000,12955,16000,Yes,12791.0
BILL08926,A08926,15000,1439,6000,No,22439.0
BILL08927,A08927,15000,6461,0,Yes,4292.2
BILL08928,A08928,8000,12251,32000,No,52251.0
BILL08929,A08929,1000,9134,5000,No,15134.0
BILL08930,A08930,180000,13578,20000,Yes,42715.6
BILL08931,A08931,15000,19491,0,Yes,6898.2
BILL08932,A08932,3000,3233,8000,Yes,2846.6
BILL08933,A08933,1000,9006,15000,Yes,5001.2
BILL08934,A08934,2000,13244,0,Yes,3048.8
BILL08935,A08935,15000,12113,50000,No,77113.0
BILL08936,A08936,12000,7727,10000,Yes,5945.4
BILL08937,A08937,1000,17226,20000,No,38226.0
BILL08938,A08938,40000,12981,8000,Yes,12196.2
BILL08939,A08939,12000,8287,20000,Yes,8057.4
BILL08940,A08940,15000,2219,15000,Yes,6443.8
BILL08941,A08941,8000,5023,20000,No,33023.0
BILL08942,A08942,180000,3701,0,Yes,36740.2
BILL08943,A08943,35000,798,16000,Yes,10359.6
BILL08944,A08944,5000,19804,8000,No,32804.0
BILL08945,A08945,60000,15154,20000,No,95154.0
BILL08946,A08946,6000,1005,0,Yes,1401.0
BILL08947,A08947,450000,7293,20000,Yes,95458.6
BILL08948,A08948,450000,8900,0,No,458900.0
BILL08949,A08949,80000,18853,0,No,98853.0
BILL08950,A08950,180000,19162,28000,Yes,45432.4
BILL08951,A08951,15000,19804,0,Yes,6960.8
BILL08952,A08952,4000,18960,16000,No,38960.0
BILL08953,A08953,10000,8146,24000,Yes,8429.2
BILL08954,A08954,1500,18876,30000,Yes,10075.2
BILL08955,A08955,1000,3546,0,Yes,909.2
BILL08956,A08956,15000,2344,8000,No,25344.0
BILL08957,A08957,180000,4631,10000,Yes,38926.2
BILL08958,A08958,3500,18738,16000,No,38238.0
BILL08959,A08959,250000,17443,20000,No,287443.0
BILL08960,A08960,60000,17825,15000,No,92825.0
BILL08961,A08961,12000,11370,10000,No,33370.0
BILL08962,A08962,5000,5390,21000,Yes,6278.0
BILL08963,A08963,6000,18024,24000,No,48024.0
BILL08964,A08964,450000,5705,0,No,455705.0
BILL08965,A08965,5000,552,0,Yes,1110.4
BILL08966,A08966,10000,5554,6000,Yes,4310.8
BILL08967,A08967,1000,1867,40000,No,42867.0
BILL08968,A08968,1200,17350,12000,Yes,6110.0
BILL08969,A08969,450000,10265,25000,Yes,97053.0
BILL08970,A08970,5000,13918,50000,Yes,13783.6
BILL08971,A08971,5000,13581,16000,Yes,6916.2
BILL08972,A08972,10000,18576,0,Yes,5715.2
BILL08973,A08973,6000,9308,20000,Yes,7061.6
BILL08974,A08974,1000,19336,0,Yes,4067.2
BILL08975,A08975,1000,3100,0,Yes,820.0
BILL08976,A08976,60000,7075,8000,No,75075.0
BILL08977,A08977,40000,11063,0,No,51063.0
BILL08978,A08978,70000,11305,0,No,81305.0
BILL08979,A08979,15000,16508,0,Yes,6301.6
BILL08980,A08980,80000,15486,12000,Yes,21497.2
BILL08981,A08981,35000,2609,12000,No,49609.0
BILL08982,A08982,1000,13140,15000,Yes,5828.0
BILL08983,A08983,70000,11091,4000,No,85091.0
BILL08984,A08984,60000,4360,0,Yes,12872.0
BILL08985,A08985,3500,11465,9000,Yes,4793.0
BILL08986,A08986,65000,13812,4000,No,82812.0
BILL08987,A08987,1000,2857,0,No,3857.0
BILL08988,A08988,4000,14781,28000,No,46781.0
BILL08989,A08989,70000,13715,0,Yes,16743.0
BILL08990,A08990,180000,14484,0,No,194484.0
BILL08991,A08991,10000,760,2000,Yes,2552.0
BILL08992,A08992,1000,7268,8000,No,16268.0
BILL08993,A08993,10000,6519,2000,No,18519.0
BILL08994,A08994,6000,13476,6000,No,25476.0
BILL08995,A08995,12000,3313,40000,Yes,11062.6
BILL08996,A08996,2500,5586,9000,No,17086.0
BILL08997,A08997,1000,5237,15000,Yes,4247.4
BILL08998,A08998,1200,18242,24000,Yes,8688.4
BILL08999,A08999,2500,5985,10000,Yes,3697.0
BILL09000,A09000,15000,18630,0,Yes,6726.0
BILL09001,A09001,2000,17536,8000,Yes,5507.2
BILL09002,A09002,35000,2115,6000,No,43115.0
BILL09003,A09003,15000,17085,6000,Yes,7617.0
BILL09004,A09004,65000,7184,0,No,72184.0
BILL09005,A09005,80000,18638,12000,Yes,22127.6
BILL09006,A09006,65000,11432,0,Yes,15286.4
BILL09007,A09007,450000,8430,32000,No,490430.0
BILL09008,A09008,12000,17768,15000,Yes,8953.6
BILL09009,A09009,5000,16424,4000,No,25424.0
BILL09010,A09010,15000,11192,0,Yes,5238.4
BILL09011,A09011,12000,1016,12000,Yes,5003.2
BILL09012,A09012,3000,5554,5000,Yes,2710.8
BILL09013,A09013,450000,14833,0,No,464833.0
BILL09014,A09014,4000,13702,6000,Yes,4740.4
BILL09015,A09015,35000,2075,12000,No,49075.0
BILL09016,A09016,3000,13446,0,Yes,3289.2
BILL09017,A09017,70000,2563,4000,Yes,15312.6
BILL09018,A09018,6000,5518,0,Yes,2303.6
BILL09019,A09019,1500,5531,12000,No,19031.0
BILL09020,A09020,12000,6093,14000,No,32093.0
BILL09021,A09021,1000,12211,0,No,13211.0
BILL09022,A09022,15000,7627,0,No,22627.0
BILL09023,A09023,1500,16789,10000,Yes,5657.8
BILL09024,A09024,4000,10986,0,Yes,2997.2
BILL09025,A09025,60000,5700,5000,Yes,14140.0
BILL09026,A09026,6000,9013,0,No,15013.0
BILL09027,A09027,180000,12649,15000,Yes,41529.8
BILL09028,A09028,6000,17277,0,Yes,4655.4
BILL09029,A09029,8000,13457,0,Yes,4291.4
BILL09030,A09030,15000,1233,0,No,16233.0
BILL09031,A09031,70000,3193,10000,Yes,16638.6
BILL09032,A09032,180000,2619,0,Yes,36523.8
BILL09033,A09033,80000,12634,20000,Yes,22526.8
BILL09034,A09034,15000,9587,8000,Yes,6517.4
BILL09035,A09035,1500,10553,0,Yes,2410.6
BILL09036,A09036,6000,3786,15000,No,24786.0
BILL09037,A09037,60000,18243,12000,Yes,18048.6
BILL09038,A09038,10000,8512,24000,No,42512.0
BILL09039,A09039,8000,16093,36000,Yes,12018.6
BILL09040,A09040,15000,14733,16000,Yes,9146.6
BILL09041,A09041,1000,10960,0,Yes,2392.0
BILL09042,A09042,60000,12350,36000,Yes,21670.0
BILL09043,A09043,5000,9128,9000,Yes,4625.6
BILL09044,A09044,800,10524,3000,No,14324.0
BILL09045,A09045,6000,14652,20000,No,40652.0
BILL09046,A09046,1200,3837,8000,No,13037.0
BILL09047,A09047,12000,18970,6000,No,36970.0
BILL09048,A09048,12000,587,32000,No,44587.0
BILL09049,A09049,15000,2261,15000,Yes,6452.2
BILL09050,A09050,35000,8396,28000,No,71396.0
BILL09051,A09051,1000,11830,9000,Yes,4366.0
BILL09052,A09052,1200,15698,45000,Yes,12379.6
BILL09053,A09053,12000,2169,0,Yes,2833.8
BILL09054,A09054,40000,11412,4000,Yes,11082.4
BILL09055,A09055,1500,7994,16000,Yes,5098.8
BILL09056,A09056,8000,9112,6000,No,23112.0
BILL09057,A09057,6000,9098,10000,Yes,5019.6
BILL09058,A09058,15000,12047,12000,Yes,7809.4
BILL09059,A09059,3500,16899,40000,Yes,12079.8
BILL09060,A09060,1000,3903,18000,Yes,4580.6
BILL09061,A09061,250000,16484,32000,Yes,59696.8
BILL09062,A09062,12000,17997,0,No,29997.0
BILL09063,A09063,6000,12758,45000,Yes,12751.6
BILL09064,A09064,1500,10791,9000,Yes,4258.2
BILL09065,A09065,1200,5237,8000,No,14437.0
BILL09066,A09066,70000,11953,4000,No,85953.0
BILL09067,A09067,8000,19573,16000,Yes,8714.6
BILL09068,A09068,3000,10376,25000,Yes,7675.2
BILL09069,A09069,8000,16935,0,No,24935.0
BILL09070,A09070,2500,13687,2000,Yes,3637.4
BILL09071,A09071,8000,17896,0,Yes,5179.2
BILL09072,A09072,4000,4352,9000,Yes,3470.4
BILL09073,A09073,1500,8309,3000,No,12809.0
BILL09074,A09074,3000,10394,20000,Yes,6678.8
BILL09075,A09075,40000,1097,40000,Yes,16219.4
BILL09076,A09076,4000,13621,0,Yes,3524.2
BILL09077,A09077,3500,3646,0,No,7146.0
BILL09078,A09078,12000,16644,0,No,28644.0
BILL09079,A09079,12000,8546,24000,Yes,8909.2
BILL09080,A09080,6000,11945,8000,Yes,5189.0
BILL09081,A09081,15000,1867,24000,Yes,8173.4
BILL09082,A09082,450000,9786,12000,No,471786.0
BILL09083,A09083,1200,13686,0,Yes,2977.2
BILL09084,A09084,800,1332,27000,Yes,5826.4
BILL09085,A09085,15000,13223,12000,Yes,8044.6
BILL09086,A09086,180000,15577,12000,Yes,41515.4
BILL09087,A09087,12000,1523,10000,No,23523.0
BILL09088,A09088,3000,14863,8000,No,25863.0
BILL09089,A09089,6000,15573,0,Yes,4314.6
BILL09090,A09090,35000,16519,10000,No,61519.0
BILL09091,A09091,4000,6335,28000,Yes,7667.0
BILL09092,A09092,12000,3706,0,No,15706.0
BILL09093,A09093,15000,5614,0,No,20614.0
BILL09094,A09094,10000,12465,12000,No,34465.0
BILL09095,A09095,15000,19681,0,Yes,6936.2
BILL09096,A09096,3500,8691,0,No,12191.0
BILL09097,A09097,5000,14539,35000,No,54539.0
BILL09098,A09098,70000,12559,36000,No,118559.0
BILL09099,A09099,40000,19975,35000,Yes,18995.0
BILL09100,A09100,180000,2393,10000,Yes,38478.6
BILL09101,A09101,1000,17997,3000,Yes,4399.4
BILL09102,A09102,4000,3297,30000,Yes,7459.4
BILL09103,A09103,6000,11818,4000,No,21818.0
BILL09104,A09104,12000,739,16000,Yes,5747.8
BILL09105,A09105,2500,2044,0,No,4544.0
BILL09106,A09106,1200,10654,9000,Yes,4170.8
BILL09107,A09107,12000,10650,0,Yes,4530.0
BILL09108,A09108,40000,7873,0,Yes,9574.6
BILL09109,A09109,15000,19104,10000,Yes,8820.8
BILL09110,A09110,2000,2549,8000,Yes,2509.8
BILL09111,A09111,15000,1232,21000,No,37232.0
BILL09112,A09112,1500,860,8000,No,10360.0
BILL09113,A09113,250000,7981,0,No,257981.0
BILL09114,A09114,6000,14818,24000,Yes,8963.6
BILL09115,A09115,180000,5525,5000,No,190525.0
BILL09116,A09116,3000,17331,0,No,20331.0
BILL09117,A09117,3500,11729,9000,No,24229.0
BILL09118,A09118,2500,14101,0,No,16601.0
BILL09119,A09119,6000,15929,32000,No,53929.0
BILL09120,A09120,15000,2738,0,No,17738.0
BILL09121,A09121,10000,17640,25000,Yes,10528.0
BILL09122,A09122,8000,19612,0,Yes,5522.4
BILL09123,A09123,8000,4637,21000,No,33637.0
BILL09124,A09124,80000,5947,0,Yes,17189.4
BILL09125,A09125,800,5952,8000,No,14752.0
BILL09126,A09126,70000,12873,12000,No,94873.0
BILL09127,A09127,800,19688,40000,No,60488.0
BILL09128,A09128,4000,18409,3000,No,25409.0
BILL09129,A09129,2000,10531,15000,No,27531.0
BILL09130,A09130,12000,10935,0,No,22935.0
BILL09131,A09131,8000,9440,20000,No,37440.0
BILL09132,A09132,5000,7537,9000,Yes,4307.4
BILL09133,A09133,35000,10888,0,Yes,9177.6
BILL09134,A09134,250000,3003,6000,Yes,51800.6
BILL09135,A09135,2500,17943,8000,Yes,5688.6
BILL09136,A09136,5000,13018,15000,Yes,6603.6
BILL09137,A09137,40000,1099,16000,Yes,11419.8
BILL09138,A09138,15000,7252,20000,No,42252.0
BILL09139,A09139,12000,7590,15000,No,34590.0
BILL09140,A09140,1000,14552,8000,No,23552.0
BILL09141,A09141,1200,18098,8000,No,27298.0
BILL09142,A09142,80000,3130,32000,Yes,23026.0
BILL09143,A09143,1000,4909,0,Yes,1181.8
BILL09144,A09144,6000,2941,24000,No,32941.0
BILL09145,A09145,450000,8489,0,Yes,91697.8
BILL09146,A09146,8000,9247,0,No,17247.0
BILL09147,A09147,40000,4146,30000,Yes,14829.2
BILL09148,A09148,1500,18250,6000,No,25750.0
BILL09149,A09149,1500,874,0,Yes,474.8
BILL09150,A09150,1500,16283,10000,No,27783.0
BILL09151,A09151,1000,15858,20000,Yes,7371.6
BILL09152,A09152,5000,19276,0,No,24276.0
BILL09153,A09153,180000,16332,0,Yes,39266.4
BILL09154,A09154,1000,18308,24000,No,43308.0
BILL09155,A09155,250000,12860,0,No,262860.0
BILL09156,A09156,1000,12728,0,Yes,2745.6
BILL09157,A09157,35000,16319,2000,Yes,10663.8
BILL09158,A09158,1000,6579,20000,Yes,5515.8
BILL09159,A09159,10000,1869,0,Yes,2373.8
BILL09160,A09160,2500,17413,15000,Yes,6982.6
BILL09161,A09161,1500,10323,0,Yes,2364.6
BILL09162,A09162,35000,19318,30000,Yes,16863.6
BILL09163,A09163,3500,5803,40000,No,49303.0
BILL09164,A09164,70000,11264,0,Yes,16252.8
BILL09165,A09165,65000,14570,5000,Yes,16914.0
BILL09166,A09166,70000,19794,0,Yes,17958.8
BILL09167,A09167,2500,11080,21000,Yes,6916.0
BILL09168,A09168,250000,1169,20000,No,271169.0
BILL09169,A09169,60000,8697,0,No,68697.0
BILL09170,A09170,60000,16443,12000,Yes,17688.6
BILL09171,A09171,10000,4782,12000,No,26782.0
BILL09172,A09172,1200,4251,20000,No,25451.0
BILL09173,A09173,3500,4543,20000,No,28043.0
BILL09174,A09174,5000,12747,0,Yes,3549.4
BILL09175,A09175,250000,18352,9000,Yes,55470.4
BILL09176,A09176,2000,15722,4000,Yes,4344.4
BILL09177,A09177,5000,6239,14000,No,25239.0
BILL09178,A09178,5000,8580,18000,Yes,6316.0
BILL09179,A09179,8000,13540,0,No,21540.0
BILL09180,A09180,5000,11671,3000,Yes,3934.2
BILL09181,A09181,3000,612,6000,Yes,1922.4
BILL09182,A09182,2000,14375,2000,Yes,3675.0
BILL09183,A09183,2000,17213,0,Yes,3842.6
BILL09184,A09184,60000,9555,8000,Yes,15511.0
BILL09185,A09185,12000,8099,9000,No,29099.0
BILL09186,A09186,8000,12560,6000,No,26560.0
BILL09187,A09187,2000,10266,6000,No,18266.0
BILL09188,A09188,70000,3209,18000,Yes,18241.8
BILL09189,A09189,10000,15200,0,No,25200.0
BILL09190,A09190,800,11191,18000,Yes,5998.2
BILL09191,A09191,180000,11577,0,Yes,38315.4
BILL09192,A09192,12000,7632,0,Yes,3926.4
BILL09193,A09193,2500,5838,0,Yes,1667.6
BILL09194,A09194,6000,3397,30000,No,39397.0
BILL09195,A09195,800,8513,0,Yes,1862.6
BILL09196,A09196,80000,11327,12000,Yes,20665.4
BILL09197,A09197,10000,19600,15000,Yes,8920.0
BILL09198,A09198,450000,891,0,Yes,90178.2
BILL09199,A09199,1000,15369,16000,Yes,6473.8
BILL09200,A09200,4000,16652,0,No,20652.0
BILL09201,A09201,1200,1379,0,Yes,515.8
BILL09202,A09202,8000,13961,50000,No,71961.0
BILL09203,A09203,12000,19280,0,Yes,6256.0
BILL09204,A09204,2000,8811,0,Yes,2162.2
BILL09205,A09205,3500,3554,0,Yes,1410.8
BILL09206,A09206,800,8097,4000,Yes,2579.4
BILL09207,A09207,5000,15187,25000,Yes,9037.4
BILL09208,A09208,180000,4278,15000,No,199278.0
BILL09209,A09209,40000,13728,0,Yes,10745.6
BILL09210,A09210,1500,14773,2000,Yes,3654.6
BILL09211,A09211,2000,9668,21000,Yes,6533.6
BILL09212,A09212,65000,19738,0,No,84738.0
BILL09213,A09213,8000,8140,10000,Yes,5228.0
BILL09214,A09214,1000,15980,0,Yes,3396.0
BILL09215,A09215,40000,7898,15000,Yes,12579.6
BILL09216,A09216,8000,14269,10000,Yes,6453.8
BILL09217,A09217,6000,16879,12000,No,34879.0
BILL09218,A09218,65000,11650,0,No,76650.0
BILL09219,A09219,3500,10402,28000,No,41902.0
BILL09220,A09220,1000,1915,24000,No,26915.0
BILL09221,A09221,2500,14878,6000,No,23378.0
BILL09222,A09222,3500,18240,10000,No,31740.0
BILL09223,A09223,5000,13181,0,No,18181.0
BILL09224,A09224,1500,9986,12000,Yes,4697.2
BILL09225,A09225,10000,15409,36000,No,61409.0
BILL09226,A09226,2000,10294,15000,Yes,5458.8
BILL09227,A09227,1000,4345,20000,Yes,5069.0
BILL09228,A09228,12000,16363,50000,Yes,15672.6
BILL09229,A09229,8000,15231,28000,Yes,10246.2
BILL09230,A09230,12000,12004,45000,Yes,13800.8
BILL09231,A09231,5000,5410,0,Yes,2082.0
BILL09232,A09232,6000,13194,0,Yes,3838.8
BILL09233,A09233,65000,11570,8000,No,84570.0
BILL09234,A09234,15000,1310,6000,Yes,4462.0
BILL09235,A09235,35000,17128,4000,No,56128.0
BILL09236,A09236,80000,12959,28000,No,120959.0
BILL09237,A09237,1000,873,10000,Yes,2374.6
BILL09238,A09238,1500,19837,0,No,21337.0
BILL09239,A09239,80000,13860,12000,Yes,21172.0
BILL09240,A09240,2500,4832,10000,No,17332.0
BILL09241,A09241,6000,16109,0,Yes,4421.8
BILL09242,A09242,10000,15011,10000,No,35011.0
BILL09243,A09243,15000,14886,12000,Yes,8377.2
BILL09244,A09244,15000,7221,0,Yes,4444.2
BILL09245,A09245,35000,7801,40000,Yes,16560.2
BILL09246,A09246,250000,6520,0,Yes,51304.0
BILL09247,A09247,8000,3298,4000,No,15298.0
BILL09248,A09248,250000,8310,28000,Yes,57262.0
BILL09249,A09249,15000,18650,0,Yes,6730.0
BILL09250,A09250,2000,1564,10000,Yes,2712.8
BILL09251,A09251,3500,6002,0,Yes,1900.4
BILL09252,A09252,6000,8096,0,No,14096.0
BILL09253,A09253,5000,8425,6000,No,19425.0
BILL09254,A09254,8000,7567,0,Yes,3113.4
BILL09255,A09255,12000,12921,4000,No,28921.0
BILL09256,A09256,2500,1402,15000,Yes,3780.4
BILL09257,A09257,6000,8973,24000,No,38973.0
BILL09258,A09258,3500,575,40000,Yes,8815.0
BILL09259,A09259,8000,4776,21000,Yes,6755.2
BILL09260,A09260,800,18118,30000,Yes,9783.6
BILL09261,A09261,180000,5106,12000,Yes,39421.2
BILL09262,A09262,1000,17075,4000,Yes,4415.0
BILL09263,A09263,3000,2091,18000,No,23091.0
BILL09264,A09264,2500,9180,0,Yes,2336.0
BILL09265,A09265,80000,18708,0,Yes,19741.6
BILL09266,A09266,15000,16191,40000,Yes,14238.2
BILL09267,A09267,800,4315,0,Yes,1023.0
BILL09268,A09268,15000,12365,8000,No,35365.0
BILL09269,A09269,1000,5191,4000,Yes,2038.2
BILL09270,A09270,1200,15051,0,No,16251.0
BILL09271,A09271,80000,10418,15000,Yes,21083.6
BILL09272,A09272,450000,1478,0,Yes,90295.6
BILL09273,A09273,1200,14402,0,Yes,3120.4
BILL09274,A09274,180000,1398,0,Yes,36279.6
BILL09275,A09275,2500,19836,9000,Yes,6267.2
BILL09276,A09276,1200,8662,4000,No,13862.0
BILL09277,A09277,8000,1620,6000,Yes,3124.0
BILL09278,A09278,800,11183,0,No,11983.0
BILL09279,A09279,1000,7343,6000,Yes,2868.6
BILL09280,A09280,65000,15965,0,Yes,16193.0
BILL09281,A09281,12000,17519,10000,Yes,7903.8
BILL09282,A09282,2000,2999,0,No,4999.0
BILL09283,A09283,2500,10648,0,No,13148.0
BILL09284,A09284,1000,6191,2000,Yes,1838.2
BILL09285,A09285,1000,19421,25000,Yes,9084.2
BILL09286,A09286,5000,4263,15000,Yes,4852.6
BILL09287,A09287,5000,6879,12000,Yes,4775.8
BILL09288,A09288,2500,17098,0,Yes,3919.6
BILL09289,A09289,3000,1135,36000,Yes,8027.0
BILL09290,A09290,250000,1854,18000,Yes,53970.8
BILL09291,A09291,15000,10730,12000,No,37730.0
BILL09292,A09292,80000,5417,6000,Yes,18283.4
BILL09293,A09293,3000,5717,6000,Yes,2943.4
BILL09294,A09294,12000,16526,0,Yes,5705.2
BILL09295,A09295,15000,9399,8000,Yes,6479.8
BILL09296,A09296,1500,17861,10000,Yes,5872.2
BILL09297,A09297,1500,2733,6000,No,10233.0
BILL09298,A09298,40000,9316,5000,Yes,10863.2
BILL09299,A09299,8000,15785,0,No,23785.0
BILL09300,A09300,6000,1086,2000,Yes,1817.2
BILL09301,A09301,1200,13795,35000,Yes,9999.0
BILL09302,A09302,80000,6097,2000,Yes,17619.4
BILL09303,A09303,8000,13549,0,Yes,4309.8
BILL09304,A09304,1500,11695,0,No,13195.0
BILL09305,A09305,1200,6681,15000,Yes,4576.2
BILL09306,A09306,3500,12704,15000,Yes,6240.8
BILL09307,A09307,1000,8295,0,Yes,1859.0
BILL09308,A09308,3500,842,5000,Yes,1868.4
BILL09309,A09309,8000,3381,0,Yes,2276.2
BILL09310,A09310,10000,19977,0,Yes,5995.4
BILL09311,A09311,15000,13650,10000,Yes,7730.0
BILL09312,A09312,5000,17917,0,Yes,4583.4
BILL09313,A09313,1000,3767,0,Yes,953.4
BILL09314,A09314,1000,12459,0,No,13459.0
BILL09315,A09315,3500,19030,0,Yes,4506.0
BILL09316,A09316,250000,16339,18000,Yes,56867.8
BILL09317,A09317,12000,4731,24000,Yes,8146.2
BILL09318,A09318,1200,4782,0,Yes,1196.4
BILL09319,A09319,15000,18927,9000,Yes,8585.4
BILL09320,A09320,15000,12061,0,Yes,5412.2
BILL09321,A09321,1500,5395,0,No,6895.0
BILL09322,A09322,15000,9303,6000,No,30303.0
BILL09323,A09323,4000,19685,0,Yes,4737.0
BILL09324,A09324,70000,19944,0,Yes,17988.8
BILL09325,A09325,10000,12688,12000,No,34688.0
BILL09326,A09326,1200,3033,15000,No,19233.0
BILL09327,A09327,80000,15036,0,Yes,19007.2
BILL09328,A09328,3000,5902,6000,No,14902.0
BILL09329,A09329,2000,15791,32000,No,49791.0
BILL09330,A09330,180000,15556,12000,No,207556.0
BILL09331,A09331,70000,4127,0,No,74127.0
BILL09332,A09332,250000,10298,15000,No,275298.0
BILL09333,A09333,10000,19597,10000,Yes,7919.4
BILL09334,A09334,1000,4769,32000,Yes,7553.8
BILL09335,A09335,10000,17445,21000,No,48445.0
BILL09336,A09336,1000,6326,12000,No,19326.0
BILL09337,A09337,40000,15895,45000,Yes,20179.0
BILL09338,A09338,65000,14729,0,Yes,15945.8
BILL09339,A09339,35000,8950,12000,Yes,11190.0
BILL09340,A09340,8000,10517,0,Yes,3703.4
BILL09341,A09341,8000,11726,12000,Yes,6345.2
BILL09342,A09342,35000,15653,40000,Yes,18130.6
BILL09343,A09343,3500,12833,0,Yes,3266.6
BILL09344,A09344,65000,11561,15000,No,91561.0
BILL09345,A09345,80000,10572,3000,No,93572.0
BILL09346,A09346,12000,1909,21000,Yes,6981.8
BILL09347,A09347,12000,19222,6000,No,37222.0
BILL09348,A09348,2000,7918,20000,No,29918.0
BILL09349,A09349,80000,1114,12000,Yes,18622.8
BILL09350,A09350,12000,15930,20000,No,47930.0
BILL09351,A09351,10000,1501,16000,Yes,5500.2
BILL09352,A09352,40000,810,4000,Yes,8962.0
BILL09353,A09353,3000,12110,15000,Yes,6022.0
BILL09354,A09354,5000,14105,0,Yes,3821.0
BILL09355,A09355,6000,5998,30000,Yes,8399.6
BILL09356,A09356,5000,5035,15000,Yes,5007.0
BILL09357,A09357,5000,19960,6000,No,30960.0
BILL09358,A09358,6000,7735,20000,No,33735.0
BILL09359,A09359,40000,8067,2000,Yes,10013.4
BILL09360,A09360,70000,3269,12000,No,85269.0
BILL09361,A09361,2000,2421,0,No,4421.0
BILL09362,A09362,40000,5359,0,Yes,9071.8
BILL09363,A09363,80000,4224,30000,Yes,22844.8
BILL09364,A09364,2000,6472,20000,Yes,5694.4
BILL09365,A09365,65000,2657,0,Yes,13531.4
BILL09366,A09366,5000,11256,30000,Yes,9251.2
BILL09367,A09367,35000,917,0,Yes,7183.4
BILL09368,A09368,2500,17595,8000,Yes,5619.0
BILL09369,A09369,15000,7799,9000,No,31799.0
BILL09370,A09370,250000,17784,4000,Yes,54356.8
BILL09371,A09371,70000,10532,24000,Yes,20906.4
BILL09372,A09372,2500,18152,12000,No,32652.0
BILL09373,A09373,2000,11085,15000,No,28085.0
BILL09374,A09374,35000,16271,5000,No,56271.0
BILL09375,A09375,8000,3200,0,Yes,2240.0
BILL09376,A09376,8000,1151,0,Yes,1830.2
BILL09377,A09377,6000,5858,0,Yes,2371.6
BILL09378,A09378,180000,8242,5000,Yes,38648.4
BILL09379,A09379,80000,1899,9000,Yes,18179.8
BILL09380,A09380,250000,18940,8000,Yes,55388.0
BILL09381,A09381,2000,2321,45000,Yes,9864.2
BILL09382,A09382,1000,15353,0,Yes,3270.6
BILL09383,A09383,450000,10715,4000,Yes,92943.0
BILL09384,A09384,1200,16990,10000,Yes,5638.0
BILL09385,A09385,2500,11145,12000,Yes,5129.0
BILL09386,A09386,70000,2220,8000,Yes,16044.0
BILL09387,A09387,250000,8645,0,Yes,51729.0
BILL09388,A09388,15000,16645,6000,No,37645.0
BILL09389,A09389,2000,2504,0,Yes,900.8
BILL09390,A09390,8000,12417,0,No,20417.0
BILL09391,A09391,250000,7860,18000,Yes,55172.0
BILL09392,A09392,70000,8075,0,Yes,15615.0
BILL09393,A09393,8000,9582,12000,No,29582.0
BILL09394,A09394,3500,19831,6000,No,29331.0
BILL09395,A09395,3500,11862,0,Yes,3072.4
BILL09396,A09396,1500,18782,6000,Yes,5256.4
BILL09397,A09397,1000,6992,6000,No,13992.0
BILL09398,A09398,800,17242,14000,No,32042.0
BILL09399,A09399,1000,8569,0,No,9569.0
BILL09400,A09400,5000,8116,40000,Yes,10623.2
BILL09401,A09401,2000,7322,4000,Yes,2664.4
BILL09402,A09402,800,8036,5000,Yes,2767.2
BILL09403,A09403,35000,6356,0,Yes,8271.2
BILL09404,A09404,1000,16086,0,Yes,3417.2
BILL09405,A09405,3500,19179,4000,Yes,5335.8
BILL09406,A09406,12000,15528,21000,Yes,9705.6
BILL09407,A09407,1000,8041,0,Yes,1808.2
BILL09408,A09408,10000,2879,20000,Yes,6575.8
BILL09409,A09409,60000,8644,21000,Yes,17928.8
BILL09410,A09410,250000,1428,15000,No,266428.0
BILL09411,A09411,1200,12481,4000,Yes,3536.2
BILL09412,A09412,12000,16839,12000,No,40839.0
BILL09413,A09413,4000,9241,14000,Yes,5448.2
BILL09414,A09414,800,5490,8000,No,14290.0
BILL09415,A09415,1200,13386,8000,Yes,4517.2
BILL09416,A09416,70000,19955,6000,Yes,19191.0
BILL09417,A09417,2500,12698,0,Yes,3039.6
BILL09418,A09418,5000,8120,4000,No,17120.0
BILL09419,A09419,2000,17436,10000,Yes,5887.2
BILL09420,A09420,6000,8674,0,No,14674.0
BILL09421,A09421,40000,11945,6000,No,57945.0
BILL09422,A09422,2500,10660,8000,No,21160.0
BILL09423,A09423,80000,2740,10000,Yes,18548.0
BILL09424,A09424,40000,16792,0,Yes,11358.4
BILL09425,A09425,15000,4473,0,Yes,3894.6
BILL09426,A09426,12000,8056,21000,No,41056.0
BILL09427,A09427,3500,4807,0,Yes,1661.4
BILL09428,A09428,800,1071,0,Yes,374.2
BILL09429,A09429,800,13951,21000,No,35751.0
BILL09430,A09430,2000,2939,12000,No,16939.0
BILL09431,A09431,1000,14674,27000,Yes,8534.8
BILL09432,A09432,3500,803,0,Yes,860.6
BILL09433,A09433,40000,2897,8000,Yes,10179.4
BILL09434,A09434,250000,5541,4000,Yes,51908.2
BILL09435,A09435,3500,18927,5000,Yes,5485.4
BILL09436,A09436,70000,12247,15000,Yes,19449.4
BILL09437,A09437,15000,15592,4000,Yes,6918.4
BILL09438,A09438,80000,7570,40000,Yes,25514.0
BILL09439,A09439,5000,17053,6000,No,28053.0
BILL09440,A09440,800,19926,4000,Yes,4945.2
BILL09441,A09441,1000,3077,4000,No,8077.0
BILL09442,A09442,1000,14183,2000,No,17183.0
BILL09443,A09443,5000,7595,6000,Yes,3719.0
BILL09444,A09444,15000,17324,10000,Yes,8464.8
BILL09445,A09445,2000,7287,18000,Yes,5457.4
BILL09446,A09446,3000,13303,0,Yes,3260.6
BILL09447,A09447,1200,8465,18000,Yes,5533.0
BILL09448,A09448,15000,17154,15000,No,47154.0
BILL09449,A09449,450000,12044,8000,Yes,94008.8
BILL09450,A09450,1000,12074,30000,No,43074.0
BILL09451,A09451,1000,1999,12000,Yes,2999.8
BILL09452,A09452,2000,19872,30000,Yes,10374.4
BILL09453,A09453,70000,13615,0,Yes,16723.0
BILL09454,A09454,3500,6270,14000,Yes,4754.0
BILL09455,A09455,15000,5614,30000,Yes,10122.8
BILL09456,A09456,5000,558,0,No,5558.0
BILL09457,A09457,1000,10015,0,Yes,2203.0
BILL09458,A09458,1000,6829,5000,Yes,2565.8
BILL09459,A09459,15000,14261,0,Yes,5852.2
BILL09460,A09460,60000,17400,0,No,77400.0
BILL09461,A09461,1000,1443,0,Yes,488.6
BILL09462,A09462,35000,13618,30000,No,78618.0
BILL09463,A09463,3000,17553,12000,Yes,6510.6
BILL09464,A09464,450000,8865,0,No,458865.0
BILL09465,A09465,2500,18477,6000,Yes,5395.4
BILL09466,A09466,8000,3102,8000,Yes,3820.4
BILL09467,A09467,2000,9132,0,No,11132.0
BILL09468,A09468,800,12916,0,Yes,2743.2
BILL09469,A09469,250000,2740,12000,No,264740.0
BILL09470,A09470,80000,3808,2000,Yes,17161.6
BILL09471,A09471,10000,12110,0,Yes,4422.0
BILL09472,A09472,8000,12474,10000,Yes,6094.8
BILL09473,A09473,12000,10450,0,No,22450.0
BILL09474,A09474,70000,3429,10000,No,83429.0
BILL09475,A09475,5000,14881,6000,Yes,5176.2
BILL09476,A09476,800,5302,20000,No,26102.0
BILL09477,A09477,5000,4913,28000,Yes,7582.6
BILL09478,A09478,40000,11841,35000,Yes,17368.2
BILL09479,A09479,2500,7509,18000,No,28009.0
BILL09480,A09480,40000,16124,10000,No,66124.0
BILL09481,A09481,3000,1103,0,Yes,820.6
BILL09482,A09482,6000,16724,15000,Yes,7544.8
BILL09483,A09483,70000,5771,40000,Yes,23154.2
BILL09484,A09484,65000,9778,15000,No,89778.0
BILL09485,A09485,2500,913,4000,Yes,1482.6
BILL09486,A09486,12000,2386,12000,No,26386.0
BILL09487,A09487,15000,10005,4000,Yes,5801.0
BILL09488,A09488,4000,2394,28000,Yes,6878.8
BILL09489,A09489,70000,1527,12000,No,83527.0
BILL09490,A09490,40000,19706,0,Yes,11941.2
BILL09491,A09491,1200,16752,0,Yes,3590.4
BILL09492,A09492,12000,8262,5000,Yes,5052.4
BILL09493,A09493,450000,12870,0,Yes,92574.0
BILL09494,A09494,3000,932,6000,No,9932.0
BILL09495,A09495,65000,9743,18000,Yes,18548.6
BILL09496,A09496,12000,2447,12000,Yes,5289.4
BILL09497,A09497,12000,3104,0,Yes,3020.8
BILL09498,A09498,6000,5657,4000,Yes,3131.4
BILL09499,A09499,3500,7906,10000,Yes,4281.2
BILL09500,A09500,80000,9608,20000,Yes,21921.6
BILL09501,A09501,250000,19116,10000,Yes,55823.2
BILL09502,A09502,1500,9395,35000,No,45895.0
BILL09503,A09503,180000,5500,30000,No,215500.0
BILL09504,A09504,15000,12271,12000,Yes,7854.2
BILL09505,A09505,10000,12872,15000,Yes,7574.4
BILL09506,A09506,4000,5585,15000,No,24585.0
BILL09507,A09507,2500,13745,10000,Yes,5249.0
BILL09508,A09508,40000,4674,9000,Yes,10734.8
BILL09509,A09509,6000,7854,0,Yes,2770.8
BILL09510,A09510,6000,13025,30000,Yes,9805.0
BILL09511,A09511,65000,3845,24000,Yes,18569.0
BILL09512,A09512,5000,12590,0,No,17590.0
BILL09513,A09513,12000,3851,0,No,15851.0
BILL09514,A09514,250000,17108,8000,Yes,55021.6
BILL09515,A09515,1000,14027,10000,Yes,5005.4
BILL09516,A09516,12000,18268,16000,No,46268.0
BILL09517,A09517,60000,7627,12000,Yes,15925.4
BILL09518,A09518,6000,18631,0,No,24631.0
BILL09519,A09519,1000,16422,4000,Yes,4284.4
BILL09520,A09520,1500,13004,3000,Yes,3500.8
BILL09521,A09521,1500,11194,3000,Yes,3138.8
BILL09522,A09522,250000,11082,0,Yes,52216.4
BILL09523,A09523,70000,5588,0,Yes,15117.6
BILL09524,A09524,5000,9004,6000,Yes,4000.8
BILL09525,A09525,15000,18332,45000,Yes,15666.4
BILL09526,A09526,10000,2810,0,No,12810.0
BILL09527,A09527,40000,8190,15000,Yes,12638.0
BILL09528,A09528,3500,12525,0,Yes,3205.0
BILL09529,A09529,12000,2914,0,No,14914.0
BILL09530,A09530,180000,1534,0,Yes,36306.8
BILL09531,A09531,1500,12973,4000,No,18473.0
BILL09532,A09532,8000,4482,0,No,12482.0
BILL09533,A09533,10000,13894,0,Yes,4778.8
BILL09534,A09534,6000,1303,12000,Yes,3860.6
BILL09535,A09535,1000,3531,12000,No,16531.0
BILL09536,A09536,3000,19510,0,No,22510.0
BILL09537,A09537,4000,12898,0,No,16898.0
BILL09538,A09538,4000,16431,0,Yes,4086.2
BILL09539,A09539,1000,7427,4000,Yes,2485.4
BILL09540,A09540,6000,1983,0,Yes,1596.6
BILL09541,A09541,1500,9704,0,Yes,2240.8
BILL09542,A09542,15000,2785,0,Yes,3557.0
BILL09543,A09543,250000,18927,0,Yes,53785.4
BILL09544,A09544,250000,11700,18000,No,279700.0
BILL09545,A09545,80000,8084,6000,Yes,18816.8
BILL09546,A09546,250000,4295,10000,No,264295.0
BILL09547,A09547,10000,572,16000,Yes,5314.4
BILL09548,A09548,35000,1763,40000,Yes,15352.6
BILL09549,A09549,6000,19260,8000,No,33260.0
BILL09550,A09550,60000,13161,0,Yes,14632.2
BILL09551,A09551,6000,16993,0,Yes,4598.6
BILL09552,A09552,15000,2767,0,Yes,3553.4
BILL09553,A09553,2000,9107,0,No,11107.0
BILL09554,A09554,12000,13270,16000,Yes,8254.0
BILL09555,A09555,1200,4600,9000,Yes,2960.0
BILL09556,A09556,65000,15979,20000,No,100979.0
BILL09557,A09557,4000,15409,8000,Yes,5481.8
BILL09558,A09558,1000,7538,0,Yes,1707.6
BILL09559,A09559,12000,19525,25000,Yes,11305.0
BILL09560,A09560,4000,8025,6000,Yes,3605.0
BILL09561,A09561,800,7995,25000,No,33795.0
BILL09562,A09562,1200,9967,4000,Yes,3033.4
BILL09563,A09563,1000,13755,0,Yes,2951.0
BILL09564,A09564,12000,13125,0,Yes,5025.0
BILL09565,A09565,15000,14479,0,Yes,5895.8
BILL09566,A09566,15000,2641,16000,Yes,6728.2
BILL09567,A09567,4000,13495,9000,Yes,5299.0
BILL09568,A09568,6000,1686,0,Yes,1537.2
BILL09569,A09569,70000,17992,20000,Yes,21598.4
BILL09570,A09570,65000,10177,0,No,75177.0
BILL09571,A09571,800,5931,20000,Yes,5346.2
BILL09572,A09572,6000,1727,10000,No,17727.0
BILL09573,A09573,1500,1198,0,Yes,539.6
BILL09574,A09574,40000,10022,0,Yes,10004.4
BILL09575,A09575,5000,10340,35000,No,50340.0
BILL09576,A09576,1200,19632,4000,Yes,4966.4
BILL09577,A09577,8000,17433,10000,Yes,7086.6
BILL09578,A09578,1000,8575,0,No,9575.0
BILL09579,A09579,12000,1330,8000,No,21330.0
BILL09580,A09580,2000,15442,20000,Yes,7488.4
BILL09581,A09581,450000,2853,25000,Yes,95570.6
BILL09582,A09582,1000,7771,5000,Yes,2754.2
BILL09583,A09583,5000,10656,15000,No,30656.0
BILL09584,A09584,10000,1711,20000,Yes,6342.2
BILL09585,A09585,15000,4125,0,Yes,3825.0
BILL09586,A09586,10000,19300,15000,No,44300.0
BILL09587,A09587,6000,1696,36000,Yes,8739.2
BILL09588,A09588,3500,6077,0,Yes,1915.4
BILL09589,A09589,15000,10124,4000,No,29124.0
BILL09590,A09590,1000,12187,12000,No,25187.0
BILL09591,A09591,3500,14356,10000,Yes,5571.2
BILL09592,A09592,250000,8114,3000,No,261114.0
BILL09593,A09593,5000,17506,36000,No,58506.0
BILL09594,A09594,5000,13841,24000,Yes,8568.2
BILL09595,A09595,6000,5800,18000,Yes,5960.0
BILL09596,A09596,2000,4068,10000,No,16068.0
BILL09597,A09597,15000,1368,0,No,16368.0
BILL09598,A09598,1000,12302,0,No,13302.0
BILL09599,A09599,60000,2315,20000,Yes,16463.0
BILL09600,A09600,180000,19691,21000,Yes,44138.2
BILL09601,A09601,800,13745,8000,Yes,4509.0
BILL09602,A09602,8000,13145,10000,No,31145.0
BILL09603,A09603,15000,16150,30000,Yes,12230.0
BILL09604,A09604,10000,15390,6000,No,31390.0
BILL09605,A09605,1500,10443,40000,No,51943.0
BILL09606,A09606,8000,5571,0,Yes,2714.2
BILL09607,A09607,3000,5488,9000,No,17488.0
BILL09608,A09608,2500,18855,0,No,21355.0
BILL09609,A09609,5000,12824,4000,No,21824.0
BILL09610,A09610,60000,8482,6000,No,74482.0
BILL09611,A09611,12000,13214,15000,No,40214.0
BILL09612,A09612,70000,9045,16000,No,95045.0
BILL09613,A09613,8000,8411,8000,Yes,4882.2
BILL09614,A09614,65000,4575,0,No,69575.0
BILL09615,A09615,60000,13296,0,No,73296.0
BILL09616,A09616,40000,14604,0,Yes,10920.8
BILL09617,A09617,1000,18824,2000,Yes,4364.8
BILL09618,A09618,3500,8003,0,Yes,2300.6
BILL09619,A09619,80000,4605,0,No,84605.0
BILL09620,A09620,15000,4479,50000,Yes,13895.8
BILL09621,A09621,60000,1302,10000,No,71302.0
BILL09622,A09622,3000,19749,6000,No,28749.0
BILL09623,A09623,450000,12656,12000,Yes,94931.2
BILL09624,A09624,6000,13628,0,No,19628.0
BILL09625,A09625,2000,18034,5000,Yes,5006.8
BILL09626,A09626,80000,10198,4000,Yes,18839.6
BILL09627,A09627,3500,660,9000,Yes,2632.0
BILL09628,A09628,10000,8277,40000,No,58277.0
BILL09629,A09629,60000,16079,10000,No,86079.0
BILL09630,A09630,1000,13447,45000,No,59447.0
BILL09631,A09631,6000,19610,21000,Yes,9322.0
BILL09632,A09632,15000,4633,10000,Yes,5926.6
BILL09633,A09633,40000,6189,45000,No,91189.0
BILL09634,A09634,12000,732,6000,No,18732.0
BILL09635,A09635,10000,4140,0,Yes,2828.0
BILL09636,A09636,2000,11205,15000,Yes,5641.0
BILL09637,A09637,80000,2807,45000,Yes,25561.4
BILL09638,A09638,250000,8951,24000,No,282951.0
BILL09639,A09639,1000,17351,0,Yes,3670.2
BILL09640,A09640,800,3374,24000,Yes,5634.8
BILL09641,A09641,1200,18720,18000,No,37920.0
BILL09642,A09642,180000,6831,40000,No,226831.0
BILL09643,A09643,12000,12803,16000,No,40803.0
BILL09644,A09644,2000,18872,45000,Yes,13174.4
BILL09645,A09645,2000,6943,30000,Yes,7788.6
BILL09646,A09646,70000,9140,0,Yes,15828.0
BILL09647,A09647,6000,16680,50000,No,72680.0
BILL09648,A09648,12000,8528,10000,No,30528.0
BILL09649,A09649,8000,12388,12000,No,32388.0
BILL09650,A09650,12000,2800,12000,Yes,5360.0
BILL09651,A09651,15000,2853,9000,No,26853.0
BILL09652,A09652,180000,1187,35000,Yes,43237.4
BILL09653,A09653,8000,3174,15000,No,26174.0
BILL09654,A09654,1500,4483,0,Yes,1196.6
BILL09655,A09655,1000,7818,0,Yes,1763.6
BILL09656,A09656,80000,14048,0,No,94048.0
BILL09657,A09657,8000,14798,24000,Yes,9359.6
BILL09658,A09658,2000,6702,28000,No,36702.0
BILL09659,A09659,70000,19867,2000,Yes,18373.4
BILL09660,A09660,180000,15653,0,Yes,39130.6
BILL09661,A09661,1000,8489,9000,Yes,3697.8
BILL09662,A09662,10000,19420,18000,No,47420.0
BILL09663,A09663,10000,7974,9000,No,26974.0
BILL09664,A09664,10000,5084,21000,No,36084.0
BILL09665,A09665,180000,13683,10000,No,203683.0
BILL09666,A09666,40000,6228,25000,No,71228.0
BILL09667,A09667,5000,8377,0,Yes,2675.4
BILL09668,A09668,60000,19101,8000,No,87101.0
BILL09669,A09669,80000,5920,9000,Yes,18984.0
BILL09670,A09670,8000,14081,4000,Yes,5216.2
BILL09671,A09671,6000,17547,4000,No,27547.0
BILL09672,A09672,60000,8636,0,No,68636.0
BILL09673,A09673,15000,18264,0,Yes,6652.8
BILL09674,A09674,3500,4305,0,Yes,1561.0
BILL09675,A09675,60000,7792,0,Yes,13558.4
BILL09676,A09676,6000,8937,6000,Yes,4187.4
BILL09677,A09677,1200,17530,20000,Yes,7746.0
BILL09678,A09678,6000,16873,0,Yes,4574.6
BILL09679,A09679,60000,11442,40000,No,111442.0
BILL09680,A09680,1200,19958,6000,No,27158.0
BILL09681,A09681,2000,13235,0,No,15235.0
BILL09682,A09682,10000,17888,15000,No,42888.0
BILL09683,A09683,1000,2208,6000,No,9208.0
BILL09684,A09684,60000,19411,14000,No,93411.0
BILL09685,A09685,10000,1018,8000,No,19018.0
BILL09686,A09686,1000,8212,15000,Yes,4842.4
BILL09687,A09687,35000,14015,18000,No,67015.0
BILL09688,A09688,12000,13503,10000,No,35503.0
BILL09689,A09689,1500,7589,6000,Yes,3017.8
BILL09690,A09690,15000,17169,12000,Yes,8833.8
BILL09691,A09691,35000,719,0,Yes,7143.8
BILL09692,A09692,4000,11795,0,Yes,3159.0
BILL09693,A09693,12000,7950,15000,No,34950.0
BILL09694,A09694,6000,19218,12000,Yes,7443.6
BILL09695,A09695,6000,12263,30000,No,48263.0
BILL09696,A09696,60000,10849,0,Yes,14169.8
BILL09697,A09697,5000,5285,12000,No,22285.0
BILL09698,A09698,70000,9328,6000,Yes,17065.6
BILL09699,A09699,1000,16211,6000,No,23211.0
BILL09700,A09700,10000,15443,20000,Yes,9088.6
BILL09701,A09701,15000,17791,5000,Yes,7558.2
BILL09702,A09702,4000,12137,15000,No,31137.0
BILL09703,A09703,8000,15672,40000,Yes,12734.4
BILL09704,A09704,1000,5753,4000,No,10753.0
BILL09705,A09705,3500,10057,0,Yes,2711.4
BILL09706,A09706,3000,1503,0,Yes,900.6
BILL09707,A09707,3000,12345,0,No,15345.0
BILL09708,A09708,1500,1550,0,Yes,610.0
BILL09709,A09709,3000,5943,0,No,8943.0
BILL09710,A09710,2500,18804,0,Yes,4260.8
BILL09711,A09711,12000,7812,24000,No,43812.0
BILL09712,A09712,60000,1788,0,No,61788.0
BILL09713,A09713,80000,17595,0,Yes,19519.0
BILL09714,A09714,15000,14963,0,No,29963.0
BILL09715,A09715,6000,12071,4000,Yes,4414.2
BILL09716,A09716,6000,5393,6000,Yes,3478.6
BILL09717,A09717,1500,4882,0,Yes,1276.4
BILL09718,A09718,70000,15219,0,Yes,17043.8
BILL09719,A09719,12000,5013,0,Yes,3402.6
BILL09720,A09720,2000,2772,0,No,4772.0
BILL09721,A09721,1000,5748,0,Yes,1349.6
BILL09722,A09722,5000,14586,0,Yes,3917.2
BILL09723,A09723,800,11190,8000,Yes,3998.0
BILL09724,A09724,250000,11222,0,Yes,52244.4
BILL09725,A09725,8000,1138,0,No,9138.0
BILL09726,A09726,15000,3146,16000,Yes,6829.2
BILL09727,A09727,6000,10447,12000,No,28447.0
BILL09728,A09728,15000,4721,30000,No,49721.0
BILL09729,A09729,10000,7315,0,Yes,3463.0
BILL09730,A09730,80000,14208,8000,No,102208.0
BILL09731,A09731,180000,4911,0,Yes,36982.2
BILL09732,A09732,3000,1754,24000,No,28754.0
BILL09733,A09733,1000,17832,6000,Yes,4966.4
BILL09734,A09734,60000,6739,20000,No,86739.0
BILL09735,A09735,5000,9499,30000,No,44499.0
BILL09736,A09736,250000,11342,6000,Yes,53468.4
BILL09737,A09737,60000,14745,24000,No,98745.0
BILL09738,A09738,3500,18858,4000,No,26358.0
BILL09739,A09739,60000,4165,15000,No,79165.0
BILL09740,A09740,450000,7745,10000,Yes,93549.0
BILL09741,A09741,12000,14468,20000,No,46468.0
BILL09742,A09742,10000,15941,0,Yes,5188.2
BILL09743,A09743,8000,7261,4000,Yes,3852.2
BILL09744,A09744,1000,9624,16000,Yes,5324.8
BILL09745,A09745,70000,1118,0,Yes,14223.6
BILL09746,A09746,1200,13311,0,Yes,2902.2
BILL09747,A09747,180000,640,16000,No,196640.0
BILL09748,A09748,6000,9917,8000,No,23917.0
BILL09749,A09749,2000,11355,0,Yes,2671.0
BILL09750,A09750,450000,3612,0,Yes,90722.4
BILL09751,A09751,4000,5176,0,No,9176.0
BILL09752,A09752,10000,6069,10000,Yes,5213.8
BILL09753,A09753,5000,10190,4000,Yes,3838.0
BILL09754,A09754,6000,698,20000,No,26698.0
BILL09755,A09755,65000,13867,0,Yes,15773.4
BILL09756,A09756,2000,6894,0,Yes,1778.8
BILL09757,A09757,15000,5822,4000,Yes,4964.4
BILL09758,A09758,1000,8513,15000,Yes,4902.6
BILL09759,A09759,1000,18610,2000,Yes,4322.0
BILL09760,A09760,6000,18464,30000,No,54464.0
BILL09761,A09761,3500,15083,16000,Yes,6916.6
BILL09762,A09762,5000,9380,18000,No,32380.0
BILL09763,A09763,4000,10529,35000,No,49529.0
BILL09764,A09764,8000,6213,12000,No,26213.0
BILL09765,A09765,70000,7003,12000,Yes,17800.6
BILL09766,A09766,6000,3990,0,Yes,1998.0
BILL09767,A09767,15000,11300,3000,No,29300.0
BILL09768,A09768,6000,10964,45000,No,61964.0
BILL09769,A09769,6000,15671,0,No,21671.0
BILL09770,A09770,3000,18593,6000,Yes,5518.6
BILL09771,A09771,2500,7743,6000,No,16243.0
BILL09772,A09772,450000,9555,4000,No,463555.0
BILL09773,A09773,70000,1151,12000,No,83151.0
BILL09774,A09774,15000,12255,2000,No,29255.0
BILL09775,A09775,5000,19931,20000,Yes,8986.2
BILL09776,A09776,80000,18311,0,Yes,19662.2
BILL09777,A09777,1000,10641,9000,Yes,4128.2
BILL09778,A09778,5000,7715,36000,No,48715.0
BILL09779,A09779,35000,11263,8000,No,54263.0
BILL09780,A09780,15000,12442,0,Yes,5488.4
BILL09781,A09781,3500,12054,0,Yes,3110.8
BILL09782,A09782,3000,15079,0,Yes,3615.8
BILL09783,A09783,3500,3392,10000,No,16892.0
BILL09784,A09784,4000,15219,6000,Yes,5043.8
BILL09785,A09785,65000,10508,8000,Yes,16701.6
BILL09786,A09786,3500,5179,5000,No,13679.0
BILL09787,A09787,2000,11154,0,Yes,2630.8
BILL09788,A09788,12000,13248,0,Yes,5049.6
BILL09789,A09789,1000,12186,25000,No,38186.0
BILL09790,A09790,12000,1777,12000,No,25777.0
BILL09791,A09791,65000,6001,6000,Yes,15400.2
BILL09792,A09792,250000,7220,27000,Yes,56844.0
BILL09793,A09793,8000,17594,0,Yes,5118.8
BILL09794,A09794,8000,17343,21000,Yes,9268.6
BILL09795,A09795,4000,14676,6000,Yes,4935.2
BILL09796,A09796,1000,17132,9000,Yes,5426.4
BILL09797,A09797,800,16747,40000,Yes,11509.4
BILL09798,A09798,12000,3967,2000,No,17967.0
BILL09799,A09799,6000,19251,0,Yes,5050.2
BILL09800,A09800,15000,19977,24000,Yes,11795.4
BILL09801,A09801,8000,11259,0,No,19259.0
BILL09802,A09802,6000,7719,18000,Yes,6343.8
BILL09803,A09803,70000,16417,0,No,86417.0
BILL09804,A09804,40000,5268,8000,No,53268.0
BILL09805,A09805,1000,18876,10000,Yes,5975.2
BILL09806,A09806,80000,3937,40000,No,123937.0
BILL09807,A09807,60000,19354,30000,Yes,21870.8
BILL09808,A09808,10000,8453,6000,No,24453.0
BILL09809,A09809,800,19127,0,Yes,3985.4
BILL09810,A09810,12000,15909,9000,Yes,7381.8
BILL09811,A09811,800,9824,8000,No,18624.0
BILL09812,A09812,4000,10744,10000,No,24744.0
BILL09813,A09813,65000,8778,36000,Yes,21955.6
BILL09814,A09814,8000,1916,40000,Yes,9983.2
BILL09815,A09815,12000,6082,0,Yes,3616.4
BILL09816,A09816,4000,11751,12000,No,27751.0
BILL09817,A09817,12000,10255,30000,No,52255.0
BILL09818,A09818,6000,19113,20000,No,45113.0
BILL09819,A09819,80000,1515,8000,Yes,17903.0
BILL09820,A09820,15000,19496,6000,No,40496.0
BILL09821,A09821,1000,17399,8000,No,26399.0
BILL09822,A09822,1200,19102,2000,Yes,4460.4
BILL09823,A09823,2500,19253,0,Yes,4350.6
BILL09824,A09824,3000,10796,15000,Yes,5759.2
BILL09825,A09825,3500,7806,0,Yes,2261.2
BILL09826,A09826,1000,18593,14000,Yes,6718.6
BILL09827,A09827,35000,17744,40000,No,92744.0
BILL09828,A09828,180000,7646,12000,No,199646.0
BILL09829,A09829,1500,16517,0,Yes,3603.4
BILL09830,A09830,1500,15011,14000,No,30511.0
BILL09831,A09831,5000,15768,10000,No,30768.0
BILL09832,A09832,8000,3577,0,Yes,2315.4
BILL09833,A09833,6000,1336,16000,Yes,4667.2
BILL09834,A09834,6000,18017,24000,Yes,9603.4
BILL09835,A09835,2000,5635,18000,Yes,5127.0
BILL09836,A09836,6000,16918,0,Yes,4583.6
BILL09837,A09837,2000,8242,18000,Yes,5648.4
BILL09838,A09838,15000,19763,0,Yes,6952.6
BILL09839,A09839,6000,18664,4000,No,28664.0
BILL09840,A09840,15000,1916,0,Yes,3383.2
BILL09841,A09841,8000,5029,10000,Yes,4605.8
BILL09842,A09842,8000,5697,5000,Yes,3739.4
BILL09843,A09843,65000,11346,2000,Yes,15669.2
BILL09844,A09844,5000,15261,12000,Yes,6452.2
BILL09845,A09845,1000,2257,24000,Yes,5451.4
BILL09846,A09846,60000,4692,27000,Yes,18338.4
BILL09847,A09847,1000,16467,4000,Yes,4293.4
BILL09848,A09848,6000,11304,0,Yes,3460.8
BILL09849,A09849,1500,12196,0,Yes,2739.2
BILL09850,A09850,3000,15294,2000,No,20294.0
BILL09851,A09851,2000,5375,0,Yes,1475.0
BILL09852,A09852,10000,4220,0,Yes,2844.0
BILL09853,A09853,1200,6875,0,No,8075.0
BILL09854,A09854,180000,9198,36000,Yes,45039.6
BILL09855,A09855,2500,15904,45000,Yes,12680.8
BILL09856,A09856,35000,5746,0,Yes,8149.2
BILL09857,A09857,180000,8668,0,No,188668.0
BILL09858,A09858,8000,5332,10000,No,23332.0
BILL09859,A09859,1500,967,0,Yes,493.4
BILL09860,A09860,70000,14839,0,Yes,16967.8
BILL09861,A09861,800,5540,3000,No,9340.0
BILL09862,A09862,5000,18228,9000,No,32228.0
BILL09863,A09863,250000,1365,28000,Yes,55873.0
BILL09864,A09864,2000,9782,0,Yes,2356.4
BILL09865,A09865,1000,12057,12000,No,25057.0
BILL09866,A09866,5000,8910,0,Yes,2782.0
BILL09867,A09867,450000,11644,40000,Yes,100328.8
BILL09868,A09868,3000,13865,15000,No,31865.0
BILL09869,A09869,12000,14547,4000,Yes,6109.4
BILL09870,A09870,1500,16467,24000,No,41967.0
BILL09871,A09871,5000,7590,15000,Yes,5518.0
BILL09872,A09872,450000,16495,15000,No,481495.0
BILL09873,A09873,3000,6781,0,Yes,1956.2
BILL09874,A09874,2000,13969,2000,Yes,3593.8
BILL09875,A09875,1000,6330,12000,Yes,3866.0
BILL09876,A09876,15000,12854,0,No,27854.0
BILL09877,A09877,35000,14396,0,Yes,9879.2
BILL09878,A09878,5000,6521,6000,Yes,3504.2
BILL09879,A09879,6000,15053,8000,No,29053.0
BILL09880,A09880,65000,1265,0,Yes,13253.0
BILL09881,A09881,4000,1716,0,Yes,1143.2
BILL09882,A09882,3500,15646,0,No,19146.0
BILL09883,A09883,80000,2699,16000,No,98699.0
BILL09884,A09884,4000,6157,0,Yes,2031.4
BILL09885,A09885,1000,19637,12000,Yes,6527.4
BILL09886,A09886,15000,1586,5000,Yes,4317.2
BILL09887,A09887,80000,16085,27000,No,123085.0
BILL09888,A09888,3000,13030,18000,No,34030.0
BILL09889,A09889,800,18562,0,No,19362.0
BILL09890,A09890,3500,8076,14000,No,25576.0
BILL09891,A09891,5000,5662,10000,No,20662.0
BILL09892,A09892,40000,5307,14000,Yes,11861.4
BILL09893,A09893,8000,11548,24000,Yes,8709.6
BILL09894,A09894,2500,3286,21000,Yes,5357.2
BILL09895,A09895,15000,14193,10000,No,39193.0
BILL09896,A09896,8000,18824,18000,No,44824.0
BILL09897,A09897,65000,17241,21000,No,103241.0
BILL09898,A09898,2000,15064,20000,Yes,7412.8
BILL09899,A09899,6000,2274,8000,Yes,3254.8
BILL09900,A09900,800,18838,40000,Yes,11927.6
BILL09901,A09901,15000,18243,0,No,33243.0
BILL09902,A09902,65000,18440,0,Yes,16688.0
BILL09903,A09903,6000,6841,24000,Yes,7368.2
BILL09904,A09904,40000,17491,4000,No,61491.0
BILL09905,A09905,2500,5985,0,No,8485.0
BILL09906,A09906,450000,18634,10000,No,478634.0
BILL09907,A09907,1000,8976,20000,No,29976.0
BILL09908,A09908,3000,12482,8000,Yes,4696.4
BILL09909,A09909,6000,9371,0,Yes,3074.2
BILL09910,A09910,12000,19107,5000,No,36107.0
BILL09911,A09911,60000,1137,45000,No,106137.0
BILL09912,A09912,12000,9192,40000,Yes,12238.4
BILL09913,A09913,450000,8923,8000,Yes,93384.6
BILL09914,A09914,6000,15607,3000,Yes,4921.4
BILL09915,A09915,2000,15762,0,Yes,3552.4
BILL09916,A09916,40000,18439,0,Yes,11687.8
BILL09917,A09917,2500,618,12000,Yes,3023.6
BILL09918,A09918,1000,16181,10000,Yes,5436.2
BILL09919,A09919,1200,2232,15000,Yes,3686.4
BILL09920,A09920,10000,17341,15000,No,42341.0
BILL09921,A09921,12000,5518,8000,Yes,5103.6
BILL09922,A09922,180000,17619,0,No,197619.0
BILL09923,A09923,12000,4967,0,No,16967.0
BILL09924,A09924,70000,2833,0,Yes,14566.6
BILL09925,A09925,60000,14837,18000,Yes,18567.4
BILL09926,A09926,2000,6918,30000,Yes,7783.6
BILL09927,A09927,1200,17406,0,Yes,3721.2
BILL09928,A09928,6000,13187,10000,Yes,5837.4
BILL09929,A09929,4000,846,27000,Yes,6369.2
BILL09930,A09930,3500,13653,0,Yes,3430.6
BILL09931,A09931,8000,15964,36000,Yes,11992.8
BILL09932,A09932,1500,5229,0,Yes,1345.8
BILL09933,A09933,15000,6755,0,No,21755.0
BILL09934,A09934,15000,9101,21000,Yes,9020.2
BILL09935,A09935,1000,12328,21000,No,34328.0
BILL09936,A09936,3000,9349,0,No,12349.0
BILL09937,A09937,800,1090,10000,Yes,2378.0
BILL09938,A09938,10000,3304,4000,Yes,3460.8
BILL09939,A09939,6000,17614,15000,Yes,7722.8
BILL09940,A09940,3500,4383,30000,Yes,7576.6
BILL09941,A09941,12000,17357,30000,Yes,11871.4
BILL09942,A09942,4000,3867,12000,Yes,3973.4
BILL09943,A09943,80000,16213,15000,Yes,22242.6
BILL09944,A09944,15000,2296,0,No,17296.0
BILL09945,A09945,70000,2407,0,Yes,14481.4
BILL09946,A09946,1500,14414,20000,No,35914.0
BILL09947,A09947,10000,12929,5000,No,27929.0
BILL09948,A09948,6000,10123,0,Yes,3224.6
BILL09949,A09949,1500,2259,16000,No,19759.0
BILL09950,A09950,800,3501,4000,No,8301.0
BILL09951,A09951,10000,19199,0,Yes,5839.8
BILL09952,A09952,3500,15867,16000,No,35367.0
BILL09953,A09953,1000,16764,4000,Yes,4352.8
BILL09954,A09954,1200,6287,0,Yes,1497.4
BILL09955,A09955,10000,5369,8000,No,23369.0
BILL09956,A09956,8000,19025,0,Yes,5405.0
BILL09957,A09957,6000,8024,0,Yes,2804.8
BILL09958,A09958,8000,891,21000,Yes,5978.2
BILL09959,A09959,3500,15922,0,No,19422.0
BILL09960,A09960,1000,16011,28000,Yes,9002.2
BILL09961,A09961,6000,11436,6000,No,23436.0
BILL09962,A09962,10000,14336,0,Yes,4867.2
BILL09963,A09963,5000,15288,24000,Yes,8857.6
BILL09964,A09964,6000,5972,0,Yes,2394.4
BILL09965,A09965,1200,8951,6000,Yes,3230.2
BILL09966,A09966,60000,3232,0,Yes,12646.4
BILL09967,A09967,800,11943,21000,Yes,6748.6
BILL09968,A09968,1000,1789,0,Yes,557.8
BILL09969,A09969,10000,6649,6000,Yes,4529.8
BILL09970,A09970,2000,8029,0,No,10029.0
BILL09971,A09971,1500,13458,35000,Yes,9991.6
BILL09972,A09972,5000,4275,0,No,9275.0
BILL09973,A09973,6000,657,0,Yes,1331.4
BILL09974,A09974,8000,3396,45000,Yes,11279.2
BILL09975,A09975,1500,2021,20000,Yes,4704.2
BILL09976,A09976,1000,13311,0,Yes,2862.2
BILL09977,A09977,3500,19775,0,Yes,4655.0
BILL09978,A09978,1000,7428,40000,Yes,9685.6
BILL09979,A09979,1000,6100,24000,No,31100.0
BILL09980,A09980,2500,12148,10000,Yes,4929.6
BILL09981,A09981,6000,11336,4000,Yes,4267.2
BILL09982,A09982,10000,19425,0,Yes,5885.0
BILL09983,A09983,1000,8968,0,No,9968.0
BILL09984,A09984,70000,10898,9000,No,89898.0
BILL09985,A09985,1200,19871,6000,Yes,5414.2
BILL09986,A09986,35000,4319,0,No,39319.0
BILL09987,A09987,5000,2359,12000,No,19359.0
BILL09988,A09988,80000,2820,8000,Yes,18164.0
BILL09989,A09989,3000,14403,4000,Yes,4280.6
BILL09990,A09990,450000,5937,2000,Yes,91587.4
BILL09991,A09991,6000,19403,0,Yes,5080.6
BILL09992,A09992,5000,7369,14000,No,26369.0
BILL09993,A09993,2500,15375,6000,No,23875.0
BILL09994,A09994,2500,17928,14000,No,34428.0
BILL09995,A09995,8000,1806,9000,Yes,3761.2
BILL09996,A09996,70000,14216,36000,Yes,24043.2
BILL09997,A09997,60000,16731,3000,Yes,15946.2
BILL09998,A09998,1000,11375,16000,Yes,5675.0
BILL09999,A09999,10000,5872,20000,No,35872.0
BILL10000,A10000,450000,18458,0,No,468458.0
BILL10001,A10001,800,5117,0,No,5917.0
BILL10002,A10002,65000,9737,0,No,74737.0
BILL10003,A10003,60000,8868,16000,Yes,16973.6
BILL10004,A10004,8000,13167,12000,Yes,6633.4
BILL10005,A10005,3500,19632,6000,No,29132.0
BILL10006,A10006,2000,3897,0,No,5897.0
BILL10007,A10007,5000,8759,0,No,13759.0
BILL10008,A10008,12000,6406,4000,Yes,4481.2
BILL10009,A10009,2500,3073,15000,Yes,4114.6
BILL10010,A10010,80000,11508,0,No,91508.0
BILL10011,A10011,10000,11776,30000,Yes,10355.2
BILL10012,A10012,35000,6428,10000,Yes,10285.6
BILL10013,A10013,40000,14520,0,Yes,10904.0
BILL10014,A10014,65000,18252,10000,No,93252.0
BILL10015,A10015,5000,11334,0,Yes,3266.8
BILL10016,A10016,15000,17300,12000,No,44300.0
BILL10017,A10017,3000,10163,0,Yes,2632.6
BILL10018,A10018,3500,639,4000,No,8139.0
BILL10019,A10019,8000,4962,3000,Yes,3192.4
BILL10020,A10020,2000,606,4000,No,6606.0
BILL10021,A10021,5000,14752,24000,No,43752.0
BILL10022,A10022,15000,11407,0,No,26407.0
BILL10023,A10023,250000,19552,0,Yes,53910.4
BILL10024,A10024,2000,8665,4000,Yes,2933.0
BILL10025,A10025,1000,9635,12000,No,22635.0
BILL10026,A10026,800,16180,0,Yes,3396.0
BILL10027,A10027,250000,11951,0,Yes,52390.2
BILL10028,A10028,3500,2790,24000,Yes,6058.0
BILL10029,A10029,40000,13674,3000,No,56674.0
BILL10030,A10030,1200,8364,2000,No,11564.0
BILL10031,A10031,6000,15748,0,No,21748.0
BILL10032,A10032,15000,11486,0,Yes,5297.2
BILL10033,A10033,250000,10857,15000,Yes,55171.4
BILL10034,A10034,4000,1650,9000,No,14650.0
BILL10035,A10035,3500,15229,8000,Yes,5345.8
BILL10036,A10036,5000,2232,27000,No,34232.0
BILL10037,A10037,12000,6275,0,Yes,3655.0
BILL10038,A10038,450000,14061,0,Yes,92812.2
BILL10039,A10039,80000,15460,28000,Yes,24692.0
BILL10040,A10040,80000,2552,10000,Yes,18510.4
BILL10041,A10041,12000,3006,6000,Yes,4201.2
BILL10042,A10042,35000,969,35000,Yes,14193.8
BILL10043,A10043,80000,6595,0,Yes,17319.0
BILL10044,A10044,5000,2056,25000,Yes,6411.2
BILL10045,A10045,35000,10951,40000,Yes,17190.2
BILL10046,A10046,1200,17233,36000,Yes,10886.6
BILL10047,A10047,80000,12843,3000,Yes,19168.6
BILL10048,A10048,12000,11185,24000,Yes,9437.0
BILL10049,A10049,1200,1441,27000,Yes,5928.2
BILL10050,A10050,4000,18554,9000,Yes,6310.8
BILL10051,A10051,60000,2991,0,No,62991.0
BILL10052,A10052,450000,17647,25000,Yes,98529.4
BILL10053,A10053,35000,1859,12000,No,48859.0
BILL10054,A10054,1500,9429,0,Yes,2185.8
BILL10055,A10055,15000,17735,4000,Yes,7347.0
BILL10056,A10056,40000,16933,0,No,56933.0
BILL10057,A10057,1200,17952,24000,Yes,8630.4
BILL10058,A10058,5000,1679,0,Yes,1335.8
BILL10059,A10059,8000,8447,0,No,16447.0
BILL10060,A10060,15000,5990,50000,Yes,14198.0
BILL10061,A10061,15000,5991,12000,No,32991.0
BILL10062,A10062,12000,1049,6000,No,19049.0
BILL10063,A10063,35000,13005,15000,No,63005.0
BILL10064,A10064,1000,4654,0,No,5654.0
BILL10065,A10065,2000,16246,5000,Yes,4649.2
BILL10066,A10066,5000,18246,12000,Yes,7049.2
BILL10067,A10067,12000,5219,40000,No,57219.0
BILL10068,A10068,4000,1452,6000,Yes,2290.4
BILL10069,A10069,5000,17074,30000,Yes,10414.8
BILL10070,A10070,12000,7921,12000,Yes,6384.2
BILL10071,A10071,3500,3121,10000,Yes,3324.2
BILL10072,A10072,35000,18094,21000,No,74094.0
BILL10073,A10073,1500,9214,8000,No,18714.0
BILL10074,A10074,3000,12567,5000,Yes,4113.4
BILL10075,A10075,450000,14435,9000,Yes,94687.0
BILL10076,A10076,8000,4729,0,Yes,2545.8
BILL10077,A10077,6000,1697,2000,Yes,1939.4
BILL10078,A10078,12000,7478,8000,Yes,5495.6
BILL10079,A10079,1000,19636,40000,Yes,12127.2
BILL10080,A10080,1500,4623,30000,Yes,7224.6
BILL10081,A10081,60000,4647,12000,Yes,15329.4
BILL10082,A10082,15000,15185,12000,Yes,8437.0
BILL10083,A10083,12000,5848,0,Yes,3569.6
BILL10084,A10084,4000,5493,0,Yes,1898.6
BILL10085,A10085,450000,10014,0,Yes,92002.8
BILL10086,A10086,70000,7805,0,No,77805.0
BILL10087,A10087,2500,15512,0,Yes,3602.4
BILL10088,A10088,2500,3907,0,Yes,1281.4
BILL10089,A10089,1200,18781,0,Yes,3996.2
BILL10090,A10090,12000,19629,40000,Yes,14325.8
BILL10091,A10091,80000,9854,50000,No,139854.0
BILL10092,A10092,40000,15580,9000,Yes,12916.0
BILL10093,A10093,450000,11748,0,Yes,92349.6
BILL10094,A10094,1500,10232,8000,Yes,3946.4
BILL10095,A10095,8000,9168,10000,Yes,5433.6
BILL10096,A10096,5000,7979,6000,Yes,3795.8
BILL10097,A10097,5000,6343,14000,No,25343.0
BILL10098,A10098,10000,5842,40000,Yes,11168.4
BILL10099,A10099,35000,11323,32000,Yes,15664.6
BILL10100,A10100,1000,14842,16000,Yes,6368.4
BILL10101,A10101,15000,14368,27000,Yes,11273.6
BILL10102,A10102,15000,9077,16000,Yes,8015.4
BILL10103,A10103,450000,19925,32000,No,501925.0
BILL10104,A10104,5000,14319,16000,Yes,7063.8
BILL10105,A10105,40000,14019,12000,Yes,13203.8
BILL10106,A10106,250000,19985,4000,Yes,54797.0
BILL10107,A10107,60000,3289,15000,No,78289.0
BILL10108,A10108,1000,2046,9000,No,12046.0
BILL10109,A10109,1200,8526,14000,No,23726.0
BILL10110,A10110,800,8407,10000,Yes,3841.4
BILL10111,A10111,450000,12818,3000,Yes,93163.6
BILL10112,A10112,15000,8618,4000,Yes,5523.6
BILL10113,A10113,70000,2247,16000,No,88247.0
BILL10114,A10114,1000,18460,0,Yes,3892.0
BILL10115,A10115,5000,1054,18000,Yes,4810.8
BILL10116,A10116,40000,7658,6000,Yes,10731.6
BILL10117,A10117,80000,6979,32000,Yes,23795.8
BILL10118,A10118,5000,1193,24000,Yes,6038.6
BILL10119,A10119,8000,15240,0,Yes,4648.0
BILL10120,A10120,70000,15599,4000,No,89599.0
BILL10121,A10121,250000,12983,12000,Yes,54996.6
BILL10122,A10122,10000,12561,0,No,22561.0
BILL10123,A10123,250000,19550,8000,Yes,55510.0
BILL10124,A10124,3000,16708,4000,Yes,4741.6
BILL10125,A10125,80000,19179,0,No,99179.0
BILL10126,A10126,40000,1332,4000,Yes,9066.4
BILL10127,A10127,6000,8364,25000,Yes,7872.8
BILL10128,A10128,1200,3219,0,Yes,883.8
BILL10129,A10129,6000,17340,24000,No,47340.0
BILL10130,A10130,2000,9879,2000,Yes,2775.8
BILL10131,A10131,450000,11804,9000,No,470804.0
BILL10132,A10132,8000,4792,12000,Yes,4958.4
BILL10133,A10133,2000,2521,35000,No,39521.0
BILL10134,A10134,65000,17853,0,No,82853.0
BILL10135,A10135,65000,2934,10000,No,77934.0
BILL10136,A10136,180000,3654,6000,Yes,37930.8
BILL10137,A10137,1000,6561,4000,Yes,2312.2
BILL10138,A10138,6000,12763,20000,Yes,7752.6
BILL10139,A10139,40000,10194,12000,Yes,12438.8
BILL10140,A10140,12000,7201,0,No,19201.0
BILL10141,A10141,65000,4940,40000,Yes,21988.0
BILL10142,A10142,35000,9087,45000,Yes,17817.4
BILL10143,A10143,8000,17306,12000,Yes,7461.2
BILL10144,A10144,450000,2357,12000,No,464357.0
BILL10145,A10145,800,12374,0,Yes,2634.8
BILL10146,A10146,6000,3500,0,No,9500.0
BILL10147,A10147,60000,9822,0,Yes,13964.4
BILL10148,A10148,6000,6164,18000,No,30164.0
BILL10149,A10149,60000,14803,9000,Yes,16760.6
BILL10150,A10150,1200,1222,32000,Yes,6884.4
BILL10151,A10151,1200,3401,0,Yes,920.2
BILL10152,A10152,65000,5899,12000,Yes,16579.8
BILL10153,A10153,5000,10886,4000,No,19886.0
BILL10154,A10154,15000,9750,25000,Yes,9950.0
BILL10155,A10155,80000,8786,12000,Yes,20157.2
BILL10156,A10156,800,8255,0,Yes,1811.0
BILL10157,A10157,450000,13824,4000,Yes,93564.8
BILL10158,A10158,800,19975,4000,No,24775.0
BILL10159,A10159,2000,4230,9000,No,15230.0
BILL10160,A10160,65000,8142,24000,No,97142.0
BILL10161,A10161,2500,12522,5000,Yes,4004.4
BILL10162,A10162,5000,7523,10000,No,22523.0
BILL10163,A10163,2000,15628,0,Yes,3525.6
BILL10164,A10164,4000,3356,9000,Yes,3271.2
BILL10165,A10165,6000,10014,30000,Yes,9202.8
BILL10166,A10166,6000,4317,9000,Yes,3863.4
BILL10167,A10167,8000,5920,20000,No,33920.0
BILL10168,A10168,1000,7178,0,No,8178.0
BILL10169,A10169,80000,1792,4000,Yes,17158.4
BILL10170,A10170,4000,10504,8000,Yes,4500.8
BILL10171,A10171,450000,17724,0,Yes,93544.8
BILL10172,A10172,180000,17811,6000,Yes,40762.2
BILL10173,A10173,12000,14005,4000,No,30005.0
BILL10174,A10174,40000,5670,6000,Yes,10334.0
BILL10175,A10175,35000,19252,0,No,54252.0
BILL10176,A10176,60000,19836,0,Yes,15967.2
BILL10177,A10177,800,2797,6000,Yes,1919.4
BILL10178,A10178,8000,13363,21000,Yes,8472.6
BILL10179,A10179,450000,5467,3000,No,458467.0
BILL10180,A10180,1000,13564,15000,Yes,5912.8
BILL10181,A10181,10000,10343,6000,No,26343.0
BILL10182,A10182,1000,3287,6000,No,10287.0
BILL10183,A10183,10000,7632,12000,Yes,5926.4
BILL10184,A10184,12000,17086,50000,Yes,15817.2
BILL10185,A10185,35000,11020,6000,Yes,10404.0
BILL10186,A10186,1000,7248,9000,Yes,3449.6
BILL10187,A10187,1200,8659,8000,No,17859.0
BILL10188,A10188,40000,9134,0,Yes,9826.8
BILL10189,A10189,1000,16657,4000,Yes,4331.4
BILL10190,A10190,65000,17514,45000,No,127514.0
BILL10191,A10191,60000,11803,2000,No,73803.0
BILL10192,A10192,5000,16750,15000,Yes,7350.0
BILL10193,A10193,15000,5529,16000,No,36529.0
BILL10194,A10194,3000,15548,9000,Yes,5509.6
BILL10195,A10195,180000,12864,0,Yes,38572.8
BILL10196,A10196,1000,1355,9000,No,11355.0
BILL10197,A10197,8000,17009,12000,Yes,7401.8
BILL10198,A10198,80000,2297,0,No,82297.0
BILL10199,A10199,450000,14901,2000,No,466901.0
BILL10200,A10200,6000,19286,10000,No,35286.0
BILL10201,A10201,3000,7242,4000,Yes,2848.4
BILL10202,A10202,250000,15627,20000,Yes,57125.4
BILL10203,A10203,3500,19957,28000,Yes,10291.4
BILL10204,A10204,6000,13505,15000,No,34505.0
BILL10205,A10205,12000,8546,9000,No,29546.0
BILL10206,A10206,60000,8620,3000,No,71620.0
BILL10207,A10207,800,2442,4000,Yes,1448.4
BILL10208,A10208,1200,10929,4000,No,16129.0
BILL10209,A10209,2500,19505,0,No,22005.0
BILL10210,A10210,2000,2652,0,No,4652.0
BILL10211,A10211,1500,18831,15000,Yes,7066.2
BILL10212,A10212,12000,6483,3000,Yes,4296.6
BILL10213,A10213,800,1503,0,Yes,460.6
BILL10214,A10214,6000,18015,10000,Yes,6803.0
BILL10215,A10215,15000,18250,0,Yes,6650.0
BILL10216,A10216,65000,6106,3000,Yes,14821.2
BILL10217,A10217,2000,670,0,Yes,534.0
BILL10218,A10218,15000,17690,24000,No,56690.0
BILL10219,A10219,1200,5132,32000,Yes,7666.4
BILL10220,A10220,60000,11564,0,Yes,14312.8
BILL10221,A10221,10000,4188,0,Yes,2837.6
BILL10222,A10222,250000,4246,40000,No,294246.0
BILL10223,A10223,80000,7537,0,Yes,17507.4
BILL10224,A10224,80000,5909,15000,Yes,20181.8
BILL10225,A10225,10000,18281,9000,Yes,7456.2
BILL10226,A10226,1000,16524,27000,Yes,8904.8
BILL10227,A10227,6000,18935,0,Yes,4987.0
BILL10228,A10228,2500,8381,0,Yes,2176.2
BILL10229,A10229,12000,8213,15000,Yes,7042.6
BILL10230,A10230,1200,12430,0,Yes,2726.0
BILL10231,A10231,3000,9461,0,No,12461.0
BILL10232,A10232,6000,9208,0,Yes,3041.6
BILL10233,A10233,15000,16592,6000,Yes,7518.4
BILL10234,A10234,15000,13617,9000,Yes,7523.4
BILL10235,A10235,10000,11409,32000,No,53409.0
BILL10236,A10236,3000,19344,5000,Yes,5468.8
BILL10237,A10237,80000,1722,6000,Yes,17544.4
BILL10238,A10238,1200,17322,20000,Yes,7704.4
BILL10239,A10239,35000,3889,0,No,38889.0
BILL10240,A10240,80000,9326,36000,No,125326.0
BILL10241,A10241,1000,12619,10000,Yes,4723.8
BILL10242,A10242,40000,4194,8000,No,52194.0
BILL10243,A10243,3500,12927,0,Yes,3285.4
BILL10244,A10244,5000,18162,10000,Yes,6632.4
BILL10245,A10245,40000,10557,15000,No,65557.0
BILL10246,A10246,1200,6996,15000,Yes,4639.2
BILL10247,A10247,70000,17421,27000,Yes,22884.2
BILL10248,A10248,2000,1225,4000,Yes,1445.0
BILL10249,A10249,10000,9334,5000,No,24334.0
BILL10250,A10250,6000,8960,27000,No,41960.0
BILL10251,A10251,4000,16909,27000,Yes,9581.8
BILL10252,A10252,4000,8871,0,Yes,2574.2
BILL10253,A10253,60000,3432,0,No,63432.0
BILL10254,A10254,1000,7001,28000,No,36001.0
BILL10255,A10255,4000,9435,0,Yes,2687.0
BILL10256,A10256,70000,11574,32000,No,113574.0
BILL10257,A10257,1000,14393,4000,Yes,3878.6
BILL10258,A10258,70000,727,2000,Yes,14545.4
BILL10259,A10259,800,14054,0,Yes,2970.8
BILL10260,A10260,60000,5409,0,No,65409.0
BILL10261,A10261,12000,12834,15000,No,39834.0
BILL10262,A10262,60000,4619,4000,No,68619.0
BILL10263,A10263,1000,15082,18000,Yes,6816.4
BILL10264,A10264,10000,17879,6000,Yes,6775.8
BILL10265,A10265,15000,2313,0,No,17313.0
BILL10266,A10266,450000,15277,4000,No,469277.0
BILL10267,A10267,6000,19684,9000,Yes,6936.8
BILL10268,A10268,250000,19295,10000,Yes,55859.0
BILL10269,A10269,3000,12319,18000,Yes,6663.8
BILL10270,A10270,80000,2781,0,Yes,16556.2
BILL10271,A10271,5000,9007,4000,Yes,3601.4
BILL10272,A10272,65000,17791,20000,Yes,20558.2
BILL10273,A10273,40000,6687,45000,No,91687.0
BILL10274,A10274,1200,1611,0,No,2811.0
BILL10275,A10275,15000,6159,0,No,21159.0
BILL10276,A10276,800,11337,0,No,12137.0
BILL10277,A10277,8000,4566,36000,No,48566.0
BILL10278,A10278,250000,19961,36000,Yes,61192.2
BILL10279,A10279,800,13187,20000,Yes,6797.4
BILL10280,A10280,2500,10123,6000,No,18623.0
BILL10281,A10281,70000,16096,12000,No,98096.0
BILL10282,A10282,80000,4773,5000,Yes,17954.6
BILL10283,A10283,10000,16900,0,No,26900.0
BILL10284,A10284,80000,4178,15000,No,99178.0
BILL10285,A10285,60000,2690,0,Yes,12538.0
BILL10286,A10286,450000,10528,0,Yes,92105.6
BILL10287,A10287,250000,9824,12000,Yes,54364.8
BILL10288,A10288,450000,8175,0,No,458175.0
BILL10289,A10289,15000,13911,0,Yes,5782.2
BILL10290,A10290,15000,5818,5000,Yes,5163.6
BILL10291,A10291,4000,17355,10000,No,31355.0
BILL10292,A10292,6000,2013,6000,Yes,2802.6
BILL10293,A10293,40000,918,5000,Yes,9183.6
BILL10294,A10294,250000,3889,6000,No,259889.0
BILL10295,A10295,250000,9801,0,Yes,51960.2
BILL10296,A10296,8000,2954,3000,Yes,2790.8
BILL10297,A10297,10000,9366,8000,Yes,5473.2
BILL10298,A10298,60000,3444,0,Yes,12688.8
BILL10299,A10299,2000,8535,8000,No,18535.0
BILL10300,A10300,12000,5407,27000,Yes,8881.4
BILL10301,A10301,65000,16339,12000,No,93339.0
BILL10302,A10302,5000,15962,8000,No,28962.0
BILL10303,A10303,3000,16619,0,No,19619.0
BILL10304,A10304,180000,2081,0,Yes,36416.2
BILL10305,A10305,1500,11172,50000,Yes,12534.4
BILL10306,A10306,2000,15453,15000,Yes,6490.6
BILL10307,A10307,6000,3212,28000,Yes,7442.4
BILL10308,A10308,65000,4756,0,No,69756.0
BILL10309,A10309,65000,15859,4000,No,84859.0
BILL10310,A10310,2000,17596,20000,Yes,7919.2
BILL10311,A10311,1000,566,15000,No,16566.0
BILL10312,A10312,10000,4459,6000,No,20459.0
BILL10313,A10313,3000,4407,0,Yes,1481.4
BILL10314,A10314,40000,13650,0,Yes,10730.0
BILL10315,A10315,12000,3177,6000,No,21177.0
BILL10316,A10316,40000,17042,9000,Yes,13208.4
BILL10317,A10317,1500,19392,30000,Yes,10178.4
BILL10318,A10318,1500,10442,0,No,11942.0
BILL10319,A10319,15000,10395,35000,Yes,12079.0
BILL10320,A10320,8000,17414,28000,No,53414.0
BILL10321,A10321,60000,6553,0,Yes,13310.6
BILL10322,A10322,15000,16322,0,Yes,6264.4
BILL10323,A10323,450000,16739,20000,Yes,97347.8
BILL10324,A10324,70000,15860,0,Yes,17172.0
BILL10325,A10325,6000,11661,0,Yes,3532.2
BILL10326,A10326,5000,3606,9000,Yes,3521.2
BILL10327,A10327,80000,18683,2000,Yes,20136.6
BILL10328,A10328,12000,5855,9000,Yes,5371.0
BILL10329,A10329,4000,19235,18000,Yes,8247.0
BILL10330,A10330,450000,13799,30000,No,493799.0
BILL10331,A10331,3000,5362,5000,Yes,2672.4
BILL10332,A10332,1000,7160,0,No,8160.0
BILL10333,A10333,15000,12329,30000,Yes,11465.8
BILL10334,A10334,15000,10574,0,No,25574.0
BILL10335,A10335,12000,17854,15000,No,44854.0
BILL10336,A10336,6000,538,14000,Yes,4107.6
BILL10337,A10337,1500,15979,14000,No,31479.0
BILL10338,A10338,5000,19955,0,Yes,4991.0
BILL10339,A10339,80000,8559,0,Yes,17711.8
BILL10340,A10340,12000,2491,40000,No,54491.0
BILL10341,A10341,70000,14742,3000,Yes,17548.4
BILL10342,A10342,1200,16841,2000,Yes,4008.2
BILL10343,A10343,5000,17370,27000,Yes,9874.0
BILL10344,A10344,4000,9390,30000,No,43390.0
BILL10345,A10345,5000,14760,5000,No,24760.0
BILL10346,A10346,6000,18221,0,No,24221.0
BILL10347,A10347,6000,6267,10000,Yes,4453.4
BILL10348,A10348,10000,16057,4000,No,30057.0
BILL10349,A10349,2000,9315,12000,Yes,4663.0
BILL10350,A10350,6000,14971,3000,Yes,4794.2
BILL10351,A10351,10000,13448,16000,No,39448.0
BILL10352,A10352,5000,3442,0,Yes,1688.4
BILL10353,A10353,2500,15139,40000,Yes,11527.8
BILL10354,A10354,12000,19420,12000,Yes,8684.0
BILL10355,A10355,6000,1822,0,Yes,1564.4
BILL10356,A10356,1200,4837,0,Yes,1207.4
BILL10357,A10357,1500,14834,0,Yes,3266.8
BILL10358,A10358,40000,7897,4000,Yes,10379.4
BILL10359,A10359,2500,13244,0,Yes,3148.8
BILL10360,A10360,4000,12664,20000,Yes,7332.8
BILL10361,A10361,2000,831,8000,No,10831.0
BILL10362,A10362,180000,15620,0,No,195620.0
BILL10363,A10363,35000,1785,30000,Yes,13357.0
BILL10364,A10364,70000,3335,5000,Yes,15667.0
BILL10365,A10365,800,5305,27000,Yes,6621.0
BILL10366,A10366,8000,13597,35000,Yes,11319.4
BILL10367,A10367,60000,4600,12000,No,76600.0
BILL10368,A10368,8000,7057,50000,No,65057.0
BILL10369,A10369,65000,19333,4000,Yes,17666.6
BILL10370,A10370,180000,12236,0,Yes,38447.2
BILL10371,A10371,12000,13875,9000,Yes,6975.0
BILL10372,A10372,15000,16640,0,Yes,6328.0
BILL10373,A10373,5000,8949,15000,Yes,5789.8
BILL10374,A10374,80000,12131,25000,Yes,23426.2
BILL10375,A10375,5000,17527,3000,Yes,5105.4
BILL10376,A10376,180000,7679,0,No,187679.0
BILL10377,A10377,1200,6602,8000,No,15802.0
BILL10378,A10378,1000,7312,0,Yes,1662.4
BILL10379,A10379,6000,8017,25000,No,39017.0
BILL10380,A10380,1000,2243,2000,Yes,1048.6
BILL10381,A10381,80000,19638,32000,Yes,26327.6
BILL10382,A10382,3500,7303,0,No,10803.0
BILL10383,A10383,3500,1615,12000,No,17115.0
BILL10384,A10384,65000,865,36000,Yes,20373.0
BILL10385,A10385,8000,8142,12000,No,28142.0
BILL10386,A10386,65000,18109,27000,Yes,22021.8
BILL10387,A10387,80000,12530,0,Yes,18506.0
BILL10388,A10388,1500,3203,9000,Yes,2740.6
BILL10389,A10389,1200,16453,0,Yes,3530.6
BILL10390,A10390,4000,7680,10000,Yes,4336.0
BILL10391,A10391,15000,17662,20000,No,52662.0
BILL10392,A10392,8000,4224,0,No,12224.0
BILL10393,A10393,5000,19222,0,Yes,4844.4
BILL10394,A10394,5000,13153,0,Yes,3630.6
BILL10395,A10395,12000,12183,36000,Yes,12036.6
BILL10396,A10396,15000,5221,14000,Yes,6844.2
BILL10397,A10397,5000,18174,27000,Yes,10034.8
BILL10398,A10398,2500,5655,50000,Yes,11631.0
BILL10399,A10399,6000,11090,0,No,17090.0
BILL10400,A10400,12000,15255,0,Yes,5451.0
BILL10401,A10401,3500,14546,12000,Yes,6009.2
BILL10402,A10402,3500,9120,0,Yes,2524.0
BILL10403,A10403,60000,18722,21000,Yes,19944.4
BILL10404,A10404,800,19248,6000,Yes,5209.6
BILL10405,A10405,2500,15468,0,No,17968.0
BILL10406,A10406,2000,17469,3000,No,22469.0
BILL10407,A10407,12000,3131,0,Yes,3026.2
BILL10408,A10408,8000,5906,0,Yes,2781.2
BILL10409,A10409,40000,12759,10000,No,62759.0
BILL10410,A10410,15000,12388,6000,No,33388.0
BILL10411,A10411,2500,1478,0,Yes,795.6
BILL10412,A10412,250000,13480,0,Yes,52696.0
BILL10413,A10413,70000,17670,25000,Yes,22534.0
BILL10414,A10414,2500,1706,0,Yes,841.2
BILL10415,A10415,1000,7812,0,Yes,1762.4
BILL10416,A10416,1500,15934,4000,No,21434.0
BILL10417,A10417,4000,19120,30000,Yes,10624.0
BILL10418,A10418,6000,18834,40000,No,64834.0
BILL10419,A10419,80000,3417,6000,Yes,17883.4
BILL10420,A10420,2500,11475,15000,Yes,5795.0
BILL10421,A10421,2500,15891,45000,Yes,12678.2
BILL10422,A10422,8000,3880,8000,Yes,3976.0
BILL10423,A10423,5000,13621,0,No,18621.0
BILL10424,A10424,180000,14975,0,Yes,38995.0
BILL10425,A10425,250000,14086,0,Yes,52817.2
BILL10426,A10426,1000,8926,40000,No,49926.0
BILL10427,A10427,12000,9970,6000,Yes,5594.0
BILL10428,A10428,1000,18944,4000,Yes,4788.8
BILL10429,A10429,10000,9871,0,Yes,3974.2
BILL10430,A10430,35000,12558,6000,Yes,10711.6
BILL10431,A10431,12000,2407,0,Yes,2881.4
BILL10432,A10432,40000,2255,0,No,42255.0
BILL10433,A10433,15000,3483,6000,No,24483.0
BILL10434,A10434,12000,15826,0,Yes,5565.2
BILL10435,A10435,8000,12822,0,No,20822.0
BILL10436,A10436,60000,5996,12000,No,77996.0
BILL10437,A10437,10000,15612,6000,No,31612.0
BILL10438,A10438,15000,6591,0,No,21591.0
BILL10439,A10439,8000,7201,24000,No,39201.0
BILL10440,A10440,15000,15311,8000,Yes,7662.2
BILL10441,A10441,1000,2640,10000,No,13640.0
BILL10442,A10442,10000,666,4000,Yes,2933.2
BILL10443,A10443,1000,1593,0,Yes,518.6
BILL10444,A10444,2000,17519,30000,Yes,9903.8
BILL10445,A10445,12000,1250,10000,Yes,4650.0
BILL10446,A10446,1000,5554,0,Yes,1310.8
BILL10447,A10447,180000,15156,9000,No,204156.0
BILL10448,A10448,65000,17345,32000,Yes,22869.0
BILL10449,A10449,6000,9655,0,Yes,3131.0
BILL10450,A10450,8000,14614,0,No,22614.0
BILL10451,A10451,8000,1260,3000,Yes,2452.0
BILL10452,A10452,15000,14093,8000,No,37093.0
BILL10453,A10453,1200,12484,6000,Yes,3936.8
BILL10454,A10454,1000,11971,15000,No,27971.0
BILL10455,A10455,5000,9409,5000,Yes,3881.8
BILL10456,A10456,1200,19330,8000,Yes,5706.0
BILL10457,A10457,3000,16679,0,No,19679.0
BILL10458,A10458,8000,8161,25000,No,41161.0
BILL10459,A10459,450000,2366,8000,Yes,92073.2
BILL10460,A10460,2500,19262,6000,No,27762.0
BILL10461,A10461,70000,13246,25000,Yes,21649.2
BILL10462,A10462,1500,3379,0,Yes,975.8
BILL10463,A10463,70000,10426,10000,Yes,18085.2
BILL10464,A10464,6000,19945,0,No,25945.0
BILL10465,A10465,15000,9460,6000,No,30460.0
BILL10466,A10466,40000,12124,2000,Yes,10824.8
BILL10467,A10467,8000,13714,12000,Yes,6742.8
BILL10468,A10468,250000,16994,2000,Yes,53798.8
BILL10469,A10469,10000,11096,0,Yes,4219.2
BILL10470,A10470,6000,1977,50000,Yes,11595.4
BILL10471,A10471,2500,5919,12000,No,20419.0
BILL10472,A10472,65000,10270,30000,Yes,21054.0
BILL10473,A10473,1200,17814,0,Yes,3802.8
BILL10474,A10474,80000,6293,0,Yes,17258.6
BILL10475,A10475,70000,3846,0,Yes,14769.2
BILL10476,A10476,10000,8204,10000,Yes,5640.8
BILL10477,A10477,1000,17575,0,Yes,3715.0
BILL10478,A10478,80000,10669,25000,Yes,23133.8
BILL10479,A10479,2500,13009,10000,Yes,5101.8
BILL10480,A10480,4000,10319,0,Yes,2863.8
BILL10481,A10481,2500,13684,0,Yes,3236.8
BILL10482,A10482,180000,15558,10000,No,205558.0
BILL10483,A10483,60000,19598,18000,No,97598.0
BILL10484,A10484,2500,3184,45000,Yes,10136.8
BILL10485,A10485,70000,6313,14000,No,90313.0
BILL10486,A10486,2500,1950,21000,No,25450.0
BILL10487,A10487,2500,13773,0,No,16273.0
BILL10488,A10488,2500,18563,15000,No,36063.0
BILL10489,A10489,450000,2798,6000,Yes,91759.6
BILL10490,A10490,35000,10418,18000,Yes,12683.6
BILL10491,A10491,70000,7761,18000,Yes,19152.2
BILL10492,A10492,1000,4793,50000,No,55793.0
BILL10493,A10493,70000,13643,0,Yes,16728.6
BILL10494,A10494,65000,7821,20000,Yes,18564.2
BILL10495,A10495,1000,510,0,Yes,302.0
BILL10496,A10496,180000,11599,10000,Yes,40319.8
BILL10497,A10497,6000,17495,0,Yes,4699.0
BILL10498,A10498,10000,1521,10000,Yes,4304.2
BILL10499,A10499,5000,10143,4000,No,19143.0
BILL10500,A10500,40000,3602,4000,No,47602.0
BILL10501,A10501,5000,18815,0,Yes,4763.0
BILL10502,A10502,12000,3469,0,Yes,3093.8
BILL10503,A10503,3500,19452,14000,Yes,7390.4
BILL10504,A10504,4000,13645,28000,Yes,9129.0
BILL10505,A10505,6000,12173,12000,Yes,6034.6
BILL10506,A10506,2500,3609,12000,No,18109.0
BILL10507,A10507,6000,19387,40000,Yes,13077.4
BILL10508,A10508,1500,3170,20000,No,24670.0
BILL10509,A10509,12000,16636,0,Yes,5727.2
BILL10510,A10510,40000,18072,10000,Yes,13614.4
BILL10511,A10511,15000,5336,30000,No,50336.0
BILL10512,A10512,6000,18800,0,Yes,4960.0
BILL10513,A10513,60000,3823,15000,Yes,15764.6
BILL10514,A10514,15000,19865,6000,Yes,8173.0
BILL10515,A10515,10000,5103,10000,No,25103.0
BILL10516,A10516,10000,9656,0,Yes,3931.2
BILL10517,A10517,4000,4916,0,Yes,1783.2
BILL10518,A10518,80000,9189,6000,No,95189.0
BILL10519,A10519,250000,7486,10000,No,267486.0
BILL10520,A10520,180000,2893,10000,Yes,38578.6
BILL10521,A10521,5000,17609,28000,Yes,10121.8
BILL10522,A10522,70000,15211,0,Yes,17042.2
BILL10523,A10523,800,13235,10000,Yes,4807.0
BILL10524,A10524,6000,6441,15000,No,27441.0
BILL10525,A10525,2000,4802,0,Yes,1360.4
BILL10526,A10526,1500,2451,0,Yes,790.2
BILL10527,A10527,2500,12643,10000,Yes,5028.6
BILL10528,A10528,12000,16568,4000,Yes,6513.6
BILL10529,A10529,450000,4362,20000,Yes,94872.4
BILL10530,A10530,15000,2579,4000,No,21579.0
BILL10531,A10531,15000,4817,3000,No,22817.0
BILL10532,A10532,8000,7763,6000,Yes,4352.6
BILL10533,A10533,1000,11134,36000,Yes,9626.8
BILL10534,A10534,2000,17145,25000,Yes,8829.0
BILL10535,A10535,70000,4945,12000,Yes,17389.0
BILL10536,A10536,8000,5436,18000,Yes,6287.2
BILL10537,A10537,1000,9822,4000,Yes,2964.4
BILL10538,A10538,15000,18685,16000,No,49685.0
BILL10539,A10539,80000,19593,15000,Yes,22918.6
BILL10540,A10540,8000,19201,20000,No,47201.0
BILL10541,A10541,450000,2086,24000,Yes,95217.2
BILL10542,A10542,6000,11764,24000,Yes,8352.8
BILL10543,A10543,15000,5119,4000,No,24119.0
BILL10544,A10544,2000,14334,0,Yes,3266.8
BILL10545,A10545,15000,13769,0,No,28769.0
BILL10546,A10546,250000,18745,6000,Yes,54949.0
BILL10547,A10547,800,13838,6000,No,20638.0
BILL10548,A10548,80000,2969,50000,No,132969.0
BILL10549,A10549,3000,8910,6000,No,17910.0
BILL10550,A10550,15000,18581,30000,Yes,12716.2
BILL10551,A10551,15000,18978,8000,Yes,8395.6
BILL10552,A10552,800,19047,8000,Yes,5569.4
BILL10553,A10553,10000,13736,0,Yes,4747.2
BILL10554,A10554,60000,11392,16000,Yes,17478.4
BILL10555,A10555,5000,4815,15000,Yes,4963.0
BILL10556,A10556,450000,13553,0,Yes,92710.6
BILL10557,A10557,1200,7723,8000,Yes,3384.6
BILL10558,A10558,2000,1831,0,Yes,766.2
BILL10559,A10559,5000,9484,6000,Yes,4096.8
BILL10560,A10560,12000,1026,32000,Yes,9005.2
BILL10561,A10561,1200,15386,5000,No,21586.0
BILL10562,A10562,8000,6370,8000,No,22370.0
BILL10563,A10563,250000,17986,12000,Yes,55997.2
BILL10564,A10564,80000,13297,14000,No,107297.0
BILL10565,A10565,800,11817,24000,Yes,7323.4
BILL10566,A10566,3000,13303,12000,Yes,5660.6
BILL10567,A10567,15000,17684,15000,Yes,9536.8
BILL10568,A10568,2000,10117,0,No,12117.0
BILL10569,A10569,800,10991,0,Yes,2358.2
BILL10570,A10570,250000,13194,6000,Yes,53838.8
BILL10571,A10571,6000,15114,0,Yes,4222.8
BILL10572,A10572,5000,13287,0,Yes,3657.4
BILL10573,A10573,2000,18199,0,Yes,4039.8
BILL10574,A10574,2000,6714,20000,Yes,5742.8
BILL10575,A10575,2000,4677,24000,No,30677.0
BILL10576,A10576,15000,13607,20000,Yes,9721.4
BILL10577,A10577,8000,2006,0,Yes,2001.2
BILL10578,A10578,1200,12901,30000,No,44101.0
BILL10579,A10579,450000,16591,40000,Yes,101318.2
BILL10580,A10580,6000,2561,0,No,8561.0
BILL10581,A10581,5000,16793,0,Yes,4358.6
BILL10582,A10582,250000,5333,0,Yes,51066.6
BILL10583,A10583,450000,6375,0,Yes,91275.0
BILL10584,A10584,65000,11692,25000,No,101692.0
BILL10585,A10585,40000,522,24000,No,64522.0
BILL10586,A10586,3500,17620,40000,Yes,12224.0
BILL10587,A10587,80000,2548,5000,Yes,17509.6
BILL10588,A10588,10000,12360,18000,Yes,8072.0
BILL10589,A10589,6000,5421,18000,Yes,5884.2
BILL10590,A10590,15000,7960,16000,Yes,7792.0
BILL10591,A10591,1000,3372,3000,No,7372.0
BILL10592,A10592,2500,17376,0,Yes,3975.2
BILL10593,A10593,4000,14056,6000,Yes,4811.2
BILL10594,A10594,250000,8034,0,No,258034.0
BILL10595,A10595,2500,8436,3000,Yes,2787.2
BILL10596,A10596,1200,4549,4000,Yes,1949.8
BILL10597,A10597,2000,5313,0,No,7313.0
BILL10598,A10598,8000,7912,4000,No,19912.0
BILL10599,A10599,6000,9582,0,Yes,3116.4
BILL10600,A10600,12000,1514,5000,Yes,3702.8
BILL10601,A10601,65000,9191,6000,No,80191.0
BILL10602,A10602,6000,15756,15000,Yes,7351.2
BILL10603,A10603,6000,18325,6000,No,30325.0
BILL10604,A10604,180000,10452,16000,No,206452.0
BILL10605,A10605,1500,3667,4000,Yes,1833.4
BILL10606,A10606,5000,17896,0,Yes,4579.2
BILL10607,A10607,8000,7611,0,Yes,3122.2
BILL10608,A10608,2500,19041,0,Yes,4308.2
BILL10609,A10609,15000,1007,6000,No,22007.0
BILL10610,A10610,10000,19074,0,Yes,5814.8
BILL10611,A10611,8000,10682,0,No,18682.0
BILL10612,A10612,2500,11765,15000,Yes,5853.0
BILL10613,A10613,800,14761,0,No,15561.0
BILL10614,A10614,12000,12349,0,Yes,4869.8
BILL10615,A10615,3000,9748,8000,No,20748.0
BILL10616,A10616,1200,14164,30000,No,45364.0
BILL10617,A10617,35000,10347,0,Yes,9069.4
BILL10618,A10618,40000,16687,18000,Yes,14937.4
BILL10619,A10619,1500,10180,30000,Yes,8336.0
BILL10620,A10620,80000,11048,3000,Yes,18809.6
BILL10621,A10621,65000,2715,50000,No,117715.0
BILL10622,A10622,12000,18755,24000,Yes,10951.0
BILL10623,A10623,60000,11350,10000,No,81350.0
BILL10624,A10624,1000,8749,8000,Yes,3549.8
BILL10625,A10625,5000,18654,6000,Yes,5930.8
BILL10626,A10626,80000,15957,24000,Yes,23991.4
BILL10627,A10627,3000,9085,45000,Yes,11417.0
BILL10628,A10628,2000,14758,10000,No,26758.0
BILL10629,A10629,5000,1950,9000,Yes,3190.0
BILL10630,A10630,12000,16724,12000,Yes,8144.8
BILL10631,A10631,250000,16902,20000,Yes,57380.4
BILL10632,A10632,2000,4739,2000,Yes,1747.8
BILL10633,A10633,6000,10769,6000,Yes,4553.8
BILL10634,A10634,800,7549,35000,Yes,8669.8
BILL10635,A10635,12000,6712,6000,Yes,4942.4
BILL10636,A10636,5000,4965,10000,Yes,3993.0
BILL10637,A10637,4000,1629,5000,No,10629.0
BILL10638,A10638,450000,3193,40000,No,493193.0
BILL10639,A10639,3000,9128,15000,Yes,5425.6
BILL10640,A10640,1000,4490,4000,No,9490.0
BILL10641,A10641,450000,3174,28000,No,481174.0
BILL10642,A10642,1200,12148,9000,Yes,4469.6
BILL10643,A10643,180000,13015,20000,Yes,42603.0
BILL10644,A10644,450000,15617,4000,Yes,93923.4
BILL10645,A10645,2000,7208,30000,Yes,7841.6
BILL10646,A10646,10000,16190,16000,No,42190.0
BILL10647,A10647,80000,12375,0,Yes,18475.0
BILL10648,A10648,6000,8463,0,No,14463.0
BILL10649,A10649,65000,15275,0,Yes,16055.0
BILL10650,A10650,80000,15815,0,Yes,19163.0
BILL10651,A10651,2500,1997,6000,No,10497.0
BILL10652,A10652,3500,10413,0,Yes,2782.6
BILL10653,A10653,6000,16763,16000,No,38763.0
BILL10654,A10654,70000,18284,36000,No,124284.0
BILL10655,A10655,80000,14044,8000,No,102044.0
BILL10656,A10656,180000,17653,4000,No,201653.0
BILL10657,A10657,180000,16102,20000,Yes,43220.4
BILL10658,A10658,12000,4787,0,Yes,3357.4
BILL10659,A10659,6000,19858,0,Yes,5171.6
BILL10660,A10660,8000,8860,24000,Yes,8172.0
BILL10661,A10661,35000,7695,0,Yes,8539.0
BILL10662,A10662,1000,9952,6000,No,16952.0
BILL10663,A10663,15000,7402,3000,Yes,5080.4
BILL10664,A10664,1000,5984,0,Yes,1396.8
BILL10665,A10665,250000,11034,20000,Yes,56206.8
BILL10666,A10666,3500,14884,2000,Yes,4076.8
BILL10667,A10667,12000,7274,8000,No,27274.0
BILL10668,A10668,10000,17715,24000,No,51715.0
BILL10669,A10669,65000,18705,0,Yes,16741.0
BILL10670,A10670,800,15953,20000,Yes,7350.6
BILL10671,A10671,15000,15541,6000,Yes,7308.2
BILL10672,A10672,180000,13115,5000,No,198115.0
BILL10673,A10673,15000,12075,25000,Yes,10415.0
BILL10674,A10674,250000,15222,30000,No,295222.0
BILL10675,A10675,12000,5062,0,No,17062.0
BILL10676,A10676,250000,18510,9000,Yes,55502.0
BILL10677,A10677,8000,6430,3000,Yes,3486.0
BILL10678,A10678,3500,7464,0,No,10964.0
BILL10679,A10679,1000,18102,3000,Yes,4420.4
BILL10680,A10680,12000,9071,50000,Yes,14214.2
BILL10681,A10681,12000,9066,6000,Yes,5413.2
BILL10682,A10682,800,6973,6000,No,13773.0
BILL10683,A10683,60000,12301,10000,Yes,16460.2
BILL10684,A10684,40000,1702,40000,Yes,16340.4
BILL10685,A10685,180000,13511,18000,No,211511.0
BILL10686,A10686,80000,18295,8000,No,106295.0
BILL10687,A10687,250000,3596,21000,Yes,54919.2
BILL10688,A10688,3500,9171,9000,No,21671.0
BILL10689,A10689,1000,17573,0,Yes,3714.6
BILL10690,A10690,70000,18929,10000,Yes,19785.8
BILL10691,A10691,1000,17567,0,No,18567.0
BILL10692,A10692,70000,14688,4000,Yes,17737.6
BILL10693,A10693,6000,9065,12000,Yes,5413.0
BILL10694,A10694,12000,13240,0,Yes,5048.0
BILL10695,A10695,1000,3394,40000,No,44394.0
BILL10696,A10696,3500,1121,0,Yes,924.2
BILL10697,A10697,250000,7889,15000,Yes,54577.8
BILL10698,A10698,1000,17835,4000,Yes,4567.0
BILL10699,A10699,8000,13960,8000,Yes,5992.0
BILL10700,A10700,80000,12343,24000,Yes,23268.6
BILL10701,A10701,1000,8954,0,Yes,1990.8
BILL10702,A10702,1200,8585,0,Yes,1957.0
BILL10703,A10703,8000,6966,6000,Yes,4193.2
BILL10704,A10704,80000,13938,24000,No,117938.0
BILL10705,A10705,65000,13406,12000,Yes,18081.2
BILL10706,A10706,12000,6308,15000,Yes,6661.6
BILL10707,A10707,10000,14513,5000,Yes,5902.6
BILL10708,A10708,10000,12496,0,Yes,4499.2
BILL10709,A10709,10000,18817,5000,Yes,6763.4
BILL10710,A10710,180000,10612,20000,Yes,42122.4
BILL10711,A10711,8000,2891,4000,Yes,2978.2
BILL10712,A10712,2500,18699,0,No,21199.0
BILL10713,A10713,250000,18339,8000,Yes,55267.8
BILL10714,A10714,3500,16601,9000,Yes,5820.2
BILL10715,A10715,60000,925,50000,No,110925.0
BILL10716,A10716,70000,4267,8000,No,82267.0
BILL10717,A10717,6000,1586,12000,Yes,3917.2
BILL10718,A10718,12000,7838,0,Yes,3967.6
BILL10719,A10719,2500,17725,6000,Yes,5245.0
BILL10720,A10720,5000,6510,30000,Yes,8302.0
BILL10721,A10721,60000,8728,15000,Yes,16745.6
BILL10722,A10722,5000,2944,0,No,7944.0
BILL10723,A10723,3500,918,8000,Yes,2483.6
BILL10724,A10724,6000,17689,0,Yes,4737.8
BILL10725,A10725,800,13098,0,No,13898.0
BILL10726,A10726,80000,1107,16000,No,97107.0
BILL10727,A10727,3500,19200,0,Yes,4540.0
BILL10728,A10728,80000,16268,6000,Yes,20453.6
BILL10729,A10729,15000,1376,5000,Yes,4275.2
BILL10730,A10730,80000,19252,25000,Yes,24850.4
BILL10731,A10731,180000,8074,35000,Yes,44614.8
BILL10732,A10732,3500,1698,0,Yes,1039.6
BILL10733,A10733,250000,6438,21000,Yes,55487.6
BILL10734,A10734,8000,14667,0,Yes,4533.4
BILL10735,A10735,65000,6183,18000,Yes,17836.6
BILL10736,A10736,6000,13179,10000,No,29179.0
BILL10737,A10737,80000,9247,8000,Yes,19449.4
BILL10738,A10738,15000,15867,0,No,30867.0
BILL10739,A10739,1000,12428,0,No,13428.0
BILL10740,A10740,6000,15046,21000,Yes,8409.2
BILL10741,A10741,1500,16520,40000,Yes,11604.0
BILL10742,A10742,2000,4289,24000,Yes,6057.8
BILL10743,A10743,1500,3641,0,No,5141.0
BILL10744,A10744,3000,7237,24000,No,34237.0
BILL10745,A10745,8000,14056,0,No,22056.0
BILL10746,A10746,6000,19709,35000,Yes,12141.8
BILL10747,A10747,35000,13813,0,No,48813.0
BILL10748,A10748,65000,1644,28000,No,94644.0
BILL10749,A10749,2000,16041,3000,No,21041.0
BILL10750,A10750,12000,16915,10000,No,38915.0
BILL10751,A10751,3500,16190,16000,No,35690.0
BILL10752,A10752,450000,6874,0,Yes,91374.8
BILL10753,A10753,1500,16758,6000,Yes,4851.6
BILL10754,A10754,8000,7078,0,Yes,3015.6
BILL10755,A10755,3000,16647,5000,No,24647.0
BILL10756,A10756,1000,11990,0,No,12990.0
BILL10757,A10757,40000,9145,16000,Yes,13029.0
BILL10758,A10758,1000,13189,15000,Yes,5837.8
BILL10759,A10759,15000,19615,24000,No,58615.0
BILL10760,A10760,1200,3065,0,Yes,853.0
BILL10761,A10761,800,8318,0,No,9118.0
BILL10762,A10762,70000,8781,0,Yes,15756.2
BILL10763,A10763,5000,4750,4000,Yes,2750.0
BILL10764,A10764,70000,12445,21000,Yes,20689.0
BILL10765,A10765,80000,6059,6000,Yes,18411.8
BILL10766,A10766,8000,9442,50000,Yes,13488.4
BILL10767,A10767,5000,7938,20000,Yes,6587.6
BILL10768,A10768,15000,1384,12000,Yes,5676.8
BILL10769,A10769,15000,11949,40000,Yes,13389.8
BILL10770,A10770,250000,1566,10000,Yes,52313.2
BILL10771,A10771,250000,12774,15000,Yes,55554.8
BILL10772,A10772,80000,7011,8000,No,95011.0
BILL10773,A10773,15000,19516,12000,Yes,9303.2
BILL10774,A10774,2000,4460,0,Yes,1292.0
BILL10775,A10775,1000,12944,20000,No,33944.0
BILL10776,A10776,10000,17698,20000,No,47698.0
BILL10777,A10777,8000,9566,6000,Yes,4713.2
BILL10778,A10778,2000,15527,12000,Yes,5905.4
BILL10779,A10779,15000,9505,0,Yes,4901.0
BILL10780,A10780,5000,13159,24000,Yes,8431.8
BILL10781,A10781,450000,8939,14000,Yes,94587.8
BILL10782,A10782,2000,2003,3000,Yes,1400.6
BILL10783,A10783,65000,17425,15000,No,97425.0
BILL10784,A10784,4000,15309,0,Yes,3861.8
BILL10785,A10785,5000,10047,15000,Yes,6009.4
BILL10786,A10786,1000,14493,0,No,15493.0
BILL10787,A10787,35000,13413,5000,No,53413.0
BILL10788,A10788,70000,8614,3000,No,81614.0
BILL10789,A10789,15000,4972,0,Yes,3994.4
BILL10790,A10790,250000,19190,10000,Yes,55838.0
BILL10791,A10791,250000,11499,0,No,261499.0
BILL10792,A10792,70000,19360,0,No,89360.0
BILL10793,A10793,1200,2787,16000,No,19987.0
BILL10794,A10794,70000,1192,30000,Yes,20238.4
BILL10795,A10795,450000,14793,8000,Yes,94558.6
BILL10796,A10796,1200,17975,6000,No,25175.0
BILL10797,A10797,8000,11244,6000,Yes,5048.8
BILL10798,A10798,1200,17465,8000,Yes,5333.0
BILL10799,A10799,4000,15621,10000,Yes,5924.2
BILL10800,A10800,3000,15879,21000,Yes,7975.8
BILL10801,A10801,3000,8235,6000,Yes,3447.0
BILL10802,A10802,6000,9137,28000,Yes,8627.4
BILL10803,A10803,1500,11032,25000,No,37532.0
BILL10804,A10804,250000,12663,20000,No,282663.0
BILL10805,A10805,1500,16001,0,No,17501.0
BILL10806,A10806,1500,1251,0,No,2751.0
BILL10807,A10807,1500,6510,45000,Yes,10602.0
BILL10808,A10808,12000,15813,6000,No,33813.0
BILL10809,A10809,3000,17796,15000,Yes,7159.2
BILL10810,A10810,800,15915,10000,Yes,5343.0
BILL10811,A10811,250000,18252,4000,No,272252.0
BILL10812,A10812,12000,6474,30000,No,48474.0
BILL10813,A10813,800,13578,6000,No,20378.0
BILL10814,A10814,1200,19177,8000,Yes,5675.4
BILL10815,A10815,6000,16621,15000,Yes,7524.2
BILL10816,A10816,12000,19775,12000,No,43775.0
BILL10817,A10817,250000,3857,3000,No,256857.0
BILL10818,A10818,5000,8641,10000,Yes,4728.2
BILL10819,A10819,65000,16901,25000,Yes,21380.2
BILL10820,A10820,40000,17048,2000,Yes,11809.6
BILL10821,A10821,6000,2667,14000,Yes,4533.4
BILL10822,A10822,3500,13753,0,Yes,3450.6
BILL10823,A10823,1000,1481,25000,Yes,5496.2
BILL10824,A10824,1500,16751,14000,No,32251.0
BILL10825,A10825,15000,17792,6000,No,38792.0
BILL10826,A10826,80000,10375,15000,Yes,21075.0
BILL10827,A10827,450000,9311,27000,No,486311.0
BILL10828,A10828,80000,7971,0,Yes,17594.2
BILL10829,A10829,2500,12010,35000,Yes,9902.0
BILL10830,A10830,4000,11266,8000,No,23266.0
BILL10831,A10831,3500,737,0,No,4237.0
BILL10832,A10832,15000,4736,20000,Yes,7947.2
BILL10833,A10833,70000,2392,12000,Yes,16878.4
BILL10834,A10834,180000,15300,15000,No,210300.0
BILL10835,A10835,2500,13278,0,Yes,3155.6
BILL10836,A10836,12000,3210,10000,Yes,5042.0
BILL10837,A10837,2500,17515,12000,No,32015.0
BILL10838,A10838,15000,16968,28000,No,59968.0
BILL10839,A10839,6000,9254,8000,Yes,4650.8
BILL10840,A10840,3500,19260,0,No,22760.0
BILL10841,A10841,1000,19755,6000,Yes,5351.0
BILL10842,A10842,10000,6601,0,Yes,3320.2
BILL10843,A10843,10000,12681,50000,Yes,14536.2
BILL10844,A10844,80000,11715,6000,Yes,19543.0
BILL10845,A10845,15000,2272,10000,No,27272.0
BILL10846,A10846,60000,5708,24000,No,89708.0
BILL10847,A10847,1000,1737,9000,Yes,2347.4
BILL10848,A10848,12000,13679,5000,Yes,6135.8
BILL10849,A10849,5000,1198,0,No,6198.0
BILL10850,A10850,800,12238,10000,Yes,4607.6
BILL10851,A10851,6000,605,0,Yes,1321.0
BILL10852,A10852,12000,19936,6000,No,37936.0
BILL10853,A10853,450000,9517,8000,No,467517.0
BILL10854,A10854,12000,15668,21000,No,48668.0
BILL10855,A10855,450000,1343,14000,Yes,93068.6
BILL10856,A10856,6000,12207,9000,Yes,5441.4
BILL10857,A10857,12000,11194,8000,Yes,6238.8
BILL10858,A10858,6000,4695,18000,Yes,5739.0
BILL10859,A10859,1000,17922,3000,No,21922.0
BILL10860,A10860,10000,13099,15000,No,38099.0
BILL10861,A10861,800,2317,36000,Yes,7823.4
BILL10862,A10862,3000,4577,0,Yes,1515.4
BILL10863,A10863,80000,2332,12000,Yes,18866.4
BILL10864,A10864,15000,9933,0,Yes,4986.6
BILL10865,A10865,2500,17415,28000,Yes,9583.0
BILL10866,A10866,2000,16406,35000,No,53406.0
BILL10867,A10867,5000,19731,9000,Yes,6746.2
BILL10868,A10868,1000,11297,4000,Yes,3259.4
BILL10869,A10869,450000,3939,4000,No,457939.0
BILL10870,A10870,4000,18056,9000,Yes,6211.2
BILL10871,A10871,800,6653,15000,Yes,4490.6
BILL10872,A10872,1000,9494,12000,Yes,4498.8
BILL10873,A10873,40000,3726,8000,Yes,10345.2
BILL10874,A10874,40000,12373,0,Yes,10474.6
BILL10875,A10875,1200,14223,6000,Yes,4284.6
BILL10876,A10876,10000,11590,6000,Yes,5518.0
BILL10877,A10877,3500,17319,0,Yes,4163.8
BILL10878,A10878,10000,11259,32000,Yes,10651.8
BILL10879,A10879,6000,16943,45000,Yes,13588.6
BILL10880,A10880,15000,11594,4000,No,30594.0
BILL10881,A10881,1200,10139,4000,Yes,3067.8
BILL10882,A10882,60000,4272,0,No,64272.0
BILL10883,A10883,40000,17225,0,No,57225.0
BILL10884,A10884,1500,9940,0,No,11440.0
BILL10885,A10885,180000,1845,21000,No,202845.0
BILL10886,A10886,70000,1376,0,No,71376.0
BILL10887,A10887,12000,14032,20000,Yes,9206.4
BILL10888,A10888,5000,12044,15000,Yes,6408.8
BILL10889,A10889,65000,11399,2000,No,78399.0
BILL10890,A10890,1000,17139,6000,No,24139.0
BILL10891,A10891,15000,15135,40000,No,70135.0
BILL10892,A10892,1000,10331,30000,No,41331.0
BILL10893,A10893,1000,15311,15000,No,31311.0
BILL10894,A10894,15000,9396,0,Yes,4879.2
BILL10895,A10895,1200,6395,16000,Yes,4719.0
BILL10896,A10896,65000,4349,3000,Yes,14469.8
BILL10897,A10897,70000,15159,0,No,85159.0
BILL10898,A10898,2500,19728,30000,Yes,10445.6
BILL10899,A10899,2000,15898,6000,Yes,4779.6
BILL10900,A10900,1000,2535,0,No,3535.0
BILL10901,A10901,65000,12433,8000,Yes,17086.6
BILL10902,A10902,3000,10675,0,Yes,2735.0
BILL10903,A10903,1200,9188,0,Yes,2077.6
BILL10904,A10904,12000,4844,12000,No,28844.0
BILL10905,A10905,450000,11671,50000,No,511671.0
BILL10906,A10906,2500,16509,8000,Yes,5401.8
BILL10907,A10907,8000,12428,24000,Yes,8885.6
BILL10908,A10908,5000,1478,9000,No,15478.0
BILL10909,A10909,6000,14620,20000,Yes,8124.0
BILL10910,A10910,800,1182,45000,Yes,9396.4
BILL10911,A10911,5000,5574,18000,Yes,5714.8
BILL10912,A10912,800,16316,15000,Yes,6423.2
BILL10913,A10913,450000,2556,8000,No,460556.0
BILL10914,A10914,1000,4208,6000,Yes,2241.6
BILL10915,A10915,15000,16767,0,Yes,6353.4
BILL10916,A10916,35000,9770,8000,Yes,10554.0
BILL10917,A10917,15000,8385,32000,Yes,11077.0
BILL10918,A10918,250000,11516,16000,No,277516.0
BILL10919,A10919,40000,6638,0,Yes,9327.6
BILL10920,A10920,180000,18792,0,Yes,39758.4
BILL10921,A10921,80000,16348,0,Yes,19269.6
BILL10922,A10922,10000,2268,8000,No,20268.0
BILL10923,A10923,450000,10380,10000,Yes,94076.0
BILL10924,A10924,450000,14176,0,Yes,92835.2
BILL10925,A10925,4000,3103,0,Yes,1420.6
BILL10926,A10926,15000,11301,0,Yes,5260.2
BILL10927,A10927,1000,5699,4000,Yes,2139.8
BILL10928,A10928,70000,19475,0,Yes,17895.0
BILL10929,A10929,6000,7809,15000,Yes,5761.8
BILL10930,A10930,10000,2014,9000,No,21014.0
BILL10931,A10931,6000,14270,0,Yes,4054.0
BILL10932,A10932,180000,17462,16000,Yes,42692.4
BILL10933,A10933,15000,1300,6000,Yes,4460.0
BILL10934,A10934,15000,12683,0,Yes,5536.6
BILL10935,A10935,2000,3542,14000,Yes,3908.4
BILL10936,A10936,70000,7204,0,Yes,15440.8
BILL10937,A10937,65000,13800,8000,Yes,17360.0
BILL10938,A10938,5000,6721,0,No,11721.0
BILL10939,A10939,10000,19199,10000,Yes,7839.8
BILL10940,A10940,1000,19749,0,Yes,4149.8
BILL10941,A10941,15000,579,6000,Yes,4315.8
BILL10942,A10942,10000,15165,15000,No,40165.0
BILL10943,A10943,12000,2557,18000,Yes,6511.4
BILL10944,A10944,15000,9784,15000,Yes,7956.8
BILL10945,A10945,10000,14007,35000,Yes,11801.4
BILL10946,A10946,1500,8641,8000,No,18141.0
BILL10947,A10947,6000,4927,4000,Yes,2985.4
BILL10948,A10948,5000,10296,10000,Yes,5059.2
BILL10949,A10949,800,6606,15000,Yes,4481.2
BILL10950,A10950,3000,16252,28000,Yes,9450.4
BILL10951,A10951,6000,14034,32000,Yes,10406.8
BILL10952,A10952,3500,1482,8000,Yes,2596.4
BILL10953,A10953,800,18810,12000,No,31610.0
BILL10954,A10954,5000,5954,30000,Yes,8190.8
BILL10955,A10955,8000,14724,25000,Yes,9544.8
BILL10956,A10956,450000,19960,4000,Yes,94792.0
BILL10957,A10957,6000,18511,40000,Yes,12902.2
BILL10958,A10958,4000,10407,8000,Yes,4481.4
BILL10959,A10959,3500,6030,8000,Yes,3506.0
BILL10960,A10960,35000,15110,0,Yes,10022.0
BILL10961,A10961,450000,8929,40000,No,498929.0
BILL10962,A10962,65000,7618,28000,Yes,20123.6
BILL10963,A10963,3000,11216,0,No,14216.0
BILL10964,A10964,3500,13717,4000,No,21217.0
BILL10965,A10965,250000,6922,28000,Yes,56984.4
BILL10966,A10966,450000,5500,50000,No,505500.0
BILL10967,A10967,6000,19614,14000,No,39614.0
BILL10968,A10968,5000,19025,40000,Yes,12805.0
BILL10969,A10969,8000,19805,30000,Yes,11561.0
BILL10970,A10970,5000,17518,10000,No,32518.0
BILL10971,A10971,2000,4489,0,No,6489.0
BILL10972,A10972,8000,19392,0,Yes,5478.4
BILL10973,A10973,1000,4969,36000,Yes,8393.8
BILL10974,A10974,12000,16577,0,Yes,5715.4
BILL10975,A10975,70000,2218,9000,Yes,16243.6
BILL10976,A10976,4000,8049,15000,No,27049.0
BILL10977,A10977,800,9342,0,No,10142.0
BILL10978,A10978,35000,2607,24000,Yes,12321.4
BILL10979,A10979,15000,16619,40000,No,71619.0
BILL10980,A10980,15000,17566,16000,Yes,9713.2
BILL10981,A10981,1000,8515,18000,No,27515.0
BILL10982,A10982,12000,11303,40000,Yes,12660.6
BILL10983,A10983,65000,11167,10000,No,86167.0
BILL10984,A10984,15000,12684,0,Yes,5536.8
BILL10985,A10985,1000,18903,6000,Yes,5180.6
BILL10986,A10986,60000,12052,4000,Yes,15210.4
BILL10987,A10987,1000,4817,45000,Yes,10163.4
BILL10988,A10988,800,16195,0,Yes,3399.0
BILL10989,A10989,5000,8870,20000,Yes,6774.0
BILL10990,A10990,250000,14073,0,Yes,52814.6
BILL10991,A10991,2000,1693,4000,Yes,1538.6
BILL10992,A10992,12000,8867,50000,Yes,14173.4
BILL10993,A10993,5000,8734,0,Yes,2746.8
BILL10994,A10994,6000,2513,0,Yes,1702.6
BILL10995,A10995,40000,17215,20000,Yes,15443.0
BILL10996,A10996,1000,15439,14000,No,30439.0
BILL10997,A10997,1500,4998,10000,Yes,3299.6
BILL10998,A10998,1200,3213,2000,Yes,1282.6
BILL10999,A10999,2000,17791,12000,No,31791.0
BILL11000,A11000,15000,1211,0,Yes,3242.2
BILL11001,A11001,15000,3818,0,Yes,3763.6
BILL11002,A11002,70000,18434,12000,Yes,20086.8
BILL11003,A11003,450000,3370,40000,No,493370.0
BILL11004,A11004,2000,6582,12000,No,20582.0
BILL11005,A11005,80000,16907,5000,No,101907.0
BILL11006,A11006,10000,13959,0,Yes,4791.8
BILL11007,A11007,40000,16555,8000,No,64555.0
BILL11008,A11008,1000,4722,0,Yes,1144.4
BILL11009,A11009,2000,3638,0,Yes,1127.6
BILL11010,A11010,180000,17061,14000,No,211061.0
BILL11011,A11011,15000,16591,0,Yes,6318.2
BILL11012,A11012,3500,5451,21000,Yes,5990.2
BILL11013,A11013,2500,17825,0,Yes,4065.0
BILL11014,A11014,40000,10182,0,Yes,10036.4
BILL11015,A11015,6000,1185,12000,No,19185.0
BILL11016,A11016,1000,16001,20000,No,37001.0
BILL11017,A11017,1000,12012,15000,Yes,5602.4
BILL11018,A11018,3000,4204,24000,Yes,6240.8
BILL11019,A11019,15000,17008,9000,Yes,8201.6
BILL11020,A11020,800,704,10000,Yes,2300.8
BILL11021,A11021,5000,12502,0,Yes,3500.4
BILL11022,A11022,35000,14528,0,Yes,9905.6
BILL11023,A11023,3000,5518,0,Yes,1703.6
BILL11024,A11024,65000,18514,10000,Yes,18702.8
BILL11025,A11025,10000,7091,10000,Yes,5418.2
BILL11026,A11026,1000,15147,9000,No,25147.0
BILL11027,A11027,2500,5578,10000,Yes,3615.6
BILL11028,A11028,35000,3209,0,Yes,7641.8
BILL11029,A11029,250000,8656,18000,Yes,55331.2
BILL11030,A11030,65000,14425,10000,Yes,17885.0
BILL11031,A11031,3000,1916,6000,Yes,2183.2
BILL11032,A11032,3000,13663,8000,No,24663.0
BILL11033,A11033,450000,12158,0,Yes,92431.6
BILL11034,A11034,3000,14214,24000,Yes,8242.8
BILL11035,A11035,1500,11177,20000,Yes,6535.4
BILL11036,A11036,40000,14294,0,No,54294.0
BILL11037,A11037,450000,2274,9000,Yes,92254.8
BILL11038,A11038,1000,16001,4000,Yes,4200.2
BILL11039,A11039,8000,10791,4000,Yes,4558.2
BILL11040,A11040,6000,12173,0,Yes,3634.6
BILL11041,A11041,1000,1865,15000,Yes,3573.0
BILL11042,A11042,10000,10959,15000,No,35959.0
BILL11043,A11043,2000,2826,6000,Yes,2165.2
BILL11044,A11044,3500,17622,14000,No,35122.0
BILL11045,A11045,80000,15364,3000,No,98364.0
BILL11046,A11046,1200,8394,0,No,9594.0
BILL11047,A11047,15000,6648,0,No,21648.0
BILL11048,A11048,35000,8080,12000,Yes,11016.0
BILL11049,A11049,12000,12643,0,Yes,4928.6
BILL11050,A11050,60000,19595,12000,No,91595.0
BILL11051,A11051,10000,14216,8000,Yes,6443.2
BILL11052,A11052,1000,2337,0,Yes,667.4
BILL11053,A11053,3500,6671,12000,No,22171.0
BILL11054,A11054,3000,17801,6000,Yes,5360.2
BILL11055,A11055,450000,9393,21000,Yes,96078.6
BILL11056,A11056,1000,9185,0,No,10185.0
BILL11057,A11057,1000,11455,0,No,12455.0
BILL11058,A11058,2000,19293,14000,Yes,7058.6
BILL11059,A11059,6000,1631,8000,Yes,3126.2
BILL11060,A11060,6000,2623,0,No,8623.0
BILL11061,A11061,2500,18338,0,No,20838.0
BILL11062,A11062,1000,3728,2000,Yes,1345.6
BILL11063,A11063,12000,6737,16000,Yes,6947.4
BILL11064,A11064,800,12461,9000,Yes,4452.2
BILL11065,A11065,40000,14152,0,No,54152.0
BILL11066,A11066,10000,713,0,Yes,2142.6
BILL11067,A11067,180000,12568,24000,Yes,43313.6
BILL11068,A11068,10000,2234,8000,Yes,4046.8
BILL11069,A11069,65000,18203,0,Yes,16640.6
BILL11070,A11070,15000,9135,12000,Yes,7227.0
BILL11071,A11071,6000,15211,0,Yes,4242.2
BILL11072,A11072,3000,5307,10000,No,18307.0
BILL11073,A11073,250000,851,8000,Yes,51770.2
BILL11074,A11074,60000,4147,18000,Yes,16429.4
BILL11075,A11075,2500,6058,3000,No,11558.0
BILL11076,A11076,40000,19026,0,Yes,11805.2
BILL11077,A11077,1500,18164,32000,Yes,10332.8
BILL11078,A11078,3500,4053,35000,Yes,8510.6
BILL11079,A11079,12000,15063,4000,Yes,6212.6
BILL11080,A11080,65000,3593,15000,No,83593.0
BILL11081,A11081,80000,8257,3000,Yes,18251.4
BILL11082,A11082,2000,2767,0,No,4767.0
BILL11083,A11083,6000,12397,20000,No,38397.0
BILL11084,A11084,4000,18463,9000,Yes,6292.6
BILL11085,A11085,1200,2912,10000,Yes,2822.4
BILL11086,A11086,65000,12813,28000,Yes,21162.6
BILL11087,A11087,250000,1415,12000,No,263415.0
BILL11088,A11088,180000,1914,0,Yes,36382.8
BILL11089,A11089,60000,10199,28000,No,98199.0
BILL11090,A11090,1000,11446,30000,No,42446.0
BILL11091,A11091,2500,12578,35000,Yes,10015.6
BILL11092,A11092,6000,16800,30000,No,52800.0
BILL11093,A11093,450000,719,4000,Yes,90943.8
BILL11094,A11094,450000,904,10000,Yes,92180.8
BILL11095,A11095,8000,10996,15000,Yes,6799.2
BILL11096,A11096,2000,6473,5000,Yes,2694.6
BILL11097,A11097,5000,5746,25000,Yes,7149.2
BILL11098,A11098,1200,4716,0,No,5916.0
BILL11099,A11099,35000,2625,16000,Yes,10725.0
BILL11100,A11100,8000,17294,0,No,25294.0
BILL11101,A11101,450000,1364,0,Yes,90272.8
BILL11102,A11102,8000,605,8000,Yes,3321.0
BILL11103,A11103,10000,19235,18000,No,47235.0
BILL11104,A11104,80000,2703,40000,Yes,24540.6
BILL11105,A11105,1000,6932,0,Yes,1586.4
BILL11106,A11106,2000,13810,6000,Yes,4362.0
BILL11107,A11107,65000,11795,50000,Yes,25359.0
BILL11108,A11108,2500,16587,50000,No,69087.0
BILL11109,A11109,2500,3273,0,No,5773.0
BILL11110,A11110,6000,15709,0,No,21709.0
BILL11111,A11111,8000,17097,3000,No,28097.0
BILL11112,A11112,4000,3795,6000,Yes,2759.0
BILL11113,A11113,70000,14485,5000,Yes,17897.0
BILL11114,A11114,15000,1423,0,Yes,3284.6
BILL11115,A11115,1500,10918,0,Yes,2483.6
BILL11116,A11116,35000,18946,4000,No,57946.0
BILL11117,A11117,15000,5980,24000,Yes,8996.0
BILL11118,A11118,5000,4436,6000,Yes,3087.2
BILL11119,A11119,1000,8369,0,No,9369.0
BILL11120,A11120,35000,17888,0,Yes,10577.6
BILL11121,A11121,6000,2096,0,Yes,1619.2
BILL11122,A11122,12000,14407,10000,No,36407.0
BILL11123,A11123,3000,17701,40000,Yes,12140.2
BILL11124,A11124,4000,6697,0,Yes,2139.4
BILL11125,A11125,8000,18555,3000,No,29555.0
BILL11126,A11126,60000,16558,0,Yes,15311.6
BILL11127,A11127,450000,15221,8000,Yes,94644.2
BILL11128,A11128,8000,8323,0,No,16323.0
BILL11129,A11129,3500,11414,24000,Yes,7782.8
BILL11130,A11130,2000,8206,12000,Yes,4441.2
BILL11131,A11131,15000,19462,0,No,34462.0
BILL11132,A11132,180000,6314,4000,Yes,38062.8
BILL11133,A11133,15000,1682,4000,Yes,4136.4
BILL11134,A11134,15000,2517,45000,No,62517.0
BILL11135,A11135,12000,14452,4000,Yes,6090.4
BILL11136,A11136,1000,16585,0,Yes,3517.0
BILL11137,A11137,60000,19131,45000,No,124131.0
BILL11138,A11138,12000,19348,3000,Yes,6869.6
BILL11139,A11139,3000,8330,20000,Yes,6266.0
BILL11140,A11140,180000,3000,9000,No,192000.0
BILL11141,A11141,80000,16175,18000,Yes,22835.0
BILL11142,A11142,5000,13388,0,Yes,3677.6
BILL11143,A11143,8000,16144,40000,Yes,12828.8
BILL11144,A11144,1000,11294,8000,Yes,4058.8
BILL11145,A11145,1200,6125,4000,Yes,2265.0
BILL11146,A11146,3500,9569,0,Yes,2613.8
BILL11147,A11147,8000,17020,4000,Yes,5804.0
BILL11148,A11148,1500,18801,18000,Yes,7660.2
BILL11149,A11149,2000,19808,9000,Yes,6161.6
BILL11150,A11150,250000,12571,8000,Yes,54114.2
BILL11151,A11151,1500,19196,9000,No,29696.0
BILL11152,A11152,2000,5003,18000,Yes,5000.6
BILL11153,A11153,6000,15576,15000,Yes,7315.2
BILL11154,A11154,5000,764,0,Yes,1152.8
BILL11155,A11155,1500,9573,0,Yes,2214.6
BILL11156,A11156,1000,2317,0,Yes,663.4
BILL11157,A11157,250000,16305,25000,No,291305.0
BILL11158,A11158,5000,18933,4000,Yes,5586.6
BILL11159,A11159,65000,7179,0,No,72179.0
BILL11160,A11160,450000,10371,3000,Yes,92674.2
BILL11161,A11161,1200,10961,3000,Yes,3032.2
BILL11162,A11162,180000,16979,2000,Yes,39795.8
BILL11163,A11163,180000,11327,10000,Yes,40265.4
BILL11164,A11164,15000,19754,0,No,34754.0
BILL11165,A11165,800,15554,0,Yes,3270.8
BILL11166,A11166,8000,9402,14000,No,31402.0
BILL11167,A11167,8000,6663,10000,Yes,4932.6
BILL11168,A11168,6000,12727,15000,Yes,6745.4
BILL11169,A11169,250000,14187,21000,No,285187.0
BILL11170,A11170,70000,8907,18000,Yes,19381.4
BILL11171,A11171,15000,3790,15000,Yes,6758.0
BILL11172,A11172,80000,15593,0,No,95593.0
BILL11173,A11173,800,18099,40000,Yes,11779.8
BILL11174,A11174,5000,13598,12000,Yes,6119.6
BILL11175,A11175,180000,19479,36000,Yes,47095.8
BILL11176,A11176,8000,3978,20000,No,31978.0
BILL11177,A11177,35000,2710,14000,Yes,10342.0
BILL11178,A11178,8000,16450,0,Yes,4890.0
BILL11179,A11179,5000,6822,0,Yes,2364.4
BILL11180,A11180,6000,19654,6000,Yes,6330.8
BILL11181,A11181,2000,545,18000,No,20545.0
BILL11182,A11182,6000,2826,40000,Yes,9765.2
BILL11183,A11183,3000,4223,27000,No,34223.0
BILL11184,A11184,35000,19709,9000,Yes,12741.8
BILL11185,A11185,4000,11017,6000,Yes,4203.4
BILL11186,A11186,180000,16975,6000,Yes,40595.0
BILL11187,A11187,1000,11147,0,Yes,2429.4
BILL11188,A11188,80000,6681,8000,Yes,18936.2
BILL11189,A11189,1000,13463,14000,Yes,5692.6
BILL11190,A11190,2000,14001,24000,No,40001.0
BILL11191,A11191,40000,5787,0,Yes,9157.4
BILL11192,A11192,6000,11455,40000,Yes,11491.0
BILL11193,A11193,15000,5830,0,No,20830.0
BILL11194,A11194,65000,4544,0,Yes,13908.8
BILL11195,A11195,60000,8713,25000,Yes,18742.6
BILL11196,A11196,6000,6058,15000,No,27058.0
BILL11197,A11197,8000,19165,40000,Yes,13433.0
BILL11198,A11198,5000,3231,0,Yes,1646.2
BILL11199,A11199,5000,10169,9000,Yes,4833.8
BILL11200,A11200,250000,13050,4000,No,267050.0
BILL11201,A11201,3500,11658,32000,Yes,9431.6
BILL11202,A11202,12000,2124,16000,Yes,6024.8
BILL11203,A11203,1500,8686,0,Yes,2037.2
BILL11204,A11204,1000,19442,4000,Yes,4888.4
BILL11205,A11205,35000,6722,32000,Yes,14744.4
BILL11206,A11206,65000,9011,2000,No,76011.0
BILL11207,A11207,40000,514,3000,Yes,8702.8
BILL11208,A11208,1000,3996,0,Yes,999.2
BILL11209,A11209,5000,2707,0,Yes,1541.4
BILL11210,A11210,1500,11557,0,Yes,2611.4
BILL11211,A11211,15000,3314,20000,Yes,7662.8
BILL11212,A11212,5000,6783,0,No,11783.0
BILL11213,A11213,35000,14745,15000,Yes,12949.0
BILL11214,A11214,8000,904,6000,Yes,2980.8
BILL11215,A11215,12000,2706,0,No,14706.0
BILL11216,A11216,4000,10969,0,Yes,2993.8
BILL11217,A11217,1000,3740,32000,No,36740.0
BILL11218,A11218,6000,18483,6000,Yes,6096.6
BILL11219,A11219,10000,11287,12000,No,33287.0
BILL11220,A11220,5000,10462,0,Yes,3092.4
BILL11221,A11221,250000,19665,16000,Yes,57133.0
BILL11222,A11222,450000,3863,0,Yes,90772.6
BILL11223,A11223,5000,19600,20000,Yes,8920.0
BILL11224,A11224,65000,10009,0,Yes,15001.8
BILL11225,A11225,5000,3255,21000,No,29255.0
BILL11226,A11226,65000,12356,15000,No,92356.0
BILL11227,A11227,10000,19540,27000,Yes,11308.0
BILL11228,A11228,800,9822,12000,Yes,4524.4
BILL11229,A11229,1000,5540,4000,No,10540.0
BILL11230,A11230,80000,5817,14000,Yes,19963.4
BILL11231,A11231,1500,10394,0,Yes,2378.8
BILL11232,A11232,800,17083,8000,No,25883.0
BILL11233,A11233,2500,14781,0,Yes,3456.2
BILL11234,A11234,15000,10241,12000,No,37241.0
BILL11235,A11235,15000,5312,10000,Yes,6062.4
BILL11236,A11236,12000,4583,9000,No,25583.0
BILL11237,A11237,4000,15477,0,No,19477.0
BILL11238,A11238,60000,3835,30000,Yes,18767.0
BILL11239,A11239,6000,9449,20000,No,35449.0
BILL11240,A11240,1000,10768,6000,No,17768.0
BILL11241,A11241,6000,4225,6000,No,16225.0
BILL11242,A11242,8000,3723,24000,Yes,7144.6
BILL11243,A11243,2000,10810,0,Yes,2562.0
BILL11244,A11244,15000,12273,25000,No,52273.0
BILL11245,A11245,5000,17985,12000,No,34985.0
BILL11246,A11246,250000,8227,12000,Yes,54045.4
BILL11247,A11247,4000,8715,6000,No,18715.0
BILL11248,A11248,450000,5334,24000,Yes,95866.8
BILL11249,A11249,1000,13379,10000,No,24379.0
BILL11250,A11250,5000,8452,6000,Yes,3890.4
BILL11251,A11251,800,5069,4000,Yes,1973.8
BILL11252,A11252,2000,8794,0,Yes,2158.8
BILL11253,A11253,8000,14390,15000,No,37390.0
BILL11254,A11254,250000,15186,0,Yes,53037.2
BILL11255,A11255,5000,10688,3000,Yes,3737.6
BILL11256,A11256,450000,6984,50000,Yes,101396.8
BILL11257,A11257,4000,14479,5000,No,23479.0
BILL11258,A11258,6000,10408,6000,No,22408.0
BILL11259,A11259,15000,16858,0,No,31858.0
BILL11260,A11260,15000,2958,14000,Yes,6391.6
BILL11261,A11261,250000,11576,6000,No,267576.0
BILL11262,A11262,12000,2196,10000,Yes,4839.2
BILL11263,A11263,35000,7665,4000,No,46665.0
BILL11264,A11264,12000,12636,0,Yes,4927.2
BILL11265,A11265,12000,16656,15000,Yes,8731.2
BILL11266,A11266,450000,15637,21000,Yes,97327.4
BILL11267,A11267,3000,6491,0,Yes,1898.2
BILL11268,A11268,15000,2621,15000,No,32621.0
BILL11269,A11269,1000,17927,30000,Yes,9785.4
BILL11270,A11270,8000,16405,10000,No,34405.0
BILL11271,A11271,80000,8165,12000,No,100165.0
BILL11272,A11272,15000,7693,2000,No,24693.0
BILL11273,A11273,60000,6046,0,No,66046.0
BILL11274,A11274,800,6781,0,No,7581.0
BILL11275,A11275,4000,15554,10000,Yes,5910.8
BILL11276,A11276,65000,16166,0,Yes,16233.2
BILL11277,A11277,1000,8110,8000,No,17110.0
BILL11278,A11278,15000,15462,6000,Yes,7292.4
BILL11279,A11279,6000,12532,0,Yes,3706.4
BILL11280,A11280,2500,3142,0,No,5642.0
BILL11281,A11281,180000,19937,12000,No,211937.0
BILL11282,A11282,450000,6764,0,Yes,91352.8
BILL11283,A11283,12000,15821,0,Yes,5564.2
BILL11284,A11284,180000,15877,18000,Yes,42775.4
BILL11285,A11285,1200,12786,6000,No,19986.0
BILL11286,A11286,35000,18574,0,Yes,10714.8
BILL11287,A11287,450000,19435,15000,Yes,96887.0
BILL11288,A11288,3500,11854,5000,Yes,4070.8
BILL11289,A11289,2000,14136,20000,Yes,7227.2
BILL11290,A11290,60000,2816,9000,Yes,14363.2
BILL11291,A11291,3000,876,8000,No,11876.0
BILL11292,A11292,3500,12244,8000,Yes,4748.8
BILL11293,A11293,1000,8928,20000,No,29928.0
BILL11294,A11294,12000,9606,24000,Yes,9121.2
BILL11295,A11295,12000,12649,0,Yes,4929.8
BILL11296,A11296,800,6927,0,No,7727.0
BILL11297,A11297,12000,11228,0,Yes,4645.6
BILL11298,A11298,10000,3654,15000,Yes,5730.8
BILL11299,A11299,8000,12112,8000,No,28112.0
BILL11300,A11300,1000,3760,6000,Yes,2152.0
BILL11301,A11301,8000,16814,4000,Yes,5762.8
BILL11302,A11302,1000,8049,10000,Yes,3809.8
BILL11303,A11303,8000,12148,0,No,20148.0
BILL11304,A11304,4000,11483,2000,Yes,3496.6
BILL11305,A11305,70000,16596,18000,Yes,20919.2
BILL11306,A11306,15000,5164,0,Yes,4032.8
BILL11307,A11307,8000,4901,0,No,12901.0
BILL11308,A11308,80000,16453,15000,No,111453.0
BILL11309,A11309,5000,1795,21000,No,27795.0
BILL11310,A11310,3000,6152,6000,Yes,3030.4
BILL11311,A11311,3500,18358,8000,Yes,5971.6
BILL11312,A11312,12000,3127,0,Yes,3025.4
BILL11313,A11313,3000,17746,30000,Yes,10149.2
BILL11314,A11314,12000,10566,50000,No,72566.0
BILL11315,A11315,65000,10990,0,No,75990.0
BILL11316,A11316,1500,4432,2000,No,7932.0
BILL11317,A11317,6000,14958,0,No,20958.0
BILL11318,A11318,800,14364,0,No,15164.0
BILL11319,A11319,60000,16819,0,Yes,15363.8
BILL11320,A11320,1000,10520,0,Yes,2304.0
BILL11321,A11321,40000,3945,0,No,43945.0
BILL11322,A11322,250000,17010,10000,Yes,55402.0
BILL11323,A11323,80000,8388,0,No,88388.0
BILL11324,A11324,800,11455,4000,No,16255.0
BILL11325,A11325,35000,1363,10000,Yes,9272.6
BILL11326,A11326,450000,17950,14000,Yes,96390.0
BILL11327,A11327,8000,1113,15000,No,24113.0
BILL11328,A11328,5000,10259,12000,No,27259.0
BILL11329,A11329,10000,1726,0,Yes,2345.2
BILL11330,A11330,80000,16910,0,Yes,19382.0
BILL11331,A11331,65000,8784,14000,Yes,17556.8
BILL11332,A11332,80000,15171,6000,Yes,20234.2
BILL11333,A11333,12000,9078,15000,Yes,7215.6
BILL11334,A11334,4000,18527,15000,Yes,7505.4
BILL11335,A11335,15000,6777,0,No,21777.0
BILL11336,A11336,3000,9725,50000,No,62725.0
BILL11337,A11337,70000,852,0,No,70852.0
BILL11338,A11338,80000,1175,0,Yes,16235.0
BILL11339,A11339,10000,10703,0,Yes,4140.6
BILL11340,A11340,10000,7215,12000,Yes,5843.0
BILL11341,A11341,6000,3923,0,Yes,1984.6
BILL11342,A11342,35000,2673,14000,No,51673.0
BILL11343,A11343,15000,10141,50000,Yes,15028.2
BILL11344,A11344,1500,892,8000,Yes,2078.4
BILL11345,A11345,2000,4496,18000,Yes,4899.2
BILL11346,A11346,2500,11443,20000,Yes,6788.6
BILL11347,A11347,10000,4863,14000,No,28863.0
BILL11348,A11348,3000,5308,15000,No,23308.0
BILL11349,A11349,80000,12209,35000,No,127209.0
BILL11350,A11350,1200,15712,6000,No,22912.0
BILL11351,A11351,35000,16527,35000,No,86527.0
BILL11352,A11352,70000,3015,0,No,73015.0
BILL11353,A11353,10000,15375,5000,Yes,6075.0
BILL11354,A11354,2000,14850,8000,No,24850.0
BILL11355,A11355,6000,7634,35000,Yes,9726.8
BILL11356,A11356,80000,3005,18000,No,101005.0
BILL11357,A11357,1500,18097,16000,Yes,7119.4
BILL11358,A11358,1000,19300,0,Yes,4060.0
BILL11359,A11359,2000,5767,0,Yes,1553.4
BILL11360,A11360,800,16115,6000,Yes,4583.0
BILL11361,A11361,15000,12337,0,Yes,5467.4
BILL11362,A11362,70000,10955,4000,No,84955.0
BILL11363,A11363,10000,13931,0,Yes,4786.2
BILL11364,A11364,1000,15450,21000,Yes,7490.0
BILL11365,A11365,8000,18147,16000,Yes,8429.4
BILL11366,A11366,2500,19464,15000,No,36964.0
BILL11367,A11367,6000,1812,0,Yes,1562.4
BILL11368,A11368,6000,4004,20000,No,30004.0
BILL11369,A11369,12000,10952,0,Yes,4590.4
BILL11370,A11370,15000,19136,2000,No,36136.0
BILL11371,A11371,2500,18172,0,Yes,4134.4
BILL11372,A11372,8000,13322,27000,Yes,9664.4
BILL11373,A11373,4000,9639,0,Yes,2727.8
BILL11374,A11374,1000,8218,6000,Yes,3043.6
BILL11375,A11375,12000,18966,36000,Yes,13393.2
BILL11376,A11376,10000,13953,0,Yes,4790.6
BILL11377,A11377,5000,14278,0,Yes,3855.6
BILL11378,A11378,1200,2287,30000,No,33487.0
BILL11379,A11379,6000,2947,40000,Yes,9789.4
BILL11380,A11380,40000,18814,0,Yes,11762.8
BILL11381,A11381,8000,11849,28000,No,47849.0
BILL11382,A11382,10000,11911,0,No,21911.0
BILL11383,A11383,1500,10972,28000,Yes,8094.4
BILL11384,A11384,6000,1680,30000,No,37680.0
BILL11385,A11385,5000,17413,25000,Yes,9482.6
BILL11386,A11386,35000,16993,0,Yes,10398.6
BILL11387,A11387,10000,4937,12000,No,26937.0
BILL11388,A11388,3000,1525,0,Yes,905.0
BILL11389,A11389,3000,5082,0,No,8082.0
BILL11390,A11390,12000,1209,0,Yes,2641.8
BILL11391,A11391,250000,2729,10000,No,262729.0
BILL11392,A11392,6000,10168,35000,Yes,10233.6
BILL11393,A11393,450000,15035,40000,No,505035.0
BILL11394,A11394,1000,18110,16000,No,35110.0
BILL11395,A11395,6000,9658,4000,No,19658.0
BILL11396,A11396,15000,1253,24000,Yes,8050.6
BILL11397,A11397,60000,13897,45000,Yes,23779.4
BILL11398,A11398,40000,14211,0,No,54211.0
BILL11399,A11399,3000,5380,50000,Yes,11676.0
BILL11400,A11400,15000,10079,12000,No,37079.0
BILL11401,A11401,6000,16804,14000,No,36804.0
BILL11402,A11402,2000,18946,10000,Yes,6189.2
BILL11403,A11403,12000,4267,0,No,16267.0
BILL11404,A11404,1000,16952,10000,Yes,5590.4
BILL11405,A11405,15000,951,6000,Yes,4390.2
BILL11406,A11406,12000,11192,10000,No,33192.0
BILL11407,A11407,180000,9847,20000,Yes,41969.4
BILL11408,A11408,15000,1455,10000,Yes,5291.0
BILL11409,A11409,10000,10591,40000,No,60591.0
BILL11410,A11410,1200,17870,15000,No,34070.0
BILL11411,A11411,180000,8900,4000,No,192900.0
BILL11412,A11412,1000,2369,36000,No,39369.0
BILL11413,A11413,450000,7957,0,No,457957.0
BILL11414,A11414,40000,14993,0,Yes,10998.6
BILL11415,A11415,800,19296,12000,Yes,6419.2
BILL11416,A11416,8000,1231,0,No,9231.0
BILL11417,A11417,5000,4471,0,No,9471.0
BILL11418,A11418,65000,6779,18000,Yes,17955.8
BILL11419,A11419,1000,14459,0,Yes,3091.8
BILL11420,A11420,1000,8608,6000,No,15608.0
BILL11421,A11421,1000,12207,10000,No,23207.0
BILL11422,A11422,6000,3675,18000,Yes,5535.0
BILL11423,A11423,180000,12532,2000,No,194532.0
BILL11424,A11424,35000,16052,4000,Yes,11010.4
BILL11425,A11425,4000,9387,18000,No,31387.0
BILL11426,A11426,6000,15582,24000,Yes,9116.4
BILL11427,A11427,12000,5564,12000,No,29564.0
BILL11428,A11428,15000,15868,0,Yes,6173.6
BILL11429,A11429,180000,11333,21000,Yes,42466.6
BILL11430,A11430,3000,10828,2000,No,15828.0
BILL11431,A11431,15000,5573,6000,Yes,5314.6
BILL11432,A11432,5000,11528,0,Yes,3305.6
BILL11433,A11433,5000,2677,6000,Yes,2735.4
BILL11434,A11434,2500,1385,0,Yes,777.0
BILL11435,A11435,2000,879,5000,Yes,1575.8
BILL11436,A11436,3500,13673,9000,Yes,5234.6
BILL11437,A11437,800,1582,28000,No,30382.0
BILL11438,A11438,6000,6284,2000,No,14284.0
BILL11439,A11439,250000,10634,20000,Yes,56126.8
BILL11440,A11440,35000,14388,40000,No,89388.0
BILL11441,A11441,5000,8506,36000,No,49506.0
BILL11442,A11442,80000,18867,8000,No,106867.0
BILL11443,A11443,800,10853,0,Yes,2330.6
BILL11444,A11444,250000,13913,0,No,263913.0
BILL11445,A11445,60000,10745,8000,Yes,15749.0
BILL11446,A11446,80000,5142,0,No,85142.0
BILL11447,A11447,4000,3294,20000,No,27294.0
BILL11448,A11448,8000,11295,16000,Yes,7059.0
BILL11449,A11449,1500,10878,21000,Yes,6675.6
BILL11450,A11450,65000,4669,0,Yes,13933.8
BILL11451,A11451,3000,3988,0,No,6988.0
BILL11452,A11452,80000,19522,32000,No,131522.0
BILL11453,A11453,2000,6495,6000,Yes,2899.0
BILL11454,A11454,1000,11881,24000,Yes,7376.2
BILL11455,A11455,6000,11897,0,No,17897.0
BILL11456,A11456,8000,11420,30000,Yes,9884.0
BILL11457,A11457,70000,1491,20000,Yes,18298.2
BILL11458,A11458,2000,16747,8000,Yes,5349.4
BILL11459,A11459,450000,16788,4000,Yes,94157.6
BILL11460,A11460,60000,15280,0,Yes,15056.0
BILL11461,A11461,1000,10156,15000,Yes,5231.2
BILL11462,A11462,250000,9691,30000,Yes,57938.2
BILL11463,A11463,1500,16308,12000,Yes,5961.6
BILL11464,A11464,60000,9461,5000,Yes,14892.2
BILL11465,A11465,2000,19744,0,Yes,4348.8
BILL11466,A11466,2500,14496,12000,No,28996.0
BILL11467,A11467,60000,2099,15000,Yes,15419.8
BILL11468,A11468,15000,19122,0,Yes,6824.4
BILL11469,A11469,5000,18402,10000,Yes,6680.4
BILL11470,A11470,3000,15490,32000,No,50490.0
BILL11471,A11471,5000,7312,0,Yes,2462.4
BILL11472,A11472,15000,7966,0,No,22966.0
BILL11473,A11473,1000,10011,45000,Yes,11202.2
BILL11474,A11474,12000,3798,24000,Yes,7959.6
BILL11475,A11475,15000,8828,4000,Yes,5565.6
BILL11476,A11476,15000,12311,20000,No,47311.0
BILL11477,A11477,35000,12107,30000,Yes,15421.4
BILL11478,A11478,800,1926,4000,No,6726.0
BILL11479,A11479,1000,2480,30000,Yes,6696.0
BILL11480,A11480,2500,8786,15000,Yes,5257.2
BILL11481,A11481,3000,18970,9000,Yes,6194.0
BILL11482,A11482,40000,4958,32000,No,76958.0
BILL11483,A11483,5000,3912,10000,Yes,3782.4
BILL11484,A11484,6000,4575,20000,No,30575.0
BILL11485,A11485,450000,7630,6000,Yes,92726.0
BILL11486,A11486,450000,8073,16000,Yes,94814.6
BILL11487,A11487,15000,17163,32000,No,64163.0
BILL11488,A11488,800,5564,15000,Yes,4272.8
BILL11489,A11489,12000,12214,0,No,24214.0
BILL11490,A11490,6000,8455,15000,Yes,5891.0
BILL11491,A11491,15000,16863,24000,Yes,11172.6
BILL11492,A11492,70000,9103,4000,No,83103.0
BILL11493,A11493,3000,10536,0,No,13536.0
BILL11494,A11494,250000,12101,10000,No,272101.0
BILL11495,A11495,1500,4300,9000,Yes,2960.0
BILL11496,A11496,1500,6825,0,Yes,1665.0
BILL11497,A11497,2000,9933,9000,Yes,4186.6
BILL11498,A11498,70000,3988,27000,Yes,20197.6
BILL11499,A11499,8000,5253,0,No,13253.0
BILL11500,A11500,40000,5788,0,Yes,9157.6
BILL11501,A11501,35000,7337,30000,No,72337.0
BILL11502,A11502,8000,4738,40000,Yes,10547.6
BILL11503,A11503,5000,15627,15000,No,35627.0
BILL11504,A11504,6000,9367,4000,No,19367.0
BILL11505,A11505,40000,9569,0,Yes,9913.8
BILL11506,A11506,15000,13261,28000,No,56261.0
BILL11507,A11507,80000,3753,4000,Yes,17550.6
BILL11508,A11508,15000,12878,15000,Yes,8575.6
BILL11509,A11509,40000,4522,0,Yes,8904.4
BILL11510,A11510,8000,4951,18000,Yes,6190.2
BILL11511,A11511,10000,5806,14000,Yes,5961.2
BILL11512,A11512,15000,10066,28000,Yes,10613.2
BILL11513,A11513,180000,6060,21000,Yes,41412.0
BILL11514,A11514,80000,14262,0,Yes,18852.4
BILL11515,A11515,35000,9442,6000,Yes,10088.4
BILL11516,A11516,12000,7387,32000,No,51387.0
BILL11517,A11517,12000,7611,0,No,19611.0
BILL11518,A11518,1500,15468,6000,No,22968.0
BILL11519,A11519,6000,4864,30000,Yes,8172.8
BILL11520,A11520,12000,7576,30000,No,49576.0
BILL11521,A11521,3000,19455,9000,Yes,6291.0
BILL11522,A11522,800,11795,0,Yes,2519.0
BILL11523,A11523,6000,5020,50000,Yes,12204.0
BILL11524,A11524,40000,14951,27000,Yes,16390.2
BILL11525,A11525,800,6847,0,No,7647.0
BILL11526,A11526,180000,17602,20000,No,217602.0
BILL11527,A11527,40000,19153,10000,No,69153.0
BILL11528,A11528,80000,11748,0,No,91748.0
BILL11529,A11529,12000,2737,4000,No,18737.0
BILL11530,A11530,8000,16110,6000,Yes,6022.0
BILL11531,A11531,5000,1363,0,Yes,1272.6
BILL11532,A11532,15000,18860,3000,Yes,7372.0
BILL11533,A11533,2500,15349,0,Yes,3569.8
BILL11534,A11534,450000,19123,36000,Yes,101024.6
BILL11535,A11535,450000,7367,24000,Yes,96273.4
BILL11536,A11536,5000,7962,6000,No,18962.0
BILL11537,A11537,35000,16108,24000,No,75108.0
BILL11538,A11538,8000,9516,16000,No,33516.0
BILL11539,A11539,1500,17447,0,Yes,3789.4
BILL11540,A11540,180000,5739,0,No,185739.0
BILL11541,A11541,6000,12726,18000,Yes,7345.2
BILL11542,A11542,1500,13999,6000,Yes,4299.8
BILL11543,A11543,1000,2426,0,Yes,685.2
BILL11544,A11544,60000,1401,5000,Yes,13280.2
BILL11545,A11545,180000,5632,0,Yes,37126.4
BILL11546,A11546,80000,9651,0,Yes,17930.2
BILL11547,A11547,2000,11095,0,No,13095.0
BILL11548,A11548,8000,4805,6000,Yes,3761.0
BILL11549,A11549,1000,11243,20000,No,32243.0
BILL11550,A11550,35000,4267,0,Yes,7853.4
BILL11551,A11551,4000,1468,27000,Yes,6493.6
BILL11552,A11552,40000,950,6000,No,46950.0
BILL11553,A11553,70000,599,8000,No,78599.0
BILL11554,A11554,5000,15732,36000,Yes,11346.4
BILL11555,A11555,80000,9664,0,No,89664.0
BILL11556,A11556,8000,1287,6000,Yes,3057.4
BILL11557,A11557,250000,18399,0,Yes,53679.8
BILL11558,A11558,60000,11954,0,Yes,14390.8
BILL11559,A11559,5000,18234,32000,No,55234.0
BILL11560,A11560,180000,660,12000,Yes,38532.0
BILL11561,A11561,2500,3677,20000,Yes,5235.4
BILL11562,A11562,60000,10221,0,Yes,14044.2
BILL11563,A11563,15000,8629,50000,Yes,14725.8
BILL11564,A11564,1000,10044,0,Yes,2208.8
BILL11565,A11565,4000,6332,0,No,10332.0
BILL11566,A11566,180000,3920,0,Yes,36784.0
BILL11567,A11567,1200,4901,18000,Yes,4820.2
BILL11568,A11568,450000,7904,0,No,457904.0
BILL11569,A11569,3500,11115,2000,No,16615.0
BILL11570,A11570,6000,8995,50000,Yes,12999.0
BILL11571,A11571,40000,16457,25000,Yes,16291.4
BILL11572,A11572,180000,6836,0,Yes,37367.2
BILL11573,A11573,5000,7092,12000,Yes,4818.4
BILL11574,A11574,12000,12875,10000,Yes,6975.0
BILL11575,A11575,15000,1598,5000,Yes,4319.6
BILL11576,A11576,10000,18841,40000,Yes,13768.2
BILL11577,A11577,10000,12293,0,Yes,4458.6
BILL11578,A11578,80000,2969,16000,Yes,19793.8
BILL11579,A11579,5000,14811,0,Yes,3962.2
BILL11580,A11580,15000,14550,12000,No,41550.0
BILL11581,A11581,15000,17015,25000,Yes,11403.0
BILL11582,A11582,1200,19474,10000,Yes,6134.8
BILL11583,A11583,180000,10888,21000,Yes,42377.6
BILL11584,A11584,800,2216,0,No,3016.0
BILL11585,A11585,1500,9633,0,No,11133.0
BILL11586,A11586,10000,4088,30000,No,44088.0
BILL11587,A11587,8000,12177,0,No,20177.0
BILL11588,A11588,6000,8976,3000,No,17976.0
BILL11589,A11589,3000,14870,6000,Yes,4774.0
BILL11590,A11590,15000,589,0,Yes,3117.8
BILL11591,A11591,2000,19806,3000,Yes,4961.2
BILL11592,A11592,1000,2737,0,Yes,747.4
BILL11593,A11593,15000,19502,27000,No,61502.0
BILL11594,A11594,65000,19816,9000,No,93816.0
BILL11595,A11595,80000,7727,0,Yes,17545.4
BILL11596,A11596,3000,7326,12000,No,22326.0
BILL11597,A11597,40000,4360,12000,Yes,11272.0
BILL11598,A11598,35000,16352,24000,No,75352.0
BILL11599,A11599,1200,5556,27000,Yes,6751.2
BILL11600,A11600,180000,18606,24000,Yes,44521.2
BILL11601,A11601,3500,17078,12000,No,32578.0
BILL11602,A11602,6000,4272,0,Yes,2054.4
BILL11603,A11603,1000,10492,12000,Yes,4698.4
BILL11604,A11604,12000,13225,0,Yes,5045.0
BILL11605,A11605,6000,19516,20000,No,45516.0
BILL11606,A11606,65000,11432,45000,No,121432.0
BILL11607,A11607,3000,7474,0,No,10474.0
BILL11608,A11608,40000,2013,24000,Yes,13202.6
BILL11609,A11609,2500,9303,6000,No,17803.0
BILL11610,A11610,15000,8557,15000,Yes,7711.4
BILL11611,A11611,180000,6694,0,Yes,37338.8
BILL11612,A11612,180000,11089,5000,No,196089.0
BILL11613,A11613,2000,18067,20000,Yes,8013.4
BILL11614,A11614,5000,15042,10000,No,30042.0
BILL11615,A11615,60000,1404,45000,No,106404.0
BILL11616,A11616,15000,14465,4000,Yes,6693.0
BILL11617,A11617,1000,9424,5000,Yes,3084.8
BILL11618,A11618,6000,9609,15000,Yes,6121.8
BILL11619,A11619,3000,15086,0,No,18086.0
BILL11620,A11620,3500,9602,16000,No,29102.0
BILL11621,A11621,1200,16497,16000,No,33697.0
BILL11622,A11622,1500,9796,6000,Yes,3459.2
BILL11623,A11623,2500,14841,0,No,17341.0
BILL11624,A11624,2000,13003,0,Yes,3000.6
BILL11625,A11625,5000,15521,0,Yes,4104.2
BILL11626,A11626,65000,3099,4000,No,72099.0
BILL11627,A11627,4000,16549,12000,No,32549.0
BILL11628,A11628,3000,11150,16000,No,30150.0
BILL11629,A11629,3000,16936,35000,Yes,10987.2
BILL11630,A11630,12000,17654,3000,Yes,6530.8
BILL11631,A11631,250000,18168,10000,Yes,55633.6
BILL11632,A11632,60000,9480,24000,Yes,18696.0
BILL11633,A11633,1200,12347,27000,Yes,8109.4
BILL11634,A11634,1200,8714,0,No,9914.0
BILL11635,A11635,60000,16986,20000,Yes,19397.2
BILL11636,A11636,35000,7290,28000,No,70290.0
BILL11637,A11637,70000,6136,16000,Yes,18427.2
BILL11638,A11638,6000,4968,21000,No,31968.0
BILL11639,A11639,5000,19382,9000,Yes,6676.4
BILL11640,A11640,1200,18954,0,Yes,4030.8
BILL11641,A11641,800,4527,21000,No,26327.0
BILL11642,A11642,12000,5042,4000,Yes,4208.4
BILL11643,A11643,1000,9449,16000,No,26449.0
BILL11644,A11644,60000,12005,0,Yes,14401.0
BILL11645,A11645,180000,16326,16000,Yes,42465.2
BILL11646,A11646,450000,9213,6000,No,465213.0
BILL11647,A11647,12000,15725,50000,Yes,15545.0
BILL11648,A11648,40000,10222,0,Yes,10044.4
BILL11649,A11649,3000,19803,21000,Yes,8760.6
BILL11650,A11650,800,3735,0,No,4535.0
BILL11651,A11651,450000,10661,40000,Yes,100132.2
BILL11652,A11652,6000,13629,30000,No,49629.0
BILL11653,A11653,2500,15249,25000,No,42749.0
BILL11654,A11654,5000,16026,25000,Yes,9205.2
BILL11655,A11655,1500,8747,5000,No,15247.0
BILL11656,A11656,2000,2035,40000,Yes,8807.0
BILL11657,A11657,65000,16888,20000,No,101888.0
BILL11658,A11658,800,5076,0,Yes,1175.2
BILL11659,A11659,12000,11007,3000,Yes,5201.4
BILL11660,A11660,5000,12419,0,Yes,3483.8
BILL11661,A11661,15000,18105,0,Yes,6621.0
BILL11662,A11662,2000,19940,50000,No,71940.0
BILL11663,A11663,800,15836,0,Yes,3327.2
BILL11664,A11664,8000,9539,27000,Yes,8907.8
BILL11665,A11665,4000,14627,4000,No,22627.0
BILL11666,A11666,15000,18653,8000,No,41653.0
BILL11667,A11667,40000,14071,0,Yes,10814.2
BILL11668,A11668,65000,18070,40000,No,123070.0
BILL11669,A11669,1200,8107,30000,No,39307.0
BILL11670,A11670,5000,9531,18000,Yes,6506.2
BILL11671,A11671,3500,16194,12000,Yes,6338.8
BILL11672,A11672,10000,14648,0,Yes,4929.6
BILL11673,A11673,1500,8552,9000,No,19052.0
BILL11674,A11674,5000,3374,12000,Yes,4074.8
BILL11675,A11675,3000,6856,8000,Yes,3571.2
BILL11676,A11676,60000,6723,0,Yes,13344.6
BILL11677,A11677,12000,1149,0,Yes,2629.8
BILL11678,A11678,8000,4171,28000,No,40171.0
BILL11679,A11679,1000,13623,32000,Yes,9324.6
BILL11680,A11680,15000,17925,0,Yes,6585.0
BILL11681,A11681,3500,16823,8000,Yes,5664.6
BILL11682,A11682,15000,9987,16000,Yes,8197.4
BILL11683,A11683,65000,13367,4000,Yes,16473.4
BILL11684,A11684,70000,9559,3000,Yes,16511.8
BILL11685,A11685,3000,15490,8000,Yes,5298.0
BILL11686,A11686,35000,17646,15000,Yes,13529.2
BILL11687,A11687,1500,15346,21000,No,37846.0
BILL11688,A11688,12000,15451,0,No,27451.0
BILL11689,A11689,15000,11253,12000,No,38253.0
BILL11690,A11690,15000,14400,0,No,29400.0
BILL11691,A11691,450000,8608,0,No,458608.0
BILL11692,A11692,180000,18280,20000,No,218280.0
BILL11693,A11693,40000,18102,10000,No,68102.0
BILL11694,A11694,8000,2737,0,No,10737.0
BILL11695,A11695,12000,5115,40000,No,57115.0
BILL11696,A11696,65000,13183,10000,No,88183.0
BILL11697,A11697,8000,19608,6000,No,33608.0
BILL11698,A11698,6000,14661,0,Yes,4132.2
BILL11699,A11699,5000,14412,12000,Yes,6282.4
BILL11700,A11700,180000,14292,0,Yes,38858.4
BILL11701,A11701,5000,13388,20000,Yes,7677.6
BILL11702,A11702,1000,17710,0,No,18710.0
BILL11703,A11703,70000,16400,35000,Yes,24280.0
BILL11704,A11704,1000,16274,10000,Yes,5454.8
BILL11705,A11705,5000,628,3000,No,8628.0
BILL11706,A11706,70000,16702,2000,Yes,17740.4
BILL11707,A11707,40000,2404,16000,No,58404.0
BILL11708,A11708,15000,4668,6000,Yes,5133.6
BILL11709,A11709,2500,15383,6000,Yes,4776.6
BILL11710,A11710,2500,4714,8000,No,15214.0
BILL11711,A11711,12000,12471,0,Yes,4894.2
BILL11712,A11712,70000,9478,16000,No,95478.0
BILL11713,A11713,12000,13040,9000,No,34040.0
BILL11714,A11714,1200,9369,0,No,10569.0
BILL11715,A11715,12000,5431,0,Yes,3486.2
BILL11716,A11716,80000,11529,0,Yes,18305.8
BILL11717,A11717,800,8227,18000,No,27027.0
BILL11718,A11718,15000,12060,20000,Yes,9412.0
BILL11719,A11719,5000,9935,0,No,14935.0
BILL11720,A11720,6000,13058,12000,Yes,6211.6
BILL11721,A11721,6000,18144,2000,No,26144.0
BILL11722,A11722,6000,974,0,Yes,1394.8
BILL11723,A11723,8000,16704,32000,Yes,11340.8
BILL11724,A11724,3500,17770,40000,Yes,12254.0
BILL11725,A11725,800,9467,18000,Yes,5653.4
BILL11726,A11726,180000,9776,28000,Yes,43555.2
BILL11727,A11727,10000,11854,6000,Yes,5570.8
BILL11728,A11728,35000,12593,0,No,47593.0
BILL11729,A11729,1200,7458,0,No,8658.0
BILL11730,A11730,250000,17391,8000,No,275391.0
BILL11731,A11731,6000,19014,0,Yes,5002.8
BILL11732,A11732,15000,9183,8000,Yes,6436.6
BILL11733,A11733,450000,7126,6000,Yes,92625.2
BILL11734,A11734,80000,894,0,Yes,16178.8
BILL11735,A11735,15000,18760,0,Yes,6752.0
BILL11736,A11736,15000,11265,0,No,26265.0
BILL11737,A11737,6000,4734,15000,Yes,5146.8
BILL11738,A11738,8000,7729,40000,Yes,11145.8
BILL11739,A11739,4000,11744,0,Yes,3148.8
BILL11740,A11740,12000,2625,0,Yes,2925.0
BILL11741,A11741,6000,12197,15000,No,33197.0
BILL11742,A11742,12000,11560,20000,Yes,8712.0
BILL11743,A11743,450000,3997,24000,Yes,95599.4
BILL11744,A11744,1000,3689,6000,No,10689.0
BILL11745,A11745,1500,13813,5000,Yes,4062.6
BILL11746,A11746,1000,8595,3000,No,12595.0
BILL11747,A11747,250000,19410,24000,Yes,58682.0
BILL11748,A11748,5000,6373,15000,No,26373.0
BILL11749,A11749,35000,5049,0,Yes,8009.8
BILL11750,A11750,35000,3718,6000,No,44718.0
BILL11751,A11751,80000,7793,0,Yes,17558.6
BILL11752,A11752,250000,14808,6000,Yes,54161.6
BILL11753,A11753,180000,18181,28000,Yes,45236.2
BILL11754,A11754,2000,9937,0,Yes,2387.4
BILL11755,A11755,70000,7552,16000,No,93552.0
BILL11756,A11756,5000,1922,12000,Yes,3784.4
BILL11757,A11757,1500,4167,14000,Yes,3933.4
BILL11758,A11758,15000,14970,28000,Yes,11594.0
BILL11759,A11759,180000,19091,0,Yes,39818.2
BILL11760,A11760,3500,3368,32000,No,38868.0
BILL11761,A11761,6000,3261,4000,Yes,2652.2
BILL11762,A11762,12000,6626,30000,Yes,9725.2
BILL11763,A11763,35000,13331,24000,Yes,14466.2
BILL11764,A11764,5000,2002,0,No,7002.0
BILL11765,A11765,2000,8738,0,Yes,2147.6
BILL11766,A11766,2500,7564,35000,Yes,9012.8
BILL11767,A11767,8000,8724,0,No,16724.0
BILL11768,A11768,1000,18962,15000,Yes,6992.4
BILL11769,A11769,3000,8786,6000,Yes,3557.2
BILL11770,A11770,70000,744,6000,Yes,15348.8
BILL11771,A11771,15000,5423,0,No,20423.0
BILL11772,A11772,80000,14964,20000,No,114964.0
BILL11773,A11773,250000,8330,24000,Yes,56466.0
BILL11774,A11774,2000,17166,4000,No,23166.0
BILL11775,A11775,6000,17122,0,No,23122.0
BILL11776,A11776,800,10972,10000,Yes,4354.4
BILL11777,A11777,15000,7653,3000,Yes,5130.6
BILL11778,A11778,1200,12694,27000,Yes,8178.8
BILL11779,A11779,450000,1928,2000,No,453928.0
BILL11780,A11780,5000,14360,6000,Yes,5072.0
BILL11781,A11781,15000,5104,0,Yes,4020.8
BILL11782,A11782,1500,14397,30000,No,45897.0
BILL11783,A11783,3500,11336,28000,Yes,8567.2
BILL11784,A11784,1000,18572,10000,Yes,5914.4
BILL11785,A11785,3000,5929,32000,No,40929.0
BILL11786,A11786,40000,1411,0,Yes,8282.2
BILL11787,A11787,3000,14300,9000,Yes,5260.0
BILL11788,A11788,8000,9905,40000,Yes,11581.0
BILL11789,A11789,5000,14036,12000,No,31036.0
BILL11790,A11790,1500,2631,16000,Yes,4026.2
BILL11791,A11791,6000,13961,9000,Yes,5792.2
BILL11792,A11792,4000,15754,4000,Yes,4750.8
BILL11793,A11793,6000,10775,14000,No,30775.0
BILL11794,A11794,15000,17364,40000,Yes,14472.8
BILL11795,A11795,5000,16874,5000,Yes,5374.8
BILL11796,A11796,15000,13168,32000,No,60168.0
BILL11797,A11797,65000,19057,16000,No,100057.0
BILL11798,A11798,5000,13882,12000,No,30882.0
BILL11799,A11799,3500,913,0,No,4413.0
BILL11800,A11800,5000,7992,0,Yes,2598.4
BILL11801,A11801,40000,10814,6000,Yes,11362.8
BILL11802,A11802,8000,13448,4000,Yes,5089.6
BILL11803,A11803,3500,5076,16000,Yes,4915.2
BILL11804,A11804,6000,5734,18000,No,29734.0
BILL11805,A11805,65000,4690,4000,Yes,14738.0
BILL11806,A11806,12000,9202,4000,Yes,5040.4
BILL11807,A11807,60000,19763,32000,No,111763.0
BILL11808,A11808,10000,6986,10000,Yes,5397.2
BILL11809,A11809,65000,8031,0,Yes,14606.2
BILL11810,A11810,10000,1976,4000,Yes,3195.2
BILL11811,A11811,15000,5216,30000,Yes,10043.2
BILL11812,A11812,35000,2381,9000,Yes,9276.2
BILL11813,A11813,10000,15962,0,Yes,5192.4
BILL11814,A11814,800,7731,15000,Yes,4706.2
BILL11815,A11815,40000,19844,9000,Yes,13768.8
BILL11816,A11816,2000,7063,8000,Yes,3412.6
BILL11817,A11817,1200,5369,8000,No,14569.0
BILL11818,A11818,15000,6732,0,Yes,4346.4
BILL11819,A11819,65000,12600,0,Yes,15520.0
BILL11820,A11820,6000,10514,0,No,16514.0
BILL11821,A11821,65000,18751,12000,Yes,19150.2
BILL11822,A11822,12000,14672,0,Yes,5334.4
BILL11823,A11823,6000,2283,50000,Yes,11656.6
BILL11824,A11824,10000,7460,16000,No,33460.0
BILL11825,A11825,60000,13701,45000,No,118701.0
BILL11826,A11826,40000,1287,14000,No,55287.0
BILL11827,A11827,70000,14862,3000,Yes,17572.4
BILL11828,A11828,2000,13582,10000,No,25582.0
BILL11829,A11829,250000,12862,0,No,262862.0
BILL11830,A11830,12000,7773,5000,No,24773.0
BILL11831,A11831,5000,659,0,Yes,1131.8
BILL11832,A11832,8000,13884,21000,No,42884.0
BILL11833,A11833,6000,12164,16000,Yes,6832.8
BILL11834,A11834,8000,11490,3000,Yes,4498.0
BILL11835,A11835,800,14497,9000,Yes,4859.4
BILL11836,A11836,800,6541,45000,Yes,10468.2
BILL11837,A11837,8000,5295,0,No,13295.0
BILL11838,A11838,2500,5177,8000,Yes,3135.4
BILL11839,A11839,60000,5704,0,Yes,13140.8
BILL11840,A11840,180000,10467,0,No,190467.0
BILL11841,A11841,5000,5927,15000,No,25927.0
BILL11842,A11842,4000,9363,25000,Yes,7672.6
BILL11843,A11843,450000,8395,12000,Yes,94079.0
BILL11844,A11844,15000,14604,45000,Yes,14920.8
BILL11845,A11845,3000,2006,32000,Yes,7401.2
BILL11846,A11846,8000,10273,15000,Yes,6654.6
BILL11847,A11847,80000,2079,30000,No,112079.0
BILL11848,A11848,80000,13471,9000,Yes,20494.2
BILL11849,A11849,3000,18486,0,No,21486.0
BILL11850,A11850,12000,17537,10000,No,39537.0
BILL11851,A11851,6000,6051,20000,No,32051.0
BILL11852,A11852,6000,8849,4000,No,18849.0
BILL11853,A11853,60000,12303,14000,Yes,17260.6
BILL11854,A11854,1200,14499,4000,Yes,3939.8
BILL11855,A11855,12000,3340,6000,No,21340.0
BILL11856,A11856,1500,9448,12000,No,22948.0
BILL11857,A11857,5000,18202,27000,No,50202.0
BILL11858,A11858,60000,8211,6000,Yes,14842.2
BILL11859,A11859,250000,18340,0,Yes,53668.0
BILL11860,A11860,3000,19482,0,Yes,4496.4
BILL11861,A11861,3000,14289,8000,No,25289.0
BILL11862,A11862,8000,7167,10000,No,25167.0
BILL11863,A11863,15000,8616,20000,Yes,8723.2
BILL11864,A11864,6000,5669,9000,No,20669.0
BILL11865,A11865,4000,1411,6000,Yes,2282.2
BILL11866,A11866,1000,3639,24000,Yes,5727.8
BILL11867,A11867,12000,693,0,Yes,2538.6
BILL11868,A11868,1000,3757,16000,Yes,4151.4
BILL11869,A11869,800,2898,3000,Yes,1339.6
BILL11870,A11870,40000,13442,12000,No,65442.0
BILL11871,A11871,12000,10038,8000,Yes,6007.6
BILL11872,A11872,1000,6314,18000,Yes,5062.8
BILL11873,A11873,2500,1990,0,Yes,898.0
BILL11874,A11874,60000,18498,0,Yes,15699.6
BILL11875,A11875,3500,1645,8000,Yes,2629.0
BILL11876,A11876,15000,11892,0,No,26892.0
BILL11877,A11877,3000,8524,4000,No,15524.0
BILL11878,A11878,10000,15458,10000,Yes,7091.6
BILL11879,A11879,15000,13569,6000,Yes,6913.8
BILL11880,A11880,6000,686,2000,No,8686.0
BILL11881,A11881,40000,3094,35000,Yes,15618.8
BILL11882,A11882,12000,11731,6000,No,29731.0
BILL11883,A11883,12000,6207,40000,No,58207.0
BILL11884,A11884,8000,17853,0,Yes,5170.6
BILL11885,A11885,2000,7666,15000,Yes,4933.2
BILL11886,A11886,8000,2883,20000,Yes,6176.6
BILL11887,A11887,12000,16648,0,Yes,5729.6
BILL11888,A11888,15000,4277,6000,Yes,5055.4
BILL11889,A11889,2500,2419,25000,Yes,5983.8
BILL11890,A11890,1500,16314,12000,Yes,5962.8
BILL11891,A11891,15000,6607,16000,No,37607.0
BILL11892,A11892,8000,2244,8000,Yes,3648.8
BILL11893,A11893,800,17528,20000,No,38328.0
BILL11894,A11894,1200,18368,3000,Yes,4513.6
BILL11895,A11895,35000,19108,4000,Yes,11621.6
BILL11896,A11896,800,7214,0,Yes,1602.8
BILL11897,A11897,12000,913,0,Yes,2582.6
BILL11898,A11898,800,7535,0,Yes,1667.0
BILL11899,A11899,15000,2992,3000,Yes,4198.4
BILL11900,A11900,6000,11978,0,No,17978.0
BILL11901,A11901,3000,13095,9000,Yes,5019.0
BILL11902,A11902,800,1906,0,Yes,541.2
BILL11903,A11903,1200,4160,4000,Yes,1872.0
BILL11904,A11904,15000,18981,0,No,33981.0
BILL11905,A11905,60000,5927,0,Yes,13185.4
BILL11906,A11906,1000,13157,0,No,14157.0
BILL11907,A11907,6000,3826,2000,Yes,2365.2
BILL11908,A11908,250000,17065,16000,Yes,56613.0
BILL11909,A11909,60000,14688,10000,No,84688.0
BILL11910,A11910,10000,18096,0,No,28096.0
BILL11911,A11911,8000,731,0,Yes,1746.2
BILL11912,A11912,2000,11414,30000,Yes,8682.8
BILL11913,A11913,4000,8907,30000,Yes,8581.4
BILL11914,A11914,8000,8163,2000,Yes,3632.6
BILL11915,A11915,2000,1836,8000,Yes,2367.2
BILL11916,A11916,1000,11575,3000,Yes,3115.0
BILL11917,A11917,180000,1258,0,No,181258.0
BILL11918,A11918,1000,890,20000,No,21890.0
BILL11919,A11919,8000,3042,32000,No,43042.0
BILL11920,A11920,800,2487,12000,Yes,3057.4
BILL11921,A11921,1500,11062,20000,Yes,6512.4
BILL11922,A11922,450000,9001,8000,Yes,93400.2
BILL11923,A11923,1000,10042,10000,No,21042.0
BILL11924,A11924,6000,15133,0,Yes,4226.6
BILL11925,A11925,8000,16771,12000,Yes,7354.2
BILL11926,A11926,2500,16626,12000,No,31126.0
BILL11927,A11927,1000,18821,30000,No,49821.0
BILL11928,A11928,1500,15229,0,Yes,3345.8
BILL11929,A11929,35000,10137,6000,Yes,10227.4
BILL11930,A11930,6000,17209,0,Yes,4641.8
BILL11931,A11931,40000,754,2000,Yes,8550.8
BILL11932,A11932,6000,5854,0,Yes,2370.8
BILL11933,A11933,1000,19995,20000,Yes,8199.0
BILL11934,A11934,12000,5007,21000,Yes,7601.4
BILL11935,A11935,3500,4360,6000,Yes,2772.0
BILL11936,A11936,70000,12329,6000,Yes,17665.8
BILL11937,A11937,6000,5665,8000,No,19665.0
BILL11938,A11938,250000,8876,4000,Yes,52575.2
BILL11939,A11939,35000,6904,10000,Yes,10380.8
BILL11940,A11940,180000,2891,0,Yes,36578.2
BILL11941,A11941,12000,6357,4000,Yes,4471.4
BILL11942,A11942,800,10815,6000,Yes,3523.0
BILL11943,A11943,1200,15870,36000,No,53070.0
BILL11944,A11944,6000,16052,0,No,22052.0
BILL11945,A11945,8000,15602,2000,No,25602.0
BILL11946,A11946,40000,9397,8000,No,57397.0
BILL11947,A11947,40000,14915,0,No,54915.0
BILL11948,A11948,1000,18723,0,No,19723.0
BILL11949,A11949,6000,3434,9000,No,18434.0
BILL11950,A11950,5000,8843,6000,Yes,3968.6
BILL11951,A11951,6000,1327,8000,Yes,3065.4
BILL11952,A11952,450000,18293,10000,No,478293.0
BILL11953,A11953,2000,18273,6000,Yes,5254.6
BILL11954,A11954,450000,4572,18000,No,472572.0
BILL11955,A11955,10000,9490,32000,No,51490.0
BILL11956,A11956,1000,16879,0,Yes,3575.8
BILL11957,A11957,60000,14134,6000,Yes,16026.8
BILL11958,A11958,1200,11586,0,Yes,2557.2
BILL11959,A11959,2000,13577,0,Yes,3115.4
BILL11960,A11960,10000,1778,3000,No,14778.0
BILL11961,A11961,40000,15240,15000,Yes,14048.0
BILL11962,A11962,1000,2960,30000,No,33960.0
BILL11963,A11963,15000,15792,0,Yes,6158.4
BILL11964,A11964,6000,5499,6000,Yes,3499.8
BILL11965,A11965,2000,8743,4000,No,14743.0
BILL11966,A11966,5000,10505,0,Yes,3101.0
BILL11967,A11967,12000,5813,45000,Yes,12562.6
BILL11968,A11968,250000,4955,40000,No,294955.0
BILL11969,A11969,1000,5374,6000,Yes,2474.8
BILL11970,A11970,6000,12077,0,Yes,3615.4
BILL11971,A11971,180000,17674,0,No,197674.0
BILL11972,A11972,180000,12321,35000,Yes,45464.2
BILL11973,A11973,2000,15526,0,Yes,3505.2
BILL11974,A11974,250000,6731,15000,Yes,54346.2
BILL11975,A11975,60000,11623,15000,No,86623.0
BILL11976,A11976,2500,1020,6000,No,9520.0
BILL11977,A11977,8000,8853,12000,No,28853.0
BILL11978,A11978,6000,8452,10000,No,24452.0
BILL11979,A11979,1200,6904,4000,No,12104.0
BILL11980,A11980,2500,9877,8000,Yes,4075.4
BILL11981,A11981,4000,15406,6000,Yes,5081.2
BILL11982,A11982,1000,8119,24000,No,33119.0
BILL11983,A11983,1500,13374,4000,Yes,3774.8
BILL11984,A11984,8000,8356,18000,Yes,6871.2
BILL11985,A11985,80000,18616,0,No,98616.0
BILL11986,A11986,80000,13779,9000,No,102779.0
BILL11987,A11987,12000,5596,10000,Yes,5519.2
BILL11988,A11988,5000,7897,9000,No,21897.0
BILL11989,A11989,40000,597,30000,Yes,14119.4
BILL11990,A11990,6000,2352,14000,Yes,4470.4
BILL11991,A11991,180000,6871,30000,Yes,43374.2
BILL11992,A11992,180000,2436,18000,Yes,40087.2
BILL11993,A11993,40000,4864,2000,Yes,9372.8
BILL11994,A11994,4000,6930,0,No,10930.0
BILL11995,A11995,80000,11751,12000,No,103751.0
BILL11996,A11996,40000,14118,0,Yes,10823.6
BILL11997,A11997,1000,17807,15000,Yes,6761.4
BILL11998,A11998,180000,7615,0,Yes,37523.0
BILL11999,A11999,5000,1553,24000,Yes,6110.6
BILL12000,A12000,5000,12421,0,No,17421.0
BILL12001,A12001,1000,4340,0,Yes,1068.0
BILL12002,A12002,80000,10018,0,Yes,18003.6
BILL12003,A12003,2500,3948,45000,Yes,10289.6
BILL12004,A12004,2500,19369,8000,Yes,5973.8
BILL12005,A12005,15000,19100,0,Yes,6820.0
BILL12006,A12006,15000,9964,0,No,24964.0
BILL12007,A12007,5000,3155,0,Yes,1631.0
BILL12008,A12008,15000,10338,15000,Yes,8067.6
BILL12009,A12009,250000,4093,40000,Yes,58818.6
BILL12010,A12010,8000,4145,8000,No,20145.0
BILL12011,A12011,1500,13865,8000,No,23365.0
BILL12012,A12012,5000,6189,36000,No,47189.0
BILL12013,A12013,15000,9946,3000,Yes,5589.2
BILL12014,A12014,800,16920,5000,Yes,4544.0
BILL12015,A12015,70000,14948,12000,Yes,19389.6
BILL12016,A12016,15000,17811,40000,Yes,14562.2
BILL12017,A12017,800,19175,2000,Yes,4395.0
BILL12018,A12018,60000,568,0,Yes,12113.6
BILL12019,A12019,70000,4406,16000,Yes,18081.2
BILL12020,A12020,6000,2967,3000,No,11967.0
BILL12021,A12021,35000,16232,9000,No,60232.0
BILL12022,A12022,6000,8187,0,Yes,2837.4
BILL12023,A12023,8000,15754,9000,Yes,6550.8
BILL12024,A12024,3000,6941,8000,Yes,3588.2
BILL12025,A12025,8000,16987,0,Yes,4997.4
BILL12026,A12026,8000,13754,20000,No,41754.0
BILL12027,A12027,65000,8318,5000,Yes,15663.6
BILL12028,A12028,60000,13080,18000,Yes,18216.0
BILL12029,A12029,80000,2054,2000,No,84054.0
BILL12030,A12030,1500,14123,6000,Yes,4324.6
BILL12031,A12031,250000,19844,25000,Yes,58968.8
BILL12032,A12032,800,1367,5000,No,7167.0
BILL12033,A12033,3500,19994,5000,Yes,5698.8
BILL12034,A12034,2500,15110,8000,Yes,5122.0
BILL12035,A12035,10000,5318,4000,Yes,3863.6
BILL12036,A12036,5000,16591,8000,Yes,5918.2
BILL12037,A12037,15000,793,0,Yes,3158.6
BILL12038,A12038,70000,9224,50000,Yes,25844.8
BILL12039,A12039,35000,19548,6000,Yes,12109.6
BILL12040,A12040,1500,5896,0,Yes,1479.2
BILL12041,A12041,5000,6759,0,Yes,2351.8
BILL12042,A12042,250000,553,36000,No,286553.0
BILL12043,A12043,1000,6635,0,Yes,1527.0
BILL12044,A12044,2500,18231,15000,No,35731.0
BILL12045,A12045,3000,17258,12000,Yes,6451.6
BILL12046,A12046,35000,4196,12000,Yes,10239.2
BILL12047,A12047,8000,13315,14000,Yes,7063.0
BILL12048,A12048,180000,18456,24000,Yes,44491.2
BILL12049,A12049,6000,1702,0,Yes,1540.4
BILL12050,A12050,5000,12975,25000,Yes,8595.0
BILL12051,A12051,12000,9061,18000,Yes,7812.2
BILL12052,A12052,5000,2520,2000,Yes,1904.0
BILL12053,A12053,2500,9618,40000,Yes,10423.6
BILL12054,A12054,1000,13353,18000,Yes,6470.6
BILL12055,A12055,12000,7801,5000,Yes,4960.2
BILL12056,A12056,3500,17973,0,Yes,4294.6
BILL12057,A12057,35000,12098,36000,Yes,16619.6
BILL12058,A12058,15000,11053,24000,Yes,10010.6
BILL12059,A12059,8000,11105,0,No,19105.0
BILL12060,A12060,6000,7490,15000,No,28490.0
BILL12061,A12061,4000,17009,18000,Yes,7801.8
BILL12062,A12062,2500,1440,32000,Yes,7188.0
BILL12063,A12063,450000,16158,45000,No,511158.0
BILL12064,A12064,60000,18019,6000,Yes,16803.8
BILL12065,A12065,15000,14739,0,Yes,5947.8
BILL12066,A12066,4000,3767,0,Yes,1553.4
BILL12067,A12067,3000,7657,28000,No,38657.0
BILL12068,A12068,1000,18046,6000,Yes,5009.2
BILL12069,A12069,1500,9699,12000,Yes,4639.8
BILL12070,A12070,1000,8245,12000,No,21245.0
BILL12071,A12071,10000,14709,14000,No,38709.0
BILL12072,A12072,450000,17891,40000,No,507891.0
BILL12073,A12073,1500,13928,0,Yes,3085.6
BILL12074,A12074,15000,994,50000,Yes,13198.8
BILL12075,A12075,80000,10568,20000,No,110568.0
BILL12076,A12076,40000,13371,0,No,53371.0
BILL12077,A12077,40000,11203,18000,No,69203.0
BILL12078,A12078,180000,3353,14000,Yes,39470.6
BILL12079,A12079,8000,10034,21000,Yes,7806.8
BILL12080,A12080,3000,4981,5000,Yes,2596.2
BILL12081,A12081,5000,9862,0,Yes,2972.4
BILL12082,A12082,8000,4781,32000,Yes,8956.2
BILL12083,A12083,10000,10113,14000,Yes,6822.6
BILL12084,A12084,80000,8172,20000,Yes,21634.4
BILL12085,A12085,6000,8377,0,Yes,2875.4
BILL12086,A12086,1000,9557,18000,Yes,5711.4
BILL12087,A12087,8000,15349,0,Yes,4669.8
BILL12088,A12088,3000,15155,10000,No,28155.0
BILL12089,A12089,70000,12379,32000,Yes,22875.8
BILL12090,A12090,6000,7823,25000,No,38823.0
BILL12091,A12091,3000,8757,20000,No,31757.0
BILL12092,A12092,1500,5569,36000,Yes,8613.8
BILL12093,A12093,4000,6088,0,No,10088.0
BILL12094,A12094,5000,18548,0,Yes,4709.6
BILL12095,A12095,3500,19917,0,Yes,4683.4
BILL12096,A12096,5000,16614,4000,No,25614.0
BILL12097,A12097,800,5670,40000,Yes,9294.0
BILL12098,A12098,250000,6239,28000,Yes,56847.8
BILL12099,A12099,4000,14528,0,No,18528.0
BILL12100,A12100,60000,7349,50000,Yes,23469.8
BILL12101,A12101,250000,19662,8000,Yes,55532.4
BILL12102,A12102,1200,7842,0,Yes,1808.4
BILL12103,A12103,2500,14841,2000,Yes,3868.2
BILL12104,A12104,80000,9092,4000,Yes,18618.4
BILL12105,A12105,15000,3191,6000,Yes,4838.2
BILL12106,A12106,1000,14093,0,Yes,3018.6
BILL12107,A12107,80000,10991,18000,No,108991.0
BILL12108,A12108,6000,18304,12000,Yes,7260.8
BILL12109,A12109,8000,7109,40000,Yes,11021.8
BILL12110,A12110,80000,8615,12000,Yes,20123.0
BILL12111,A12111,450000,9816,10000,Yes,93963.2
BILL12112,A12112,180000,4787,35000,No,219787.0
BILL12113,A12113,1000,1213,0,Yes,442.6
BILL12114,A12114,1200,12105,6000,Yes,3861.0
BILL12115,A12115,4000,8563,0,Yes,2512.6
BILL12116,A12116,1500,13856,4000,Yes,3871.2
BILL12117,A12117,15000,16824,0,Yes,6364.8
BILL12118,A12118,1500,5216,18000,No,24716.0
BILL12119,A12119,3000,11946,0,No,14946.0
BILL12120,A12120,3000,17132,4000,Yes,4826.4
BILL12121,A12121,180000,2661,40000,Yes,44532.2
BILL12122,A12122,15000,13102,0,No,28102.0
BILL12123,A12123,60000,7130,6000,Yes,14626.0
BILL12124,A12124,65000,12745,0,Yes,15549.0
BILL12125,A12125,3000,17838,0,Yes,4167.6
BILL12126,A12126,70000,14586,18000,No,102586.0
BILL12127,A12127,12000,1020,6000,Yes,3804.0
BILL12128,A12128,1200,15941,6000,No,23141.0
BILL12129,A12129,15000,2689,6000,Yes,4737.8
BILL12130,A12130,2000,14115,0,No,16115.0
BILL12131,A12131,2000,14039,20000,No,36039.0
BILL12132,A12132,10000,15697,40000,Yes,13139.4
BILL12133,A12133,8000,14132,4000,No,26132.0
BILL12134,A12134,8000,15446,0,Yes,4689.2
BILL12135,A12135,800,11922,0,Yes,2544.4
BILL12136,A12136,800,2406,3000,Yes,1241.2
BILL12137,A12137,800,17023,0,Yes,3564.6
BILL12138,A12138,8000,8695,27000,Yes,8739.0
BILL12139,A12139,80000,4138,0,No,84138.0
BILL12140,A12140,5000,5078,10000,Yes,4015.6
BILL12141,A12141,1500,19315,8000,Yes,5763.0
BILL12142,A12142,800,8201,0,Yes,1800.2
BILL12143,A12143,3500,4933,27000,No,35433.0
BILL12144,A12144,60000,6679,0,Yes,13335.8
BILL12145,A12145,8000,2788,36000,No,46788.0
BILL12146,A12146,180000,17540,0,Yes,39508.0
BILL12147,A12147,65000,1433,0,Yes,13286.6
BILL12148,A12148,800,12837,4000,Yes,3527.4
BILL12149,A12149,1000,5042,0,Yes,1208.4
BILL12150,A12150,40000,14918,4000,No,58918.0
BILL12151,A12151,1500,10980,14000,No,26480.0
BILL12152,A12152,3000,10230,4000,No,17230.0
BILL12153,A12153,1200,16147,35000,Yes,10469.4
BILL12154,A12154,2000,14264,4000,Yes,4052.8
BILL12155,A12155,2500,8517,12000,No,23017.0
BILL12156,A12156,1000,15349,0,Yes,3269.8
BILL12157,A12157,80000,6210,4000,Yes,18042.0
BILL12158,A12158,60000,19072,12000,No,91072.0
BILL12159,A12159,1500,6033,4000,Yes,2306.6
BILL12160,A12160,1000,1600,15000,Yes,3520.0
BILL12161,A12161,2500,12336,0,Yes,2967.2
BILL12162,A12162,1500,4158,3000,Yes,1731.6
BILL12163,A12163,80000,6422,12000,Yes,19684.4
BILL12164,A12164,60000,18828,4000,Yes,16565.6
BILL12165,A12165,1500,19815,0,No,21315.0
BILL12166,A12166,5000,12238,6000,Yes,4647.6
BILL12167,A12167,3000,11438,6000,No,20438.0
BILL12168,A12168,5000,19635,4000,Yes,5727.0
BILL12169,A12169,35000,13396,12000,No,60396.0
BILL12170,A12170,180000,14674,0,No,194674.0
BILL12171,A12171,10000,5231,12000,No,27231.0
BILL12172,A12172,10000,693,12000,Yes,4538.6
BILL12173,A12173,6000,12637,0,Yes,3727.4
BILL12174,A12174,5000,5618,25000,Yes,7123.6
BILL12175,A12175,3500,12475,0,Yes,3195.0
BILL12176,A12176,1200,805,0,Yes,401.0
BILL12177,A12177,3500,15898,0,Yes,3879.6
BILL12178,A12178,3000,11859,10000,Yes,4971.8
BILL12179,A12179,70000,10371,0,Yes,16074.2
BILL12180,A12180,10000,1925,6000,Yes,3585.0
BILL12181,A12181,12000,5194,8000,No,25194.0
BILL12182,A12182,12000,4700,0,Yes,3340.0
BILL12183,A12183,1200,10644,4000,Yes,3168.8
BILL12184,A12184,15000,1563,0,Yes,3312.6
BILL12185,A12185,450000,14372,12000,No,476372.0
BILL12186,A12186,450000,3968,30000,Yes,96793.6
BILL12187,A12187,5000,10267,0,No,15267.0
BILL12188,A12188,1000,19748,0,No,20748.0
BILL12189,A12189,15000,3377,15000,No,33377.0
BILL12190,A12190,1500,11970,15000,Yes,5694.0
BILL12191,A12191,60000,6315,15000,Yes,16263.0
BILL12192,A12192,2500,6371,12000,No,20871.0
BILL12193,A12193,3500,18900,10000,Yes,6480.0
BILL12194,A12194,35000,16953,12000,No,63953.0
BILL12195,A12195,2500,12134,2000,Yes,3326.8
BILL12196,A12196,10000,13320,6000,Yes,5864.0
BILL12197,A12197,80000,15838,6000,No,101838.0
BILL12198,A12198,6000,12453,45000,No,63453.0
BILL12199,A12199,80000,3152,45000,Yes,25630.4
BILL12200,A12200,80000,19579,0,No,99579.0
BILL12201,A12201,15000,19035,0,Yes,6807.0
BILL12202,A12202,1000,8331,15000,Yes,4866.2
BILL12203,A12203,3000,963,40000,Yes,8792.6
BILL12204,A12204,12000,12640,28000,Yes,10528.0
BILL12205,A12205,65000,14043,0,No,79043.0
BILL12206,A12206,10000,2851,0,Yes,2570.2
BILL12207,A12207,70000,11451,10000,No,91451.0
BILL12208,A12208,4000,6639,0,Yes,2127.8
BILL12209,A12209,35000,12671,4000,Yes,10334.2
BILL12210,A12210,15000,12728,35000,Yes,12545.6
BILL12211,A12211,8000,2707,21000,Yes,6341.4
BILL12212,A12212,3000,5261,40000,No,48261.0
BILL12213,A12213,65000,15279,40000,Yes,24055.8
BILL12214,A12214,1500,13208,15000,Yes,5941.6
BILL12215,A12215,12000,17722,15000,Yes,8944.4
BILL12216,A12216,5000,17128,0,No,22128.0
BILL12217,A12217,12000,3294,50000,No,65294.0
BILL12218,A12218,1000,2415,8000,Yes,2283.0
BILL12219,A12219,2500,2169,16000,No,20669.0
BILL12220,A12220,800,13236,0,Yes,2807.2
BILL12221,A12221,1200,11888,6000,Yes,3817.6
BILL12222,A12222,1000,4862,0,Yes,1172.4
BILL12223,A12223,80000,4448,12000,Yes,19289.6
BILL12224,A12224,180000,13783,0,Yes,38756.6
BILL12225,A12225,450000,13294,0,No,463294.0
BILL12226,A12226,65000,3464,50000,Yes,23692.8
BILL12227,A12227,8000,1056,0,No,9056.0
BILL12228,A12228,65000,7912,15000,Yes,17582.4
BILL12229,A12229,450000,5412,0,Yes,91082.4
BILL12230,A12230,15000,14040,15000,Yes,8808.0
BILL12231,A12231,8000,15915,0,Yes,4783.0
BILL12232,A12232,6000,12060,5000,Yes,4612.0
BILL12233,A12233,10000,13331,0,Yes,4666.2
BILL12234,A12234,1200,17566,12000,No,30766.0
BILL12235,A12235,1000,561,8000,No,9561.0
BILL12236,A12236,250000,1657,9000,No,260657.0
BILL12237,A12237,65000,5721,15000,Yes,17144.2
BILL12238,A12238,1200,7643,15000,Yes,4768.6
BILL12239,A12239,60000,17662,0,No,77662.0
BILL12240,A12240,40000,10481,25000,Yes,15096.2
BILL12241,A12241,70000,11145,0,No,81145.0
BILL12242,A12242,6000,8012,36000,No,50012.0
BILL12243,A12243,4000,3149,4000,Yes,2229.8
BILL12244,A12244,5000,5456,16000,No,26456.0
BILL12245,A12245,2000,18196,4000,No,24196.0
BILL12246,A12246,65000,14566,0,Yes,15913.2
BILL12247,A12247,3000,14035,12000,No,29035.0
BILL12248,A12248,35000,18921,12000,Yes,13184.2
BILL12249,A12249,1000,2599,18000,Yes,4319.8
BILL12250,A12250,5000,5860,6000,Yes,3372.0
BILL12251,A12251,70000,1483,27000,Yes,19696.6
BILL12252,A12252,3500,14390,20000,Yes,7578.0
BILL12253,A12253,450000,13354,8000,Yes,94270.8
BILL12254,A12254,35000,17117,14000,No,66117.0
BILL12255,A12255,1500,5689,25000,No,32189.0
BILL12256,A12256,12000,11194,24000,Yes,9438.8
BILL12257,A12257,65000,6807,21000,No,92807.0
BILL12258,A12258,6000,16600,4000,No,26600.0
BILL12259,A12259,3000,9612,0,No,12612.0
BILL12260,A12260,8000,16574,24000,Yes,9714.8
BILL12261,A12261,180000,6985,16000,No,202985.0
BILL12262,A12262,8000,5588,0,No,13588.0
BILL12263,A12263,2000,4633,30000,No,36633.0
BILL12264,A12264,15000,11314,0,Yes,5262.8
BILL12265,A12265,6000,3715,12000,Yes,4343.0
BILL12266,A12266,60000,8676,18000,Yes,17335.2
BILL12267,A12267,12000,16927,0,Yes,5785.4
BILL12268,A12268,15000,15444,4000,Yes,6888.8
BILL12269,A12269,12000,13542,36000,Yes,12308.4
BILL12270,A12270,35000,10071,0,Yes,9014.2
BILL12271,A12271,8000,5742,0,Yes,2748.4
BILL12272,A12272,8000,6045,2000,No,16045.0
BILL12273,A12273,65000,2919,40000,Yes,21583.8
BILL12274,A12274,8000,19738,30000,Yes,11547.6
BILL12275,A12275,450000,14054,12000,Yes,95210.8
BILL12276,A12276,60000,8563,0,No,68563.0
BILL12277,A12277,10000,13876,0,Yes,4775.2
BILL12278,A12278,4000,11850,9000,Yes,4970.0
BILL12279,A12279,6000,5956,27000,No,38956.0
BILL12280,A12280,65000,13172,2000,No,80172.0
BILL12281,A12281,65000,11241,0,No,76241.0
BILL12282,A12282,6000,18966,20000,No,44966.0
BILL12283,A12283,5000,4793,0,Yes,1958.6
BILL12284,A12284,60000,9135,0,Yes,13827.0
BILL12285,A12285,15000,8889,0,Yes,4777.8
BILL12286,A12286,12000,13911,0,Yes,5182.2
BILL12287,A12287,15000,8289,0,Yes,4657.8
BILL12288,A12288,1500,11639,16000,No,29139.0
BILL12289,A12289,15000,1612,20000,No,36612.0
BILL12290,A12290,8000,19975,40000,No,67975.0
BILL12291,A12291,180000,15035,30000,Yes,45007.0
BILL12292,A12292,250000,7325,4000,No,261325.0
BILL12293,A12293,6000,19870,9000,Yes,6974.0
BILL12294,A12294,15000,1000,0,Yes,3200.0
BILL12295,A12295,1000,9831,0,Yes,2166.2
BILL12296,A12296,70000,15562,18000,Yes,20712.4
BILL12297,A12297,6000,3975,4000,No,13975.0
BILL12298,A12298,6000,13927,0,No,19927.0
BILL12299,A12299,1000,16645,0,No,17645.0
BILL12300,A12300,180000,14863,18000,Yes,42572.6
BILL12301,A12301,450000,5082,8000,No,463082.0
BILL12302,A12302,1500,7823,6000,Yes,3064.6
BILL12303,A12303,8000,18493,0,No,26493.0
BILL12304,A12304,10000,5675,6000,No,21675.0
BILL12305,A12305,15000,19434,0,Yes,6886.8
BILL12306,A12306,8000,16121,0,No,24121.0
BILL12307,A12307,3000,15012,24000,No,42012.0
BILL12308,A12308,180000,7032,15000,Yes,40406.4
BILL12309,A12309,8000,8699,3000,No,19699.0
BILL12310,A12310,35000,12798,8000,Yes,11159.6
BILL12311,A12311,1200,531,15000,Yes,3346.2
BILL12312,A12312,180000,19482,18000,Yes,43496.4
BILL12313,A12313,250000,11181,0,No,261181.0
BILL12314,A12314,800,6850,20000,Yes,5530.0
BILL12315,A12315,8000,1613,0,Yes,1922.6
BILL12316,A12316,15000,15264,0,Yes,6052.8
BILL12317,A12317,3500,2986,35000,Yes,8297.2
BILL12318,A12318,450000,684,36000,Yes,97336.8
BILL12319,A12319,800,14449,0,No,15249.0
BILL12320,A12320,12000,8399,14000,No,34399.0
BILL12321,A12321,15000,17456,5000,Yes,7491.2
BILL12322,A12322,800,2404,6000,Yes,1840.8
BILL12323,A12323,60000,3597,0,No,63597.0
BILL12324,A12324,800,6270,10000,No,17070.0
BILL12325,A12325,10000,14248,24000,Yes,9649.6
BILL12326,A12326,3500,16731,16000,No,36231.0
BILL12327,A12327,180000,18966,20000,Yes,43793.2
BILL12328,A12328,12000,10522,14000,No,36522.0
BILL12329,A12329,35000,10129,20000,Yes,13025.8
BILL12330,A12330,800,10837,5000,No,16637.0
BILL12331,A12331,4000,925,2000,Yes,1385.0
BILL12332,A12332,180000,19502,0,No,199502.0
BILL12333,A12333,80000,1644,15000,Yes,19328.8
BILL12334,A12334,8000,17095,0,Yes,5019.0
BILL12335,A12335,6000,14951,3000,Yes,4790.2
BILL12336,A12336,4000,16757,0,Yes,4151.4
BILL12337,A12337,6000,13668,24000,No,43668.0
BILL12338,A12338,6000,1562,4000,Yes,2312.4
BILL12339,A12339,40000,4016,0,No,44016.0
BILL12340,A12340,40000,12885,15000,Yes,13577.0
BILL12341,A12341,12000,7677,27000,Yes,9335.4
BILL12342,A12342,2500,934,36000,Yes,7886.8
BILL12343,A12343,6000,18245,12000,No,36245.0
BILL12344,A12344,2000,6239,32000,Yes,8047.8
BILL12345,A12345,12000,3893,6000,No,21893.0
BILL12346,A12346,12000,19601,0,Yes,6320.2
BILL12347,A12347,12000,12079,28000,No,52079.0
BILL12348,A12348,800,971,0,Yes,354.2
BILL12349,A12349,3000,19420,8000,Yes,6084.0
BILL12350,A12350,40000,6445,12000,Yes,11689.0
BILL12351,A12351,800,19820,4000,No,24620.0
BILL12352,A12352,10000,7979,0,Yes,3595.8
BILL12353,A12353,450000,18268,0,No,468268.0
BILL12354,A12354,250000,15843,10000,No,275843.0
BILL12355,A12355,65000,1688,5000,No,71688.0
BILL12356,A12356,450000,17656,0,No,467656.0
BILL12357,A12357,15000,2827,3000,No,20827.0
BILL12358,A12358,12000,10649,20000,Yes,8529.8
BILL12359,A12359,800,18986,35000,Yes,10957.2
BILL12360,A12360,40000,17990,25000,Yes,16598.0
BILL12361,A12361,15000,6870,0,Yes,4374.0
BILL12362,A12362,2000,17229,12000,Yes,6245.8
BILL12363,A12363,2000,5778,0,Yes,1555.6
BILL12364,A12364,1000,15170,6000,Yes,4434.0
BILL12365,A12365,3500,13013,9000,Yes,5102.6
BILL12366,A12366,1500,644,5000,Yes,1428.8
BILL12367,A12367,80000,10622,16000,Yes,21324.4
BILL12368,A12368,4000,4341,15000,Yes,4668.2
BILL12369,A12369,180000,3955,0,No,183955.0
BILL12370,A12370,2000,17190,0,Yes,3838.0
BILL12371,A12371,1000,14843,25000,Yes,8168.6
BILL12372,A12372,15000,15321,15000,Yes,9064.2
BILL12373,A12373,10000,4975,0,No,14975.0
BILL12374,A12374,10000,7960,16000,No,33960.0
BILL12375,A12375,80000,17888,35000,Yes,26577.6
BILL12376,A12376,5000,14847,12000,Yes,6369.4
BILL12377,A12377,6000,16998,6000,Yes,5799.6
BILL12378,A12378,5000,923,6000,Yes,2384.6
BILL12379,A12379,12000,12888,40000,Yes,12977.6
BILL12380,A12380,3000,16299,0,Yes,3859.8
BILL12381,A12381,800,6062,0,No,6862.0
BILL12382,A12382,250000,15971,0,Yes,53194.2
BILL12383,A12383,15000,11693,10000,Yes,7338.6
BILL12384,A12384,65000,13766,8000,Yes,17353.2
BILL12385,A12385,15000,14072,50000,No,79072.0
BILL12386,A12386,1000,12410,16000,No,29410.0
BILL12387,A12387,15000,10631,40000,Yes,13126.2
BILL12388,A12388,3500,12178,9000,Yes,4935.6
BILL12389,A12389,5000,10345,8000,No,23345.0
BILL12390,A12390,800,17480,9000,No,27280.0
BILL12391,A12391,15000,11088,27000,No,53088.0
BILL12392,A12392,180000,19290,4000,No,203290.0
BILL12393,A12393,450000,17559,12000,No,479559.0
BILL12394,A12394,1500,3875,2000,Yes,1475.0
BILL12395,A12395,1000,14681,0,No,15681.0
BILL12396,A12396,5000,8109,0,Yes,2621.8
BILL12397,A12397,1200,15571,0,Yes,3354.2
BILL12398,A12398,12000,14277,0,No,26277.0
BILL12399,A12399,1500,12567,6000,No,20067.0
BILL12400,A12400,2000,17934,0,No,19934.0
BILL12401,A12401,3000,18345,27000,Yes,9669.0
BILL12402,A12402,60000,7365,0,No,67365.0
BILL12403,A12403,12000,7818,12000,Yes,6363.6
BILL12404,A12404,2000,2483,9000,No,13483.0
BILL12405,A12405,1000,10987,0,Yes,2397.4
BILL12406,A12406,70000,10304,0,Yes,16060.8
BILL12407,A12407,10000,8398,6000,No,24398.0
BILL12408,A12408,1000,19442,0,Yes,4088.4
BILL12409,A12409,2000,12282,12000,Yes,5256.4
BILL12410,A12410,450000,11019,15000,Yes,95203.8
BILL12411,A12411,180000,3027,0,No,183027.0
BILL12412,A12412,6000,11550,25000,No,42550.0
BILL12413,A12413,6000,4873,0,Yes,2174.6
BILL12414,A12414,35000,18323,10000,No,63323.0
BILL12415,A12415,5000,7136,0,No,12136.0
BILL12416,A12416,5000,5262,0,Yes,2052.4
BILL12417,A12417,6000,4107,5000,No,15107.0
BILL12418,A12418,2000,17252,40000,Yes,11850.4
BILL12419,A12419,5000,15661,8000,Yes,5732.2
BILL12420,A12420,60000,6393,30000,Yes,19278.6
BILL12421,A12421,450000,1305,6000,No,457305.0
BILL12422,A12422,180000,11789,4000,Yes,39157.8
BILL12423,A12423,6000,15045,0,Yes,4209.0
BILL12424,A12424,4000,3645,6000,No,13645.0
BILL12425,A12425,450000,5579,6000,No,461579.0
BILL12426,A12426,8000,9692,10000,No,27692.0
BILL12427,A12427,3000,6257,24000,Yes,6651.4
BILL12428,A12428,80000,531,15000,Yes,19106.2
BILL12429,A12429,450000,8385,8000,No,466385.0
BILL12430,A12430,70000,3606,36000,Yes,21921.2
BILL12431,A12431,80000,12560,0,Yes,18512.0
BILL12432,A12432,6000,18167,0,Yes,4833.4
BILL12433,A12433,70000,17861,21000,Yes,21772.2
BILL12434,A12434,6000,617,0,No,6617.0
BILL12435,A12435,1000,11875,5000,Yes,3575.0
BILL12436,A12436,250000,7152,0,Yes,51430.4
BILL12437,A12437,5000,14626,15000,Yes,6925.2
BILL12438,A12438,40000,10420,4000,Yes,10884.0
BILL12439,A12439,15000,15139,0,Yes,6027.8
BILL12440,A12440,1000,3785,5000,No,9785.0
BILL12441,A12441,2000,17006,0,No,19006.0
BILL12442,A12442,2500,3527,3000,Yes,1805.4
BILL12443,A12443,2000,12515,0,Yes,2903.0
BILL12444,A12444,8000,6156,45000,No,59156.0
BILL12445,A12445,8000,10780,30000,Yes,9756.0
BILL12446,A12446,8000,7391,4000,Yes,3878.2
BILL12447,A12447,5000,2156,0,Yes,1431.2
BILL12448,A12448,2500,19394,0,No,21894.0
BILL12449,A12449,1200,18338,20000,Yes,7907.6
BILL12450,A12450,70000,9985,10000,Yes,17997.0
BILL12451,A12451,8000,7494,0,Yes,3098.8
BILL12452,A12452,80000,13496,9000,Yes,20499.2
BILL12453,A12453,3500,18657,28000,Yes,10031.4
BILL12454,A12454,70000,3879,10000,Yes,16775.8
BILL12455,A12455,15000,13414,27000,Yes,11082.8
BILL12456,A12456,5000,967,15000,No,20967.0
BILL12457,A12457,6000,13778,16000,Yes,7155.6
BILL12458,A12458,8000,17394,8000,No,33394.0
BILL12459,A12459,6000,16871,0,Yes,4574.2
BILL12460,A12460,70000,3459,15000,No,88459.0
BILL12461,A12461,10000,8349,36000,No,54349.0
BILL12462,A12462,2500,7793,0,Yes,2058.6
BILL12463,A12463,1000,3613,14000,No,18613.0
BILL12464,A12464,5000,3708,0,Yes,1741.6
BILL12465,A12465,65000,12799,40000,Yes,23559.8
BILL12466,A12466,15000,5208,36000,Yes,11241.6
BILL12467,A12467,5000,10925,0,Yes,3185.0
BILL12468,A12468,5000,587,8000,Yes,2717.4
BILL12469,A12469,15000,12898,12000,Yes,7979.6
BILL12470,A12470,5000,19339,0,Yes,4867.8
BILL12471,A12471,6000,3910,0,Yes,1982.0
BILL12472,A12472,800,17770,35000,Yes,10714.0
BILL12473,A12473,70000,13038,0,No,83038.0
BILL12474,A12474,1000,2470,0,No,3470.0
BILL12475,A12475,800,700,8000,Yes,1900.0
BILL12476,A12476,1000,1076,0,Yes,415.2
BILL12477,A12477,65000,11493,18000,Yes,18898.6
BILL12478,A12478,2000,3971,45000,No,50971.0
BILL12479,A12479,5000,4894,12000,Yes,4378.8
BILL12480,A12480,1000,1283,15000,Yes,3456.6
BILL12481,A12481,1200,16608,0,Yes,3561.6
BILL12482,A12482,8000,15921,0,No,23921.0
BILL12483,A12483,60000,5333,4000,Yes,13866.6
BILL12484,A12484,8000,2334,27000,No,37334.0
BILL12485,A12485,10000,9472,12000,No,31472.0
BILL12486,A12486,6000,17697,6000,Yes,5939.4
BILL12487,A12487,4000,8831,12000,Yes,4966.2
BILL12488,A12488,65000,2717,4000,No,71717.0
BILL12489,A12489,180000,6120,20000,Yes,41224.0
BILL12490,A12490,4000,8491,0,No,12491.0
BILL12491,A12491,2500,1497,45000,Yes,9799.4
BILL12492,A12492,450000,3589,28000,Yes,96317.8
BILL12493,A12493,40000,8167,0,No,48167.0
BILL12494,A12494,1000,4499,0,No,5499.0
BILL12495,A12495,8000,8846,0,Yes,3369.2
BILL12496,A12496,1000,10880,28000,Yes,7976.0
BILL12497,A12497,2500,2662,0,Yes,1032.4
BILL12498,A12498,6000,18601,0,Yes,4920.2
BILL12499,A12499,6000,19472,0,Yes,5094.4
BILL12500,A12500,40000,6395,2000,Yes,9679.0
BILL12501,A12501,8000,6430,2000,Yes,3286.0
BILL12502,A12502,450000,12106,27000,Yes,97821.2
BILL12503,A12503,8000,14933,5000,Yes,5586.6
BILL12504,A12504,80000,4438,6000,Yes,18087.6
BILL12505,A12505,3500,14593,9000,Yes,5418.6
BILL12506,A12506,6000,1990,16000,No,23990.0
BILL12507,A12507,450000,16137,9000,No,475137.0
BILL12508,A12508,80000,4952,32000,No,116952.0
BILL12509,A12509,6000,2576,21000,No,29576.0
BILL12510,A12510,3500,10177,6000,Yes,3935.4
BILL12511,A12511,6000,6030,4000,Yes,3206.0
BILL12512,A12512,2000,6017,5000,Yes,2603.4
BILL12513,A12513,6000,13523,24000,No,43523.0
BILL12514,A12514,1000,8354,0,Yes,1870.8
BILL12515,A12515,8000,9731,0,Yes,3546.2
BILL12516,A12516,10000,8101,10000,Yes,5620.2
BILL12517,A12517,40000,12125,0,Yes,10425.0
BILL12518,A12518,8000,19637,4000,Yes,6327.4
BILL12519,A12519,10000,18920,20000,No,48920.0
BILL12520,A12520,1000,1127,0,Yes,425.4
BILL12521,A12521,6000,1361,40000,Yes,9472.2
BILL12522,A12522,2500,3646,0,Yes,1229.2
BILL12523,A12523,5000,8554,24000,Yes,7510.8
BILL12524,A12524,6000,2033,16000,No,24033.0
BILL12525,A12525,12000,11401,12000,No,35401.0
BILL12526,A12526,250000,9425,15000,No,274425.0
BILL12527,A12527,180000,11463,6000,No,197463.0
BILL12528,A12528,250000,4363,0,No,254363.0
BILL12529,A12529,8000,15790,0,Yes,4758.0
BILL12530,A12530,12000,2444,6000,Yes,4088.8
BILL12531,A12531,40000,9967,4000,Yes,10793.4
BILL12532,A12532,5000,8085,0,No,13085.0
BILL12533,A12533,10000,15955,10000,Yes,7191.0
BILL12534,A12534,8000,8738,2000,Yes,3747.6
BILL12535,A12535,70000,8895,12000,Yes,18179.0
BILL12536,A12536,40000,17019,36000,No,93019.0
BILL12537,A12537,10000,17865,30000,Yes,11573.0
BILL12538,A12538,2000,16450,3000,Yes,4290.0
BILL12539,A12539,15000,9613,10000,Yes,6922.6
BILL12540,A12540,15000,660,10000,Yes,5132.0
BILL12541,A12541,800,13402,30000,No,44202.0
BILL12542,A12542,6000,10074,0,Yes,3214.8
BILL12543,A12543,2000,5349,0,Yes,1469.8
BILL12544,A12544,1200,18300,6000,Yes,5100.0
BILL12545,A12545,2500,17433,9000,Yes,5786.6
BILL12546,A12546,6000,5541,28000,No,39541.0
BILL12547,A12547,1000,4850,4000,Yes,1970.0
BILL12548,A12548,2500,7576,15000,No,25076.0
BILL12549,A12549,3000,4332,0,Yes,1466.4
BILL12550,A12550,3500,13473,8000,Yes,4994.6
BILL12551,A12551,40000,14955,4000,Yes,11791.0
BILL12552,A12552,15000,14608,5000,Yes,6921.6
BILL12553,A12553,2500,18814,0,Yes,4262.8
BILL12554,A12554,35000,3732,0,Yes,7746.4
BILL12555,A12555,2000,15897,16000,Yes,6779.4
BILL12556,A12556,180000,5397,32000,No,217397.0
BILL12557,A12557,2500,18636,4000,Yes,5027.2
BILL12558,A12558,6000,8498,15000,Yes,5899.6
BILL12559,A12559,10000,9269,0,Yes,3853.8
BILL12560,A12560,3000,17380,6000,No,26380.0
BILL12561,A12561,3500,7715,6000,Yes,3443.0
BILL12562,A12562,15000,12227,15000,Yes,8445.4
BILL12563,A12563,800,4944,0,Yes,1148.8
BILL12564,A12564,5000,18106,8000,Yes,6221.2
BILL12565,A12565,15000,18812,30000,No,63812.0
BILL12566,A12566,1500,10011,18000,Yes,5902.2
BILL12567,A12567,15000,8821,0,No,23821.0
BILL12568,A12568,1200,10480,5000,No,16680.0
BILL12569,A12569,65000,9423,25000,Yes,19884.6
BILL12570,A12570,800,15230,0,Yes,3206.0
BILL12571,A12571,1000,19782,18000,Yes,7756.4
BILL12572,A12572,2000,14164,25000,Yes,8232.8
BILL12573,A12573,10000,10659,8000,No,28659.0
BILL12574,A12574,60000,13258,12000,Yes,17051.6
BILL12575,A12575,80000,15269,24000,Yes,23853.8
BILL12576,A12576,8000,3583,2000,No,13583.0
BILL12577,A12577,70000,8718,20000,Yes,19743.6
BILL12578,A12578,15000,7236,0,Yes,4447.2
BILL12579,A12579,1200,19523,20000,No,40723.0
BILL12580,A12580,40000,17502,6000,Yes,12700.4
BILL12581,A12581,1200,4088,0,No,5288.0
BILL12582,A12582,3500,10781,10000,Yes,4856.2
BILL12583,A12583,12000,9606,9000,Yes,6121.2
BILL12584,A12584,40000,5793,0,No,45793.0
BILL12585,A12585,450000,16977,0,No,466977.0
BILL12586,A12586,450000,2739,0,No,452739.0
BILL12587,A12587,12000,19380,2000,Yes,6676.0
BILL12588,A12588,80000,17090,0,Yes,19418.0
BILL12589,A12589,6000,13940,9000,Yes,5788.0
BILL12590,A12590,40000,2798,0,Yes,8559.6
BILL12591,A12591,8000,18130,0,Yes,5226.0
BILL12592,A12592,3000,18716,0,Yes,4343.2
BILL12593,A12593,1200,4116,3000,Yes,1663.2
BILL12594,A12594,180000,16132,24000,Yes,44026.4
BILL12595,A12595,15000,2684,18000,No,35684.0
BILL12596,A12596,35000,19729,4000,Yes,11745.8
BILL12597,A12597,15000,16574,36000,No,67574.0
BILL12598,A12598,1500,5893,0,Yes,1478.6
BILL12599,A12599,1200,19587,0,Yes,4157.4
BILL12600,A12600,35000,13749,12000,Yes,12149.8
BILL12601,A12601,2500,10074,2000,No,14574.0
BILL12602,A12602,80000,11892,8000,No,99892.0
BILL12603,A12603,70000,6834,10000,No,86834.0
BILL12604,A12604,2000,2522,0,Yes,904.4
BILL12605,A12605,3500,14142,6000,Yes,4728.4
BILL12606,A12606,40000,11014,8000,Yes,11802.8
BILL12607,A12607,5000,16688,8000,Yes,5937.6
BILL12608,A12608,3000,4538,0,No,7538.0
BILL12609,A12609,800,8870,8000,Yes,3534.0
BILL12610,A12610,4000,3628,0,No,7628.0
BILL12611,A12611,250000,574,0,Yes,50114.8
BILL12612,A12612,8000,9404,0,No,17404.0
BILL12613,A12613,12000,12610,0,Yes,4922.0
BILL12614,A12614,8000,8313,0,Yes,3262.6
BILL12615,A12615,6000,14354,24000,No,44354.0
BILL12616,A12616,5000,1822,0,No,6822.0
BILL12617,A12617,4000,16434,0,Yes,4086.8
BILL12618,A12618,12000,17672,0,Yes,5934.4
BILL12619,A12619,4000,18909,40000,No,62909.0
BILL12620,A12620,35000,10510,15000,Yes,12102.0
BILL12621,A12621,6000,7254,0,Yes,2650.8
BILL12622,A12622,1000,19790,35000,Yes,11158.0
BILL12623,A12623,12000,5389,0,Yes,3477.8
BILL12624,A12624,2500,16243,18000,No,36743.0
BILL12625,A12625,12000,13864,8000,No,33864.0
BILL12626,A12626,5000,15093,28000,Yes,9618.6
BILL12627,A12627,3500,15620,24000,No,43120.0
BILL12628,A12628,3500,16370,0,No,19870.0
BILL12629,A12629,70000,11071,27000,No,108071.0
BILL12630,A12630,6000,5181,36000,Yes,9436.2
BILL12631,A12631,8000,19836,4000,No,31836.0
BILL12632,A12632,800,16738,0,Yes,3507.6
BILL12633,A12633,250000,11110,0,No,261110.0
BILL12634,A12634,65000,566,0,Yes,13113.2
BILL12635,A12635,2500,7853,2000,Yes,2470.6
BILL12636,A12636,5000,5670,24000,Yes,6934.0
BILL12637,A12637,12000,2429,0,Yes,2885.8
BILL12638,A12638,180000,7085,0,Yes,37417.0
BILL12639,A12639,5000,13503,0,Yes,3700.6
BILL12640,A12640,250000,5338,10000,No,265338.0
BILL12641,A12641,1500,519,15000,Yes,3403.8
BILL12642,A12642,40000,5603,20000,Yes,13120.6
BILL12643,A12643,15000,15858,0,Yes,6171.6
BILL12644,A12644,1200,7479,20000,Yes,5735.8
BILL12645,A12645,6000,10187,9000,No,25187.0
BILL12646,A12646,80000,15524,0,Yes,19104.8
BILL12647,A12647,3000,1270,12000,Yes,3254.0
BILL12648,A12648,1000,18448,14000,Yes,6689.6
BILL12649,A12649,800,13843,25000,Yes,7928.6
BILL12650,A12650,6000,6003,45000,Yes,11400.6
BILL12651,A12651,4000,11894,28000,Yes,8778.8
BILL12652,A12652,60000,2854,10000,Yes,14570.8
BILL12653,A12653,6000,8106,18000,Yes,6421.2
BILL12654,A12654,2000,10624,10000,Yes,4524.8
BILL12655,A12655,3000,16310,0,Yes,3862.0
BILL12656,A12656,6000,2275,4000,Yes,2455.0
BILL12657,A12657,1000,15815,30000,No,46815.0
BILL12658,A12658,4000,1968,30000,Yes,7193.6
BILL12659,A12659,450000,1202,50000,No,501202.0
BILL12660,A12660,450000,4022,12000,No,466022.0
BILL12661,A12661,3500,11998,6000,No,21498.0
BILL12662,A12662,2000,6554,0,No,8554.0
BILL12663,A12663,1200,8284,0,Yes,1896.8
BILL12664,A12664,15000,15942,21000,Yes,10388.4
BILL12665,A12665,180000,4925,9000,No,193925.0
BILL12666,A12666,10000,2316,50000,Yes,12463.2
BILL12667,A12667,180000,14768,0,No,194768.0
BILL12668,A12668,1200,9887,6000,Yes,3417.4
BILL12669,A12669,1500,6357,0,Yes,1571.4
BILL12670,A12670,3500,4232,20000,No,27732.0
BILL12671,A12671,450000,9594,0,Yes,91918.8
BILL12672,A12672,1500,5961,35000,No,42461.0
BILL12673,A12673,1500,15781,6000,Yes,4656.2
BILL12674,A12674,180000,2721,3000,No,185721.0
BILL12675,A12675,800,17516,2000,No,20316.0
BILL12676,A12676,5000,15346,27000,Yes,9469.2
BILL12677,A12677,35000,7826,30000,No,72826.0
BILL12678,A12678,5000,15035,0,Yes,4007.0
BILL12679,A12679,60000,11387,16000,Yes,17477.4
BILL12680,A12680,800,4111,40000,Yes,8982.2
BILL12681,A12681,1500,14933,18000,No,34433.0
BILL12682,A12682,1000,11896,0,No,12896.0
BILL12683,A12683,60000,775,12000,No,72775.0
BILL12684,A12684,450000,5626,0,Yes,91125.2
BILL12685,A12685,60000,13557,0,No,73557.0
BILL12686,A12686,250000,9246,12000,Yes,54249.2
BILL12687,A12687,3000,6757,4000,No,13757.0
BILL12688,A12688,450000,19724,25000,No,494724.0
BILL12689,A12689,40000,10919,0,Yes,10183.8
BILL12690,A12690,8000,13579,15000,Yes,7315.8
BILL12691,A12691,8000,1317,16000,Yes,5063.4
BILL12692,A12692,12000,6630,0,No,18630.0
BILL12693,A12693,15000,2561,0,Yes,3512.2
BILL12694,A12694,250000,19747,45000,No,314747.0
BILL12695,A12695,5000,12402,0,No,17402.0
BILL12696,A12696,60000,7078,15000,No,82078.0
BILL12697,A12697,80000,8707,0,Yes,17741.4
BILL12698,A12698,180000,6157,10000,No,196157.0
BILL12699,A12699,3500,9252,4000,No,16752.0
BILL12700,A12700,1500,11452,0,No,12952.0
BILL12701,A12701,15000,16638,40000,No,71638.0
BILL12702,A12702,35000,4169,6000,No,45169.0
BILL12703,A12703,1000,14160,6000,Yes,4232.0
BILL12704,A12704,1000,12843,10000,Yes,4768.6
BILL12705,A12705,1200,14640,32000,Yes,9568.0
BILL12706,A12706,12000,5124,3000,No,20124.0
BILL12707,A12707,15000,9075,10000,Yes,6815.0
BILL12708,A12708,3500,17213,0,No,20713.0
BILL12709,A12709,4000,579,8000,Yes,2515.8
BILL12710,A12710,6000,4043,6000,Yes,3208.6
BILL12711,A12711,15000,15007,0,Yes,6001.4
BILL12712,A12712,10000,18038,0,Yes,5607.6
BILL12713,A12713,10000,18704,40000,Yes,13740.8
BILL12714,A12714,12000,10397,8000,No,30397.0
BILL12715,A12715,12000,13667,4000,Yes,5933.4
BILL12716,A12716,6000,8683,8000,No,22683.0
BILL12717,A12717,8000,17578,8000,Yes,6715.6
BILL12718,A12718,180000,18255,0,Yes,39651.0
BILL12719,A12719,1200,17141,4000,Yes,4468.2
BILL12720,A12720,60000,9274,0,Yes,13854.8
BILL12721,A12721,70000,9760,2000,Yes,16352.0
BILL12722,A12722,80000,1592,0,No,81592.0
BILL12723,A12723,1200,2080,24000,Yes,5456.0
BILL12724,A12724,10000,7753,24000,No,41753.0
BILL12725,A12725,15000,17480,10000,No,42480.0
BILL12726,A12726,450000,19876,0,Yes,93975.2
BILL12727,A12727,4000,3962,0,No,7962.0
BILL12728,A12728,8000,3685,15000,No,26685.0
BILL12729,A12729,3000,19125,0,Yes,4425.0
BILL12730,A12730,15000,4992,6000,Yes,5198.4
BILL12731,A12731,15000,10022,30000,No,55022.0
BILL12732,A12732,70000,14328,20000,Yes,20865.6
BILL12733,A12733,6000,4260,0,No,10260.0
BILL12734,A12734,6000,11861,12000,Yes,5972.2
BILL12735,A12735,3500,5700,0,Yes,1840.0
BILL12736,A12736,5000,9264,8000,Yes,4452.8
BILL12737,A12737,15000,11019,0,No,26019.0
BILL12738,A12738,3500,13239,0,No,16739.0
BILL12739,A12739,15000,5370,0,Yes,4074.0
BILL12740,A12740,60000,3089,28000,No,91089.0
BILL12741,A12741,15000,12605,5000,No,32605.0
BILL12742,A12742,5000,12098,0,No,17098.0
BILL12743,A12743,40000,4431,0,Yes,8886.2
BILL12744,A12744,6000,16588,10000,Yes,6517.6
BILL12745,A12745,8000,9852,32000,No,49852.0
BILL12746,A12746,1000,10435,12000,No,23435.0
BILL12747,A12747,65000,19171,10000,Yes,18834.2
BILL12748,A12748,2000,3790,5000,Yes,2158.0
BILL12749,A12749,12000,1793,0,Yes,2758.6
BILL12750,A12750,70000,18966,32000,Yes,24193.2
BILL12751,A12751,40000,4765,6000,No,50765.0
BILL12752,A12752,80000,1252,0,No,81252.0
BILL12753,A12753,2500,9387,5000,Yes,3377.4
BILL12754,A12754,3000,3581,0,Yes,1316.2
BILL12755,A12755,12000,7629,8000,No,27629.0
BILL12756,A12756,8000,12396,0,Yes,4079.2
BILL12757,A12757,1000,18328,40000,Yes,11865.6
BILL12758,A12758,6000,936,8000,No,14936.0
BILL12759,A12759,1000,7056,9000,Yes,3411.2
BILL12760,A12760,1500,1684,0,Yes,636.8
BILL12761,A12761,2000,9650,6000,No,17650.0
BILL12762,A12762,10000,16026,40000,Yes,13205.2
BILL12763,A12763,12000,17209,6000,Yes,7041.8
BILL12764,A12764,4000,997,0,Yes,999.4
BILL12765,A12765,15000,12718,10000,Yes,7543.6
BILL12766,A12766,1000,6325,12000,No,19325.0
BILL12767,A12767,5000,14091,12000,No,31091.0
BILL12768,A12768,180000,14773,27000,Yes,44354.6
BILL12769,A12769,8000,14076,6000,Yes,5615.2
BILL12770,A12770,1000,6202,0,Yes,1440.4
BILL12771,A12771,180000,8833,10000,Yes,39766.6
BILL12772,A12772,8000,11784,0,Yes,3956.8
BILL12773,A12773,80000,15910,0,Yes,19182.0
BILL12774,A12774,450000,4897,6000,Yes,92179.4
BILL12775,A12775,1000,15388,35000,Yes,10277.6
BILL12776,A12776,1200,1376,20000,Yes,4515.2
BILL12777,A12777,15000,10205,12000,No,37205.0
BILL12778,A12778,250000,1080,9000,No,260080.0
BILL12779,A12779,15000,19223,4000,Yes,7644.6
BILL12780,A12780,8000,7814,8000,No,23814.0
BILL12781,A12781,35000,9595,12000,No,56595.0
BILL12782,A12782,35000,9736,21000,Yes,13147.2
BILL12783,A12783,15000,1504,9000,Yes,5100.8
BILL12784,A12784,180000,8309,0,No,188309.0
BILL12785,A12785,1000,14629,10000,No,25629.0
BILL12786,A12786,6000,19279,0,No,25279.0
BILL12787,A12787,35000,14329,45000,No,94329.0
BILL12788,A12788,15000,8921,30000,Yes,10784.2
BILL12789,A12789,15000,4948,0,No,19948.0
BILL12790,A12790,180000,3697,0,No,183697.0
BILL12791,A12791,12000,2515,0,Yes,2903.0
BILL12792,A12792,2500,8051,12000,Yes,4510.2
BILL12793,A12793,6000,15844,24000,Yes,9168.8
BILL12794,A12794,1000,3283,5000,Yes,1856.6
BILL12795,A12795,3000,16087,20000,Yes,7817.4
BILL12796,A12796,15000,6673,12000,Yes,6734.6
BILL12797,A12797,1500,11133,21000,Yes,6726.6
BILL12798,A12798,8000,4749,9000,Yes,4349.8
BILL12799,A12799,35000,12299,20000,Yes,13459.8
BILL12800,A12800,12000,6446,0,Yes,3689.2
BILL12801,A12801,15000,12365,40000,No,67365.0
BILL12802,A12802,65000,2069,0,No,67069.0
BILL12803,A12803,1000,17577,4000,Yes,4515.4
BILL12804,A12804,1000,3770,4000,Yes,1754.0
BILL12805,A12805,1200,14654,14000,Yes,5970.8
BILL12806,A12806,12000,12901,18000,Yes,8580.2
BILL12807,A12807,2000,19585,15000,No,36585.0
BILL12808,A12808,3500,18005,45000,Yes,13301.0
BILL12809,A12809,6000,17064,0,Yes,4612.8
BILL12810,A12810,65000,1018,12000,Yes,15603.6
BILL12811,A12811,15000,19762,21000,Yes,11152.4
BILL12812,A12812,60000,16981,0,Yes,15396.2
BILL12813,A12813,1000,16058,0,No,17058.0
BILL12814,A12814,12000,19381,0,No,31381.0
BILL12815,A12815,1200,6321,32000,Yes,7904.2
BILL12816,A12816,60000,2288,15000,No,77288.0
BILL12817,A12817,1000,10895,24000,Yes,7179.0
BILL12818,A12818,1500,14252,5000,Yes,4150.4
BILL12819,A12819,250000,9996,20000,No,279996.0
BILL12820,A12820,1000,15085,20000,Yes,7217.0
BILL12821,A12821,6000,2736,45000,Yes,10747.2
BILL12822,A12822,65000,14074,12000,No,91074.0
BILL12823,A12823,12000,19315,12000,Yes,8663.0
BILL12824,A12824,35000,10021,0,No,45021.0
BILL12825,A12825,6000,19694,0,No,25694.0
BILL12826,A12826,1000,2618,14000,No,17618.0
BILL12827,A12827,70000,11487,40000,Yes,24297.4
BILL12828,A12828,2500,11385,0,Yes,2777.0
BILL12829,A12829,250000,9700,0,Yes,51940.0
BILL12830,A12830,40000,16471,15000,Yes,14294.2
BILL12831,A12831,80000,6945,20000,No,106945.0
BILL12832,A12832,3500,12069,4000,No,19569.0
BILL12833,A12833,800,18939,0,No,19739.0
BILL12834,A12834,12000,19184,0,No,31184.0
BILL12835,A12835,250000,18652,21000,No,289652.0
BILL12836,A12836,3000,4928,2000,Yes,1985.6
BILL12837,A12837,3000,4541,16000,No,23541.0
BILL12838,A12838,12000,3692,4000,Yes,3938.4
BILL12839,A12839,80000,13862,0,Yes,18772.4
BILL12840,A12840,4000,13447,21000,Yes,7689.4
BILL12841,A12841,180000,11045,15000,Yes,41209.0
BILL12842,A12842,4000,11647,0,Yes,3129.4
BILL12843,A12843,3500,19593,18000,Yes,8218.6
BILL12844,A12844,65000,13526,0,Yes,15705.2
BILL12845,A12845,70000,959,8000,Yes,15791.8
BILL12846,A12846,65000,9189,0,Yes,14837.8
BILL12847,A12847,5000,16351,0,Yes,4270.2
BILL12848,A12848,65000,6217,0,No,71217.0
BILL12849,A12849,1200,10100,0,Yes,2260.0
BILL12850,A12850,10000,4710,0,No,14710.0
BILL12851,A12851,70000,7000,0,No,77000.0
BILL12852,A12852,5000,11815,0,Yes,3363.0
BILL12853,A12853,3500,19712,0,Yes,4642.4
BILL12854,A12854,15000,11375,4000,Yes,6075.0
BILL12855,A12855,15000,7615,20000,Yes,8523.0
BILL12856,A12856,80000,8200,8000,Yes,19240.0
BILL12857,A12857,80000,14656,0,Yes,18931.2
BILL12858,A12858,10000,15163,40000,Yes,13032.6
BILL12859,A12859,4000,7468,0,No,11468.0
BILL12860,A12860,35000,4762,35000,No,74762.0
BILL12861,A12861,35000,11470,10000,Yes,11294.0
BILL12862,A12862,1500,7276,6000,Yes,2955.2
BILL12863,A12863,5000,19842,15000,Yes,7968.4
BILL12864,A12864,1000,8913,0,Yes,1982.6
BILL12865,A12865,1000,16142,4000,Yes,4228.4
BILL12866,A12866,180000,6474,8000,No,194474.0
BILL12867,A12867,1000,14031,8000,No,23031.0
BILL12868,A12868,5000,19388,0,Yes,4877.6
BILL12869,A12869,8000,9157,10000,Yes,5431.4
BILL12870,A12870,35000,14010,15000,No,64010.0
BILL12871,A12871,450000,9444,50000,Yes,101888.8
BILL12872,A12872,5000,3452,0,Yes,1690.4
BILL12873,A12873,450000,6079,16000,No,472079.0
BILL12874,A12874,3000,12566,5000,Yes,4113.2
BILL12875,A12875,5000,8527,12000,Yes,5105.4
BILL12876,A12876,8000,11911,24000,Yes,8782.2
BILL12877,A12877,40000,19270,0,No,59270.0
BILL12878,A12878,15000,12375,0,Yes,5475.0
BILL12879,A12879,180000,12943,35000,Yes,45588.6
BILL12880,A12880,10000,844,40000,No,50844.0
BILL12881,A12881,15000,3567,4000,No,22567.0
BILL12882,A12882,250000,6262,0,No,256262.0
BILL12883,A12883,800,10249,5000,No,16049.0
BILL12884,A12884,250000,9282,35000,No,294282.0
BILL12885,A12885,2000,2858,6000,No,10858.0
BILL12886,A12886,15000,3389,40000,Yes,11677.8
BILL12887,A12887,8000,7204,40000,No,55204.0
BILL12888,A12888,10000,8250,4000,No,22250.0
BILL12889,A12889,1200,13438,0,No,14638.0
BILL12890,A12890,12000,14963,28000,Yes,10992.6
BILL12891,A12891,3000,10268,4000,Yes,3453.6
BILL12892,A12892,4000,1753,0,Yes,1150.6
BILL12893,A12893,250000,11539,0,No,261539.0
BILL12894,A12894,2000,13636,6000,No,21636.0
BILL12895,A12895,800,2520,35000,Yes,7664.0
BILL12896,A12896,40000,5254,6000,No,51254.0
BILL12897,A12897,40000,2263,0,No,42263.0
BILL12898,A12898,10000,13241,0,Yes,4648.2
BILL12899,A12899,15000,17225,5000,No,37225.0
BILL12900,A12900,35000,2317,0,No,37317.0
BILL12901,A12901,450000,16930,16000,Yes,96586.0
BILL12902,A12902,250000,12425,0,No,262425.0
BILL12903,A12903,6000,16111,0,Yes,4422.2
BILL12904,A12904,250000,12456,18000,Yes,56091.2
BILL12905,A12905,800,5847,4000,Yes,2129.4
BILL12906,A12906,6000,18329,15000,Yes,7865.8
BILL12907,A12907,65000,15862,2000,Yes,16572.4
BILL12908,A12908,4000,10271,0,Yes,2854.2
BILL12909,A12909,1500,6468,25000,Yes,6593.6
BILL12910,A12910,6000,3648,36000,Yes,9129.6
BILL12911,A12911,1000,18492,3000,No,22492.0
BILL12912,A12912,2500,16171,2000,Yes,4134.2
BILL12913,A12913,1200,4671,3000,Yes,1774.2
BILL12914,A12914,12000,3936,9000,No,24936.0
BILL12915,A12915,60000,13315,0,Yes,14663.0
BILL12916,A12916,10000,9079,0,Yes,3815.8
BILL12917,A12917,6000,2608,21000,Yes,5921.6
BILL12918,A12918,60000,18359,28000,Yes,21271.8
BILL12919,A12919,800,16874,0,Yes,3534.8
BILL12920,A12920,1500,4937,0,Yes,1287.4
BILL12921,A12921,12000,6161,16000,Yes,6832.2
BILL12922,A12922,3500,19847,8000,No,31347.0
BILL12923,A12923,2000,3284,0,Yes,1056.8
BILL12924,A12924,1000,12446,8000,Yes,4289.2
BILL12925,A12925,10000,5628,0,Yes,3125.6
BILL12926,A12926,250000,12578,12000,No,274578.0
BILL12927,A12927,2500,18417,32000,Yes,10583.4
BILL12928,A12928,15000,1346,15000,Yes,6269.2
BILL12929,A12929,60000,5459,27000,Yes,18491.8
BILL12930,A12930,8000,6310,6000,No,20310.0
BILL12931,A12931,8000,12192,12000,Yes,6438.4
BILL12932,A12932,450000,14879,40000,Yes,100975.8
BILL12933,A12933,1200,6853,40000,No,48053.0
BILL12934,A12934,35000,13932,28000,Yes,15386.4
BILL12935,A12935,800,5633,5000,Yes,2286.6
BILL12936,A12936,6000,10651,35000,Yes,10330.2
BILL12937,A12937,1200,9576,12000,Yes,4555.2
BILL12938,A12938,3000,15404,12000,No,30404.0
BILL12939,A12939,40000,8540,16000,No,64540.0
BILL12940,A12940,12000,4527,8000,No,24527.0
BILL12941,A12941,10000,2114,2000,No,14114.0
BILL12942,A12942,70000,16234,0,Yes,17246.8
BILL12943,A12943,4000,10674,0,No,14674.0
BILL12944,A12944,35000,11589,18000,No,64589.0
BILL12945,A12945,65000,10987,6000,Yes,16397.4
BILL12946,A12946,80000,18916,0,Yes,19783.2
BILL12947,A12947,6000,16616,32000,Yes,10923.2
BILL12948,A12948,6000,14762,20000,Yes,8152.4
BILL12949,A12949,3500,15132,0,Yes,3726.4
BILL12950,A12950,80000,13086,0,Yes,18617.2
BILL12951,A12951,15000,11329,30000,No,56329.0
BILL12952,A12952,2500,8166,8000,No,18666.0
BILL12953,A12953,6000,15005,0,No,21005.0
BILL12954,A12954,6000,13883,0,Yes,3976.6
BILL12955,A12955,5000,16212,18000,Yes,7842.4
BILL12956,A12956,65000,14603,6000,Yes,17120.6
BILL12957,A12957,12000,2933,8000,Yes,4586.6
BILL12958,A12958,250000,7662,0,Yes,51532.4
BILL12959,A12959,1000,18503,10000,Yes,5900.6
BILL12960,A12960,60000,10763,16000,Yes,17352.6
BILL12961,A12961,40000,5893,4000,Yes,9978.6
BILL12962,A12962,3500,784,0,No,4284.0
BILL12963,A12963,60000,627,8000,Yes,13725.4
BILL12964,A12964,8000,14154,0,Yes,4430.8
BILL12965,A12965,250000,18970,10000,Yes,55794.0
BILL12966,A12966,2500,2991,40000,Yes,9098.2
BILL12967,A12967,5000,19751,35000,Yes,11950.2
BILL12968,A12968,2000,13924,0,Yes,3184.8
BILL12969,A12969,450000,17953,8000,Yes,95190.6
BILL12970,A12970,10000,18740,0,Yes,5748.0
BILL12971,A12971,250000,10266,0,No,260266.0
BILL12972,A12972,60000,8097,50000,Yes,23619.4
BILL12973,A12973,35000,7216,45000,Yes,17443.2
BILL12974,A12974,5000,17773,28000,Yes,10154.6
BILL12975,A12975,8000,10312,12000,No,30312.0
BILL12976,A12976,3500,12368,10000,Yes,5173.6
BILL12977,A12977,65000,4210,4000,No,73210.0
BILL12978,A12978,2500,9148,0,Yes,2329.6
BILL12979,A12979,70000,14758,9000,No,93758.0
BILL12980,A12980,12000,10990,27000,Yes,9998.0
BILL12981,A12981,250000,8723,25000,Yes,56744.6
BILL12982,A12982,1500,9598,9000,Yes,4019.6
BILL12983,A12983,80000,5671,20000,Yes,21134.2
BILL12984,A12984,70000,17132,12000,Yes,19826.4
BILL12985,A12985,6000,15061,12000,Yes,6612.2
BILL12986,A12986,70000,2882,12000,No,84882.0
BILL12987,A12987,180000,18941,0,Yes,39788.2
BILL12988,A12988,12000,16647,0,Yes,5729.4
BILL12989,A12989,450000,6640,0,Yes,91328.0
BILL12990,A12990,6000,1432,12000,Yes,3886.4
BILL12991,A12991,5000,902,8000,Yes,2780.4
BILL12992,A12992,8000,4212,40000,Yes,10442.4
BILL12993,A12993,250000,11054,8000,Yes,53810.8
BILL12994,A12994,8000,11068,2000,Yes,4213.6
BILL12995,A12995,6000,9584,4000,No,19584.0
BILL12996,A12996,180000,10017,0,Yes,38003.4
BILL12997,A12997,80000,15879,2000,No,97879.0
BILL12998,A12998,1000,6674,0,Yes,1534.8
BILL12999,A12999,12000,2312,30000,Yes,8862.4
BILL13000,A13000,8000,7124,0,No,15124.0
BILL13001,A13001,70000,6881,40000,Yes,23376.2
BILL13002,A13002,80000,15976,0,No,95976.0
BILL13003,A13003,8000,19679,8000,Yes,7135.8
BILL13004,A13004,65000,5625,0,No,70625.0
BILL13005,A13005,3000,4433,0,No,7433.0
BILL13006,A13006,35000,17714,15000,Yes,13542.8
BILL13007,A13007,1000,11156,25000,Yes,7431.2
BILL13008,A13008,10000,18588,9000,No,37588.0
BILL13009,A13009,65000,16100,12000,Yes,18620.0
BILL13010,A13010,15000,14423,21000,Yes,10084.6
BILL13011,A13011,15000,15863,15000,Yes,9172.6
BILL13012,A13012,8000,17390,0,No,25390.0
BILL13013,A13013,6000,13109,0,Yes,3821.8
BILL13014,A13014,4000,16868,30000,Yes,10173.6
BILL13015,A13015,1000,11179,8000,No,20179.0
BILL13016,A13016,60000,2310,12000,Yes,14862.0
BILL13017,A13017,3000,12420,20000,Yes,7084.0
BILL13018,A13018,12000,5103,15000,Yes,6420.6
BILL13019,A13019,5000,1391,8000,Yes,2878.2
BILL13020,A13020,180000,14965,27000,No,221965.0
BILL13021,A13021,1500,5335,0,Yes,1367.0
BILL13022,A13022,35000,15201,12000,Yes,12440.2
BILL13023,A13023,15000,13142,0,Yes,5628.4
BILL13024,A13024,35000,10470,4000,No,49470.0
BILL13025,A13025,3500,14438,50000,Yes,13587.6
BILL13026,A13026,2000,15534,15000,Yes,6506.8
BILL13027,A13027,60000,19638,0,Yes,15927.6
BILL13028,A13028,65000,10845,6000,No,81845.0
BILL13029,A13029,80000,19843,0,No,99843.0
BILL13030,A13030,3500,17081,0,Yes,4116.2
BILL13031,A13031,6000,11291,12000,No,29291.0
BILL13032,A13032,60000,18542,2000,Yes,16108.4
BILL13033,A13033,65000,13341,0,Yes,15668.2
BILL13034,A13034,10000,16137,0,Yes,5227.4
BILL13035,A13035,15000,7608,4000,Yes,5321.6
BILL13036,A13036,8000,15358,6000,Yes,5871.6
BILL13037,A13037,1000,6722,0,Yes,1544.4
BILL13038,A13038,1500,14112,35000,Yes,10122.4
BILL13039,A13039,5000,4710,2000,Yes,2342.0
BILL13040,A13040,15000,18440,18000,Yes,10288.0
BILL13041,A13041,70000,1420,21000,Yes,18484.0
BILL13042,A13042,6000,17562,28000,Yes,10312.4
BILL13043,A13043,180000,19150,15000,Yes,42830.0
BILL13044,A13044,35000,19292,12000,Yes,13258.4
BILL13045,A13045,3500,7797,30000,Yes,8259.4
BILL13046,A13046,80000,8408,0,No,88408.0
BILL13047,A13047,180000,14462,0,Yes,38892.4
BILL13048,A13048,70000,17840,0,Yes,17568.0
BILL13049,A13049,5000,1592,20000,Yes,5318.4
BILL13050,A13050,35000,16944,27000,No,78944.0
BILL13051,A13051,5000,14428,4000,Yes,4685.6
BILL13052,A13052,6000,5804,15000,Yes,5360.8
BILL13053,A13053,1000,14444,0,No,15444.0
BILL13054,A13054,60000,2004,15000,Yes,15400.8
BILL13055,A13055,12000,12669,32000,Yes,11333.8
BILL13056,A13056,15000,15209,12000,No,42209.0
BILL13057,A13057,6000,11219,4000,Yes,4243.8
BILL13058,A13058,3500,598,12000,No,16098.0
BILL13059,A13059,70000,14980,20000,No,104980.0
BILL13060,A13060,65000,4787,0,No,69787.0
BILL13061,A13061,3000,10122,18000,Yes,6224.4
BILL13062,A13062,1000,17971,10000,Yes,5794.2
BILL13063,A13063,40000,18213,36000,No,94213.0
BILL13064,A13064,5000,17821,25000,Yes,9564.2
BILL13065,A13065,180000,11726,5000,Yes,39345.2
BILL13066,A13066,60000,12289,50000,Yes,24457.8
BILL13067,A13067,65000,2022,0,Yes,13404.4
BILL13068,A13068,70000,4240,6000,No,80240.0
BILL13069,A13069,4000,3306,40000,Yes,9461.2
BILL13070,A13070,12000,15799,0,Yes,5559.8
BILL13071,A13071,1000,4331,0,Yes,1066.2
BILL13072,A13072,800,17637,2000,Yes,4087.4
BILL13073,A13073,12000,4254,8000,Yes,4850.8
BILL13074,A13074,1000,12516,15000,No,28516.0
BILL13075,A13075,60000,3427,9000,Yes,14485.4
BILL13076,A13076,12000,1045,0,Yes,2609.0
BILL13077,A13077,8000,12175,2000,Yes,4435.0
BILL13078,A13078,1200,10719,12000,Yes,4783.8
BILL13079,A13079,65000,1611,15000,Yes,16322.2
BILL13080,A13080,1000,16148,6000,Yes,4629.6
BILL13081,A13081,4000,19200,14000,No,37200.0
BILL13082,A13082,8000,13096,32000,Yes,10619.2
BILL13083,A13083,450000,10584,0,Yes,92116.8
BILL13084,A13084,60000,11912,0,No,71912.0
BILL13085,A13085,3500,7881,0,Yes,2276.2
BILL13086,A13086,70000,7628,0,Yes,15525.6
BILL13087,A13087,250000,5090,6000,Yes,52218.0
BILL13088,A13088,450000,11156,6000,Yes,93431.2
BILL13089,A13089,65000,17669,6000,Yes,17733.8
BILL13090,A13090,80000,2617,20000,No,102617.0
BILL13091,A13091,15000,6528,8000,Yes,5905.6
BILL13092,A13092,1500,13835,10000,No,25335.0
BILL13093,A13093,1000,1654,14000,No,16654.0
BILL13094,A13094,6000,9014,8000,Yes,4602.8
BILL13095,A13095,3500,18482,2000,Yes,4796.4
BILL13096,A13096,6000,18526,5000,Yes,5905.2
BILL13097,A13097,450000,5930,12000,Yes,93586.0
BILL13098,A13098,6000,835,0,Yes,1367.0
BILL13099,A13099,180000,14836,4000,Yes,39767.2
BILL13100,A13100,60000,16948,40000,Yes,23389.6
BILL13101,A13101,2500,16812,0,No,19312.0
BILL13102,A13102,70000,16919,4000,No,90919.0
BILL13103,A13103,80000,13813,14000,Yes,21562.6
BILL13104,A13104,65000,1083,0,No,66083.0
BILL13105,A13105,1500,18377,36000,Yes,11175.4
BILL13106,A13106,80000,4058,6000,Yes,18011.6
BILL13107,A13107,5000,12454,4000,Yes,4290.8
BILL13108,A13108,15000,8770,8000,Yes,6354.0
BILL13109,A13109,80000,13897,0,No,93897.0
BILL13110,A13110,5000,12614,5000,Yes,4522.8
BILL13111,A13111,6000,5572,24000,Yes,7114.4
BILL13112,A13112,12000,4039,0,Yes,3207.8
BILL13113,A13113,250000,19947,10000,Yes,55989.4
BILL13114,A13114,1000,5801,0,No,6801.0
BILL13115,A13115,450000,19648,0,Yes,93929.6
BILL13116,A13116,3500,12422,4000,Yes,3984.4
BILL13117,A13117,1200,18983,0,Yes,4036.6
BILL13118,A13118,65000,8087,3000,Yes,15217.4
BILL13119,A13119,1000,11537,50000,Yes,12507.4
BILL13120,A13120,2000,14403,4000,No,20403.0
BILL13121,A13121,35000,6152,10000,No,51152.0
BILL13122,A13122,65000,3202,32000,No,100202.0
BILL13123,A13123,1000,8773,0,Yes,1954.6
BILL13124,A13124,10000,14177,28000,Yes,10435.4
BILL13125,A13125,12000,9180,8000,No,29180.0
BILL13126,A13126,8000,12623,15000,Yes,7124.6
BILL13127,A13127,250000,9803,0,No,259803.0
BILL13128,A13128,8000,16891,15000,Yes,7978.2
BILL13129,A13129,180000,14068,0,No,194068.0
BILL13130,A13130,15000,12595,4000,Yes,6319.0
BILL13131,A13131,1000,19287,2000,No,22287.0
BILL13132,A13132,60000,15668,16000,Yes,18333.6
BILL13133,A13133,450000,17080,0,No,467080.0
BILL13134,A13134,35000,4924,4000,Yes,8784.8
BILL13135,A13135,70000,18443,6000,Yes,18888.6
BILL13136,A13136,2500,19971,5000,No,27471.0
BILL13137,A13137,180000,5899,0,No,185899.0
BILL13138,A13138,70000,16072,0,Yes,17214.4
BILL13139,A13139,70000,16420,40000,No,126420.0
BILL13140,A13140,8000,4467,8000,Yes,4093.4
BILL13141,A13141,80000,9355,0,No,89355.0
BILL13142,A13142,450000,14764,6000,Yes,94152.8
BILL13143,A13143,800,6767,12000,Yes,3913.4
BILL13144,A13144,2500,12074,12000,Yes,5314.8
BILL13145,A13145,450000,18751,21000,Yes,97950.2
BILL13146,A13146,1000,14598,21000,No,36598.0
BILL13147,A13147,2000,7309,40000,No,49309.0
BILL13148,A13148,5000,12299,24000,Yes,8259.8
BILL13149,A13149,12000,791,20000,Yes,6558.2
BILL13150,A13150,6000,4842,20000,No,30842.0
BILL13151,A13151,15000,16269,0,Yes,6253.8
BILL13152,A13152,1500,13671,0,Yes,3034.2
BILL13153,A13153,15000,9474,0,No,24474.0
BILL13154,A13154,250000,14872,3000,Yes,53574.4
BILL13155,A13155,8000,5457,10000,Yes,4691.4
BILL13156,A13156,60000,10554,12000,No,82554.0
BILL13157,A13157,3000,6540,6000,Yes,3108.0
BILL13158,A13158,5000,3951,9000,Yes,3590.2
BILL13159,A13159,8000,15896,21000,Yes,8979.2
BILL13160,A13160,5000,8490,18000,No,31490.0
BILL13161,A13161,6000,4608,10000,Yes,4121.6
BILL13162,A13162,3000,14575,0,Yes,3515.0
BILL13163,A13163,1000,11501,6000,Yes,3700.2
BILL13164,A13164,180000,10097,0,Yes,38019.4
BILL13165,A13165,5000,15125,10000,No,30125.0
BILL13166,A13166,6000,19622,24000,No,49622.0
BILL13167,A13167,35000,9987,8000,Yes,10597.4
BILL13168,A13168,8000,6853,6000,Yes,4170.6
BILL13169,A13169,2000,16523,12000,Yes,6104.6
BILL13170,A13170,60000,16717,6000,No,82717.0
BILL13171,A13171,1500,13714,10000,Yes,5042.8
BILL13172,A13172,15000,649,28000,Yes,8729.8
BILL13173,A13173,2500,14350,0,Yes,3370.0
BILL13174,A13174,12000,7356,27000,Yes,9271.2
BILL13175,A13175,1000,2978,20000,Yes,4795.6
BILL13176,A13176,3000,7263,6000,Yes,3252.6
BILL13177,A13177,5000,985,40000,Yes,9197.0
BILL13178,A13178,15000,1851,3000,Yes,3970.2
BILL13179,A13179,1200,17998,6000,Yes,5039.6
BILL13180,A13180,800,3836,8000,No,12636.0
BILL13181,A13181,8000,3640,4000,Yes,3128.0
BILL13182,A13182,1500,13699,36000,Yes,10239.8
BILL13183,A13183,2000,871,18000,Yes,4174.2
BILL13184,A13184,180000,4929,2000,No,186929.0
BILL13185,A13185,2000,7777,12000,No,21777.0
BILL13186,A13186,15000,2858,6000,Yes,4771.6
BILL13187,A13187,450000,8396,20000,Yes,95679.2
BILL13188,A13188,1200,3588,4000,Yes,1757.6
BILL13189,A13189,8000,9022,4000,No,21022.0
BILL13190,A13190,5000,19498,4000,Yes,5699.6
BILL13191,A13191,70000,12872,5000,Yes,17574.4
BILL13192,A13192,35000,14270,0,Yes,9854.0
BILL13193,A13193,15000,12953,0,Yes,5590.6
BILL13194,A13194,3500,13514,20000,No,37014.0
BILL13195,A13195,800,13947,30000,No,44747.0
BILL13196,A13196,5000,10688,0,Yes,3137.6
BILL13197,A13197,3000,4819,15000,No,22819.0
BILL13198,A13198,60000,11539,4000,Yes,15107.8
BILL13199,A13199,6000,18530,0,No,24530.0
BILL13200,A13200,8000,14467,16000,No,38467.0
BILL13201,A13201,12000,8518,12000,Yes,6503.6
BILL13202,A13202,5000,14125,9000,Yes,5625.0
BILL13203,A13203,5000,17846,12000,Yes,6969.2
BILL13204,A13204,35000,11086,10000,No,56086.0
BILL13205,A13205,5000,19568,30000,No,54568.0
BILL13206,A13206,1500,1078,30000,Yes,6515.6
BILL13207,A13207,1000,17652,18000,Yes,7330.4
BILL13208,A13208,450000,16150,32000,Yes,99630.0
BILL13209,A13209,35000,14349,0,Yes,9869.8
BILL13210,A13210,12000,12760,6000,No,30760.0
BILL13211,A13211,12000,7526,0,Yes,3905.2
BILL13212,A13212,35000,13323,3000,Yes,10264.6
BILL13213,A13213,70000,1875,25000,No,96875.0
BILL13214,A13214,1200,15935,30000,Yes,9427.0
BILL13215,A13215,8000,15356,0,No,23356.0
BILL13216,A13216,3000,6977,0,Yes,1995.4
BILL13217,A13217,40000,828,0,Yes,8165.6
BILL13218,A13218,2500,2205,0,No,4705.0
BILL13219,A13219,15000,13317,21000,Yes,9863.4
BILL13220,A13220,5000,1796,45000,Yes,10359.2
BILL13221,A13221,15000,6308,40000,Yes,12261.6
BILL13222,A13222,8000,17331,0,No,25331.0
BILL13223,A13223,5000,15209,18000,Yes,7641.8
BILL13224,A13224,2000,6012,15000,Yes,4602.4
BILL13225,A13225,5000,4340,36000,No,45340.0
BILL13226,A13226,1200,5502,24000,Yes,6140.4
BILL13227,A13227,5000,19338,15000,No,39338.0
BILL13228,A13228,10000,6223,16000,Yes,6444.6
BILL13229,A13229,800,4174,24000,Yes,5794.8
BILL13230,A13230,70000,8653,12000,Yes,18130.6
BILL13231,A13231,6000,12552,16000,Yes,6910.4
BILL13232,A13232,35000,3295,10000,No,48295.0
BILL13233,A13233,10000,12329,40000,Yes,12465.8
BILL13234,A13234,15000,2207,8000,Yes,5041.4
BILL13235,A13235,800,19308,6000,No,26108.0
BILL13236,A13236,12000,9334,40000,Yes,12266.8
BILL13237,A13237,60000,13970,9000,Yes,16594.0
BILL13238,A13238,450000,11981,0,No,461981.0
BILL13239,A13239,10000,12476,20000,Yes,8495.2
BILL13240,A13240,80000,11516,9000,Yes,20103.2
BILL13241,A13241,1000,12324,0,Yes,2664.8
BILL13242,A13242,1200,16877,20000,No,38077.0
BILL13243,A13243,35000,19540,18000,No,72540.0
BILL13244,A13244,35000,4286,15000,No,54286.0
BILL13245,A13245,3500,3612,14000,No,21112.0
BILL13246,A13246,15000,12380,0,Yes,5476.0
BILL13247,A13247,12000,7364,24000,Yes,8672.8
BILL13248,A13248,12000,12780,15000,Yes,7956.0
BILL13249,A13249,8000,9171,14000,Yes,6234.2
BILL13250,A13250,5000,3232,0,Yes,1646.4
BILL13251,A13251,2000,3469,0,No,5469.0
BILL13252,A13252,10000,7341,12000,Yes,5868.2
BILL13253,A13253,4000,14746,15000,No,33746.0
BILL13254,A13254,8000,13057,20000,No,41057.0
BILL13255,A13255,70000,7285,14000,No,91285.0
BILL13256,A13256,70000,9554,0,No,79554.0
BILL13257,A13257,1500,13561,24000,Yes,7812.2
BILL13258,A13258,450000,12923,0,Yes,92584.6
BILL13259,A13259,6000,18513,6000,Yes,6102.6
BILL13260,A13260,3000,755,10000,Yes,2751.0
BILL13261,A13261,65000,15208,2000,Yes,16441.6
BILL13262,A13262,2000,19573,16000,Yes,7514.6
BILL13263,A13263,12000,8693,6000,Yes,5338.6
BILL13264,A13264,12000,4108,0,Yes,3221.6
BILL13265,A13265,2000,2911,18000,Yes,4582.2
BILL13266,A13266,65000,11402,5000,No,81402.0
BILL13267,A13267,1000,8126,24000,Yes,6625.2
BILL13268,A13268,1500,14170,12000,Yes,5534.0
BILL13269,A13269,5000,12594,0,Yes,3518.8
BILL13270,A13270,2500,14662,0,Yes,3432.4
BILL13271,A13271,2000,9142,10000,Yes,4228.4
BILL13272,A13272,3000,1421,6000,No,10421.0
BILL13273,A13273,15000,17777,15000,Yes,9555.4
BILL13274,A13274,35000,3705,4000,Yes,8541.0
BILL13275,A13275,3500,11199,10000,Yes,4939.8
BILL13276,A13276,12000,10161,18000,No,40161.0
BILL13277,A13277,60000,12503,5000,Yes,15500.6
BILL13278,A13278,1000,9922,0,No,10922.0
BILL13279,A13279,40000,19504,0,Yes,11900.8
BILL13280,A13280,15000,3300,35000,Yes,10660.0
BILL13281,A13281,8000,5453,9000,No,22453.0
BILL13282,A13282,12000,16661,32000,Yes,12132.2
BILL13283,A13283,12000,4498,0,Yes,3299.6
BILL13284,A13284,15000,17625,6000,Yes,7725.0
BILL13285,A13285,8000,18648,0,Yes,5329.6
BILL13286,A13286,800,3969,8000,No,12769.0
BILL13287,A13287,1500,4213,12000,Yes,3542.6
BILL13288,A13288,1500,5824,28000,Yes,7064.8
BILL13289,A13289,5000,10093,36000,No,51093.0
BILL13290,A13290,35000,10505,35000,Yes,16101.0
BILL13291,A13291,5000,2936,12000,Yes,3987.2
BILL13292,A13292,15000,15899,12000,Yes,8579.8
BILL13293,A13293,65000,517,0,Yes,13103.4
BILL13294,A13294,12000,11024,12000,No,35024.0
BILL13295,A13295,3500,10903,4000,Yes,3680.6
BILL13296,A13296,4000,16084,10000,Yes,6016.8
BILL13297,A13297,35000,743,0,Yes,7148.6
BILL13298,A13298,12000,3474,10000,Yes,5094.8
BILL13299,A13299,1000,3427,0,Yes,885.4
BILL13300,A13300,35000,3916,9000,No,47916.0
BILL13301,A13301,8000,1704,0,Yes,1940.8
BILL13302,A13302,80000,4619,25000,Yes,21923.8
BILL13303,A13303,8000,7763,6000,No,21763.0
BILL13304,A13304,6000,17616,6000,Yes,5923.2
BILL13305,A13305,6000,1470,12000,No,19470.0
BILL13306,A13306,8000,15905,5000,Yes,5781.0
BILL13307,A13307,35000,14324,8000,Yes,11464.8
BILL13308,A13308,3000,2585,4000,No,9585.0
BILL13309,A13309,6000,10893,8000,No,24893.0
BILL13310,A13310,70000,13568,2000,No,85568.0
BILL13311,A13311,80000,14842,0,No,94842.0
BILL13312,A13312,8000,2961,6000,Yes,3392.2
BILL13313,A13313,450000,9680,0,Yes,91936.0
BILL13314,A13314,2000,6153,0,No,8153.0
BILL13315,A13315,8000,2784,0,Yes,2156.8
BILL13316,A13316,15000,16000,12000,No,43000.0
BILL13317,A13317,1200,13468,10000,Yes,4933.6
BILL13318,A13318,1000,17807,15000,Yes,6761.4
BILL13319,A13319,8000,2546,40000,No,50546.0
BILL13320,A13320,8000,10128,24000,No,42128.0
BILL13321,A13321,15000,3096,15000,No,33096.0
BILL13322,A13322,5000,9075,35000,Yes,9815.0
BILL13323,A13323,15000,17490,0,Yes,6498.0
BILL13324,A13324,180000,11573,0,Yes,38314.6
BILL13325,A13325,2000,14346,15000,Yes,6269.2
BILL13326,A13326,40000,2617,20000,Yes,12523.4
BILL13327,A13327,65000,8925,0,Yes,14785.0
BILL13328,A13328,5000,8155,0,No,13155.0
BILL13329,A13329,10000,9358,32000,Yes,10271.6
BILL13330,A13330,15000,1605,12000,Yes,5721.0
BILL13331,A13331,12000,9936,10000,Yes,6387.2
BILL13332,A13332,15000,7485,50000,No,72485.0
BILL13333,A13333,4000,3915,9000,Yes,3383.0
BILL13334,A13334,80000,10022,35000,No,125022.0
BILL13335,A13335,12000,8433,6000,No,26433.0
BILL13336,A13336,1000,889,50000,Yes,10377.8
BILL13337,A13337,40000,1991,0,Yes,8398.2
BILL13338,A13338,8000,19394,0,Yes,5478.8
BILL13339,A13339,800,12812,6000,Yes,3922.4
BILL13340,A13340,15000,17765,21000,No,53765.0
BILL13341,A13341,450000,9487,0,No,459487.0
BILL13342,A13342,180000,11074,0,Yes,38214.8
BILL13343,A13343,6000,16505,20000,No,42505.0
BILL13344,A13344,12000,8378,24000,Yes,8875.6
BILL13345,A13345,80000,7803,16000,No,103803.0
BILL13346,A13346,15000,15861,3000,Yes,6772.2
BILL13347,A13347,2500,16157,20000,Yes,7731.4
BILL13348,A13348,3000,14477,4000,Yes,4295.4
BILL13349,A13349,10000,12388,15000,Yes,7477.6
BILL13350,A13350,4000,16349,8000,Yes,5669.8
BILL13351,A13351,40000,634,18000,Yes,11726.8
BILL13352,A13352,35000,3206,0,Yes,7641.2
BILL13353,A13353,15000,13536,10000,Yes,7707.2
BILL13354,A13354,1000,1084,24000,Yes,5216.8
BILL13355,A13355,80000,1196,28000,No,109196.0
BILL13356,A13356,3000,12109,0,Yes,3021.8
BILL13357,A13357,1200,16329,0,Yes,3505.8
BILL13358,A13358,15000,17887,16000,Yes,9777.4
BILL13359,A13359,6000,5523,25000,Yes,7304.6
BILL13360,A13360,250000,2126,5000,No,257126.0
BILL13361,A13361,40000,6133,16000,Yes,12426.6
BILL13362,A13362,3000,3608,6000,Yes,2521.6
BILL13363,A13363,60000,9327,10000,No,79327.0
BILL13364,A13364,250000,12992,0,No,262992.0
BILL13365,A13365,450000,17303,4000,Yes,94260.6
BILL13366,A13366,1000,17956,14000,Yes,6591.2
BILL13367,A13367,65000,7098,2000,No,74098.0
BILL13368,A13368,1000,5418,0,Yes,1283.6
BILL13369,A13369,15000,19589,8000,Yes,8517.8
BILL13370,A13370,2000,18666,15000,No,35666.0
BILL13371,A13371,4000,5749,12000,Yes,4349.8
BILL13372,A13372,8000,3164,30000,Yes,8232.8
BILL13373,A13373,10000,16426,45000,Yes,14285.2
BILL13374,A13374,10000,575,6000,Yes,3315.0
BILL13375,A13375,8000,11773,0,Yes,3954.6
BILL13376,A13376,10000,6229,5000,No,21229.0
BILL13377,A13377,180000,9059,6000,Yes,39011.8
BILL13378,A13378,15000,6216,0,No,21216.0
BILL13379,A13379,80000,16705,18000,Yes,22941.0
BILL13380,A13380,12000,10839,45000,Yes,13567.8
BILL13381,A13381,12000,16558,0,Yes,5711.6
BILL13382,A13382,35000,3817,0,No,38817.0
BILL13383,A13383,70000,888,0,Yes,14177.6
BILL13384,A13384,1500,14894,24000,No,40394.0
BILL13385,A13385,10000,9049,6000,Yes,5009.8
BILL13386,A13386,12000,17152,0,Yes,5830.4
BILL13387,A13387,15000,9920,21000,Yes,9184.0
BILL13388,A13388,35000,11290,9000,No,55290.0
BILL13389,A13389,180000,11313,12000,No,203313.0
BILL13390,A13390,180000,571,0,Yes,36114.2
BILL13391,A13391,5000,18437,10000,Yes,6687.4
BILL13392,A13392,4000,7831,10000,Yes,4366.2
BILL13393,A13393,250000,6468,0,Yes,51293.6
BILL13394,A13394,15000,19668,16000,Yes,10133.6
BILL13395,A13395,5000,7791,20000,Yes,6558.2
BILL13396,A13396,70000,2841,6000,Yes,15768.2
BILL13397,A13397,40000,3287,3000,Yes,9257.4
BILL13398,A13398,6000,3841,0,Yes,1968.2
BILL13399,A13399,4000,7298,16000,Yes,5459.6
BILL13400,A13400,2000,16078,24000,Yes,8415.6
BILL13401,A13401,1000,1953,15000,No,17953.0
BILL13402,A13402,180000,13771,0,No,193771.0
BILL13403,A13403,1000,9948,2000,Yes,2589.6
BILL13404,A13404,10000,5068,3000,Yes,3613.6
BILL13405,A13405,15000,6074,14000,Yes,7014.8
BILL13406,A13406,1500,8668,8000,No,18168.0
BILL13407,A13407,8000,16048,0,No,24048.0
BILL13408,A13408,80000,19358,8000,Yes,21471.6
BILL13409,A13409,800,3934,21000,Yes,5146.8
BILL13410,A13410,2500,17761,4000,Yes,4852.2
BILL13411,A13411,4000,14905,24000,Yes,8581.0
BILL13412,A13412,15000,6052,0,Yes,4210.4
BILL13413,A13413,3000,4157,40000,No,47157.0
BILL13414,A13414,2000,18649,6000,Yes,5329.8
BILL13415,A13415,65000,2272,0,Yes,13454.4
BILL13416,A13416,6000,7353,50000,Yes,12670.6
BILL13417,A13417,1200,3996,9000,Yes,2839.2
BILL13418,A13418,180000,15217,40000,Yes,47043.4
BILL13419,A13419,8000,18341,6000,Yes,6468.2
BILL13420,A13420,35000,6966,15000,Yes,11393.2
BILL13421,A13421,70000,14841,21000,Yes,21168.2
BILL13422,A13422,5000,3636,9000,No,17636.0
BILL13423,A13423,800,15094,0,No,15894.0
BILL13424,A13424,450000,19337,24000,Yes,98667.4
BILL13425,A13425,60000,10533,4000,Yes,14906.6
BILL13426,A13426,80000,1521,10000,No,91521.0
BILL13427,A13427,8000,999,0,Yes,1799.8
BILL13428,A13428,35000,8123,0,Yes,8624.6
BILL13429,A13429,15000,17136,24000,No,56136.0
BILL13430,A13430,12000,9144,4000,No,25144.0
BILL13431,A13431,2500,17250,10000,No,29750.0
BILL13432,A13432,450000,6371,0,Yes,91274.2
BILL13433,A13433,4000,11051,0,No,15051.0
BILL13434,A13434,15000,4965,20000,Yes,7993.0
BILL13435,A13435,4000,19884,0,No,23884.0
BILL13436,A13436,35000,17390,15000,No,67390.0
BILL13437,A13437,8000,7682,10000,Yes,5136.4
BILL13438,A13438,6000,12660,10000,No,28660.0
BILL13439,A13439,12000,3787,8000,No,23787.0
BILL13440,A13440,1000,8195,3000,No,12195.0
BILL13441,A13441,12000,15122,4000,Yes,6224.4
BILL13442,A13442,2000,14134,0,Yes,3226.8
BILL13443,A13443,6000,13659,15000,No,34659.0
BILL13444,A13444,6000,8132,4000,Yes,3626.4
BILL13445,A13445,180000,2763,0,No,182763.0
BILL13446,A13446,180000,3919,0,Yes,36783.8
BILL13447,A13447,3500,7716,4000,Yes,3043.2
BILL13448,A13448,65000,16558,0,No,81558.0
BILL13449,A13449,8000,6736,4000,No,18736.0
BILL13450,A13450,35000,8048,10000,Yes,10609.6
BILL13451,A13451,1200,3028,0,Yes,845.6
BILL13452,A13452,8000,7542,0,Yes,3108.4
BILL13453,A13453,1000,7420,0,Yes,1684.0
BILL13454,A13454,3500,18144,30000,No,51644.0
BILL13455,A13455,70000,977,0,No,70977.0
BILL13456,A13456,12000,12659,6000,Yes,6131.8
BILL13457,A13457,35000,5214,4000,Yes,8842.8
BILL13458,A13458,70000,9357,0,No,79357.0
BILL13459,A13459,2000,10283,30000,Yes,8456.6
BILL13460,A13460,35000,18813,0,No,53813.0
BILL13461,A13461,5000,8489,0,Yes,2697.8
BILL13462,A13462,70000,11027,2000,No,83027.0
BILL13463,A13463,800,11263,0,Yes,2412.6
BILL13464,A13464,35000,1288,4000,No,40288.0
BILL13465,A13465,1000,7671,0,No,8671.0
BILL13466,A13466,4000,14955,4000,Yes,4591.0
BILL13467,A13467,12000,15255,24000,No,51255.0
BILL13468,A13468,65000,1620,20000,Yes,17324.0
BILL13469,A13469,12000,1243,0,Yes,2648.6
BILL13470,A13470,12000,11012,20000,No,43012.0
BILL13471,A13471,12000,18100,12000,Yes,8420.0
BILL13472,A13472,450000,14079,8000,Yes,94415.8
BILL13473,A13473,12000,14768,28000,No,54768.0
BILL13474,A13474,65000,15137,0,No,80137.0
BILL13475,A13475,80000,15155,8000,Yes,20631.0
BILL13476,A13476,180000,6576,0,No,186576.0
BILL13477,A13477,3000,9029,16000,No,28029.0
BILL13478,A13478,12000,12347,16000,No,40347.0
BILL13479,A13479,15000,12621,36000,Yes,12724.2
BILL13480,A13480,6000,9694,4000,Yes,3938.8
BILL13481,A13481,1000,6211,0,Yes,1442.2
BILL13482,A13482,4000,13396,0,No,17396.0
BILL13483,A13483,5000,8453,0,No,13453.0
BILL13484,A13484,5000,1287,16000,Yes,4457.4
BILL13485,A13485,800,8937,0,Yes,1947.4
BILL13486,A13486,250000,1590,40000,No,291590.0
BILL13487,A13487,1200,18156,4000,Yes,4671.2
BILL13488,A13488,15000,16187,10000,Yes,8237.4
BILL13489,A13489,80000,8850,8000,No,96850.0
BILL13490,A13490,15000,12275,8000,Yes,7055.0
BILL13491,A13491,250000,682,8000,Yes,51736.4
BILL13492,A13492,6000,10127,0,Yes,3225.4
BILL13493,A13493,2000,14011,12000,No,28011.0
BILL13494,A13494,1500,8754,30000,Yes,8050.8
BILL13495,A13495,15000,7415,8000,No,30415.0
BILL13496,A13496,65000,18046,10000,Yes,18609.2
BILL13497,A13497,15000,12338,25000,Yes,10467.6
BILL13498,A13498,70000,18574,0,No,88574.0
BILL13499,A13499,250000,13486,10000,Yes,54697.2
BILL13500,A13500,5000,15032,0,Yes,4006.4
BILL13501,A13501,8000,6805,4000,No,18805.0
BILL13502,A13502,1000,11359,18000,Yes,6071.8
BILL13503,A13503,80000,17118,14000,Yes,22223.6
BILL13504,A13504,2500,3998,30000,Yes,7299.6
BILL13505,A13505,3500,12718,6000,Yes,4443.6
BILL13506,A13506,250000,4350,8000,Yes,52470.0
BILL13507,A13507,3000,1237,0,Yes,847.4
BILL13508,A13508,12000,11582,6000,Yes,5916.4
BILL13509,A13509,450000,2814,10000,Yes,92562.8
BILL13510,A13510,60000,14683,8000,Yes,16536.6
BILL13511,A13511,8000,16366,10000,No,34366.0
BILL13512,A13512,8000,3826,14000,No,25826.0
BILL13513,A13513,35000,7994,6000,No,48994.0
BILL13514,A13514,450000,4485,25000,Yes,95897.0
BILL13515,A13515,2500,2397,15000,Yes,3979.4
BILL13516,A13516,450000,12812,4000,Yes,93362.4
BILL13517,A13517,8000,8822,8000,Yes,4964.4
BILL13518,A13518,12000,19954,10000,Yes,8390.8
BILL13519,A13519,1000,17050,0,Yes,3610.0
BILL13520,A13520,3500,10602,12000,No,26102.0
BILL13521,A13521,1000,18268,0,Yes,3853.6
BILL13522,A13522,3000,2705,0,No,5705.0
BILL13523,A13523,6000,8432,0,Yes,2886.4
BILL13524,A13524,6000,9408,0,No,15408.0
BILL13525,A13525,180000,5648,15000,No,200648.0
BILL13526,A13526,6000,11136,20000,No,37136.0
BILL13527,A13527,12000,9221,0,No,21221.0
BILL13528,A13528,8000,19349,28000,Yes,11069.8
BILL13529,A13529,80000,662,20000,Yes,20132.4
BILL13530,A13530,1000,18339,16000,No,35339.0
BILL13531,A13531,3000,8188,27000,Yes,7637.6
BILL13532,A13532,15000,9976,0,Yes,4995.2
BILL13533,A13533,800,16116,0,Yes,3383.2
BILL13534,A13534,65000,16141,0,No,81141.0
BILL13535,A13535,5000,19248,0,No,24248.0
BILL13536,A13536,35000,15336,12000,Yes,12467.2
BILL13537,A13537,15000,9484,6000,Yes,6096.8
BILL13538,A13538,12000,18945,6000,No,36945.0
BILL13539,A13539,40000,15395,8000,Yes,12679.0
BILL13540,A13540,60000,18136,10000,Yes,17627.2
BILL13541,A13541,60000,14761,25000,Yes,19952.2
BILL13542,A13542,1000,13616,6000,No,20616.0
BILL13543,A13543,800,3174,0,Yes,794.8
BILL13544,A13544,8000,12453,3000,Yes,4690.6
BILL13545,A13545,15000,8794,18000,Yes,8358.8
BILL13546,A13546,250000,7400,12000,Yes,53880.0
BILL13547,A13547,70000,19484,5000,No,94484.0
BILL13548,A13548,4000,1007,36000,Yes,8201.4
BILL13549,A13549,3500,15163,8000,Yes,5332.6
BILL13550,A13550,2500,1357,8000,No,11857.0
BILL13551,A13551,6000,14789,0,No,20789.0
BILL13552,A13552,80000,19872,15000,Yes,22974.4
BILL13553,A13553,2000,10429,12000,No,24429.0
BILL13554,A13554,80000,16145,0,No,96145.0
BILL13555,A13555,15000,4136,12000,Yes,6227.2
BILL13556,A13556,450000,15254,0,No,465254.0
BILL13557,A13557,12000,2315,0,No,14315.0
BILL13558,A13558,15000,1098,8000,Yes,4819.6
BILL13559,A13559,5000,9743,12000,Yes,5348.6
BILL13560,A13560,450000,1672,32000,Yes,96734.4
BILL13561,A13561,60000,11109,9000,Yes,16021.8
BILL13562,A13562,6000,7593,45000,Yes,11718.6
BILL13563,A13563,15000,9252,36000,Yes,12050.4
BILL13564,A13564,1500,11537,15000,Yes,5607.4
BILL13565,A13565,2000,13934,18000,Yes,6786.8
BILL13566,A13566,250000,11584,24000,No,285584.0
BILL13567,A13567,6000,605,16000,Yes,4521.0
BILL13568,A13568,1500,19023,0,No,20523.0
BILL13569,A13569,40000,823,20000,Yes,12164.6
BILL13570,A13570,3500,15905,9000,Yes,5681.0
BILL13571,A13571,2500,5182,0,Yes,1536.4
BILL13572,A13572,2000,11214,5000,Yes,3642.8
BILL13573,A13573,12000,18696,28000,No,58696.0
BILL13574,A13574,80000,5663,15000,No,100663.0
BILL13575,A13575,180000,1248,12000,Yes,38649.6
BILL13576,A13576,5000,14382,0,No,19382.0
BILL13577,A13577,12000,6640,0,Yes,3728.0
BILL13578,A13578,15000,10534,16000,Yes,8306.8
BILL13579,A13579,800,9854,21000,No,31654.0
BILL13580,A13580,8000,2013,4000,No,14013.0
BILL13581,A13581,40000,13545,10000,Yes,12709.0
BILL13582,A13582,1000,7837,15000,Yes,4767.4
BILL13583,A13583,60000,15803,4000,Yes,15960.6
BILL13584,A13584,3000,16588,4000,Yes,4717.6
BILL13585,A13585,3500,9934,4000,Yes,3486.8
BILL13586,A13586,60000,13266,15000,No,88266.0
BILL13587,A13587,1500,14535,12000,Yes,5607.0
BILL13588,A13588,1000,15925,6000,Yes,4585.0
BILL13589,A13589,2500,6264,0,Yes,1752.8
BILL13590,A13590,1500,13220,6000,Yes,4144.0
BILL13591,A13591,60000,16111,0,Yes,15222.2
BILL13592,A13592,5000,17199,0,Yes,4439.8
BILL13593,A13593,8000,16171,0,Yes,4834.2
BILL13594,A13594,1000,2574,9000,Yes,2514.8
BILL13595,A13595,8000,10588,2000,Yes,4117.6
BILL13596,A13596,8000,16239,0,Yes,4847.8
BILL13597,A13597,80000,14662,3000,No,97662.0
BILL13598,A13598,70000,9632,32000,Yes,22326.4
BILL13599,A13599,12000,623,0,No,12623.0
BILL13600,A13600,10000,19414,8000,No,37414.0
BILL13601,A13601,12000,4360,14000,Yes,6072.0
BILL13602,A13602,40000,6219,8000,Yes,10843.8
BILL13603,A13603,35000,9112,4000,Yes,9622.4
BILL13604,A13604,5000,4005,15000,Yes,4801.0
BILL13605,A13605,250000,3594,36000,Yes,57918.8
BILL13606,A13606,40000,12205,12000,Yes,12841.0
BILL13607,A13607,800,3190,24000,Yes,5598.0
BILL13608,A13608,1000,6678,18000,Yes,5135.6
BILL13609,A13609,70000,2451,32000,Yes,20890.2
BILL13610,A13610,2000,13108,10000,No,25108.0
BILL13611,A13611,10000,19494,40000,Yes,13898.8
BILL13612,A13612,3000,19307,32000,No,54307.0
BILL13613,A13613,6000,18772,0,No,24772.0
BILL13614,A13614,8000,12206,0,No,20206.0
BILL13615,A13615,8000,17863,0,Yes,5172.6
BILL13616,A13616,450000,16033,0,Yes,93206.6
BILL13617,A13617,35000,18518,36000,Yes,17903.6
BILL13618,A13618,800,8483,16000,No,25283.0
BILL13619,A13619,8000,6375,15000,Yes,5875.0
BILL13620,A13620,3500,4977,0,No,8477.0
BILL13621,A13621,10000,19356,12000,No,41356.0
BILL13622,A13622,5000,13640,0,Yes,3728.0
BILL13623,A13623,1000,11313,0,Yes,2462.6
BILL13624,A13624,1000,14410,5000,Yes,4082.0
BILL13625,A13625,6000,5273,0,No,11273.0
BILL13626,A13626,5000,10501,27000,No,42501.0
BILL13627,A13627,10000,5204,10000,No,25204.0
BILL13628,A13628,12000,15618,10000,Yes,7523.6
BILL13629,A13629,4000,8383,8000,No,20383.0
BILL13630,A13630,6000,3097,6000,No,15097.0
BILL13631,A13631,1000,14793,50000,Yes,13158.6
BILL13632,A13632,35000,16477,15000,Yes,13295.4
BILL13633,A13633,35000,18141,35000,No,88141.0
BILL13634,A13634,250000,3234,14000,Yes,53446.8
BILL13635,A13635,1200,15019,20000,No,36219.0
BILL13636,A13636,250000,5919,10000,No,265919.0
BILL13637,A13637,3000,12981,0,Yes,3196.2
BILL13638,A13638,2500,9730,20000,No,32230.0
BILL13639,A13639,4000,16427,9000,Yes,5885.4
BILL13640,A13640,80000,17335,14000,Yes,22267.0
BILL13641,A13641,6000,9860,6000,Yes,4372.0
BILL13642,A13642,800,760,0,No,1560.0
BILL13643,A13643,80000,19072,2000,Yes,20214.4
BILL13644,A13644,60000,9669,21000,No,90669.0
BILL13645,A13645,12000,8642,30000,Yes,10128.4
BILL13646,A13646,450000,6399,30000,Yes,97279.8
BILL13647,A13647,4000,17837,4000,Yes,5167.4
BILL13648,A13648,80000,13464,0,No,93464.0
BILL13649,A13649,1000,10915,0,Yes,2383.0
BILL13650,A13650,1200,7365,8000,Yes,3313.0
BILL13651,A13651,1200,2567,4000,Yes,1553.4
BILL13652,A13652,5000,4229,16000,Yes,5045.8
BILL13653,A13653,3000,12603,45000,Yes,12120.6
BILL13654,A13654,40000,7880,0,No,47880.0
BILL13655,A13655,65000,16135,8000,No,89135.0
BILL13656,A13656,10000,2649,10000,Yes,4529.8
BILL13657,A13657,1000,6744,8000,No,15744.0
BILL13658,A13658,800,15278,4000,Yes,4015.6
BILL13659,A13659,5000,1409,0,No,6409.0
BILL13660,A13660,1000,723,27000,No,28723.0
BILL13661,A13661,70000,15091,9000,Yes,18818.2
BILL13662,A13662,80000,8234,0,No,88234.0
BILL13663,A13663,2500,1951,18000,No,22451.0
BILL13664,A13664,15000,686,8000,No,23686.0
BILL13665,A13665,1500,9983,0,Yes,2296.6
BILL13666,A13666,10000,3014,12000,No,25014.0
BILL13667,A13667,6000,5719,4000,Yes,3143.8
BILL13668,A13668,8000,502,5000,Yes,2700.4
BILL13669,A13669,800,17677,0,Yes,3695.4
BILL13670,A13670,65000,19949,10000,No,94949.0
BILL13671,A13671,1000,2236,9000,No,12236.0
BILL13672,A13672,1500,10759,6000,No,18259.0
BILL13673,A13673,15000,9375,6000,Yes,6075.0
BILL13674,A13674,3500,1857,40000,No,45357.0
BILL13675,A13675,10000,3234,6000,No,19234.0
BILL13676,A13676,6000,1513,4000,No,11513.0
BILL13677,A13677,15000,11607,14000,Yes,8121.4
BILL13678,A13678,70000,10849,0,No,80849.0
BILL13679,A13679,70000,4186,8000,Yes,16437.2
BILL13680,A13680,250000,13818,16000,No,279818.0
BILL13681,A13681,6000,5451,50000,Yes,12290.2
BILL13682,A13682,3000,6743,12000,No,21743.0
BILL13683,A13683,2000,16700,0,Yes,3740.0
BILL13684,A13684,3000,14168,6000,No,23168.0
BILL13685,A13685,1000,8910,4000,Yes,2782.0
BILL13686,A13686,12000,10881,40000,Yes,12576.2
BILL13687,A13687,3500,9457,9000,Yes,4391.4
BILL13688,A13688,12000,13630,0,No,25630.0
BILL13689,A13689,15000,13174,28000,No,56174.0
BILL13690,A13690,6000,16891,50000,No,72891.0
BILL13691,A13691,4000,16622,0,No,20622.0
BILL13692,A13692,3500,3969,12000,Yes,3893.8
BILL13693,A13693,15000,16851,6000,No,37851.0
BILL13694,A13694,1000,10333,0,Yes,2266.6
BILL13695,A13695,65000,12594,20000,No,97594.0
BILL13696,A13696,60000,19096,0,No,79096.0
BILL13697,A13697,70000,11323,0,No,81323.0
BILL13698,A13698,2000,1877,0,Yes,775.4
BILL13699,A13699,4000,18470,15000,No,37470.0
BILL13700,A13700,5000,11185,4000,Yes,4037.0
BILL13701,A13701,80000,9992,20000,No,109992.0
BILL13702,A13702,12000,9642,3000,Yes,4928.4
BILL13703,A13703,60000,9038,0,No,69038.0
BILL13704,A13704,1000,16677,8000,Yes,5135.4
BILL13705,A13705,450000,2485,36000,No,488485.0
BILL13706,A13706,800,2623,0,No,3423.0
BILL13707,A13707,3500,7949,40000,No,51449.0
BILL13708,A13708,5000,14100,9000,Yes,5620.0
BILL13709,A13709,80000,8759,0,Yes,17751.8
BILL13710,A13710,15000,5185,40000,Yes,12037.0
BILL13711,A13711,8000,18962,10000,Yes,7392.4
BILL13712,A13712,2500,682,0,No,3182.0
BILL13713,A13713,3000,18161,14000,Yes,7032.2
BILL13714,A13714,1500,847,4000,Yes,1269.4
BILL13715,A13715,2000,3049,20000,Yes,5009.8
BILL13716,A13716,5000,12294,0,Yes,3458.8
BILL13717,A13717,1500,7893,0,Yes,1878.6
BILL13718,A13718,2500,3933,16000,Yes,4486.6
BILL13719,A13719,12000,4481,25000,No,41481.0
BILL13720,A13720,800,11065,4000,Yes,3173.0
BILL13721,A13721,250000,16697,50000,Yes,63339.4
BILL13722,A13722,15000,15480,24000,No,54480.0
BILL13723,A13723,1200,4133,6000,Yes,2266.6
BILL13724,A13724,250000,15205,30000,Yes,59041.0
BILL13725,A13725,6000,6366,0,No,12366.0
BILL13726,A13726,65000,12381,5000,Yes,16476.2
BILL13727,A13727,15000,17849,15000,No,47849.0
BILL13728,A13728,1000,16301,0,Yes,3460.2
BILL13729,A13729,60000,16494,0,No,76494.0
BILL13730,A13730,1000,5720,6000,Yes,2544.0
BILL13731,A13731,250000,8120,12000,Yes,54024.0
BILL13732,A13732,80000,4344,0,Yes,16868.8
BILL13733,A13733,12000,19894,9000,Yes,8178.8
BILL13734,A13734,3500,5691,0,No,9191.0
BILL13735,A13735,3500,12412,15000,Yes,6182.4
BILL13736,A13736,35000,6931,10000,No,51931.0
BILL13737,A13737,15000,15699,12000,No,42699.0
BILL13738,A13738,8000,2282,0,Yes,2056.4
BILL13739,A13739,40000,1972,0,Yes,8394.4
BILL13740,A13740,6000,9268,40000,No,55268.0
BILL13741,A13741,40000,13314,14000,Yes,13462.8
BILL13742,A13742,12000,5912,0,No,17912.0
BILL13743,A13743,1000,4728,6000,Yes,2345.6
BILL13744,A13744,80000,14096,10000,No,104096.0
BILL13745,A13745,1000,18828,8000,Yes,5565.6
BILL13746,A13746,1000,16585,6000,No,23585.0
BILL13747,A13747,15000,13719,6000,No,34719.0
BILL13748,A13748,6000,13548,30000,Yes,9909.6
BILL13749,A13749,5000,7921,0,No,12921.0
BILL13750,A13750,35000,12025,2000,Yes,9805.0
BILL13751,A13751,10000,13326,15000,No,38326.0
BILL13752,A13752,2000,3019,25000,No,30019.0
BILL13753,A13753,35000,5470,0,No,40470.0
BILL13754,A13754,35000,11877,15000,No,61877.0
BILL13755,A13755,6000,6819,30000,No,42819.0
BILL13756,A13756,6000,2280,30000,No,38280.0
BILL13757,A13757,15000,8478,5000,Yes,5695.6
BILL13758,A13758,450000,6660,6000,No,462660.0
BILL13759,A13759,450000,5355,9000,Yes,92871.0
BILL13760,A13760,6000,9540,40000,Yes,11108.0
BILL13761,A13761,8000,18508,0,Yes,5301.6
BILL13762,A13762,3000,9289,4000,Yes,3257.8
BILL13763,A13763,6000,18822,0,No,24822.0
BILL13764,A13764,6000,18812,10000,No,34812.0
BILL13765,A13765,180000,18057,27000,Yes,45011.4
BILL13766,A13766,12000,9921,12000,No,33921.0
BILL13767,A13767,8000,2167,14000,Yes,4833.4
BILL13768,A13768,35000,11071,32000,Yes,15614.2
BILL13769,A13769,2000,8392,0,No,10392.0
BILL13770,A13770,1000,690,12000,Yes,2738.0
BILL13771,A13771,8000,7877,4000,No,19877.0
BILL13772,A13772,250000,14068,12000,No,276068.0
BILL13773,A13773,35000,16769,20000,Yes,14353.8
BILL13774,A13774,1000,19021,0,Yes,4004.2
BILL13775,A13775,6000,674,0,Yes,1334.8
BILL13776,A13776,40000,2169,8000,No,50169.0
BILL13777,A13777,1000,8448,2000,Yes,2289.6
BILL13778,A13778,65000,983,24000,Yes,17996.6
BILL13779,A13779,40000,17859,18000,Yes,15171.8
BILL13780,A13780,6000,15424,30000,Yes,10284.8
BILL13781,A13781,4000,4221,21000,Yes,5844.2
BILL13782,A13782,15000,2065,24000,No,41065.0
BILL13783,A13783,40000,2136,2000,No,44136.0
BILL13784,A13784,40000,18372,0,No,58372.0
BILL13785,A13785,12000,11261,24000,Yes,9452.2
BILL13786,A13786,3500,18264,18000,Yes,7952.8
BILL13787,A13787,15000,6396,0,Yes,4279.2
BILL13788,A13788,800,13043,0,Yes,2768.6
BILL13789,A13789,40000,16929,4000,No,60929.0
BILL13790,A13790,40000,15062,9000,Yes,12812.4
BILL13791,A13791,3000,7830,0,Yes,2166.0
BILL13792,A13792,3500,5088,8000,Yes,3317.6
BILL13793,A13793,4000,12617,14000,Yes,6123.4
BILL13794,A13794,250000,11296,9000,Yes,54059.2
BILL13795,A13795,2500,3141,14000,No,19641.0
BILL13796,A13796,35000,18616,25000,No,78616.0
BILL13797,A13797,40000,11822,8000,No,59822.0
BILL13798,A13798,15000,4500,27000,No,46500.0
BILL13799,A13799,3000,4444,12000,Yes,3888.8
BILL13800,A13800,80000,1303,24000,No,105303.0
BILL13801,A13801,800,9986,20000,Yes,6157.2
BILL13802,A13802,2000,606,25000,Yes,5521.2
BILL13803,A13803,6000,1866,8000,No,15866.0
BILL13804,A13804,8000,12744,16000,Yes,7348.8
BILL13805,A13805,15000,19521,6000,Yes,8104.2
BILL13806,A13806,1500,5547,30000,Yes,7409.4
BILL13807,A13807,4000,5264,0,Yes,1852.8
BILL13808,A13808,70000,19633,4000,Yes,18726.6
BILL13809,A13809,4000,17242,35000,No,56242.0
BILL13810,A13810,800,7154,8000,Yes,3190.8
BILL13811,A13811,180000,5443,8000,Yes,38688.6
BILL13812,A13812,80000,7173,6000,Yes,18634.6
BILL13813,A13813,2000,2178,28000,Yes,6435.6
BILL13814,A13814,3500,13982,10000,Yes,5496.4
BILL13815,A13815,250000,5372,20000,No,275372.0
BILL13816,A13816,12000,4533,9000,Yes,5106.6
BILL13817,A13817,1000,10234,20000,Yes,6246.8
BILL13818,A13818,2000,10754,4000,Yes,3350.8
BILL13819,A13819,5000,14598,10000,Yes,5919.6
BILL13820,A13820,2000,6715,0,Yes,1743.0
BILL13821,A13821,8000,14509,28000,No,50509.0
BILL13822,A13822,8000,6888,0,No,14888.0
BILL13823,A13823,1200,10825,0,Yes,2405.0
BILL13824,A13824,12000,14285,6000,Yes,6457.0
BILL13825,A13825,800,18294,0,No,19094.0
BILL13826,A13826,6000,10118,5000,No,21118.0
BILL13827,A13827,6000,4032,0,Yes,2006.4
BILL13828,A13828,800,19470,0,No,20270.0
BILL13829,A13829,40000,7979,9000,No,56979.0
BILL13830,A13830,12000,2019,18000,Yes,6403.8
BILL13831,A13831,180000,9714,0,No,189714.0
BILL13832,A13832,10000,7387,6000,No,23387.0
BILL13833,A13833,8000,17478,0,Yes,5095.6
BILL13834,A13834,180000,19177,0,Yes,39835.4
BILL13835,A13835,65000,5257,32000,Yes,20451.4
BILL13836,A13836,8000,5531,0,Yes,2706.2
BILL13837,A13837,2500,688,0,No,3188.0
BILL13838,A13838,6000,8533,50000,No,64533.0
BILL13839,A13839,6000,14548,8000,Yes,5709.6
BILL13840,A13840,60000,16872,21000,Yes,19574.4
BILL13841,A13841,15000,5749,5000,Yes,5149.8
BILL13842,A13842,2000,17088,50000,No,69088.0
BILL13843,A13843,35000,7136,15000,Yes,11427.2
BILL13844,A13844,65000,12195,30000,No,107195.0
BILL13845,A13845,1000,16409,0,Yes,3481.8
BILL13846,A13846,15000,18678,30000,Yes,12735.6
BILL13847,A13847,3500,1914,25000,Yes,6082.8
BILL13848,A13848,250000,19531,27000,Yes,59306.2
BILL13849,A13849,3000,16883,0,Yes,3976.6
BILL13850,A13850,15000,15793,16000,Yes,9358.6
BILL13851,A13851,3500,13481,30000,Yes,9396.2
BILL13852,A13852,6000,18962,30000,No,54962.0
BILL13853,A13853,65000,13730,45000,Yes,24746.0
BILL13854,A13854,1000,6197,6000,No,13197.0
BILL13855,A13855,800,18340,10000,Yes,5828.0
BILL13856,A13856,4000,12899,15000,No,31899.0
BILL13857,A13857,180000,17021,4000,No,201021.0
BILL13858,A13858,5000,5730,25000,Yes,7146.0
BILL13859,A13859,1200,10709,6000,Yes,3581.8
BILL13860,A13860,1000,18335,0,Yes,3867.0
BILL13861,A13861,2500,17001,12000,Yes,6300.2
BILL13862,A13862,6000,2960,0,Yes,1792.0
BILL13863,A13863,4000,5637,40000,Yes,9927.4
BILL13864,A13864,8000,15453,0,Yes,4690.6
BILL13865,A13865,12000,4540,0,Yes,3308.0
BILL13866,A13866,15000,17905,18000,Yes,10181.0
BILL13867,A13867,8000,643,0,No,8643.0
BILL13868,A13868,60000,8969,0,No,68969.0
BILL13869,A13869,1000,15443,4000,No,20443.0
BILL13870,A13870,1200,9403,0,Yes,2120.6
BILL13871,A13871,8000,14147,8000,Yes,6029.4
BILL13872,A13872,6000,15503,0,Yes,4300.6
BILL13873,A13873,10000,6489,18000,Yes,6897.8
BILL13874,A13874,6000,17026,20000,Yes,8605.2
BILL13875,A13875,2500,14344,20000,Yes,7368.8
BILL13876,A13876,12000,10991,35000,Yes,11598.2
BILL13877,A13877,1500,10451,3000,Yes,2990.2
BILL13878,A13878,5000,17906,15000,No,37906.0
BILL13879,A13879,1000,782,21000,Yes,4556.4
BILL13880,A13880,1500,6168,0,No,7668.0
BILL13881,A13881,3000,8403,10000,Yes,4280.6
BILL13882,A13882,180000,14205,0,Yes,38841.0
BILL13883,A13883,60000,3131,12000,No,75131.0
BILL13884,A13884,2000,10986,30000,Yes,8597.2
BILL13885,A13885,1200,3725,3000,Yes,1585.0
BILL13886,A13886,4000,14905,0,No,18905.0
BILL13887,A13887,12000,9796,0,No,21796.0
BILL13888,A13888,15000,4413,15000,No,34413.0
BILL13889,A13889,450000,13204,3000,Yes,93240.8
BILL13890,A13890,10000,19970,40000,No,69970.0
BILL13891,A13891,35000,8758,0,Yes,8751.6
BILL13892,A13892,8000,4144,10000,No,22144.0
BILL13893,A13893,2500,5711,35000,Yes,8642.2
BILL13894,A13894,4000,1778,24000,Yes,5955.6
BILL13895,A13895,35000,16149,10000,Yes,12229.8
BILL13896,A13896,800,1549,12000,No,14349.0
BILL13897,A13897,35000,14935,4000,No,53935.0
BILL13898,A13898,1200,13639,0,No,14839.0
BILL13899,A13899,15000,4266,0,Yes,3853.2
BILL13900,A13900,40000,10143,10000,No,60143.0
BILL13901,A13901,65000,5051,16000,Yes,17210.2
BILL13902,A13902,80000,16418,0,No,96418.0
BILL13903,A13903,1000,11737,15000,Yes,5547.4
BILL13904,A13904,35000,11759,40000,Yes,17351.8
BILL13905,A13905,3000,11447,10000,Yes,4889.4
BILL13906,A13906,1200,6218,12000,Yes,3883.6
BILL13907,A13907,6000,2296,10000,Yes,3659.2
BILL13908,A13908,8000,14263,0,Yes,4452.6
BILL13909,A13909,35000,1931,0,No,36931.0
BILL13910,A13910,35000,3740,0,No,38740.0
BILL13911,A13911,1000,9012,20000,Yes,6002.4
BILL13912,A13912,3000,5862,15000,No,23862.0
BILL13913,A13913,3500,8147,40000,No,51647.0
BILL13914,A13914,1000,17723,18000,No,36723.0
BILL13915,A13915,40000,4922,27000,No,71922.0
BILL13916,A13916,450000,17694,10000,Yes,95538.8
BILL13917,A13917,15000,12235,0,Yes,5447.0
BILL13918,A13918,450000,16916,45000,Yes,102383.2
BILL13919,A13919,2500,14009,0,No,16509.0
BILL13920,A13920,35000,2479,0,Yes,7495.8
BILL13921,A13921,8000,12720,20000,Yes,8144.0
BILL13922,A13922,6000,18674,14000,Yes,7734.8
BILL13923,A13923,3000,10728,21000,Yes,6945.6
BILL13924,A13924,40000,3095,0,No,43095.0
BILL13925,A13925,6000,19493,9000,Yes,6898.6
BILL13926,A13926,6000,16262,6000,Yes,5652.4
BILL13927,A13927,1500,633,30000,Yes,6426.6
BILL13928,A13928,1000,3028,0,No,4028.0
BILL13929,A13929,65000,14019,8000,No,87019.0
BILL13930,A13930,70000,1691,20000,Yes,18338.2
BILL13931,A13931,65000,1688,6000,Yes,14537.6
BILL13932,A13932,15000,3985,30000,Yes,9797.0
BILL13933,A13933,4000,19927,8000,Yes,6385.4
BILL13934,A13934,2500,10690,9000,Yes,4438.0
BILL13935,A13935,3000,3648,15000,No,21648.0
BILL13936,A13936,3000,9306,0,Yes,2461.2
BILL13937,A13937,65000,16586,20000,No,101586.0
BILL13938,A13938,10000,5620,8000,No,23620.0
BILL13939,A13939,2500,10815,27000,No,40315.0
BILL13940,A13940,2500,4777,28000,No,35277.0
BILL13941,A13941,65000,18519,0,No,83519.0
BILL13942,A13942,5000,6971,4000,Yes,3194.2
BILL13943,A13943,15000,6997,0,Yes,4399.4
BILL13944,A13944,2500,13503,0,No,16003.0
BILL13945,A13945,3500,13602,4000,Yes,4220.4
BILL13946,A13946,800,15161,20000,Yes,7192.2
BILL13947,A13947,1000,13738,4000,No,18738.0
BILL13948,A13948,6000,16709,0,Yes,4541.8
BILL13949,A13949,6000,8784,6000,Yes,4156.8
BILL13950,A13950,15000,12217,12000,No,39217.0
BILL13951,A13951,3000,13841,8000,Yes,4968.2
BILL13952,A13952,450000,15520,0,No,465520.0
BILL13953,A13953,2000,8929,6000,Yes,3385.8
BILL13954,A13954,2500,19351,20000,No,41851.0
BILL13955,A13955,6000,14062,4000,Yes,4812.4
BILL13956,A13956,12000,14624,12000,Yes,7724.8
BILL13957,A13957,180000,10981,21000,Yes,42396.2
BILL13958,A13958,1000,16567,0,Yes,3513.4
BILL13959,A13959,1200,13975,16000,Yes,6235.0
BILL13960,A13960,2500,12755,20000,Yes,7051.0
BILL13961,A13961,4000,18503,0,Yes,4500.6
BILL13962,A13962,2000,18880,0,No,20880.0
BILL13963,A13963,15000,18973,0,Yes,6794.6
BILL13964,A13964,800,2785,12000,No,15585.0
BILL13965,A13965,40000,5862,6000,No,51862.0
BILL13966,A13966,4000,2129,0,Yes,1225.8
BILL13967,A13967,2500,9471,30000,Yes,8394.2
BILL13968,A13968,8000,8564,6000,Yes,4512.8
BILL13969,A13969,180000,16720,45000,No,241720.0
BILL13970,A13970,65000,10163,4000,Yes,15832.6
BILL13971,A13971,60000,5267,8000,Yes,14653.4
BILL13972,A13972,15000,15460,15000,No,45460.0
BILL13973,A13973,1000,16847,8000,No,25847.0
BILL13974,A13974,12000,2262,40000,No,54262.0
BILL13975,A13975,2000,15981,0,Yes,3596.2
BILL13976,A13976,3500,13389,12000,No,28889.0
BILL13977,A13977,35000,16255,15000,No,66255.0
BILL13978,A13978,60000,17209,0,No,77209.0
BILL13979,A13979,10000,10193,0,Yes,4038.6
BILL13980,A13980,15000,833,30000,Yes,9166.6
BILL13981,A13981,1000,2940,4000,Yes,1588.0
BILL13982,A13982,5000,19253,45000,Yes,13850.6
BILL13983,A13983,1000,10054,21000,Yes,6410.8
BILL13984,A13984,12000,5908,9000,Yes,5381.6
BILL13985,A13985,3500,9008,6000,Yes,3701.6
BILL13986,A13986,1200,16974,6000,Yes,4834.8
BILL13987,A13987,1000,17078,0,No,18078.0
BILL13988,A13988,15000,15895,0,No,30895.0
BILL13989,A13989,80000,6396,4000,Yes,18079.2
BILL13990,A13990,250000,2840,0,Yes,50568.0
BILL13991,A13991,6000,12418,0,Yes,3683.6
BILL13992,A13992,80000,19108,2000,Yes,20221.6
BILL13993,A13993,60000,17827,4000,Yes,16365.4
BILL13994,A13994,70000,11993,15000,Yes,19398.6
BILL13995,A13995,180000,4333,6000,No,190333.0
BILL13996,A13996,6000,7805,4000,Yes,3561.0
BILL13997,A13997,12000,9191,28000,Yes,9838.2
BILL13998,A13998,60000,15815,2000,Yes,15563.0
BILL13999,A13999,5000,1158,35000,No,41158.0
BILL14000,A14000,40000,7592,14000,No,61592.0
BILL14001,A14001,5000,8342,0,Yes,2668.4
BILL14002,A14002,2500,10083,6000,Yes,3716.6
BILL14003,A14003,5000,15239,12000,No,32239.0
BILL14004,A14004,8000,1173,0,Yes,1834.6
BILL14005,A14005,4000,4547,9000,Yes,3509.4
BILL14006,A14006,1000,2902,0,No,3902.0
BILL14007,A14007,1200,6479,45000,Yes,10535.8
BILL14008,A14008,10000,5486,6000,No,21486.0
BILL14009,A14009,450000,17240,10000,Yes,95448.0
BILL14010,A14010,180000,9104,15000,No,204104.0
BILL14011,A14011,3500,17055,6000,No,26555.0
BILL14012,A14012,250000,15433,2000,Yes,53486.6
BILL14013,A14013,6000,12621,0,Yes,3724.2
BILL14014,A14014,250000,12657,20000,Yes,56531.4
BILL14015,A14015,5000,4764,40000,No,49764.0
BILL14016,A14016,40000,6578,15000,Yes,12315.6
BILL14017,A14017,15000,8867,0,Yes,4773.4
BILL14018,A14018,65000,11467,40000,Yes,23293.4
BILL14019,A14019,1200,16753,0,Yes,3590.6
BILL14020,A14020,6000,16591,6000,Yes,5718.2
BILL14021,A14021,8000,8417,15000,Yes,6283.4
BILL14022,A14022,6000,17444,40000,Yes,12688.8
BILL14023,A14023,10000,11274,9000,No,30274.0
BILL14024,A14024,6000,6752,0,No,12752.0
BILL14025,A14025,60000,6895,0,Yes,13379.0
BILL14026,A14026,60000,4066,8000,Yes,14413.2
BILL14027,A14027,2000,9272,0,No,11272.0
BILL14028,A14028,1500,19709,24000,No,45209.0
BILL14029,A14029,15000,12372,0,No,27372.0
BILL14030,A14030,15000,19135,30000,Yes,12827.0
BILL14031,A14031,12000,13599,12000,No,37599.0
BILL14032,A14032,12000,1085,12000,Yes,5017.0
BILL14033,A14033,1500,12031,0,Yes,2706.2
BILL14034,A14034,10000,19416,8000,Yes,7483.2
BILL14035,A14035,35000,9808,0,No,44808.0
BILL14036,A14036,2500,18305,0,No,20805.0
BILL14037,A14037,10000,12333,20000,No,42333.0
BILL14038,A14038,15000,6826,0,Yes,4365.2
BILL14039,A14039,3000,15113,9000,Yes,5422.6
BILL14040,A14040,1500,7484,0,No,8984.0
BILL14041,A14041,4000,11296,45000,No,60296.0
BILL14042,A14042,5000,14361,4000,No,23361.0
BILL14043,A14043,15000,12934,12000,Yes,7986.8
BILL14044,A14044,3500,5169,20000,No,28669.0
BILL14045,A14045,3500,1168,6000,Yes,2133.6
BILL14046,A14046,250000,17812,20000,Yes,57562.4
BILL14047,A14047,70000,18950,12000,No,100950.0
BILL14048,A14048,15000,17598,10000,Yes,8519.6
BILL14049,A14049,40000,663,16000,Yes,11332.6
BILL14050,A14050,10000,4603,8000,Yes,4520.6
BILL14051,A14051,60000,2250,45000,Yes,21450.0
BILL14052,A14052,6000,591,8000,No,14591.0
BILL14053,A14053,450000,16751,0,No,466751.0
BILL14054,A14054,35000,7322,3000,No,45322.0
BILL14055,A14055,2500,15824,18000,No,36324.0
BILL14056,A14056,2000,16816,24000,No,42816.0
BILL14057,A14057,5000,13109,0,Yes,3621.8
BILL14058,A14058,1200,17395,15000,Yes,6719.0
BILL14059,A14059,1000,3411,6000,No,10411.0
BILL14060,A14060,5000,11900,30000,No,46900.0
BILL14061,A14061,15000,7263,0,Yes,4452.6
BILL14062,A14062,3000,1361,15000,Yes,3872.2
BILL14063,A14063,60000,6818,6000,Yes,14563.6
BILL14064,A14064,1500,10323,16000,No,27823.0
BILL14065,A14065,1000,9270,18000,Yes,5654.0
BILL14066,A14066,6000,18997,30000,No,54997.0
BILL14067,A14067,1000,10840,20000,Yes,6368.0
BILL14068,A14068,800,9108,0,Yes,1981.6
BILL14069,A14069,6000,707,3000,No,9707.0
BILL14070,A14070,450000,15139,2000,No,467139.0
BILL14071,A14071,40000,15260,21000,No,76260.0
BILL14072,A14072,1000,14066,0,Yes,3013.2
BILL14073,A14073,12000,15071,0,Yes,5414.2
BILL14074,A14074,15000,4098,15000,Yes,6819.6
BILL14075,A14075,1000,4385,4000,No,9385.0
BILL14076,A14076,4000,3437,15000,Yes,4487.4
BILL14077,A14077,4000,1120,10000,Yes,3024.0
BILL14078,A14078,5000,3954,12000,Yes,4190.8
BILL14079,A14079,3000,12731,35000,Yes,10146.2
BILL14080,A14080,800,3028,0,No,3828.0
BILL14081,A14081,800,15544,5000,No,21344.0
BILL14082,A14082,2000,3522,12000,Yes,3504.4
BILL14083,A14083,8000,9357,12000,Yes,5871.4
BILL14084,A14084,1000,548,20000,Yes,4309.6
BILL14085,A14085,3500,6574,35000,No,45074.0
BILL14086,A14086,40000,11712,10000,Yes,12342.4
BILL14087,A14087,10000,10464,40000,Yes,12092.8
BILL14088,A14088,1000,13437,0,No,14437.0
BILL14089,A14089,10000,6810,0,Yes,3362.0
BILL14090,A14090,60000,16117,10000,No,86117.0
BILL14091,A14091,15000,3239,4000,Yes,4447.8
BILL14092,A14092,10000,14695,28000,Yes,10539.0
BILL14093,A14093,180000,5477,24000,Yes,41895.4
BILL14094,A14094,15000,10230,0,No,25230.0
BILL14095,A14095,1500,6588,4000,Yes,2417.6
BILL14096,A14096,180000,16400,14000,No,210400.0
BILL14097,A14097,250000,3700,15000,No,268700.0
BILL14098,A14098,8000,11458,18000,No,37458.0
BILL14099,A14099,3500,15666,27000,No,46166.0
BILL14100,A14100,180000,915,8000,Yes,37783.0
BILL14101,A14101,65000,10210,6000,Yes,16242.0
BILL14102,A14102,3500,502,0,No,4002.0
BILL14103,A14103,6000,2803,35000,Yes,8760.6
BILL14104,A14104,5000,7132,6000,No,18132.0
BILL14105,A14105,5000,12880,2000,Yes,3976.0
BILL14106,A14106,15000,2340,25000,Yes,8468.0
BILL14107,A14107,10000,2154,0,Yes,2430.8
BILL14108,A14108,40000,13518,10000,Yes,12703.6
BILL14109,A14109,2000,15561,16000,Yes,6712.2
BILL14110,A14110,65000,2420,40000,Yes,21484.0
BILL14111,A14111,1000,15577,50000,Yes,13315.4
BILL14112,A14112,1200,14614,24000,Yes,7962.8
BILL14113,A14113,1000,19349,28000,Yes,9669.8
BILL14114,A14114,3500,1557,0,No,5057.0
BILL14115,A14115,4000,18506,45000,Yes,13501.2
BILL14116,A14116,12000,14268,0,No,26268.0
BILL14117,A14117,2000,5401,0,Yes,1480.2
BILL14118,A14118,1500,16559,8000,No,26059.0
BILL14119,A14119,1200,15321,24000,Yes,8104.2
BILL14120,A14120,2500,7603,15000,Yes,5020.6
BILL14121,A14121,1000,13714,30000,Yes,8942.8
BILL14122,A14122,8000,14616,9000,Yes,6323.2
BILL14123,A14123,5000,8811,27000,No,40811.0
BILL14124,A14124,1500,8178,0,No,9678.0
BILL14125,A14125,12000,1671,5000,Yes,3734.2
BILL14126,A14126,2500,11131,16000,Yes,5926.2
BILL14127,A14127,8000,11410,0,Yes,3882.0
BILL14128,A14128,5000,6870,24000,Yes,7174.0
BILL14129,A14129,12000,5460,4000,Yes,4292.0
BILL14130,A14130,4000,11232,0,Yes,3046.4
BILL14131,A14131,12000,17601,2000,Yes,6320.2
BILL14132,A14132,12000,18053,27000,No,57053.0
BILL14133,A14133,3000,6480,12000,No,21480.0
BILL14134,A14134,8000,13794,0,No,21794.0
BILL14135,A14135,3500,4400,21000,Yes,5780.0
BILL14136,A14136,6000,14267,24000,Yes,8853.4
BILL14137,A14137,1500,9627,21000,No,32127.0
BILL14138,A14138,80000,7598,4000,Yes,18319.6
BILL14139,A14139,15000,19179,15000,Yes,9835.8
BILL14140,A14140,2000,15874,20000,No,37874.0
BILL14141,A14141,1500,4371,4000,Yes,1974.2
BILL14142,A14142,8000,17298,0,No,25298.0
BILL14143,A14143,3500,12991,4000,Yes,4098.2
BILL14144,A14144,5000,14921,18000,Yes,7584.2
BILL14145,A14145,4000,10503,8000,Yes,4500.6
BILL14146,A14146,1000,2465,20000,No,23465.0
BILL14147,A14147,12000,18402,6000,Yes,7280.4
BILL14148,A14148,8000,7798,32000,No,47798.0
BILL14149,A14149,2000,16704,12000,No,30704.0
BILL14150,A14150,12000,2880,3000,Yes,3576.0
BILL14151,A14151,6000,18027,0,Yes,4805.4
BILL14152,A14152,65000,16901,25000,No,106901.0
BILL14153,A14153,10000,2137,0,No,12137.0
BILL14154,A14154,12000,17625,0,No,29625.0
BILL14155,A14155,12000,10051,0,No,22051.0
BILL14156,A14156,5000,14554,0,No,19554.0
BILL14157,A14157,15000,13238,16000,Yes,8847.6
BILL14158,A14158,6000,15789,21000,No,42789.0
BILL14159,A14159,6000,9619,3000,No,18619.0
BILL14160,A14160,60000,13909,0,Yes,14781.8
BILL14161,A14161,8000,1476,32000,No,41476.0
BILL14162,A14162,2500,11793,6000,Yes,4058.6
BILL14163,A14163,12000,881,4000,Yes,3376.2
BILL14164,A14164,35000,16216,20000,No,71216.0
BILL14165,A14165,2000,19813,16000,No,37813.0
BILL14166,A14166,5000,6288,40000,No,51288.0
BILL14167,A14167,80000,1597,0,Yes,16319.4
BILL14168,A14168,15000,3236,0,Yes,3647.2
BILL14169,A14169,1000,17536,15000,Yes,6707.2
BILL14170,A14170,3500,11888,0,Yes,3077.6
BILL14171,A14171,1500,5491,20000,Yes,5398.2
BILL14172,A14172,60000,15843,15000,Yes,18168.6
BILL14173,A14173,1000,3794,8000,Yes,2558.8
BILL14174,A14174,1200,11845,6000,Yes,3809.0
BILL14175,A14175,6000,12391,0,Yes,3678.2
BILL14176,A14176,15000,1741,10000,Yes,5348.2
BILL14177,A14177,8000,13722,0,Yes,4344.4
BILL14178,A14178,4000,4887,9000,Yes,3577.4
BILL14179,A14179,40000,16435,45000,Yes,20287.0
BILL14180,A14180,60000,11227,0,No,71227.0
BILL14181,A14181,70000,5920,30000,Yes,21184.0
BILL14182,A14182,2000,8193,0,No,10193.0
BILL14183,A14183,3000,9148,0,No,12148.0
BILL14184,A14184,8000,8890,3000,Yes,3978.0
BILL14185,A14185,15000,17624,8000,Yes,8124.8
BILL14186,A14186,10000,10767,0,Yes,4153.4
BILL14187,A14187,4000,9559,6000,No,19559.0
BILL14188,A14188,1500,12645,10000,Yes,4829.0
BILL14189,A14189,1500,18380,12000,No,31880.0
BILL14190,A14190,60000,8640,9000,No,77640.0
BILL14191,A14191,10000,7210,45000,Yes,12442.0
BILL14192,A14192,6000,17022,0,Yes,4604.4
BILL14193,A14193,2000,8436,8000,Yes,3687.2
BILL14194,A14194,40000,5966,40000,Yes,17193.2
BILL14195,A14195,1000,7720,24000,Yes,6544.0
BILL14196,A14196,12000,8728,6000,Yes,5345.6
BILL14197,A14197,40000,7201,0,No,47201.0
BILL14198,A14198,1500,16312,0,Yes,3562.4
BILL14199,A14199,8000,14825,27000,Yes,9965.0
BILL14200,A14200,60000,16583,15000,No,91583.0
BILL14201,A14201,3500,12748,0,Yes,3249.6
BILL14202,A14202,5000,8987,0,No,13987.0
BILL14203,A14203,2500,17644,8000,No,28144.0
BILL14204,A14204,15000,10488,9000,Yes,6897.6
BILL14205,A14205,60000,10088,0,Yes,14017.6
BILL14206,A14206,250000,18229,0,Yes,53645.8
BILL14207,A14207,1500,6633,0,No,8133.0
BILL14208,A14208,8000,17590,0,No,25590.0
BILL14209,A14209,10000,19392,3000,No,32392.0
BILL14210,A14210,40000,15304,2000,No,57304.0
BILL14211,A14211,6000,5652,0,No,11652.0
BILL14212,A14212,70000,15672,15000,Yes,20134.4
BILL14213,A14213,1000,17656,0,Yes,3731.2
BILL14214,A14214,65000,18145,30000,No,113145.0
BILL14215,A14215,12000,4952,50000,Yes,13390.4
BILL14216,A14216,1200,7147,4000,No,12347.0
BILL14217,A14217,6000,15579,4000,No,25579.0
BILL14218,A14218,40000,2581,12000,Yes,10916.2
BILL14219,A14219,10000,4945,15000,No,29945.0
BILL14220,A14220,70000,7546,28000,No,105546.0
BILL14221,A14221,1000,9858,0,Yes,2171.6
BILL14222,A14222,15000,11558,40000,No,66558.0
BILL14223,A14223,5000,18352,0,Yes,4670.4
BILL14224,A14224,5000,16476,4000,Yes,5095.2
BILL14225,A14225,6000,14904,45000,Yes,13180.8
BILL14226,A14226,2500,1516,32000,Yes,7203.2
BILL14227,A14227,15000,6539,16000,No,37539.0
BILL14228,A14228,60000,5416,0,No,65416.0
BILL14229,A14229,2000,13290,8000,Yes,4658.0
BILL14230,A14230,2000,12419,30000,No,44419.0
BILL14231,A14231,70000,16448,10000,Yes,19289.6
BILL14232,A14232,12000,9942,0,Yes,4388.4
BILL14233,A14233,8000,11237,0,Yes,3847.4
BILL14234,A14234,12000,6038,0,Yes,3607.6
BILL14235,A14235,8000,7234,0,No,15234.0
BILL14236,A14236,12000,8901,12000,No,32901.0
BILL14237,A14237,2000,4809,30000,Yes,7361.8
BILL14238,A14238,1200,17467,16000,Yes,6933.4
BILL14239,A14239,1500,18817,15000,Yes,7063.4
BILL14240,A14240,2500,14672,21000,Yes,7634.4
BILL14241,A14241,80000,9117,20000,Yes,21823.4
BILL14242,A14242,800,13093,9000,Yes,4578.6
BILL14243,A14243,2500,5479,6000,Yes,2795.8
BILL14244,A14244,60000,5274,0,Yes,13054.8
BILL14245,A14245,3000,6579,40000,Yes,9915.8
BILL14246,A14246,65000,16732,4000,No,85732.0
BILL14247,A14247,2000,8543,40000,No,50543.0
BILL14248,A14248,8000,908,28000,Yes,7381.6
BILL14249,A14249,6000,11413,50000,No,67413.0
BILL14250,A14250,250000,10853,6000,No,266853.0
BILL14251,A14251,60000,13060,24000,Yes,19412.0
BILL14252,A14252,3500,7520,0,Yes,2204.0
BILL14253,A14253,3500,17824,0,No,21324.0
BILL14254,A14254,180000,18470,20000,No,218470.0
BILL14255,A14255,15000,17712,2000,Yes,6942.4
BILL14256,A14256,1200,618,45000,Yes,9363.6
BILL14257,A14257,60000,6215,3000,No,69215.0
BILL14258,A14258,10000,1341,6000,No,17341.0
BILL14259,A14259,5000,14065,0,Yes,3813.0
BILL14260,A14260,5000,11434,4000,Yes,4086.8
BILL14261,A14261,65000,9412,24000,No,98412.0
BILL14262,A14262,15000,16489,15000,No,46489.0
BILL14263,A14263,10000,7001,24000,Yes,8200.2
BILL14264,A14264,6000,16698,25000,No,47698.0
BILL14265,A14265,2000,7460,0,No,9460.0
BILL14266,A14266,65000,2880,0,No,67880.0
BILL14267,A14267,35000,17024,16000,No,68024.0
BILL14268,A14268,1200,8132,4000,No,13332.0
BILL14269,A14269,80000,2028,50000,Yes,26405.6
BILL14270,A14270,70000,16497,12000,No,98497.0
BILL14271,A14271,1000,12814,4000,Yes,3562.8
BILL14272,A14272,3500,18696,10000,Yes,6439.2
BILL14273,A14273,15000,1579,0,No,16579.0
BILL14274,A14274,10000,15983,40000,Yes,13196.6
BILL14275,A14275,8000,3498,9000,Yes,4099.6
BILL14276,A14276,180000,5726,0,Yes,37145.2
BILL14277,A14277,250000,14942,20000,Yes,56988.4
BILL14278,A14278,2000,7617,0,Yes,1923.4
BILL14279,A14279,450000,7463,12000,Yes,93892.6
BILL14280,A14280,1500,16534,4000,Yes,4406.8
BILL14281,A14281,250000,1055,0,Yes,50211.0
BILL14282,A14282,35000,8511,3000,Yes,9302.2
BILL14283,A14283,10000,10812,6000,No,26812.0
BILL14284,A14284,15000,17967,12000,Yes,8993.4
BILL14285,A14285,6000,5964,10000,Yes,4392.8
BILL14286,A14286,40000,1296,4000,Yes,9059.2
BILL14287,A14287,2500,11774,3000,No,17274.0
BILL14288,A14288,6000,5987,0,Yes,2397.4
BILL14289,A14289,5000,19060,0,Yes,4812.0
BILL14290,A14290,180000,11776,21000,Yes,42555.2
BILL14291,A14291,450000,1893,0,No,451893.0
BILL14292,A14292,12000,2775,15000,Yes,5955.0
BILL14293,A14293,180000,6426,16000,Yes,40485.2
BILL14294,A14294,65000,13507,27000,Yes,21101.4
BILL14295,A14295,5000,18300,18000,Yes,8260.0
BILL14296,A14296,6000,15205,0,Yes,4241.0
BILL14297,A14297,3500,19036,6000,No,28536.0
BILL14298,A14298,40000,10714,0,Yes,10142.8
BILL14299,A14299,15000,9584,10000,Yes,6916.8
BILL14300,A14300,70000,3198,9000,No,82198.0
BILL14301,A14301,10000,1674,0,Yes,2334.8
BILL14302,A14302,2000,16586,9000,Yes,5517.2
BILL14303,A14303,35000,9751,0,Yes,8950.2
BILL14304,A14304,1500,19223,14000,Yes,6944.6
BILL14305,A14305,3500,7207,12000,Yes,4541.4
BILL14306,A14306,1500,7276,36000,Yes,8955.2
BILL14307,A14307,40000,13680,9000,Yes,12536.0
BILL14308,A14308,800,11164,2000,Yes,2792.8
BILL14309,A14309,40000,19380,24000,Yes,16676.0
BILL14310,A14310,1000,4416,0,Yes,1083.2
BILL14311,A14311,65000,12400,0,No,77400.0
BILL14312,A14312,6000,11573,12000,Yes,5914.6
BILL14313,A14313,180000,4614,2000,Yes,37322.8
BILL14314,A14314,800,15020,24000,Yes,7964.0
BILL14315,A14315,12000,19718,9000,Yes,8143.6
BILL14316,A14316,1000,503,20000,Yes,4300.6
BILL14317,A14317,35000,7103,4000,Yes,9220.6
BILL14318,A14318,2500,14249,0,Yes,3349.8
BILL14319,A14319,8000,8249,4000,Yes,4049.8
BILL14320,A14320,1200,13079,15000,No,29279.0
BILL14321,A14321,10000,17456,8000,Yes,7091.2
BILL14322,A14322,40000,7073,6000,Yes,10614.6
BILL14323,A14323,1000,19769,0,No,20769.0
BILL14324,A14324,2000,1136,8000,Yes,2227.2
BILL14325,A14325,10000,18608,28000,Yes,11321.6
BILL14326,A14326,1000,5140,50000,Yes,11228.0
BILL14327,A14327,2500,1935,2000,No,6435.0
BILL14328,A14328,250000,14607,30000,Yes,58921.4
BILL14329,A14329,12000,9281,0,Yes,4256.2
BILL14330,A14330,12000,1082,9000,Yes,4416.4
BILL14331,A14331,60000,12629,24000,Yes,19325.8
BILL14332,A14332,6000,10017,25000,No,41017.0
BILL14333,A14333,35000,9923,9000,Yes,10784.6
BILL14334,A14334,250000,16949,4000,No,270949.0
BILL14335,A14335,15000,1196,15000,Yes,6239.2
BILL14336,A14336,10000,571,12000,Yes,4514.2
BILL14337,A14337,12000,11905,14000,Yes,7581.0
BILL14338,A14338,2500,18442,4000,Yes,4988.4
BILL14339,A14339,2500,1018,8000,No,11518.0
BILL14340,A14340,6000,11937,4000,Yes,4387.4
BILL14341,A14341,12000,11757,2000,No,25757.0
BILL14342,A14342,12000,19452,3000,Yes,6890.4
BILL14343,A14343,3500,15621,0,Yes,3824.2
BILL14344,A14344,12000,1184,32000,Yes,9036.8
BILL14345,A14345,15000,13327,0,No,28327.0
BILL14346,A14346,35000,17382,4000,No,56382.0
BILL14347,A14347,35000,14632,28000,Yes,15526.4
BILL14348,A14348,1000,18787,10000,No,29787.0
BILL14349,A14349,15000,5895,6000,Yes,5379.0
BILL14350,A14350,8000,614,4000,No,12614.0
BILL14351,A14351,10000,18709,0,Yes,5741.8
BILL14352,A14352,6000,1478,27000,Yes,6895.6
BILL14353,A14353,2500,11620,9000,Yes,4624.0
BILL14354,A14354,8000,12840,32000,Yes,10568.0
BILL14355,A14355,250000,10050,9000,No,269050.0
BILL14356,A14356,12000,15868,18000,No,45868.0
BILL14357,A14357,35000,19572,0,No,54572.0
BILL14358,A14358,5000,11546,0,Yes,3309.2
BILL14359,A14359,60000,10218,0,Yes,14043.6
BILL14360,A14360,450000,12136,18000,No,480136.0
BILL14361,A14361,12000,2168,0,Yes,2833.6
BILL14362,A14362,12000,1105,15000,No,28105.0
BILL14363,A14363,450000,11971,0,Yes,92394.2
BILL14364,A14364,5000,10826,25000,No,40826.0
BILL14365,A14365,4000,8832,3000,No,15832.0
BILL14366,A14366,1200,5054,0,Yes,1250.8
BILL14367,A14367,800,3542,0,No,4342.0
BILL14368,A14368,3500,1312,12000,Yes,3362.4
BILL14369,A14369,4000,2357,10000,Yes,3271.4
BILL14370,A14370,8000,14610,0,Yes,4522.0
BILL14371,A14371,3500,5443,12000,Yes,4188.6
BILL14372,A14372,80000,14907,40000,Yes,26981.4
BILL14373,A14373,8000,2441,5000,Yes,3088.2
BILL14374,A14374,5000,6183,20000,Yes,6236.6
BILL14375,A14375,60000,11084,0,No,71084.0
BILL14376,A14376,35000,3130,0,Yes,7626.0
BILL14377,A14377,2000,3557,15000,Yes,4111.4
BILL14378,A14378,3000,6618,0,No,9618.0
BILL14379,A14379,1000,11851,24000,No,36851.0
BILL14380,A14380,3500,16614,28000,Yes,9622.8
BILL14381,A14381,8000,1534,0,Yes,1906.8
BILL14382,A14382,12000,15217,4000,Yes,6243.4
BILL14383,A14383,5000,18501,32000,Yes,11100.2
BILL14384,A14384,70000,18643,6000,Yes,18928.6
BILL14385,A14385,35000,7190,9000,No,51190.0
BILL14386,A14386,8000,13807,14000,Yes,7161.4
BILL14387,A14387,70000,18298,30000,No,118298.0
BILL14388,A14388,2000,14370,16000,Yes,6474.0
BILL14389,A14389,800,4074,0,No,4874.0
BILL14390,A14390,8000,13042,12000,Yes,6608.4
BILL14391,A14391,40000,13895,40000,Yes,18779.0
BILL14392,A14392,15000,15689,4000,Yes,6937.8
BILL14393,A14393,180000,11342,14000,Yes,41068.4
BILL14394,A14394,15000,12066,4000,No,31066.0
BILL14395,A14395,6000,3047,16000,Yes,5009.4
BILL14396,A14396,5000,19295,3000,Yes,5459.0
BILL14397,A14397,3500,1011,6000,Yes,2102.2
BILL14398,A14398,40000,4425,0,Yes,8885.0
BILL14399,A14399,12000,11783,28000,No,51783.0
BILL14400,A14400,6000,4008,8000,Yes,3601.6
BILL14401,A14401,60000,5517,20000,No,85517.0
BILL14402,A14402,15000,5118,8000,Yes,5623.6
BILL14403,A14403,80000,18244,0,Yes,19648.8
BILL14404,A14404,5000,18994,2000,Yes,5198.8
BILL14405,A14405,3000,4503,20000,No,27503.0
BILL14406,A14406,800,6584,21000,No,28384.0
BILL14407,A14407,8000,1899,36000,Yes,9179.8
BILL14408,A14408,35000,14690,25000,Yes,14938.0
BILL14409,A14409,180000,990,24000,No,204990.0
BILL14410,A14410,10000,7938,12000,Yes,5987.6
BILL14411,A14411,5000,14615,50000,Yes,13923.0
BILL14412,A14412,1200,13667,9000,No,23867.0
BILL14413,A14413,2500,2635,6000,No,11135.0
BILL14414,A14414,3500,11260,0,No,14760.0
BILL14415,A14415,65000,3827,5000,Yes,14765.4
BILL14416,A14416,6000,12099,35000,Yes,10619.8
BILL14417,A14417,180000,10544,32000,No,222544.0
BILL14418,A14418,1000,9588,14000,No,24588.0
BILL14419,A14419,60000,19869,2000,No,81869.0
BILL14420,A14420,70000,8601,45000,No,123601.0
BILL14421,A14421,80000,15927,0,Yes,19185.4
BILL14422,A14422,1000,10500,3000,Yes,2900.0
BILL14423,A14423,65000,10901,8000,Yes,16780.2
BILL14424,A14424,10000,14413,0,Yes,4882.6
BILL14425,A14425,35000,15633,6000,Yes,11326.6
BILL14426,A14426,65000,6400,15000,Yes,17280.0
BILL14427,A14427,1500,16093,18000,Yes,7118.6
BILL14428,A14428,1500,9166,24000,Yes,6933.2
BILL14429,A14429,70000,1905,6000,No,77905.0
BILL14430,A14430,250000,3083,4000,Yes,51416.6
BILL14431,A14431,800,13787,0,No,14587.0
BILL14432,A14432,2500,4078,8000,Yes,2915.6
BILL14433,A14433,180000,8153,32000,Yes,44030.6
BILL14434,A14434,1000,15190,45000,Yes,12238.0
BILL14435,A14435,10000,8058,0,No,18058.0
BILL14436,A14436,250000,17113,0,Yes,53422.6
BILL14437,A14437,800,18434,14000,Yes,6646.8
BILL14438,A14438,6000,14637,0,No,20637.0
BILL14439,A14439,8000,3342,0,Yes,2268.4
BILL14440,A14440,1000,743,6000,No,7743.0
BILL14441,A14441,10000,6597,0,Yes,3319.4
BILL14442,A14442,800,8374,0,Yes,1834.8
BILL14443,A14443,10000,7545,10000,Yes,5509.0
BILL14444,A14444,180000,1983,2000,Yes,36796.6
BILL14445,A14445,1500,2965,0,Yes,893.0
BILL14446,A14446,250000,2959,12000,Yes,52991.8
BILL14447,A14447,40000,16279,14000,No,70279.0
BILL14448,A14448,10000,18900,0,Yes,5780.0
BILL14449,A14449,6000,2642,2000,No,10642.0
BILL14450,A14450,35000,9902,10000,Yes,10980.4
BILL14451,A14451,250000,6089,20000,Yes,55217.8
BILL14452,A14452,2500,8866,15000,Yes,5273.2
BILL14453,A14453,60000,8002,8000,Yes,15200.4
BILL14454,A14454,10000,9693,28000,No,47693.0
BILL14455,A14455,70000,14182,0,Yes,16836.4
BILL14456,A14456,3500,6856,0,No,10356.0
BILL14457,A14457,6000,13490,32000,Yes,10298.0
BILL14458,A14458,80000,13755,40000,Yes,26751.0
BILL14459,A14459,1500,1117,0,Yes,523.4
BILL14460,A14460,80000,17627,4000,Yes,20325.4
BILL14461,A14461,5000,6868,0,Yes,2373.6
BILL14462,A14462,3500,18424,12000,Yes,6784.8
BILL14463,A14463,6000,3909,45000,Yes,10981.8
BILL14464,A14464,1500,14707,6000,Yes,4441.4
BILL14465,A14465,2000,2047,32000,No,36047.0
BILL14466,A14466,15000,17154,0,No,32154.0
BILL14467,A14467,3000,4755,12000,Yes,3951.0
BILL14468,A14468,1200,13677,9000,Yes,4775.4
BILL14469,A14469,2000,6086,40000,Yes,9617.2
BILL14470,A14470,80000,7224,20000,No,107224.0
BILL14471,A14471,800,1613,0,Yes,482.6
BILL14472,A14472,1200,14719,0,Yes,3183.8
BILL14473,A14473,1000,18980,24000,No,43980.0
BILL14474,A14474,65000,17417,10000,Yes,18483.4
BILL14475,A14475,1500,4880,0,Yes,1276.0
BILL14476,A14476,80000,7100,14000,Yes,20220.0
BILL14477,A14477,1200,721,21000,Yes,4584.2
BILL14478,A14478,15000,17691,9000,Yes,8338.2
BILL14479,A14479,60000,4168,2000,Yes,13233.6
BILL14480,A14480,15000,16559,0,Yes,6311.8
BILL14481,A14481,450000,6559,25000,Yes,96311.8
BILL14482,A14482,1000,13840,2000,Yes,3368.0
BILL14483,A14483,450000,8163,10000,Yes,93632.6
BILL14484,A14484,3000,5787,0,No,8787.0
BILL14485,A14485,5000,18797,0,Yes,4759.4
BILL14486,A14486,70000,12420,0,No,82420.0
BILL14487,A14487,2000,19493,0,Yes,4298.6
BILL14488,A14488,6000,17010,3000,Yes,5202.0
BILL14489,A14489,800,6231,4000,Yes,2206.2
BILL14490,A14490,6000,16447,0,Yes,4489.4
BILL14491,A14491,5000,8315,3000,Yes,3263.0
BILL14492,A14492,3500,2881,0,No,6381.0
BILL14493,A14493,10000,15411,10000,Yes,7082.2
BILL14494,A14494,12000,17241,15000,Yes,8848.2
BILL14495,A14495,1200,970,40000,Yes,8434.0
BILL14496,A14496,4000,8720,10000,Yes,4544.0
BILL14497,A14497,12000,1492,0,Yes,2698.4
BILL14498,A14498,3500,14178,25000,Yes,8535.6
BILL14499,A14499,3000,6189,15000,Yes,4837.8
BILL14500,A14500,6000,7754,0,No,13754.0
BILL14501,A14501,10000,19090,6000,No,35090.0
BILL14502,A14502,80000,2396,6000,No,88396.0
BILL14503,A14503,70000,6523,0,Yes,15304.6
BILL14504,A14504,70000,17437,6000,Yes,18687.4
BILL14505,A14505,8000,19248,8000,Yes,7049.6
BILL14506,A14506,180000,10877,0,No,190877.0
BILL14507,A14507,65000,14319,0,Yes,15863.8
BILL14508,A14508,3000,6212,20000,Yes,5842.4
BILL14509,A14509,2000,10347,0,Yes,2469.4
BILL14510,A14510,8000,3301,0,Yes,2260.2
BILL14511,A14511,8000,5719,3000,No,16719.0
BILL14512,A14512,12000,13240,15000,Yes,8048.0
BILL14513,A14513,12000,2614,40000,Yes,10922.8
BILL14514,A14514,60000,1725,4000,Yes,13145.0
BILL14515,A14515,4000,3038,0,Yes,1407.6
BILL14516,A14516,35000,528,32000,Yes,13505.6
BILL14517,A14517,1500,3946,6000,Yes,2289.2
BILL14518,A14518,80000,18910,3000,No,101910.0
BILL14519,A14519,450000,4699,12000,Yes,93339.8
BILL14520,A14520,5000,10578,0,Yes,3115.6
BILL14521,A14521,65000,7514,5000,Yes,15502.8
BILL14522,A14522,1500,18724,0,No,20224.0
BILL14523,A14523,450000,16217,12000,No,478217.0
BILL14524,A14524,12000,4757,0,Yes,3351.4
BILL14525,A14525,800,13844,4000,No,18644.0
BILL14526,A14526,1000,6668,4000,Yes,2333.6
BILL14527,A14527,180000,8370,0,Yes,37674.0
BILL14528,A14528,15000,19575,0,Yes,6915.0
BILL14529,A14529,70000,16048,12000,Yes,19609.6
BILL14530,A14530,1000,14029,12000,Yes,5405.8
BILL14531,A14531,800,14105,0,No,14905.0
BILL14532,A14532,1000,8485,0,Yes,1897.0
BILL14533,A14533,5000,12674,10000,No,27674.0
BILL14534,A14534,12000,17119,0,Yes,5823.8
BILL14535,A14535,3500,11728,15000,Yes,6045.6
BILL14536,A14536,15000,16751,40000,Yes,14350.2
BILL14537,A14537,10000,9562,12000,Yes,6312.4
BILL14538,A14538,40000,14065,0,Yes,10813.0
BILL14539,A14539,1500,17311,18000,Yes,7362.2
BILL14540,A14540,12000,10725,0,Yes,4545.0
BILL14541,A14541,15000,12864,2000,Yes,5972.8
BILL14542,A14542,65000,9303,40000,Yes,22860.6
BILL14543,A14543,70000,6477,8000,No,84477.0
BILL14544,A14544,1500,13277,20000,Yes,6955.4
BILL14545,A14545,250000,5592,0,No,255592.0
BILL14546,A14546,6000,17442,9000,Yes,6488.4
BILL14547,A14547,60000,19758,0,No,79758.0
BILL14548,A14548,800,4052,4000,No,8852.0
BILL14549,A14549,800,14857,10000,Yes,5131.4
BILL14550,A14550,1000,5803,12000,Yes,3760.6
BILL14551,A14551,3500,17143,6000,Yes,5328.6
BILL14552,A14552,5000,16584,28000,Yes,9916.8
BILL14553,A14553,80000,5636,15000,Yes,20127.2
BILL14554,A14554,1000,18487,2000,Yes,4297.4
BILL14555,A14555,180000,12798,8000,Yes,40159.6
BILL14556,A14556,40000,4436,2000,Yes,9287.2
BILL14557,A14557,12000,3831,20000,No,35831.0
BILL14558,A14558,15000,600,30000,No,45600.0
BILL14559,A14559,12000,16963,15000,Yes,8792.6
BILL14560,A14560,15000,7270,4000,Yes,5254.0
BILL14561,A14561,5000,10461,4000,Yes,3892.2
BILL14562,A14562,1000,15932,12000,Yes,5786.4
BILL14563,A14563,10000,6451,8000,No,24451.0
BILL14564,A14564,1000,2661,20000,Yes,4732.2
BILL14565,A14565,3000,12442,20000,Yes,7088.4
BILL14566,A14566,15000,10372,30000,Yes,11074.4
BILL14567,A14567,15000,5364,0,No,20364.0
BILL14568,A14568,2000,16733,6000,No,24733.0
BILL14569,A14569,15000,13420,4000,No,32420.0
BILL14570,A14570,80000,11555,0,Yes,18311.0
BILL14571,A14571,1200,17649,0,Yes,3769.8
BILL14572,A14572,60000,19251,10000,Yes,17850.2
BILL14573,A14573,6000,1439,10000,No,17439.0
BILL14574,A14574,1000,4315,50000,No,55315.0
BILL14575,A14575,2000,2690,24000,Yes,5738.0
BILL14576,A14576,1500,3098,10000,Yes,2919.6
BILL14577,A14577,800,1183,9000,Yes,2196.6
BILL14578,A14578,15000,12772,15000,Yes,8554.4
BILL14579,A14579,2000,19828,0,Yes,4365.6
BILL14580,A14580,5000,10112,9000,Yes,4822.4
BILL14581,A14581,5000,13183,0,Yes,3636.6
BILL14582,A14582,8000,11392,0,Yes,3878.4
BILL14583,A14583,65000,1047,30000,Yes,19209.4
BILL14584,A14584,4000,9292,15000,Yes,5658.4
BILL14585,A14585,1000,12713,0,Yes,2742.6
BILL14586,A14586,4000,17699,3000,No,24699.0
BILL14587,A14587,250000,10667,15000,Yes,55133.4
BILL14588,A14588,15000,12858,4000,Yes,6371.6
BILL14589,A14589,35000,4278,5000,No,44278.0
BILL14590,A14590,15000,17458,8000,Yes,8091.6
BILL14591,A14591,12000,9974,12000,Yes,6794.8
BILL14592,A14592,12000,7809,40000,Yes,11961.8
BILL14593,A14593,6000,9022,0,Yes,3004.4
BILL14594,A14594,65000,13290,18000,No,96290.0
BILL14595,A14595,40000,8401,15000,Yes,12680.2
BILL14596,A14596,35000,5897,15000,No,55897.0
BILL14597,A14597,35000,7325,0,Yes,8465.0
BILL14598,A14598,1500,10042,12000,Yes,4708.4
BILL14599,A14599,12000,2798,3000,Yes,3559.6
BILL14600,A14600,4000,6965,36000,No,46965.0
BILL14601,A14601,1000,11101,12000,No,24101.0
BILL14602,A14602,6000,1501,4000,Yes,2300.2
BILL14603,A14603,70000,11727,10000,Yes,18345.4
BILL14604,A14604,6000,18752,10000,Yes,6950.4
BILL14605,A14605,10000,8676,0,Yes,3735.2
BILL14606,A14606,35000,7372,50000,Yes,18474.4
BILL14607,A14607,1500,17764,27000,Yes,9252.8
BILL14608,A14608,1200,2915,8000,Yes,2423.0
BILL14609,A14609,15000,2223,12000,Yes,5844.6
BILL14610,A14610,80000,13572,15000,Yes,21714.4
BILL14611,A14611,6000,12940,15000,Yes,6788.0
BILL14612,A14612,450000,19505,0,No,469505.0
BILL14613,A14613,8000,4845,0,No,12845.0
BILL14614,A14614,15000,13051,15000,Yes,8610.2
BILL14615,A14615,15000,3107,35000,Yes,10621.4
BILL14616,A14616,15000,11262,15000,Yes,8252.4
BILL14617,A14617,1000,4375,21000,Yes,5275.0
BILL14618,A14618,70000,10518,8000,Yes,17703.6
BILL14619,A14619,5000,1283,9000,Yes,3056.6
BILL14620,A14620,1500,9603,8000,Yes,3820.6
BILL14621,A14621,35000,17812,3000,Yes,11162.4
BILL14622,A14622,80000,19767,35000,Yes,26953.4
BILL14623,A14623,1000,9636,10000,Yes,4127.2
BILL14624,A14624,10000,13235,20000,Yes,8647.0
BILL14625,A14625,1200,18388,10000,No,29588.0
BILL14626,A14626,180000,19607,5000,Yes,40921.4
BILL14627,A14627,15000,767,15000,Yes,6153.4
BILL14628,A14628,10000,8100,12000,No,30100.0
BILL14629,A14629,6000,10232,4000,Yes,4046.4
BILL14630,A14630,1200,8343,0,Yes,1908.6
BILL14631,A14631,35000,9848,0,No,44848.0
BILL14632,A14632,3500,10036,12000,Yes,5107.2
BILL14633,A14633,12000,6603,10000,Yes,5720.6
BILL14634,A14634,40000,5012,16000,Yes,12202.4
BILL14635,A14635,2000,11758,21000,Yes,6951.6
BILL14636,A14636,5000,13999,2000,Yes,4199.8
BILL14637,A14637,60000,11446,12000,Yes,16689.2
BILL14638,A14638,12000,5844,30000,Yes,9568.8
BILL14639,A14639,5000,2296,15000,Yes,4459.2
BILL14640,A14640,6000,3461,9000,Yes,3692.2
BILL14641,A14641,450000,8775,50000,No,508775.0
BILL14642,A14642,15000,8339,5000,Yes,5667.8
BILL14643,A14643,35000,18812,0,Yes,10762.4
BILL14644,A14644,1000,14062,8000,No,23062.0
BILL14645,A14645,70000,1109,12000,Yes,16621.8
BILL14646,A14646,15000,16238,0,Yes,6247.6
BILL14647,A14647,6000,15890,0,Yes,4378.0
BILL14648,A14648,1500,6771,12000,No,20271.0
BILL14649,A14649,3000,6180,8000,Yes,3436.0
BILL14650,A14650,1500,15306,20000,No,36806.0
BILL14651,A14651,70000,10477,15000,No,95477.0
BILL14652,A14652,5000,3514,35000,No,43514.0
BILL14653,A14653,6000,2697,5000,Yes,2739.4
BILL14654,A14654,35000,13816,20000,No,68816.0
BILL14655,A14655,35000,17785,0,Yes,10557.0
BILL14656,A14656,60000,8116,12000,No,80116.0
BILL14657,A14657,3500,13355,12000,No,28855.0
BILL14658,A14658,1200,4411,30000,Yes,7122.2
BILL14659,A14659,65000,6984,15000,No,86984.0
BILL14660,A14660,10000,13937,0,Yes,4787.4
BILL14661,A14661,60000,17398,50000,Yes,25479.6
BILL14662,A14662,250000,8785,50000,Yes,61757.0
BILL14663,A14663,6000,9570,5000,Yes,4114.0
BILL14664,A14664,4000,10749,3000,Yes,3549.8
BILL14665,A14665,3500,9315,21000,No,33815.0
BILL14666,A14666,6000,18953,0,Yes,4990.6
BILL14667,A14667,8000,4823,12000,No,24823.0
BILL14668,A14668,70000,12961,12000,Yes,18992.2
BILL14669,A14669,450000,18223,6000,No,474223.0
BILL14670,A14670,40000,6287,30000,No,76287.0
BILL14671,A14671,12000,17135,30000,Yes,11827.0
BILL14672,A14672,450000,1272,0,No,451272.0
BILL14673,A14673,10000,12144,0,No,22144.0
BILL14674,A14674,1500,11029,0,Yes,2505.8
BILL14675,A14675,1200,12129,30000,Yes,8665.8
BILL14676,A14676,1500,14222,0,Yes,3144.4
BILL14677,A14677,6000,3109,0,No,9109.0
BILL14678,A14678,180000,6665,0,No,186665.0
BILL14679,A14679,1000,10859,27000,No,38859.0
BILL14680,A14680,5000,977,32000,No,37977.0
BILL14681,A14681,12000,4524,0,Yes,3304.8
BILL14682,A14682,10000,11216,16000,No,37216.0
BILL14683,A14683,6000,5264,0,Yes,2252.8
BILL14684,A14684,60000,14172,16000,No,90172.0
BILL14685,A14685,3000,6219,15000,Yes,4843.8
BILL14686,A14686,40000,19198,0,No,59198.0
BILL14687,A14687,2500,7912,18000,No,28412.0
BILL14688,A14688,1000,14783,8000,No,23783.0
BILL14689,A14689,12000,1152,4000,Yes,3430.4
BILL14690,A14690,10000,8904,8000,Yes,5380.8
BILL14691,A14691,15000,12893,6000,Yes,6778.6
BILL14692,A14692,15000,6242,12000,Yes,6648.4
BILL14693,A14693,60000,14079,0,Yes,14815.8
BILL14694,A14694,6000,7505,6000,Yes,3901.0
BILL14695,A14695,250000,2564,0,No,252564.0
BILL14696,A14696,2500,6417,0,Yes,1783.4
BILL14697,A14697,3000,5105,9000,Yes,3421.0
BILL14698,A14698,12000,14525,0,No,26525.0
BILL14699,A14699,15000,12362,40000,Yes,13472.4
BILL14700,A14700,40000,2582,0,No,42582.0
BILL14701,A14701,12000,2517,0,No,14517.0
BILL14702,A14702,8000,18248,12000,No,38248.0
BILL14703,A14703,3000,13979,10000,No,26979.0
BILL14704,A14704,3000,14773,8000,Yes,5154.6
BILL14705,A14705,10000,2197,4000,No,16197.0
BILL14706,A14706,15000,17310,27000,No,59310.0
BILL14707,A14707,3000,17216,6000,No,26216.0
BILL14708,A14708,2000,7386,8000,No,17386.0
BILL14709,A14709,10000,11629,0,No,21629.0
BILL14710,A14710,10000,11734,30000,Yes,10346.8
BILL14711,A14711,2000,17963,15000,No,34963.0
BILL14712,A14712,15000,576,10000,No,25576.0
BILL14713,A14713,1000,17250,2000,No,20250.0
BILL14714,A14714,15000,8628,4000,No,27628.0
BILL14715,A14715,12000,15396,4000,No,31396.0
BILL14716,A14716,6000,8523,36000,No,50523.0
BILL14717,A14717,4000,15678,0,Yes,3935.6
BILL14718,A14718,6000,16981,16000,Yes,7796.2
BILL14719,A14719,8000,18053,24000,No,50053.0
BILL14720,A14720,35000,2197,8000,No,45197.0
BILL14721,A14721,3500,10830,24000,Yes,7666.0
BILL14722,A14722,1500,12012,20000,Yes,6702.4
BILL14723,A14723,70000,13656,6000,No,89656.0
BILL14724,A14724,12000,14615,18000,Yes,8923.0
BILL14725,A14725,250000,11928,45000,Yes,61385.6
BILL14726,A14726,80000,14905,6000,Yes,20181.0
BILL14727,A14727,4000,534,0,Yes,906.8
BILL14728,A14728,1000,18035,0,Yes,3807.0
BILL14729,A14729,1500,7967,20000,Yes,5893.4
BILL14730,A14730,8000,4684,4000,No,16684.0
BILL14731,A14731,60000,8828,0,Yes,13765.6
BILL14732,A14732,6000,5903,3000,Yes,2980.6
BILL14733,A14733,15000,12130,4000,No,31130.0
BILL14734,A14734,5000,18856,15000,Yes,7771.2
BILL14735,A14735,15000,11715,21000,Yes,9543.0
BILL14736,A14736,12000,1743,24000,No,37743.0
BILL14737,A14737,15000,7354,9000,No,31354.0
BILL14738,A14738,15000,5712,15000,Yes,7142.4
BILL14739,A14739,65000,11340,12000,No,88340.0
BILL14740,A14740,450000,12548,4000,No,466548.0
BILL14741,A14741,8000,13036,18000,No,39036.0
BILL14742,A14742,60000,10380,15000,Yes,17076.0
BILL14743,A14743,5000,11808,0,Yes,3361.6
BILL14744,A14744,5000,7697,21000,Yes,6739.4
BILL14745,A14745,10000,19520,0,Yes,5904.0
BILL14746,A14746,15000,1466,0,Yes,3293.2
BILL14747,A14747,12000,18178,0,No,30178.0
BILL14748,A14748,1000,18422,0,Yes,3884.4
BILL14749,A14749,70000,6621,4000,No,80621.0
BILL14750,A14750,6000,19042,4000,Yes,5808.4
BILL14751,A14751,4000,17203,30000,Yes,10240.6
BILL14752,A14752,40000,17487,24000,Yes,16297.4
BILL14753,A14753,450000,2832,25000,No,477832.0
BILL14754,A14754,4000,19784,4000,Yes,5556.8
BILL14755,A14755,10000,1080,15000,No,26080.0
BILL14756,A14756,8000,11689,0,Yes,3937.8
BILL14757,A14757,8000,10965,0,Yes,3793.0
BILL14758,A14758,40000,616,0,No,40616.0
BILL14759,A14759,15000,15163,16000,No,46163.0
BILL14760,A14760,15000,17132,5000,Yes,7426.4
BILL14761,A14761,80000,15311,36000,Yes,26262.2
BILL14762,A14762,1000,19497,6000,No,26497.0
BILL14763,A14763,70000,1632,0,Yes,14326.4
BILL14764,A14764,6000,4657,14000,Yes,4931.4
BILL14765,A14765,2000,19683,0,No,21683.0
BILL14766,A14766,2000,9921,0,Yes,2384.2
BILL14767,A14767,3000,13571,8000,No,24571.0
BILL14768,A14768,3000,8737,15000,No,26737.0
BILL14769,A14769,4000,6730,0,Yes,2146.0
BILL14770,A14770,12000,10260,0,No,22260.0
BILL14771,A14771,15000,9311,4000,No,28311.0
BILL14772,A14772,80000,8217,12000,Yes,20043.4
BILL14773,A14773,65000,3144,2000,Yes,14028.8
BILL14774,A14774,800,6426,0,No,7226.0
BILL14775,A14775,10000,13527,10000,No,33527.0
BILL14776,A14776,35000,2859,15000,Yes,10571.8
BILL14777,A14777,450000,8779,0,No,458779.0
BILL14778,A14778,12000,3205,0,Yes,3041.0
BILL14779,A14779,12000,14272,8000,Yes,6854.4
BILL14780,A14780,12000,1456,25000,No,38456.0
BILL14781,A14781,1200,7704,32000,Yes,8180.8
BILL14782,A14782,70000,11695,10000,Yes,18339.0
BILL14783,A14783,60000,1317,6000,Yes,13463.4
BILL14784,A14784,3500,6816,0,No,10316.0
BILL14785,A14785,250000,2965,35000,Yes,57593.0
BILL14786,A14786,35000,17699,3000,Yes,11139.8
BILL14787,A14787,1000,11330,6000,No,18330.0
BILL14788,A14788,1000,2031,20000,No,23031.0
BILL14789,A14789,15000,16631,0,Yes,6326.2
BILL14790,A14790,3500,13056,50000,No,66556.0
BILL14791,A14791,15000,9275,27000,No,51275.0
BILL14792,A14792,8000,18517,15000,Yes,8303.4
BILL14793,A14793,60000,10224,9000,Yes,15844.8
BILL14794,A14794,1000,8205,20000,Yes,5841.0
BILL14795,A14795,2500,5097,0,Yes,1519.4
BILL14796,A14796,15000,10353,0,No,25353.0
BILL14797,A14797,70000,8761,4000,Yes,16552.2
BILL14798,A14798,80000,1749,50000,Yes,26349.8
BILL14799,A14799,15000,13392,0,Yes,5678.4
BILL14800,A14800,6000,8262,20000,No,34262.0
BILL14801,A14801,8000,17813,24000,Yes,9962.6
BILL14802,A14802,70000,4505,0,Yes,14901.0
BILL14803,A14803,12000,15544,12000,No,39544.0
BILL14804,A14804,3000,1333,0,Yes,866.6
BILL14805,A14805,80000,17967,4000,No,101967.0
BILL14806,A14806,1000,3613,15000,Yes,3922.6
BILL14807,A14807,8000,11799,5000,Yes,4959.8
BILL14808,A14808,6000,14543,0,Yes,4108.6
BILL14809,A14809,3000,12636,0,No,15636.0
BILL14810,A14810,800,15241,16000,No,32041.0
BILL14811,A14811,6000,7870,10000,Yes,4774.0
BILL14812,A14812,12000,10992,4000,No,26992.0
BILL14813,A14813,70000,3223,6000,No,79223.0
BILL14814,A14814,3500,19635,9000,No,32135.0
BILL14815,A14815,1500,16329,0,Yes,3565.8
BILL14816,A14816,40000,13679,0,Yes,10735.8
BILL14817,A14817,15000,1908,0,Yes,3381.6
BILL14818,A14818,180000,7512,3000,Yes,38102.4
BILL14819,A14819,1000,7447,18000,Yes,5289.4
BILL14820,A14820,70000,18344,6000,Yes,18868.8
BILL14821,A14821,8000,15671,0,Yes,4734.2
BILL14822,A14822,3000,5543,0,No,8543.0
BILL14823,A14823,40000,15855,0,Yes,11171.0
BILL14824,A14824,1500,15136,8000,Yes,4927.2
BILL14825,A14825,6000,14726,8000,No,28726.0
BILL14826,A14826,12000,3428,35000,Yes,10085.6
BILL14827,A14827,80000,5071,0,Yes,17014.2
BILL14828,A14828,65000,15937,0,No,80937.0
BILL14829,A14829,2000,7129,6000,Yes,3025.8
BILL14830,A14830,8000,11934,27000,Yes,9386.8
BILL14831,A14831,12000,6243,10000,No,28243.0
BILL14832,A14832,2500,8632,10000,Yes,4226.4
BILL14833,A14833,250000,2234,8000,Yes,52046.8
BILL14834,A14834,15000,926,15000,No,30926.0
BILL14835,A14835,3500,3091,4000,Yes,2118.2
BILL14836,A14836,65000,12536,18000,Yes,19107.2
BILL14837,A14837,80000,8091,18000,Yes,21218.2
BILL14838,A14838,1200,10938,25000,No,37138.0
BILL14839,A14839,1000,4657,20000,Yes,5131.4
BILL14840,A14840,6000,15089,20000,No,41089.0
BILL14841,A14841,1200,17425,18000,Yes,7325.0
BILL14842,A14842,10000,17893,0,No,27893.0
BILL14843,A14843,60000,15372,15000,No,90372.0
BILL14844,A14844,8000,8134,0,Yes,3226.8
BILL14845,A14845,180000,11438,24000,No,215438.0
BILL14846,A14846,80000,16359,0,No,96359.0
BILL14847,A14847,250000,15298,14000,Yes,55859.6
BILL14848,A14848,1000,15311,16000,No,32311.0
BILL14849,A14849,1200,18002,10000,Yes,5840.4
BILL14850,A14850,800,14693,8000,Yes,4698.6
BILL14851,A14851,800,10564,4000,Yes,3072.8
BILL14852,A14852,65000,8207,12000,No,85207.0
BILL14853,A14853,80000,10686,50000,Yes,28137.2
BILL14854,A14854,6000,11499,27000,Yes,8899.8
BILL14855,A14855,1000,10062,0,Yes,2212.4
BILL14856,A14856,70000,10904,35000,Yes,23180.8
BILL14857,A14857,2000,12946,5000,No,19946.0
BILL14858,A14858,70000,7745,12000,Yes,17949.0
BILL14859,A14859,180000,13140,10000,Yes,40628.0
BILL14860,A14860,8000,5778,6000,No,19778.0
BILL14861,A14861,3500,1487,2000,Yes,1397.4
BILL14862,A14862,3500,1056,28000,No,32556.0
BILL14863,A14863,180000,2524,15000,No,197524.0
BILL14864,A14864,12000,3012,0,Yes,3002.4
BILL14865,A14865,2000,3698,0,No,5698.0
BILL14866,A14866,1000,7790,0,Yes,1758.0
BILL14867,A14867,80000,10558,50000,No,140558.0
BILL14868,A14868,800,5446,4000,No,10246.0
BILL14869,A14869,12000,14215,2000,No,28215.0
BILL14870,A14870,250000,12342,24000,No,286342.0
BILL14871,A14871,6000,8034,6000,No,20034.0
BILL14872,A14872,10000,17051,0,Yes,5410.2
BILL14873,A14873,80000,4619,18000,Yes,20523.8
BILL14874,A14874,3000,18441,10000,Yes,6288.2
BILL14875,A14875,35000,13889,10000,Yes,11777.8
BILL14876,A14876,5000,6824,6000,No,17824.0
BILL14877,A14877,35000,19364,14000,Yes,13672.8
BILL14878,A14878,12000,3247,27000,Yes,8449.4
BILL14879,A14879,35000,7054,24000,No,66054.0
BILL14880,A14880,5000,7211,15000,Yes,5442.2
BILL14881,A14881,60000,14757,2000,No,76757.0
BILL14882,A14882,2500,17614,20000,Yes,8022.8
BILL14883,A14883,250000,8653,8000,Yes,53330.6
BILL14884,A14884,450000,10159,8000,Yes,93631.8
BILL14885,A14885,35000,14406,10000,Yes,11881.2
BILL14886,A14886,35000,3591,50000,No,88591.0
BILL14887,A14887,2000,8410,12000,Yes,4482.0
BILL14888,A14888,80000,9873,10000,Yes,19974.6
BILL14889,A14889,80000,7087,0,Yes,17417.4
BILL14890,A14890,35000,8241,12000,Yes,11048.2
BILL14891,A14891,450000,1292,6000,Yes,91458.4
BILL14892,A14892,3500,11496,20000,Yes,6999.2
BILL14893,A14893,4000,6030,2000,Yes,2406.0
BILL14894,A14894,8000,11917,16000,Yes,7183.4
BILL14895,A14895,70000,5558,0,Yes,15111.6
BILL14896,A14896,1200,16123,3000,Yes,4064.6
BILL14897,A14897,2000,6635,8000,Yes,3327.0
BILL14898,A14898,40000,4780,0,Yes,8956.0
BILL14899,A14899,180000,13686,18000,Yes,42337.2
BILL14900,A14900,60000,8892,2000,Yes,14178.4
BILL14901,A14901,6000,8767,0,No,14767.0
BILL14902,A14902,10000,15822,0,Yes,5164.4
BILL14903,A14903,6000,6467,21000,Yes,6693.4
BILL14904,A14904,2000,13643,0,No,15643.0
BILL14905,A14905,1000,4262,15000,Yes,4052.4
BILL14906,A14906,70000,2680,10000,Yes,16536.0
BILL14907,A14907,15000,15618,6000,Yes,7323.6
BILL14908,A14908,180000,5204,12000,Yes,39440.8
BILL14909,A14909,60000,15385,14000,No,89385.0
BILL14910,A14910,3500,11218,10000,Yes,4943.6
BILL14911,A14911,10000,12114,5000,Yes,5422.8
BILL14912,A14912,6000,11396,8000,Yes,5079.2
BILL14913,A14913,12000,14246,32000,Yes,11649.2
BILL14914,A14914,1200,17462,8000,Yes,5332.4
BILL14915,A14915,6000,18379,21000,Yes,9075.8
BILL14916,A14916,800,15446,25000,Yes,8249.2
BILL14917,A14917,1200,18056,0,Yes,3851.2
BILL14918,A14918,2000,9876,3000,Yes,2975.2
BILL14919,A14919,450000,4679,0,Yes,90935.8
BILL14920,A14920,3500,9902,0,Yes,2680.4
BILL14921,A14921,35000,1006,9000,No,45006.0
BILL14922,A14922,15000,8636,20000,Yes,8727.2
BILL14923,A14923,15000,14390,12000,Yes,8278.0
BILL14924,A14924,70000,3994,0,Yes,14798.8
BILL14925,A14925,1500,19462,8000,Yes,5792.4
BILL14926,A14926,3500,3770,0,No,7270.0
BILL14927,A14927,1200,15654,6000,Yes,4570.8
BILL14928,A14928,10000,3105,9000,No,22105.0
BILL14929,A14929,3000,17095,21000,No,41095.0
BILL14930,A14930,5000,10768,20000,Yes,7153.6
BILL14931,A14931,1200,768,0,Yes,393.6
BILL14932,A14932,450000,16059,20000,Yes,97211.8
BILL14933,A14933,1000,14997,15000,No,30997.0
BILL14934,A14934,8000,11041,10000,Yes,5808.2
BILL14935,A14935,80000,11578,0,No,91578.0
BILL14936,A14936,1200,647,10000,No,11847.0
BILL14937,A14937,4000,9733,0,Yes,2746.6
BILL14938,A14938,70000,8770,18000,No,96770.0
BILL14939,A14939,5000,565,3000,Yes,1713.0
BILL14940,A14940,450000,18124,6000,Yes,94824.8
BILL14941,A14941,180000,1965,40000,Yes,44393.0
BILL14942,A14942,3500,3674,0,Yes,1434.8
BILL14943,A14943,12000,10180,0,Yes,4436.0
BILL14944,A14944,80000,19015,0,Yes,19803.0
BILL14945,A14945,40000,8751,4000,Yes,10550.2
BILL14946,A14946,1500,14130,0,Yes,3126.0
BILL14947,A14947,180000,4743,2000,No,186743.0
BILL14948,A14948,1000,8298,5000,Yes,2859.6
BILL14949,A14949,12000,6346,5000,Yes,4669.2
BILL14950,A14950,40000,938,4000,Yes,8987.6
BILL14951,A14951,800,18317,8000,No,27117.0
BILL14952,A14952,180000,4436,0,Yes,36887.2
BILL14953,A14953,1000,8607,6000,Yes,3121.4
BILL14954,A14954,1000,6893,15000,Yes,4578.6
BILL14955,A14955,8000,18396,0,No,26396.0
BILL14956,A14956,65000,16197,27000,No,108197.0
BILL14957,A14957,6000,5565,0,No,11565.0
BILL14958,A14958,65000,6746,2000,Yes,14749.2
BILL14959,A14959,2000,2512,8000,No,12512.0
BILL14960,A14960,2000,14396,21000,No,37396.0
BILL14961,A14961,5000,7219,25000,Yes,7443.8
BILL14962,A14962,180000,13331,30000,Yes,44666.2
BILL14963,A14963,35000,9318,0,Yes,8863.6
BILL14964,A14964,12000,2720,10000,Yes,4944.0
BILL14965,A14965,60000,4657,0,No,64657.0
BILL14966,A14966,80000,5961,8000,No,93961.0
BILL14967,A14967,5000,5568,15000,Yes,5113.6
BILL14968,A14968,15000,18127,9000,Yes,8425.4
BILL14969,A14969,70000,5988,25000,Yes,20197.6
BILL14970,A14970,8000,19591,0,Yes,5518.2
BILL14971,A14971,6000,9325,12000,Yes,5465.0
BILL14972,A14972,15000,3398,0,Yes,3679.6
BILL14973,A14973,1200,8026,24000,Yes,6645.2
BILL14974,A14974,1000,17685,8000,Yes,5337.0
BILL14975,A14975,12000,5366,30000,Yes,9473.2
BILL14976,A14976,1500,7563,10000,No,19063.0
BILL14977,A14977,12000,3175,2000,Yes,3435.0
BILL14978,A14978,8000,18689,0,Yes,5337.8
BILL14979,A14979,60000,1107,12000,Yes,14621.4
BILL14980,A14980,80000,3327,32000,No,115327.0
BILL14981,A14981,80000,2371,8000,Yes,18074.2
BILL14982,A14982,6000,15835,8000,Yes,5967.0
BILL14983,A14983,3500,5638,0,Yes,1827.6
BILL14984,A14984,15000,17146,2000,Yes,6829.2
BILL14985,A14985,80000,9126,0,No,89126.0
BILL14986,A14986,10000,18929,18000,Yes,9385.8
BILL14987,A14987,60000,5799,4000,Yes,13959.8
BILL14988,A14988,60000,17411,16000,Yes,18682.2
BILL14989,A14989,65000,16348,12000,Yes,18669.6
BILL14990,A14990,250000,1906,4000,Yes,51181.2
BILL14991,A14991,800,6211,15000,Yes,4402.2
BILL14992,A14992,6000,17433,50000,Yes,14686.6
BILL14993,A14993,180000,18196,0,No,198196.0
BILL14994,A14994,65000,16662,27000,No,108662.0
BILL14995,A14995,65000,2328,0,Yes,13465.6
BILL14996,A14996,180000,1177,14000,Yes,39035.4
BILL14997,A14997,70000,16809,4000,No,90809.0
BILL14998,A14998,1500,11044,45000,Yes,11508.8
BILL14999,A14999,180000,5312,0,Yes,37062.4
BILL15000,A15000,5000,12742,15000,Yes,6548.4
