Patient_ID,Patient_Name,Age,Gender,Blood_Group,City,Phone
P00001,Arjun Babu,16,Male,O+,Coimbatore,9960013389
P00002,Naveen Iyer,63,Male,A+,Tiruppur,7026542351
P00003,Aditya Sharma,37,Male,B+,Hosur,9781618495
P00004,Harish Sharma,4,Male,B+,Coimbatore,8164752553
P00005,Nithya Mohan,48,Female,B+,Madurai,8276483503
P00006,Manoj Patel,28,Male,O+,Kanchipuram,7376724238
P00007,Nithya Gupta,44,Female,A+,Trichy,8871012269
P00008,Aditya Singh,40,Male,A+,Erode,9184514627
P00009,Harish Mohan,62,Male,B+,Erode,9489325288
P00010,Prakash Patel,29,Male,O-,Tiruttani,7303911718
P00011,Karthik Krishnan,43,Male,O+,Erode,6383465787
P00012,Vikram Iyer,1,Male,A+,Trichy,8010310518
P00013,Suresh Krishnan,43,Male,O+,Tiruttani,6376311656
P00014,Aishwarya Verma,49,Female,O+,Dindigul,7133387262
P00015,Aishwarya Iyer,48,Female,A+,Tiruvallur,9080132677
P00016,Rakesh Singh,71,Male,A+,Tirunelveli,7746872343
P00017,Prakash Babu,36,Male,O+,Kanchipuram,6882081219
P00018,Ashwin Verma,14,Male,A-,Kanchipuram,8990916998
P00019,Lakshmi Menon,24,Female,O+,Salem,6247510799
P00020,Rahul Rao,17,Male,O+,Vellore,9354278498
P00021,Ashwin Verma,29,Male,A-,Madurai,7118244935
P00022,Ashwin Krishnan,62,Male,A+,Tiruttani,9164005242
P00023,Neha Babu,26,Female,O+,Tiruttani,8805982620
P00024,Divya Mohan,67,Female,O-,Trichy,8158692322
P00025,Priya Reddy,56,Female,B+,Tirunelveli,8421607337
P00026,Kavya Verma,53,Female,O+,Thanjavur,8654145868
P00027,Priya Sharma,54,Female,O+,Salem,9196556981
P00028,Lakshmi Gupta,13,Female,B+,Chennai,8561595148
P00029,Deepika Singh,35,Female,A+,Trichy,6629946804
P00030,Meera Singh,65,Female,B+,Tiruppur,6738721489
P00031,Ananya Verma,73,Female,B+,Trichy,8200379176
P00032,Harish Babu,38,Male,O+,Thanjavur,9163287083
P00033,Vivek Reddy,62,Male,B-,Kanchipuram,7798687277
P00034,Harini Iyer,54,Female,B+,Erode,6347143455
P00035,Karthik Reddy,24,Male,O+,Trichy,9665876036
P00036,Lakshmi Raj,26,Female,AB+,Hosur,6705466889
P00037,Vivek Iyer,20,Male,O+,Vellore,6272980699
P00038,Rahul Krishnan,40,Male,O+,Salem,6537556464
P00039,Vivek Kumar,47,Male,AB-,Vellore,8100330923
P00040,Vivek Krishnan,16,Male,A+,Salem,7299124190
P00041,Swathi Krishnan,78,Female,A+,Dindigul,8193149190
P00042,Neha Singh,48,Female,A+,Vellore,9671657262
P00043,Swathi Raj,90,Female,A+,Tirunelveli,7531473799
P00044,Divya Kumar,36,Female,O+,Trichy,7454948083
P00045,Vikram Babu,43,Male,B+,Dindigul,6770143634
P00046,Aishwarya Rao,39,Female,AB-,Erode,7574443135
P00047,Harish Rao,88,Male,O+,Trichy,6498941343
P00048,Sneha Menon,9,Female,O+,Chennai,9842710947
P00049,Aishwarya Patel,13,Female,O+,Tiruvallur,6116719022
P00050,Ananya Iyer,25,Female,A+,Kanchipuram,8867749649
P00051,Prakash Babu,4,Male,B+,Salem,9232812067
P00052,Kavya Kumar,24,Female,O+,Tiruvallur,6134936183
P00053,Ganesh Menon,48,Male,O+,Hosur,7994717464
P00054,Aishwarya Sharma,39,Female,B+,Kanchipuram,7013990490
P00055,Vivek Rao,54,Male,O+,Kanchipuram,6717565512
P00056,Pooja Babu,38,Female,AB+,Erode,9715451680
P00057,Pooja Kumar,18,Female,B+,Tiruppur,6034824771
P00058,Ashwin Gupta,51,Male,O+,Chennai,6131712748
P00059,Pooja Verma,41,Female,O+,Erode,8639821465
P00060,Keerthana Kumar,17,Female,AB+,Kanchipuram,6278755886
P00061,Lakshmi Patel,53,Female,A+,Trichy,6057662702
P00062,Keerthana Sharma,60,Female,O+,Tiruttani,6026217459
P00063,Deepika Sharma,63,Female,A+,Vellore,6809134316
P00064,Manoj Krishnan,49,Male,A+,Dindigul,7005045562
P00065,Naveen Singh,31,Male,O+,Coimbatore,6937923747
P00066,Deepika Kumar,60,Female,O-,Thanjavur,8175946474
P00067,Aditya Verma,33,Male,A+,Vellore,7406409097
P00068,Harini Raj,25,Female,A+,Thanjavur,8942104709
P00069,Nithya Reddy,5,Female,O+,Tirunelveli,8328588424
P00070,Harini Menon,56,Female,AB+,Tiruppur,9236851604
P00071,Vivek Patel,54,Male,A+,Tiruvallur,7137098593
P00072,Ashwin Verma,35,Male,B+,Coimbatore,8004711382
P00073,Aishwarya Patel,63,Female,A+,Dindigul,8617964053
P00074,Aishwarya Iyer,49,Female,B-,Vellore,7064317139
P00075,Arjun Raj,30,Male,B+,Trichy,9839335290
P00076,Keerthana Reddy,83,Female,O+,Madurai,9020539502
P00077,Priya Reddy,62,Female,O+,Coimbatore,6758917839
P00078,Harish Raj,87,Male,A+,Tiruppur,9076617711
P00079,Swathi Reddy,5,Female,B+,Kanchipuram,7698478961
P00080,Rakesh Krishnan,63,Male,B+,Trichy,6736576615
P00081,Divya Krishnan,15,Female,B+,Tiruppur,9111615280
P00082,Deepika Sharma,39,Female,AB+,Dindigul,9494519832
P00083,Meera Verma,21,Female,A+,Hosur,7936899809
P00084,Priya Reddy,25,Female,O+,Vellore,7022961201
P00085,Aditya Singh,31,Male,A+,Dindigul,7991022901
P00086,Aishwarya Krishnan,45,Female,A+,Salem,8815614978
P00087,Priya Iyer,45,Female,O+,Trichy,7324451076
P00088,Karthik Singh,33,Male,A+,Tiruvallur,7160607159
P00089,Swathi Singh,59,Female,O+,Tirunelveli,9529751613
P00090,Swathi Singh,38,Female,AB+,Dindigul,7352181883
P00091,Divya Babu,86,Female,AB+,Trichy,9243292127
P00092,Harini Gupta,60,Female,B+,Tiruttani,7527177449
P00093,Rohan Rao,8,Male,A+,Chennai,7411998679
P00094,Vivek Mohan,52,Male,O+,Tiruppur,8071518203
P00095,Aishwarya Rao,31,Female,A+,Tiruttani,7665905151
P00096,Kavya Menon,65,Female,AB+,Vellore,9925462914
P00097,Deepika Raj,30,Female,B+,Tiruvallur,9685054235
P00098,Meera Iyer,70,Female,O+,Tiruvallur,9888059296
P00099,Karthik Reddy,65,Male,AB+,Madurai,6065379473
P00100,Suresh Raj,52,Male,A+,Kanchipuram,6746886239
P00101,Rakesh Menon,8,Male,AB+,Erode,9814124782
P00102,Ananya Mohan,20,Female,O-,Tiruttani,9606853615
P00103,Arjun Patel,88,Male,B+,Hosur,8204727790
P00104,Arjun Menon,15,Male,A+,Dindigul,6143410369
P00105,Ananya Sharma,61,Female,A+,Chennai,8246095396
P00106,Ashwin Krishnan,6,Male,O+,Erode,9670654051
P00107,Meera Babu,49,Female,B+,Dindigul,7205852772
P00108,Rahul Babu,60,Male,O+,Trichy,9305486874
P00109,Manoj Krishnan,18,Male,AB+,Chennai,7415667652
P00110,Nithya Nair,42,Female,O+,Coimbatore,6169284511
P00111,Deepika Menon,45,Female,B+,Madurai,6570596401
P00112,Divya Rao,51,Female,A-,Madurai,6021355690
P00113,Ashwin Nair,77,Male,A+,Coimbatore,8856543102
P00114,Neha Singh,69,Female,O+,Salem,6394731217
P00115,Ganesh Babu,28,Male,AB+,Tiruvallur,7518844225
P00116,Rahul Iyer,53,Male,B+,Chennai,7895782911
P00117,Pooja Babu,62,Female,A+,Tirunelveli,9251778528
P00118,Manoj Reddy,27,Male,AB+,Erode,8422535841
P00119,Meera Krishnan,74,Female,O+,Salem,9829922995
P00120,Rakesh Verma,1,Male,A-,Hosur,7396907844
P00121,Meera Raj,58,Female,O+,Coimbatore,9276773592
P00122,Keerthana Babu,37,Female,B-,Madurai,7881537147
P00123,Karthik Sharma,7,Male,AB+,Tirunelveli,8259532787
P00124,Lakshmi Menon,28,Female,A-,Erode,6339500479
P00125,Kavya Rao,2,Female,A+,Tiruttani,7565060983
P00126,Neha Menon,9,Female,A+,Erode,7991216558
P00127,Harini Reddy,21,Female,A+,Chennai,9025787298
P00128,Rohan Mohan,31,Male,A+,Kanchipuram,7958887947
P00129,Rohan Patel,59,Male,A+,Hosur,9974993097
P00130,Naveen Krishnan,58,Male,O+,Thanjavur,8091307562
P00131,Nithya Iyer,45,Female,O-,Tiruvallur,9283857865
P00132,Vivek Mohan,43,Male,A+,Hosur,7973348434
P00133,Nithya Iyer,61,Female,O+,Vellore,7419866524
P00134,Suresh Babu,8,Male,B+,Dindigul,6338484219
P00135,Vikram Kumar,62,Male,O+,Trichy,9165712082
P00136,Deepika Mohan,61,Female,A+,Trichy,7540193802
P00137,Lakshmi Verma,13,Female,AB-,Tirunelveli,6240049915
P00138,Aishwarya Krishnan,41,Female,O-,Madurai,6431527420
P00139,Harini Menon,32,Female,O+,Tiruvallur,6685161227
P00140,Lakshmi Iyer,7,Female,O+,Hosur,7549904530
P00141,Vivek Menon,23,Male,A+,Tiruttani,7145933272
P00142,Nithya Gupta,43,Female,O-,Hosur,8391878519
P00143,Arjun Verma,42,Male,O+,Erode,8258713971
P00144,Harini Kumar,42,Female,A+,Kanchipuram,9874064039
P00145,Arjun Singh,28,Male,A+,Chennai,9704622656
P00146,Keerthana Mohan,78,Female,O+,Thanjavur,8512868230
P00147,Suresh Nair,63,Male,A+,Tirunelveli,8375243106
P00148,Vikram Iyer,10,Male,O+,Kanchipuram,9306738302
P00149,Meera Verma,84,Female,O+,Kanchipuram,7342836440
P00150,Ashwin Krishnan,41,Male,O+,Vellore,6856624628
P00151,Meera Verma,24,Female,O+,Tiruppur,9866882634
P00152,Rohan Krishnan,8,Male,AB+,Coimbatore,8046990139
P00153,Vivek Iyer,56,Male,O+,Tiruttani,9331739363
P00154,Harini Menon,43,Female,B+,Salem,7587717535
P00155,Pooja Kumar,33,Female,B+,Chennai,7899642353
P00156,Swathi Verma,21,Female,B+,Thanjavur,7477725228
P00157,Sneha Mohan,47,Female,A+,Tiruvallur,9006231203
P00158,Divya Kumar,45,Female,O-,Thanjavur,6008860084
P00159,Priya Rao,59,Female,AB+,Tiruttani,8118233984
P00160,Kavya Raj,37,Female,A-,Tiruppur,8341016668
P00161,Priya Krishnan,3,Female,O+,Tiruvallur,6591803397
P00162,Priya Mohan,5,Female,O-,Kanchipuram,9250392614
P00163,Prakash Iyer,38,Male,B+,Erode,7621850163
P00164,Rohan Gupta,65,Male,A+,Hosur,7047735866
P00165,Ashwin Gupta,48,Male,B+,Salem,8114262655
P00166,Rahul Kumar,80,Male,A+,Salem,9212678886
P00167,Arjun Sharma,28,Male,A+,Hosur,7604661839
P00168,Ashwin Singh,17,Male,O+,Tiruppur,8126464715
P00169,Meera Babu,45,Female,B+,Tiruppur,9240659657
P00170,Pooja Verma,65,Female,O+,Vellore,8752654793
P00171,Pooja Menon,58,Female,A+,Tiruttani,8982807374
P00172,Rakesh Verma,59,Male,B+,Madurai,7342661797
P00173,Neha Rao,88,Female,A+,Chennai,7891135290
P00174,Harini Patel,79,Female,O+,Coimbatore,7388899375
P00175,Aishwarya Raj,62,Female,O+,Chennai,6146112545
P00176,Harini Iyer,37,Female,A+,Tiruppur,6514010512
P00177,Naveen Reddy,36,Male,A+,Tiruppur,8622660937
P00178,Pooja Kumar,52,Female,O+,Dindigul,9918255371
P00179,Deepika Verma,36,Female,A+,Kanchipuram,6915579249
P00180,Ashwin Reddy,33,Male,O+,Madurai,7286692966
P00181,Vivek Krishnan,31,Male,A+,Tiruppur,7225790507
P00182,Vikram Verma,43,Male,A+,Tiruppur,6767721903
P00183,Priya Menon,17,Female,O+,Tiruppur,6881914858
P00184,Manoj Babu,32,Male,B-,Coimbatore,8407451713
P00185,Manoj Babu,37,Male,AB+,Kanchipuram,6292330958
P00186,Swathi Rao,24,Female,O+,Kanchipuram,7812604223
P00187,Harish Patel,58,Male,A+,Kanchipuram,7667116845
P00188,Aishwarya Patel,28,Female,B+,Tiruppur,7186363745
P00189,Divya Rao,44,Female,AB+,Hosur,7001701277
P00190,Aditya Iyer,70,Male,O-,Salem,8415415206
P00191,Nithya Babu,59,Female,B+,Dindigul,9037129387
P00192,Arjun Babu,29,Male,B-,Tirunelveli,8713611155
P00193,Sneha Singh,50,Female,B+,Thanjavur,8189092753
P00194,Ganesh Singh,40,Male,AB+,Coimbatore,9219656523
P00195,Deepika Sharma,22,Female,B+,Kanchipuram,7043898364
P00196,Manoj Mohan,53,Male,A+,Coimbatore,8791805526
P00197,Divya Rao,61,Female,A-,Hosur,9091043006
P00198,Deepika Babu,39,Female,A+,Tirunelveli,9889241418
P00199,Manoj Reddy,38,Male,A+,Hosur,9463031617
P00200,Suresh Krishnan,51,Male,O+,Dindigul,8027588425
P00201,Harish Raj,49,Male,B+,Chennai,7648149177
P00202,Priya Nair,51,Female,A+,Salem,9913800030
P00203,Divya Singh,71,Female,A-,Tiruvallur,9863536541
P00204,Ananya Rao,47,Female,O+,Hosur,9617445187
P00205,Rohan Iyer,25,Male,O+,Kanchipuram,8759738320
P00206,Priya Iyer,26,Female,A-,Chennai,6413836702
P00207,Ananya Kumar,82,Female,A+,Tiruttani,7719182619
P00208,Aditya Krishnan,73,Male,O+,Tiruvallur,7655743132
P00209,Karthik Sharma,20,Male,O+,Coimbatore,7374741124
P00210,Vikram Verma,50,Male,O+,Trichy,7680442067
P00211,Rahul Nair,25,Male,O+,Chennai,9323651994
P00212,Arjun Sharma,23,Male,A+,Madurai,9510702966
P00213,Priya Singh,51,Female,A+,Tiruttani,8447209993
P00214,Aishwarya Singh,61,Female,O+,Salem,6263838065
P00215,Neha Raj,44,Female,A+,Tirunelveli,7205930407
P00216,Harini Gupta,71,Female,O+,Thanjavur,8480396522
P00217,Prakash Patel,57,Male,O-,Chennai,7992937842
P00218,Priya Sharma,10,Female,O+,Erode,6059325250
P00219,Karthik Gupta,50,Male,B+,Tiruvallur,7156915452
P00220,Harish Singh,61,Male,B+,Madurai,7392644220
P00221,Keerthana Raj,67,Female,O+,Vellore,8917251355
P00222,Ashwin Mohan,88,Male,B+,Dindigul,7704331541
P00223,Arjun Singh,39,Male,B-,Tiruttani,6765861793
P00224,Vivek Sharma,47,Male,O+,Vellore,7115262181
P00225,Swathi Gupta,46,Female,A+,Thanjavur,8962015336
P00226,Deepika Menon,14,Female,O+,Kanchipuram,6205061497
P00227,Rahul Kumar,23,Male,O+,Coimbatore,6146774186
P00228,Rohan Mohan,31,Male,A+,Salem,6743490211
P00229,Harini Rao,44,Female,O+,Chennai,6868793741
P00230,Lakshmi Verma,62,Female,A+,Erode,8172233206
P00231,Ashwin Singh,23,Male,O+,Kanchipuram,7511686854
P00232,Lakshmi Verma,12,Female,B+,Erode,6162299911
P00233,Manoj Menon,57,Male,AB+,Salem,6799702462
P00234,Priya Singh,56,Female,B+,Chennai,6450544471
P00235,Karthik Menon,80,Male,B+,Vellore,7691373678
P00236,Keerthana Kumar,31,Female,O+,Dindigul,6289023303
P00237,Vivek Kumar,88,Male,O+,Vellore,6861035797
P00238,Rakesh Nair,37,Male,O+,Tiruvallur,7140602933
P00239,Ashwin Iyer,19,Male,A+,Tiruvallur,9722903494
P00240,Pooja Mohan,37,Female,A+,Trichy,6489691085
P00241,Kavya Krishnan,14,Female,O+,Salem,7444328309
P00242,Deepika Patel,46,Female,B+,Salem,7666099353
P00243,Lakshmi Krishnan,35,Female,AB+,Tiruvallur,8417248251
P00244,Rohan Iyer,55,Male,A+,Tiruttani,7549471709
P00245,Vivek Mohan,14,Male,AB+,Tirunelveli,7602235697
P00246,Rohan Verma,48,Male,A+,Thanjavur,8500743292
P00247,Harini Raj,50,Female,B+,Thanjavur,6667600835
P00248,Ganesh Patel,62,Male,O+,Thanjavur,9335421689
P00249,Sneha Sharma,55,Female,A-,Tiruppur,7625753260
P00250,Vikram Babu,72,Male,B+,Kanchipuram,8150648909
P00251,Ashwin Sharma,46,Male,O+,Coimbatore,6761847230
P00252,Pooja Krishnan,21,Female,O+,Kanchipuram,8618914117
P00253,Prakash Iyer,62,Male,B-,Vellore,6420873753
P00254,Arjun Krishnan,2,Male,AB+,Thanjavur,6218114374
P00255,Aishwarya Kumar,3,Female,AB+,Tiruvallur,7556110022
P00256,Divya Mohan,45,Female,O+,Dindigul,9552166746
P00257,Harini Singh,31,Female,O+,Dindigul,9216979729
P00258,Harini Patel,30,Female,A+,Tiruppur,9670145089
P00259,Ashwin Verma,42,Male,B+,Kanchipuram,9637562890
P00260,Ashwin Mohan,20,Male,AB+,Tiruvallur,8175354083
P00261,Pooja Verma,20,Female,A+,Kanchipuram,6177517016
P00262,Priya Rao,28,Female,B+,Kanchipuram,7883755037
P00263,Neha Raj,41,Female,B+,Vellore,6113055488
P00264,Nithya Sharma,3,Female,A+,Tiruvallur,6149331637
P00265,Harish Patel,19,Male,O+,Thanjavur,9779827080
P00266,Keerthana Gupta,42,Female,B+,Tiruttani,8922169958
P00267,Pooja Gupta,90,Female,O+,Tirunelveli,7472269848
P00268,Nithya Babu,86,Female,O+,Trichy,7522885158
P00269,Swathi Gupta,88,Female,A+,Dindigul,7608106200
P00270,Suresh Raj,55,Male,B+,Madurai,9438057198
P00271,Harish Krishnan,33,Male,A+,Hosur,7066658004
P00272,Prakash Verma,60,Male,AB+,Tiruttani,7989334721
P00273,Karthik Babu,38,Male,O+,Salem,7229405720
P00274,Ganesh Patel,45,Male,AB+,Salem,6985158328
P00275,Manoj Rao,21,Male,A+,Coimbatore,7335554398
P00276,Neha Verma,46,Female,O+,Vellore,6399305616
P00277,Neha Babu,21,Female,AB+,Vellore,6704358112
P00278,Ashwin Sharma,23,Male,B+,Tiruvallur,6138612075
P00279,Rahul Sharma,5,Male,A+,Kanchipuram,8466766506
P00280,Naveen Kumar,45,Male,O+,Dindigul,9158144914
P00281,Pooja Singh,46,Female,A+,Erode,8268424508
P00282,Rahul Kumar,10,Male,A+,Erode,9435368222
P00283,Prakash Verma,14,Male,O+,Hosur,9878141413
P00284,Divya Patel,23,Female,O+,Salem,9357759492
P00285,Harini Patel,71,Female,O+,Trichy,8645257775
P00286,Aishwarya Rao,23,Female,B+,Tiruvallur,7283411080
P00287,Harini Gupta,13,Female,A+,Erode,6256394278
P00288,Aditya Patel,33,Male,AB+,Hosur,8827229927
P00289,Priya Iyer,53,Female,O+,Vellore,8038567700
P00290,Ananya Babu,86,Female,AB+,Tiruvallur,7989266591
P00291,Pooja Mohan,19,Female,A+,Tiruvallur,7779082723
P00292,Naveen Krishnan,15,Male,O+,Vellore,9365177739
P00293,Ashwin Verma,33,Male,O+,Kanchipuram,8280920242
P00294,Swathi Gupta,35,Female,A-,Trichy,6977236929
P00295,Prakash Krishnan,31,Male,B+,Vellore,6991366210
P00296,Naveen Verma,87,Male,A+,Madurai,9279908811
P00297,Deepika Reddy,83,Female,AB+,Tiruttani,6865086376
P00298,Swathi Raj,64,Female,O+,Madurai,7731498643
P00299,Harish Babu,64,Male,A+,Erode,9635651269
P00300,Kavya Verma,44,Female,A+,Salem,6368872588
P00301,Kavya Menon,38,Female,B+,Tiruvallur,9372138658
P00302,Karthik Singh,66,Male,AB+,Tiruvallur,8796114351
P00303,Harish Singh,78,Male,B+,Erode,7902770384
P00304,Arjun Raj,42,Male,B+,Kanchipuram,8053021465
P00305,Pooja Gupta,13,Female,B+,Coimbatore,9848955439
P00306,Vivek Mohan,26,Male,O+,Tirunelveli,9818451848
P00307,Nithya Nair,84,Female,A+,Trichy,7779071416
P00308,Ashwin Babu,18,Male,A+,Vellore,9434165182
P00309,Divya Patel,22,Female,O+,Dindigul,8733343333
P00310,Sneha Raj,14,Female,B+,Thanjavur,6908075957
P00311,Aishwarya Reddy,82,Female,O+,Trichy,8086780856
P00312,Vivek Sharma,60,Male,O+,Chennai,9369155942
P00313,Meera Menon,45,Female,O+,Madurai,6636556472
P00314,Prakash Krishnan,14,Male,B+,Hosur,8866322702
P00315,Aishwarya Reddy,86,Female,A+,Dindigul,7744890612
P00316,Vikram Verma,23,Male,O+,Dindigul,7455884506
P00317,Rohan Verma,65,Male,O+,Kanchipuram,8455877169
P00318,Aishwarya Krishnan,71,Female,B+,Tiruttani,7699611253
P00319,Divya Krishnan,17,Female,B+,Tirunelveli,7759876220
P00320,Harish Iyer,48,Male,O+,Tirunelveli,9117800681
P00321,Suresh Gupta,23,Male,A-,Tirunelveli,7334722820
P00322,Ashwin Patel,56,Male,AB+,Tiruppur,7872829979
P00323,Neha Krishnan,35,Female,O-,Tiruppur,8174564240
P00324,Naveen Verma,50,Male,O+,Tiruppur,9774064930
P00325,Meera Singh,59,Female,A+,Madurai,6634163894
P00326,Deepika Babu,34,Female,A+,Tiruvallur,9224179749
P00327,Meera Patel,1,Female,B-,Chennai,8144270312
P00328,Vivek Iyer,35,Male,B+,Tiruppur,7705120461
P00329,Sneha Iyer,54,Female,AB+,Tiruvallur,9136730371
P00330,Vivek Singh,55,Male,A-,Madurai,9881474350
P00331,Rahul Iyer,36,Male,O+,Hosur,7916300979
P00332,Rohan Raj,3,Male,A+,Thanjavur,7005281273
P00333,Neha Raj,37,Female,AB+,Tiruppur,8065240778
P00334,Neha Babu,44,Female,O+,Vellore,7749821827
P00335,Keerthana Menon,40,Female,O+,Thanjavur,6209593518
P00336,Meera Rao,63,Female,O+,Salem,7651181022
P00337,Vikram Sharma,29,Male,O+,Thanjavur,6789940539
P00338,Arjun Mohan,86,Male,A+,Tiruttani,9705865094
P00339,Harish Sharma,48,Male,A-,Erode,9138633839
P00340,Naveen Babu,29,Male,B+,Kanchipuram,7761228685
P00341,Naveen Gupta,37,Male,O-,Erode,7566593983
P00342,Harini Rao,74,Female,A+,Tiruppur,6600490824
P00343,Suresh Iyer,18,Male,O+,Tiruvallur,7888992107
P00344,Sneha Reddy,22,Female,O+,Salem,7196931572
P00345,Keerthana Mohan,64,Female,AB+,Coimbatore,7096105566
P00346,Rakesh Raj,23,Male,AB+,Tiruttani,9604805892
P00347,Neha Babu,13,Female,B+,Tirunelveli,6998136462
P00348,Rohan Sharma,27,Male,A+,Salem,9686227837
P00349,Deepika Gupta,22,Female,AB-,Erode,8314659116
P00350,Divya Patel,18,Female,A+,Chennai,7259792703
P00351,Ashwin Patel,24,Male,AB+,Coimbatore,9392405147
P00352,Priya Patel,21,Female,O+,Erode,7879206980
P00353,Sneha Kumar,25,Female,B+,Salem,9701645104
P00354,Meera Singh,29,Female,O-,Tiruppur,9238780038
P00355,Divya Nair,31,Female,O+,Thanjavur,7543840460
P00356,Meera Reddy,38,Female,B+,Coimbatore,6893639264
P00357,Aishwarya Rao,23,Female,O+,Erode,8248262925
P00358,Naveen Rao,69,Male,O+,Tiruvallur,8056647423
P00359,Karthik Reddy,10,Male,B+,Kanchipuram,8933051728
P00360,Nithya Krishnan,38,Female,A+,Madurai,8330604633
P00361,Rahul Reddy,80,Male,AB+,Tiruppur,7736609656
P00362,Naveen Sharma,27,Male,AB+,Trichy,6086803476
P00363,Harini Verma,15,Female,A+,Kanchipuram,9827718129
P00364,Aditya Singh,26,Male,O+,Kanchipuram,8714521117
P00365,Ananya Rao,62,Female,B+,Madurai,6860259222
P00366,Manoj Babu,5,Male,O+,Hosur,6421230940
P00367,Aishwarya Verma,26,Female,B+,Tiruppur,8397767199
P00368,Vikram Mohan,45,Male,B+,Tiruvallur,8022050209
P00369,Divya Mohan,2,Female,A+,Madurai,8499982795
P00370,Rahul Raj,18,Male,O-,Tiruvallur,9681472145
P00371,Neha Iyer,65,Female,O+,Kanchipuram,9794695489
P00372,Lakshmi Reddy,41,Female,A+,Thanjavur,6729343010
P00373,Deepika Raj,16,Female,B+,Tirunelveli,6055830344
P00374,Suresh Menon,36,Male,B+,Coimbatore,7569902355
P00375,Lakshmi Nair,50,Female,A+,Thanjavur,6857608495
P00376,Vikram Gupta,57,Male,O+,Madurai,7056829962
P00377,Rakesh Raj,56,Male,B+,Salem,6173574384
P00378,Rahul Patel,52,Male,O-,Tiruppur,9782357845
P00379,Manoj Verma,9,Male,B+,Madurai,8076810409
P00380,Rohan Nair,49,Male,A+,Thanjavur,7094353344
P00381,Harini Nair,54,Female,O+,Salem,9098813858
P00382,Kavya Reddy,75,Female,A+,Madurai,9495870207
P00383,Rahul Singh,7,Male,A+,Dindigul,6954538179
P00384,Rahul Verma,60,Male,O+,Salem,6733294562
P00385,Harini Verma,60,Female,A+,Coimbatore,6157724599
P00386,Naveen Sharma,29,Male,O+,Thanjavur,9487696393
P00387,Vivek Singh,4,Male,AB+,Kanchipuram,6695832197
P00388,Prakash Gupta,43,Male,O+,Tiruppur,8461919657
P00389,Rahul Iyer,64,Male,O-,Thanjavur,9227846997
P00390,Vikram Krishnan,55,Male,A+,Tiruttani,7651909862
P00391,Priya Patel,67,Female,O+,Erode,7140369656
P00392,Pooja Singh,31,Female,A+,Trichy,6562422010
P00393,Harish Mohan,39,Male,B-,Madurai,9267969278
P00394,Neha Verma,37,Female,O+,Tirunelveli,9973846895
P00395,Arjun Gupta,37,Male,O+,Tiruppur,9284781891
P00396,Vivek Krishnan,48,Male,B+,Erode,7905807787
P00397,Pooja Patel,75,Female,O+,Chennai,7940792904
P00398,Suresh Nair,9,Male,O+,Hosur,7429444019
P00399,Ganesh Gupta,60,Male,A+,Madurai,7372805129
P00400,Rakesh Nair,59,Male,B+,Trichy,6239504102
P00401,Pooja Nair,43,Female,O+,Thanjavur,6742860476
P00402,Neha Krishnan,69,Female,O-,Thanjavur,7694544149
P00403,Aishwarya Raj,53,Female,B+,Kanchipuram,8852580010
P00404,Ananya Rao,20,Female,A+,Dindigul,7430091093
P00405,Harish Sharma,10,Male,O+,Thanjavur,8124471746
P00406,Kavya Reddy,54,Female,B+,Tirunelveli,6504427173
P00407,Sneha Krishnan,30,Female,A+,Tirunelveli,8917410119
P00408,Harini Nair,8,Female,O+,Thanjavur,9064256908
P00409,Aishwarya Singh,28,Female,A+,Chennai,6719855460
P00410,Rohan Rao,56,Male,O+,Tiruppur,7328063461
P00411,Aishwarya Sharma,60,Female,B+,Madurai,9309376184
P00412,Neha Verma,46,Female,O+,Chennai,7061387829
P00413,Ganesh Sharma,3,Male,A+,Chennai,6903202041
P00414,Swathi Reddy,48,Female,AB+,Coimbatore,9799313656
P00415,Ananya Krishnan,30,Female,O+,Hosur,8092511426
P00416,Harish Patel,40,Male,O+,Kanchipuram,9219620710
P00417,Karthik Mohan,11,Male,A+,Salem,6723248763
P00418,Prakash Babu,3,Male,B+,Kanchipuram,9456083318
P00419,Prakash Patel,63,Male,A+,Tiruppur,8403127722
P00420,Arjun Krishnan,32,Male,A+,Vellore,6010822078
P00421,Rahul Mohan,20,Male,A+,Vellore,6353153136
P00422,Aditya Mohan,20,Male,A+,Chennai,6239726527
P00423,Ashwin Patel,72,Male,O+,Chennai,9421776253
P00424,Swathi Reddy,65,Female,O-,Kanchipuram,8168739774
P00425,Harish Singh,53,Male,O+,Tirunelveli,8929060078
P00426,Aditya Rao,29,Male,A+,Trichy,9806325431
P00427,Vivek Krishnan,40,Male,AB+,Dindigul,9772625701
P00428,Lakshmi Babu,27,Female,O+,Hosur,7989319508
P00429,Lakshmi Kumar,18,Female,A+,Chennai,7528183253
P00430,Ashwin Nair,64,Male,AB+,Dindigul,8355486401
P00431,Divya Nair,42,Female,AB+,Tiruppur,7795137116
P00432,Suresh Sharma,17,Male,O+,Madurai,6238046827
P00433,Pooja Nair,46,Female,O+,Coimbatore,9385695579
P00434,Aishwarya Menon,35,Female,O+,Salem,8754025472
P00435,Harish Rao,15,Male,AB+,Dindigul,8231059274
P00436,Sneha Iyer,27,Female,B+,Vellore,8578284106
P00437,Harini Reddy,76,Female,O+,Dindigul,7474929751
P00438,Lakshmi Kumar,21,Female,O+,Chennai,6937515093
P00439,Manoj Mohan,52,Male,O+,Erode,6186375998
P00440,Ganesh Krishnan,30,Male,B+,Tirunelveli,7650455478
P00441,Vikram Babu,59,Male,AB+,Salem,8662991234
P00442,Keerthana Rao,68,Female,A-,Kanchipuram,6106462879
P00443,Vikram Reddy,55,Male,A+,Chennai,7947873002
P00444,Kavya Krishnan,61,Female,O+,Thanjavur,7627301471
P00445,Swathi Nair,34,Female,B+,Tiruppur,9589042902
P00446,Aishwarya Mohan,57,Female,O+,Salem,7650448183
P00447,Manoj Sharma,31,Male,A+,Tiruvallur,7445189520
P00448,Naveen Menon,41,Male,A+,Tiruttani,8132833898
P00449,Aditya Nair,69,Male,AB+,Tiruttani,9754527985
P00450,Harish Menon,2,Male,O+,Tiruvallur,8342321611
P00451,Manoj Nair,47,Male,O+,Chennai,9714014011
P00452,Prakash Mohan,23,Male,A+,Coimbatore,8495528938
P00453,Rahul Verma,26,Male,A+,Dindigul,8428013875
P00454,Vivek Krishnan,71,Male,AB+,Tirunelveli,6383615171
P00455,Vivek Raj,35,Male,A+,Chennai,9571647947
P00456,Naveen Singh,19,Male,O+,Coimbatore,6520716781
P00457,Karthik Singh,44,Male,B-,Dindigul,8153539613
P00458,Nithya Nair,24,Female,B+,Kanchipuram,7657967842
P00459,Ananya Sharma,20,Female,O+,Madurai,9101702695
P00460,Suresh Gupta,28,Male,B+,Erode,6734778485
P00461,Manoj Kumar,69,Male,A+,Vellore,6770028427
P00462,Sneha Menon,61,Female,B+,Kanchipuram,6889778280
P00463,Kavya Nair,38,Female,B+,Vellore,7500902559
P00464,Manoj Mohan,38,Male,O+,Vellore,7650333491
P00465,Rakesh Menon,15,Male,O+,Vellore,9769864079
P00466,Rohan Singh,36,Male,A+,Hosur,6135785294
P00467,Pooja Iyer,28,Female,AB+,Erode,8440496391
P00468,Prakash Patel,22,Male,AB+,Tiruppur,6351484685
P00469,Aditya Singh,21,Male,A+,Hosur,8082973748
P00470,Lakshmi Gupta,47,Female,A+,Vellore,6232466513
P00471,Kavya Verma,15,Female,O+,Kanchipuram,8631230347
P00472,Neha Singh,27,Female,O+,Salem,8044820700
P00473,Rohan Gupta,14,Male,O-,Tirunelveli,7162319818
P00474,Aishwarya Mohan,10,Female,O+,Hosur,7596363212
P00475,Suresh Nair,44,Male,O+,Erode,7158673425
P00476,Nithya Patel,46,Female,B+,Tiruttani,9034864518
P00477,Rakesh Nair,38,Male,O-,Tiruttani,7413432756
P00478,Suresh Verma,8,Male,A+,Tirunelveli,7612481569
P00479,Aishwarya Babu,1,Female,B+,Madurai,6206345911
P00480,Vikram Rao,50,Male,AB+,Thanjavur,6577242954
P00481,Rahul Singh,38,Male,AB+,Tiruvallur,8008931734
P00482,Arjun Singh,45,Male,O+,Coimbatore,7291086771
P00483,Harish Iyer,25,Male,O+,Dindigul,6626393436
P00484,Aditya Raj,17,Male,B-,Trichy,6359710725
P00485,Deepika Iyer,59,Female,B+,Salem,9180053759
P00486,Arjun Menon,38,Male,O+,Tirunelveli,7280924287
P00487,Lakshmi Nair,18,Female,B+,Tirunelveli,8415027456
P00488,Lakshmi Mohan,25,Female,O-,Erode,7625728703
P00489,Arjun Iyer,20,Male,O+,Dindigul,6617075877
P00490,Ananya Verma,50,Female,O+,Coimbatore,8422849939
P00491,Naveen Raj,39,Male,O-,Trichy,6150416591
P00492,Sneha Kumar,12,Female,B+,Tiruppur,7905097592
P00493,Rakesh Kumar,55,Male,O+,Chennai,9896164236
P00494,Arjun Verma,19,Male,B+,Salem,8147649251
P00495,Neha Iyer,38,Female,A+,Kanchipuram,6165926610
P00496,Aishwarya Krishnan,23,Female,B+,Tiruttani,6881476174
P00497,Karthik Krishnan,73,Male,A+,Salem,9810818661
P00498,Deepika Babu,34,Female,A+,Kanchipuram,9801722601
P00499,Lakshmi Babu,22,Female,B+,Hosur,6945232194
P00500,Aditya Rao,7,Male,O+,Madurai,6769749956
P00501,Ananya Reddy,16,Female,O+,Chennai,8037236831
P00502,Harini Nair,19,Female,O+,Madurai,8777079334
P00503,Priya Patel,11,Female,AB+,Tirunelveli,6799840767
P00504,Meera Babu,1,Female,A+,Vellore,9467179576
P00505,Karthik Menon,61,Male,O+,Trichy,8959724665
P00506,Harini Verma,16,Female,O+,Dindigul,9722329716
P00507,Kavya Iyer,13,Female,AB-,Vellore,7522801561
P00508,Rahul Rao,17,Male,AB-,Hosur,7084289107
P00509,Keerthana Raj,14,Female,B+,Kanchipuram,9808121352
P00510,Nithya Nair,61,Female,B+,Coimbatore,8552137603
P00511,Divya Menon,28,Female,O+,Dindigul,6532863266
P00512,Lakshmi Nair,82,Female,B+,Vellore,9720811556
P00513,Aditya Kumar,27,Male,B+,Thanjavur,8908466845
P00514,Priya Verma,21,Female,B+,Madurai,6738997563
P00515,Ananya Kumar,38,Female,B+,Dindigul,8884318848
P00516,Harini Krishnan,13,Female,O-,Erode,7346810548
P00517,Ananya Kumar,49,Female,A+,Kanchipuram,9753998935
P00518,Kavya Krishnan,64,Female,B+,Dindigul,6831589357
P00519,Karthik Babu,39,Male,O+,Chennai,6273715869
P00520,Keerthana Menon,39,Female,AB-,Dindigul,6622827728
P00521,Harish Iyer,27,Male,B+,Erode,7196115940
P00522,Rahul Patel,37,Male,O+,Tiruppur,9229604432
P00523,Priya Sharma,28,Female,AB+,Tirunelveli,6949756792
P00524,Naveen Krishnan,40,Male,B+,Madurai,7199663658
P00525,Ashwin Mohan,34,Male,B+,Tiruvallur,8094818139
P00526,Prakash Rao,20,Male,A+,Chennai,9820433971
P00527,Pooja Gupta,1,Female,O+,Madurai,6085641118
P00528,Suresh Reddy,25,Male,O+,Salem,6209520046
P00529,Rohan Reddy,36,Male,O+,Tiruvallur,9033993788
P00530,Ananya Menon,8,Female,A+,Coimbatore,6063048913
P00531,Suresh Gupta,28,Male,AB+,Erode,8258238687
P00532,Arjun Verma,45,Male,O+,Madurai,9074946539
P00533,Priya Reddy,64,Female,O+,Coimbatore,6128463985
P00534,Deepika Menon,88,Female,A+,Trichy,7537950209
P00535,Priya Mohan,3,Female,A+,Tiruttani,6681180715
P00536,Keerthana Gupta,31,Female,AB+,Hosur,9175370304
P00537,Meera Sharma,55,Female,AB+,Trichy,8750479303
P00538,Ananya Verma,21,Female,A+,Erode,8999219212
P00539,Lakshmi Gupta,62,Female,B+,Salem,8089487060
P00540,Pooja Verma,74,Female,O+,Erode,6758030468
P00541,Divya Kumar,36,Female,O+,Kanchipuram,9361332541
P00542,Arjun Nair,26,Male,A+,Thanjavur,7431735058
P00543,Rahul Raj,40,Male,B+,Thanjavur,6911006512
P00544,Ganesh Raj,35,Male,B+,Tirunelveli,9108046619
P00545,Meera Verma,45,Female,O+,Tirunelveli,6699150785
P00546,Rahul Sharma,12,Male,O+,Hosur,8928456797
P00547,Vikram Reddy,47,Male,O+,Kanchipuram,6854982274
P00548,Kavya Patel,82,Female,A+,Thanjavur,8038806533
P00549,Manoj Sharma,41,Male,B+,Tiruppur,7995946521
P00550,Lakshmi Raj,81,Female,O+,Chennai,8379337563
P00551,Sneha Verma,77,Female,O+,Vellore,9812473950
P00552,Vikram Iyer,16,Male,O-,Dindigul,8583230241
P00553,Rakesh Krishnan,23,Male,B+,Coimbatore,7347355289
P00554,Lakshmi Babu,3,Female,O-,Madurai,8386559630
P00555,Rakesh Rao,15,Male,O+,Chennai,7289731791
P00556,Naveen Singh,62,Male,A+,Erode,6255877749
P00557,Deepika Mohan,47,Female,O+,Tiruttani,8736346692
P00558,Kavya Rao,2,Female,O+,Erode,7390789567
P00559,Pooja Singh,41,Female,O+,Tirunelveli,9273415148
P00560,Manoj Menon,69,Male,O+,Vellore,9835354443
P00561,Rakesh Raj,63,Male,O-,Chennai,7456690782
P00562,Meera Iyer,52,Female,A+,Erode,6751536637
P00563,Keerthana Rao,3,Female,A+,Madurai,7075536668
P00564,Divya Gupta,1,Female,O-,Madurai,7999966361
P00565,Meera Nair,22,Female,B-,Thanjavur,7121820970
P00566,Vikram Sharma,78,Male,O+,Trichy,7817058025
P00567,Pooja Reddy,70,Female,A+,Tiruppur,9632346729
P00568,Swathi Iyer,40,Female,O+,Chennai,8716938597
P00569,Aishwarya Gupta,2,Female,O+,Tiruttani,6546926329
P00570,Aishwarya Singh,71,Female,B+,Coimbatore,6032484137
P00571,Harini Rao,18,Female,O+,Coimbatore,7672438070
P00572,Ashwin Babu,60,Male,A+,Dindigul,6360041257
P00573,Aishwarya Sharma,11,Female,O+,Tiruppur,8742209124
P00574,Naveen Babu,28,Male,B+,Chennai,7275230837
P00575,Rakesh Krishnan,49,Male,A+,Salem,6090063353
P00576,Rahul Kumar,26,Male,O+,Trichy,9312206815
P00577,Neha Krishnan,16,Female,A-,Tirunelveli,6133155206
P00578,Priya Singh,16,Female,O+,Tiruvallur,7950136497
P00579,Harish Rao,64,Male,O+,Coimbatore,7625257150
P00580,Pooja Rao,33,Female,A+,Dindigul,9309143639
P00581,Arjun Reddy,35,Male,O+,Tirunelveli,8039752450
P00582,Deepika Verma,13,Female,O+,Dindigul,7533803396
P00583,Sneha Nair,28,Female,AB+,Coimbatore,8023212983
P00584,Naveen Sharma,40,Male,O+,Dindigul,8362934497
P00585,Suresh Verma,48,Male,A-,Vellore,6627768962
P00586,Priya Raj,28,Female,B+,Tiruttani,7982824674
P00587,Kavya Singh,41,Female,O+,Madurai,6323008576
P00588,Pooja Babu,41,Female,O+,Kanchipuram,9601692364
P00589,Neha Babu,37,Female,B+,Thanjavur,6633705024
P00590,Deepika Reddy,22,Female,A+,Thanjavur,8011669183
P00591,Sneha Verma,35,Female,A+,Erode,6946119524
P00592,Ganesh Babu,35,Male,O+,Madurai,6011686462
P00593,Rohan Reddy,52,Male,A+,Erode,9793230234
P00594,Aishwarya Krishnan,69,Female,AB+,Madurai,9416141509
P00595,Vivek Nair,49,Male,O+,Salem,9901380698
P00596,Lakshmi Nair,36,Female,B+,Vellore,7553566905
P00597,Harini Sharma,12,Female,A+,Tiruvallur,8091843579
P00598,Neha Singh,46,Female,B-,Tiruvallur,7050573976
P00599,Rohan Singh,81,Male,B-,Tiruvallur,9649328980
P00600,Vivek Raj,11,Male,AB-,Tiruvallur,6271783332
P00601,Rahul Singh,66,Male,O+,Tiruttani,7643471287
P00602,Manoj Babu,33,Male,A-,Hosur,9566863341
P00603,Ananya Sharma,12,Female,A+,Trichy,9952569040
P00604,Rakesh Singh,76,Male,B+,Hosur,8899316087
P00605,Sneha Verma,73,Female,A+,Tiruppur,8942095481
P00606,Keerthana Babu,32,Female,A+,Dindigul,6052330276
P00607,Keerthana Krishnan,71,Female,AB-,Erode,6567566184
P00608,Nithya Mohan,21,Female,A+,Madurai,7904729277
P00609,Lakshmi Reddy,25,Female,B+,Dindigul,9591266201
P00610,Aishwarya Reddy,69,Female,B-,Thanjavur,7962630136
P00611,Kavya Babu,31,Female,B+,Tirunelveli,9764750111
P00612,Vivek Krishnan,62,Male,O+,Kanchipuram,6419267649
P00613,Rahul Patel,9,Male,O+,Tiruvallur,9688871898
P00614,Manoj Raj,23,Male,O-,Madurai,8087510293
P00615,Rahul Rao,25,Male,O+,Coimbatore,7582603408
P00616,Deepika Rao,44,Female,A+,Vellore,7988310303
P00617,Suresh Verma,50,Male,B+,Trichy,7429618446
P00618,Aditya Nair,5,Male,B+,Dindigul,8831435989
P00619,Aditya Verma,25,Male,A+,Chennai,8141818615
P00620,Rohan Mohan,34,Male,O+,Hosur,8401636112
P00621,Swathi Verma,49,Female,A+,Dindigul,7849102562
P00622,Harini Babu,63,Female,A+,Tiruttani,6792408222
P00623,Swathi Babu,24,Female,B+,Vellore,8967275784
P00624,Pooja Rao,73,Female,O+,Tiruvallur,9465111312
P00625,Rahul Babu,20,Male,AB+,Chennai,6827788160
P00626,Ganesh Verma,59,Male,B+,Dindigul,7389097283
P00627,Rahul Patel,62,Male,A+,Chennai,6762515381
P00628,Kavya Nair,16,Female,O+,Thanjavur,6348079705
P00629,Prakash Nair,37,Male,O+,Vellore,8650167318
P00630,Aditya Sharma,66,Male,O+,Thanjavur,7376545628
P00631,Ananya Nair,60,Female,O+,Vellore,6053134026
P00632,Nithya Patel,71,Female,B+,Tiruppur,7167872568
P00633,Sneha Sharma,66,Female,O+,Vellore,9305690674
P00634,Aishwarya Sharma,53,Female,B+,Dindigul,8341436371
P00635,Vikram Verma,30,Male,O+,Madurai,6043260931
P00636,Aditya Singh,33,Male,O+,Tirunelveli,6086041454
P00637,Nithya Singh,13,Female,O+,Chennai,9534749162
P00638,Aishwarya Patel,29,Female,O+,Chennai,8555989534
P00639,Prakash Singh,2,Male,O+,Dindigul,9093371189
P00640,Kavya Babu,32,Female,A+,Madurai,9236848557
P00641,Ganesh Singh,7,Male,A+,Erode,9294240903
P00642,Aishwarya Krishnan,42,Female,B-,Madurai,6868669432
P00643,Karthik Gupta,24,Male,O+,Tiruttani,6884434481
P00644,Vikram Kumar,35,Male,O+,Madurai,7240338105
P00645,Divya Sharma,83,Female,O+,Madurai,6945005342
P00646,Priya Rao,64,Female,O+,Dindigul,6498373543
P00647,Sneha Nair,24,Female,A+,Madurai,6172722397
P00648,Ashwin Menon,3,Male,O-,Tiruvallur,6931216376
P00649,Harish Rao,25,Male,AB+,Kanchipuram,9660100231
P00650,Sneha Krishnan,26,Female,A-,Coimbatore,7132797245
P00651,Sneha Iyer,12,Female,O+,Erode,9001841862
P00652,Ganesh Iyer,7,Male,A+,Vellore,7361721314
P00653,Ananya Gupta,37,Female,O-,Tiruttani,9092268592
P00654,Sneha Mohan,55,Female,B+,Salem,7147541022
P00655,Sneha Singh,41,Female,AB+,Coimbatore,6421522655
P00656,Pooja Nair,59,Female,B+,Thanjavur,7236687887
P00657,Aditya Sharma,39,Male,A+,Hosur,8135030587
P00658,Ganesh Sharma,6,Male,A+,Tiruvallur,8472863330
P00659,Rahul Babu,58,Male,B+,Dindigul,6501917920
P00660,Rohan Reddy,2,Male,O+,Tiruvallur,6227284765
P00661,Harini Krishnan,55,Female,O+,Chennai,9928206678
P00662,Lakshmi Gupta,33,Female,A+,Madurai,7186236903
P00663,Sneha Verma,63,Female,B+,Coimbatore,6756620563
P00664,Ananya Sharma,10,Female,B+,Vellore,9342811390
P00665,Meera Rao,13,Female,O+,Coimbatore,9970051405
P00666,Pooja Rao,25,Female,A+,Vellore,8156818209
P00667,Aishwarya Gupta,47,Female,O+,Madurai,6113322889
P00668,Aishwarya Raj,17,Female,A+,Tiruvallur,6063399129
P00669,Ananya Raj,5,Female,A+,Hosur,9717524214
P00670,Divya Sharma,12,Female,B+,Salem,6472197054
P00671,Pooja Verma,30,Female,A+,Erode,7516874090
P00672,Harish Verma,30,Male,AB+,Salem,6296136715
P00673,Aishwarya Krishnan,40,Female,O+,Madurai,9663651559
P00674,Meera Babu,49,Female,O+,Chennai,8723590960
P00675,Harini Singh,72,Female,O+,Tiruvallur,9644212146
P00676,Suresh Verma,59,Male,A+,Thanjavur,7201654235
P00677,Aishwarya Nair,31,Female,B-,Tirunelveli,7960893199
P00678,Rohan Krishnan,89,Male,B+,Dindigul,7027275164
P00679,Vivek Verma,60,Male,B+,Kanchipuram,9033682963
P00680,Meera Iyer,84,Female,A-,Vellore,7044817766
P00681,Divya Verma,42,Female,B-,Vellore,9276528928
P00682,Pooja Menon,59,Female,B+,Dindigul,9111096179
P00683,Ashwin Nair,27,Male,B+,Tiruvallur,6337861371
P00684,Harini Mohan,38,Female,O+,Vellore,8844446306
P00685,Arjun Kumar,18,Male,AB+,Erode,7529638639
P00686,Keerthana Kumar,64,Female,A+,Thanjavur,6265826312
P00687,Ashwin Gupta,54,Male,AB+,Madurai,7311060920
P00688,Prakash Singh,12,Male,O+,Tiruppur,7233438364
P00689,Suresh Sharma,86,Male,O+,Kanchipuram,9179112442
P00690,Rahul Nair,52,Male,A+,Tiruppur,9617136657
P00691,Karthik Menon,3,Male,B+,Thanjavur,9155799802
P00692,Lakshmi Sharma,13,Female,A+,Erode,8351305231
P00693,Suresh Menon,28,Male,O+,Erode,7776863423
P00694,Pooja Sharma,44,Female,O+,Hosur,8767694591
P00695,Pooja Iyer,37,Female,O-,Tiruvallur,9720849649
P00696,Pooja Kumar,25,Female,O+,Hosur,8531355251
P00697,Rohan Babu,6,Male,O+,Kanchipuram,7381649383
P00698,Naveen Menon,48,Male,A+,Thanjavur,6655330770
P00699,Pooja Sharma,15,Female,B+,Kanchipuram,6390409074
P00700,Rakesh Singh,9,Male,O-,Chennai,7017164455
P00701,Ananya Rao,61,Female,B+,Tirunelveli,7771591030
P00702,Karthik Sharma,88,Male,B+,Trichy,8135800401
P00703,Suresh Sharma,24,Male,B+,Hosur,6422971252
P00704,Deepika Nair,62,Female,A+,Kanchipuram,6745731441
P00705,Neha Verma,52,Female,B+,Coimbatore,6030376371
P00706,Meera Verma,42,Female,A+,Vellore,7728123567
P00707,Manoj Singh,17,Male,A+,Thanjavur,7912711307
P00708,Suresh Kumar,42,Male,A+,Salem,9815632686
P00709,Priya Nair,14,Female,O+,Tirunelveli,6343629489
P00710,Neha Singh,13,Female,B+,Coimbatore,8100943181
P00711,Meera Mohan,38,Female,A+,Coimbatore,8473235494
P00712,Rahul Reddy,45,Male,A+,Salem,8251225720
P00713,Pooja Patel,5,Female,O-,Madurai,9957907371
P00714,Rakesh Kumar,35,Male,AB+,Erode,8211457758
P00715,Deepika Nair,20,Female,O+,Vellore,7589714802
P00716,Keerthana Iyer,50,Female,A+,Chennai,8965313614
P00717,Lakshmi Rao,23,Female,O+,Vellore,6964430985
P00718,Aditya Raj,37,Male,O+,Chennai,6272849824
P00719,Kavya Sharma,46,Female,A+,Trichy,7910740650
P00720,Suresh Reddy,35,Male,B+,Erode,8142369143
P00721,Vivek Mohan,38,Male,A+,Tiruttani,9449429659
P00722,Ashwin Raj,15,Male,A+,Trichy,7414978266
P00723,Karthik Rao,36,Male,A+,Thanjavur,7756766708
P00724,Manoj Singh,3,Male,B+,Salem,8985298940
P00725,Sneha Singh,60,Female,AB+,Tiruvallur,6010415914
P00726,Nithya Patel,49,Female,B+,Thanjavur,9382872324
P00727,Nithya Mohan,8,Female,B+,Trichy,9102918133
P00728,Vivek Kumar,60,Male,A+,Tiruttani,9467238497
P00729,Aditya Reddy,31,Male,O+,Dindigul,8288377441
P00730,Divya Krishnan,19,Female,B+,Coimbatore,6662047196
P00731,Prakash Menon,11,Male,O-,Kanchipuram,6052774025
P00732,Rohan Mohan,58,Male,A+,Madurai,8595724461
P00733,Pooja Nair,31,Female,A+,Tiruttani,7259959961
P00734,Arjun Verma,53,Male,O+,Coimbatore,6753312661
P00735,Prakash Menon,24,Male,O+,Hosur,7902517629
P00736,Vikram Menon,35,Male,O+,Dindigul,8683190130
P00737,Ganesh Kumar,39,Male,A+,Tiruvallur,9528733978
P00738,Divya Gupta,50,Female,AB+,Tiruppur,6619128411
P00739,Meera Kumar,36,Female,O+,Tiruvallur,7465124189
P00740,Rakesh Rao,82,Male,O+,Kanchipuram,9819740056
P00741,Meera Patel,47,Female,O+,Erode,7037199051
P00742,Swathi Babu,28,Female,O-,Tiruppur,8401078356
P00743,Kavya Raj,53,Female,O+,Chennai,9389608706
P00744,Nithya Reddy,39,Female,A+,Coimbatore,6195535603
P00745,Rahul Gupta,7,Male,B+,Tiruttani,9030102724
P00746,Rohan Patel,33,Male,AB-,Madurai,6711148375
P00747,Vivek Babu,37,Male,B+,Salem,8845881056
P00748,Kavya Sharma,15,Female,AB+,Erode,8483152037
P00749,Ananya Kumar,27,Female,O+,Kanchipuram,6410496706
P00750,Aishwarya Kumar,19,Female,O+,Tirunelveli,9408509549
P00751,Manoj Kumar,45,Male,A+,Tirunelveli,9186487699
P00752,Sneha Singh,33,Female,O+,Chennai,7413845960
P00753,Divya Menon,65,Female,O+,Salem,7427707070
P00754,Aishwarya Krishnan,52,Female,A+,Kanchipuram,9498517244
P00755,Keerthana Nair,23,Female,O+,Tiruvallur,9310287950
P00756,Arjun Babu,74,Male,O+,Tiruvallur,7809351187
P00757,Naveen Sharma,18,Male,A+,Tiruvallur,6164205955
P00758,Lakshmi Krishnan,35,Female,B+,Madurai,7042901935
P00759,Meera Singh,47,Female,B+,Madurai,6113989868
P00760,Rakesh Mohan,27,Male,B+,Thanjavur,6543943535
P00761,Vivek Patel,49,Male,B+,Tiruppur,6515881579
P00762,Vivek Raj,44,Male,AB+,Madurai,8692944551
P00763,Aditya Singh,30,Male,A+,Thanjavur,8270216487
P00764,Karthik Verma,7,Male,O+,Madurai,9288665268
P00765,Harish Menon,18,Male,A+,Kanchipuram,9015767647
P00766,Harish Reddy,64,Male,O-,Tiruttani,9209957657
P00767,Naveen Babu,29,Male,O+,Tiruppur,7098898645
P00768,Divya Raj,15,Female,O+,Dindigul,8684995154
P00769,Rahul Menon,20,Male,O+,Madurai,7491342138
P00770,Arjun Gupta,83,Male,A+,Trichy,9705349678
P00771,Rakesh Nair,14,Male,B+,Tiruttani,9767412415
P00772,Harish Raj,14,Male,O+,Erode,7478150618
P00773,Meera Verma,27,Female,A-,Thanjavur,9329633472
P00774,Keerthana Reddy,55,Female,O+,Thanjavur,9830617893
P00775,Arjun Singh,65,Male,A+,Kanchipuram,8578243477
P00776,Swathi Patel,35,Female,O+,Coimbatore,7675361275
P00777,Rohan Babu,30,Male,B+,Tiruppur,6963044836
P00778,Naveen Raj,36,Male,A+,Hosur,6664047350
P00779,Aishwarya Singh,15,Female,A+,Hosur,9995298006
P00780,Manoj Babu,37,Male,B+,Erode,9083583286
P00781,Suresh Raj,18,Male,O+,Trichy,8000818670
P00782,Suresh Menon,11,Male,B+,Trichy,9416624111
P00783,Priya Kumar,63,Female,B+,Madurai,9963945680
P00784,Kavya Nair,17,Female,B-,Kanchipuram,6646136847
P00785,Lakshmi Babu,33,Female,A+,Tiruppur,6581739063
P00786,Divya Nair,35,Female,O+,Hosur,9182379312
P00787,Swathi Verma,44,Female,B+,Chennai,6464520599
P00788,Keerthana Kumar,16,Female,B+,Hosur,6875357788
P00789,Ganesh Sharma,28,Male,A+,Hosur,9281237106
P00790,Sneha Krishnan,61,Female,O+,Tiruvallur,6604164485
P00791,Swathi Krishnan,17,Female,A+,Trichy,7894773522
P00792,Priya Patel,30,Female,A+,Chennai,7331875109
P00793,Swathi Reddy,11,Female,A+,Trichy,7034469459
P00794,Lakshmi Menon,32,Female,O+,Madurai,9342491289
P00795,Divya Gupta,64,Female,B+,Hosur,6320331922
P00796,Vivek Verma,2,Male,O-,Chennai,8876754813
P00797,Pooja Raj,41,Female,A+,Tiruvallur,7819324268
P00798,Aishwarya Babu,49,Female,A+,Tirunelveli,7205756398
P00799,Aditya Patel,24,Male,AB-,Trichy,6583094515
P00800,Neha Mohan,5,Female,O+,Salem,6604409079
P00801,Aishwarya Reddy,43,Female,AB+,Chennai,7092221610
P00802,Deepika Babu,2,Female,AB+,Salem,8905529580
P00803,Pooja Verma,47,Female,O+,Tiruvallur,8412704938
P00804,Sneha Krishnan,46,Female,O+,Erode,7157919711
P00805,Karthik Babu,6,Male,A+,Chennai,8035713432
P00806,Priya Singh,51,Female,O+,Kanchipuram,7633432447
P00807,Ananya Nair,37,Female,O+,Thanjavur,6209628936
P00808,Deepika Raj,55,Female,O+,Dindigul,7183437401
P00809,Vivek Reddy,36,Male,A+,Tirunelveli,9515026755
P00810,Karthik Mohan,31,Male,A+,Madurai,9797996673
P00811,Nithya Patel,41,Female,B+,Salem,9381664969
P00812,Karthik Rao,17,Male,O-,Dindigul,8922501425
P00813,Pooja Reddy,30,Female,O+,Madurai,7412336132
P00814,Priya Nair,14,Female,A+,Thanjavur,6376731625
P00815,Aditya Raj,35,Male,AB+,Dindigul,6968157903
P00816,Manoj Iyer,36,Male,A+,Chennai,6132730346
P00817,Rohan Singh,59,Male,O+,Salem,6704622681
P00818,Harini Sharma,29,Female,B+,Tirunelveli,9252986707
P00819,Pooja Raj,7,Female,O+,Thanjavur,9978575851
P00820,Aditya Rao,48,Male,O+,Vellore,7389760740
P00821,Rakesh Nair,27,Male,O-,Thanjavur,7465408424
P00822,Pooja Kumar,35,Female,B+,Kanchipuram,9508632181
P00823,Harish Reddy,39,Male,O-,Vellore,6938970155
P00824,Karthik Gupta,86,Male,AB+,Coimbatore,6815466024
P00825,Rakesh Mohan,29,Male,B+,Kanchipuram,7498830597
P00826,Manoj Mohan,31,Male,O+,Thanjavur,9962440630
P00827,Deepika Reddy,20,Female,A+,Thanjavur,7133053194
P00828,Swathi Singh,36,Female,A+,Tiruppur,9555572773
P00829,Ashwin Singh,13,Male,B+,Kanchipuram,9785138544
P00830,Aishwarya Krishnan,30,Female,B+,Madurai,7966048736
P00831,Aditya Gupta,69,Male,O+,Trichy,8194226865
P00832,Aditya Mohan,36,Male,B+,Thanjavur,9588863677
P00833,Keerthana Mohan,31,Female,A+,Chennai,7721696663
P00834,Prakash Iyer,22,Male,A+,Coimbatore,6059329715
P00835,Harish Gupta,58,Male,A+,Tiruvallur,8275327352
P00836,Ananya Mohan,10,Female,A+,Trichy,6327819523
P00837,Nithya Sharma,1,Female,B+,Tirunelveli,6616481980
P00838,Aishwarya Verma,55,Female,AB+,Tiruvallur,9568761124
P00839,Harish Reddy,36,Male,O+,Trichy,6341517734
P00840,Kavya Babu,40,Female,B+,Kanchipuram,7902284035
P00841,Nithya Menon,31,Female,A+,Salem,6742229464
P00842,Arjun Verma,17,Male,O+,Chennai,7588679252
P00843,Neha Patel,41,Female,B+,Tiruvallur,6276015343
P00844,Karthik Menon,29,Male,B+,Vellore,6790833506
P00845,Rohan Rao,9,Male,B-,Tiruvallur,9079833423
P00846,Harish Babu,27,Male,B-,Salem,7131284033
P00847,Prakash Raj,40,Male,O+,Tiruttani,9513717173
P00848,Naveen Gupta,20,Male,O+,Chennai,6173997046
P00849,Aishwarya Krishnan,21,Female,A+,Salem,7483548847
P00850,Manoj Reddy,36,Male,O-,Erode,6722164175
P00851,Vikram Raj,16,Male,O+,Erode,7587149392
P00852,Sneha Iyer,51,Female,AB+,Kanchipuram,8587964347
P00853,Divya Reddy,37,Female,AB+,Vellore,6469660606
P00854,Deepika Raj,20,Female,B+,Chennai,8344505665
P00855,Manoj Iyer,40,Male,AB+,Coimbatore,9325797067
P00856,Suresh Gupta,27,Male,O+,Thanjavur,7485741721
P00857,Harini Babu,30,Female,AB+,Kanchipuram,7938173598
P00858,Neha Rao,46,Female,O+,Hosur,9557325737
P00859,Divya Iyer,54,Female,O+,Dindigul,9216667080
P00860,Priya Gupta,27,Female,A-,Tiruvallur,7874951191
P00861,Naveen Reddy,48,Male,A+,Tiruppur,8164772512
P00862,Aishwarya Rao,59,Female,O-,Tirunelveli,7096003562
P00863,Keerthana Iyer,36,Female,A+,Thanjavur,8959232342
P00864,Arjun Rao,27,Male,B+,Erode,7155333426
P00865,Meera Mohan,90,Female,A+,Madurai,6160736077
P00866,Meera Iyer,64,Female,AB+,Coimbatore,8898123179
P00867,Nithya Patel,32,Female,B-,Hosur,7748170066
P00868,Keerthana Sharma,35,Female,AB+,Tirunelveli,7316704502
P00869,Karthik Gupta,9,Male,O+,Dindigul,6009345962
P00870,Sneha Reddy,70,Female,B+,Hosur,8512073465
P00871,Swathi Patel,1,Female,O+,Tiruttani,6026086982
P00872,Rahul Kumar,33,Male,O+,Coimbatore,9776872904
P00873,Aishwarya Mohan,70,Female,O+,Erode,7917793238
P00874,Manoj Reddy,14,Male,B+,Dindigul,6491334245
P00875,Deepika Gupta,44,Female,B-,Salem,8565290603
P00876,Arjun Reddy,33,Male,O+,Vellore,9977539673
P00877,Swathi Menon,29,Female,B+,Thanjavur,7524578715
P00878,Ananya Raj,26,Female,B-,Madurai,9371184254
P00879,Pooja Rao,68,Female,B-,Erode,8683230358
P00880,Prakash Verma,27,Male,AB+,Vellore,8825212932
P00881,Keerthana Iyer,19,Female,O+,Tiruttani,6775240148
P00882,Meera Mohan,65,Female,A-,Chennai,6227236266
P00883,Vikram Verma,33,Male,B-,Salem,8619237245
P00884,Ashwin Sharma,42,Male,O+,Thanjavur,6374189721
P00885,Lakshmi Menon,67,Female,A+,Tiruttani,7176927438
P00886,Rahul Babu,45,Male,AB+,Trichy,6660144485
P00887,Deepika Verma,18,Female,O+,Coimbatore,6397396417
P00888,Swathi Rao,58,Female,O+,Coimbatore,9911359966
P00889,Rohan Krishnan,60,Male,A+,Erode,9660392051
P00890,Lakshmi Singh,60,Female,AB+,Salem,7553470574
P00891,Vikram Rao,63,Male,B+,Dindigul,6527155983
P00892,Keerthana Menon,24,Female,O+,Tirunelveli,7972634755
P00893,Lakshmi Patel,51,Female,O+,Coimbatore,8948848826
P00894,Vikram Sharma,10,Male,O-,Thanjavur,6425856261
P00895,Swathi Gupta,76,Female,AB-,Tiruppur,9382407333
P00896,Vivek Krishnan,50,Male,O+,Trichy,9977688936
P00897,Rakesh Rao,44,Male,O-,Tirunelveli,7546553585
P00898,Harish Reddy,33,Male,B+,Kanchipuram,8187851935
P00899,Vivek Menon,27,Male,A+,Tiruppur,6961208780
P00900,Aishwarya Verma,48,Female,B+,Coimbatore,7940976263
P00901,Kavya Rao,55,Female,O+,Kanchipuram,6289509059
P00902,Manoj Sharma,42,Male,A+,Madurai,8392207151
P00903,Aditya Gupta,58,Male,AB+,Tirunelveli,6252145264
P00904,Ananya Reddy,16,Female,O+,Thanjavur,9571840908
P00905,Ashwin Patel,1,Male,B-,Erode,9056409951
P00906,Vikram Krishnan,31,Male,A+,Vellore,9295927282
P00907,Priya Gupta,9,Female,O-,Hosur,9441529821
P00908,Meera Gupta,22,Female,O-,Tiruppur,6718153523
P00909,Meera Raj,37,Female,O+,Tiruttani,6918158998
P00910,Harini Rao,35,Female,O+,Tiruppur,8466661707
P00911,Rohan Rao,38,Male,O+,Hosur,7080314998
P00912,Ashwin Patel,63,Male,O+,Salem,6358068828
P00913,Deepika Babu,4,Female,O+,Madurai,8513739900
P00914,Meera Mohan,55,Female,O+,Trichy,7263560229
P00915,Prakash Krishnan,19,Male,B+,Dindigul,7346066643
P00916,Kavya Gupta,12,Female,A+,Dindigul,6231112712
P00917,Sneha Babu,23,Female,B+,Dindigul,6484494116
P00918,Rahul Rao,52,Male,O+,Chennai,6711306211
P00919,Aditya Gupta,30,Male,A+,Hosur,9833509025
P00920,Lakshmi Reddy,32,Female,O-,Chennai,6624813235
P00921,Priya Verma,33,Female,B+,Salem,8285011688
P00922,Prakash Babu,18,Male,A+,Madurai,9306090691
P00923,Manoj Krishnan,9,Male,O+,Thanjavur,6964967379
P00924,Divya Krishnan,30,Female,A+,Tiruttani,7324264250
P00925,Harini Menon,20,Female,A+,Tiruttani,8625366677
P00926,Pooja Nair,36,Female,B+,Madurai,8333939578
P00927,Divya Krishnan,38,Female,O+,Coimbatore,6496033582
P00928,Lakshmi Rao,40,Female,O+,Trichy,6924926932
P00929,Divya Nair,24,Female,O+,Tiruttani,6599801110
P00930,Ganesh Verma,56,Male,AB+,Vellore,7323415959
P00931,Aishwarya Patel,55,Female,O+,Hosur,8226189628
P00932,Nithya Menon,53,Female,B-,Thanjavur,8710267672
P00933,Prakash Babu,77,Male,A-,Kanchipuram,8707955151
P00934,Karthik Gupta,38,Male,O-,Coimbatore,8541597099
P00935,Sneha Patel,52,Female,A+,Erode,9752034476
P00936,Priya Menon,60,Female,B+,Vellore,9290904637
P00937,Pooja Kumar,54,Female,B+,Vellore,7866525483
P00938,Kavya Menon,8,Female,O-,Coimbatore,7810213125
P00939,Karthik Gupta,48,Male,AB+,Chennai,9591297519
P00940,Arjun Babu,24,Male,O-,Madurai,9106330165
P00941,Vivek Verma,20,Male,B+,Madurai,6490728012
P00942,Suresh Reddy,64,Male,B-,Dindigul,9132532694
P00943,Neha Krishnan,19,Female,O+,Vellore,8804421017
P00944,Lakshmi Babu,7,Female,O+,Hosur,6015959194
P00945,Aishwarya Patel,61,Female,A+,Salem,6583392056
P00946,Lakshmi Nair,38,Female,A+,Tiruttani,6722660256
P00947,Aditya Patel,11,Male,O-,Madurai,8310672453
P00948,Vivek Singh,21,Male,O+,Trichy,6976627051
P00949,Rohan Babu,35,Male,O+,Erode,6367042549
P00950,Swathi Sharma,42,Female,O+,Dindigul,7259710756
P00951,Vikram Patel,56,Male,B+,Tiruttani,6485953259
P00952,Harish Gupta,33,Male,A+,Tiruppur,9581629518
P00953,Aishwarya Gupta,89,Female,O+,Tiruppur,6342507330
P00954,Divya Verma,43,Female,O+,Salem,7759833991
P00955,Nithya Kumar,52,Female,A+,Erode,7366044324
P00956,Arjun Krishnan,39,Male,O+,Tiruppur,8768297514
P00957,Kavya Iyer,60,Female,O+,Kanchipuram,8501058752
P00958,Keerthana Babu,26,Female,B+,Thanjavur,7625904599
P00959,Ganesh Rao,12,Male,B+,Tiruppur,9122182315
P00960,Divya Sharma,28,Female,A+,Erode,9866281372
P00961,Manoj Mohan,53,Male,O+,Thanjavur,9037003322
P00962,Divya Singh,58,Female,O+,Hosur,7706810390
P00963,Vikram Gupta,37,Male,B+,Kanchipuram,7826328094
P00964,Neha Patel,31,Female,AB+,Hosur,7535461470
P00965,Swathi Krishnan,58,Female,O+,Coimbatore,9613394394
P00966,Aishwarya Kumar,33,Female,A+,Tiruttani,7380403253
P00967,Nithya Singh,60,Female,B-,Kanchipuram,8778943191
P00968,Rakesh Kumar,26,Male,A-,Tiruttani,9476921053
P00969,Aditya Babu,48,Male,O+,Thanjavur,9401424731
P00970,Ganesh Mohan,71,Male,O+,Coimbatore,8798440971
P00971,Vikram Sharma,38,Male,O+,Tiruppur,6762090144
P00972,Meera Raj,23,Female,O+,Tiruvallur,8370096873
P00973,Suresh Patel,6,Male,A+,Tiruppur,8558825562
P00974,Divya Nair,90,Female,O+,Tiruvallur,6865619425
P00975,Deepika Nair,43,Female,AB+,Madurai,9582958292
P00976,Rakesh Babu,39,Male,O-,Erode,9819048235
P00977,Ananya Patel,57,Female,A+,Tirunelveli,6395613723
P00978,Ganesh Raj,69,Male,A+,Tiruttani,9436438130
P00979,Arjun Menon,15,Male,AB+,Thanjavur,9147165609
P00980,Divya Singh,35,Female,A+,Kanchipuram,6990707550
P00981,Nithya Nair,58,Female,B+,Hosur,9699570607
P00982,Vivek Menon,28,Male,O+,Tiruvallur,9765397054
P00983,Meera Gupta,26,Female,B+,Kanchipuram,9871827496
P00984,Suresh Gupta,21,Male,A+,Tiruttani,6420495612
P00985,Vikram Nair,26,Male,A+,Dindigul,8604235973
P00986,Harini Babu,69,Female,O+,Madurai,8990775608
P00987,Deepika Rao,20,Female,O+,Tirunelveli,6111457683
P00988,Rahul Kumar,22,Male,O+,Trichy,6858471296
P00989,Naveen Kumar,15,Male,O+,Dindigul,6050801849
P00990,Suresh Mohan,56,Male,O-,Tiruvallur,6337773126
P00991,Karthik Krishnan,21,Male,O+,Hosur,9781923653
P00992,Pooja Kumar,47,Female,AB+,Hosur,6035679327
P00993,Deepika Verma,51,Female,O+,Erode,7716906181
P00994,Manoj Krishnan,5,Male,A+,Tiruppur,7489547876
P00995,Vivek Patel,8,Male,B-,Erode,9444498355
P00996,Prakash Iyer,35,Male,O+,Vellore,6449639243
P00997,Nithya Rao,32,Female,B+,Kanchipuram,8143395275
P00998,Aditya Nair,64,Male,A+,Vellore,8491416860
P00999,Vikram Raj,81,Male,A+,Erode,7896340679
P01000,Vivek Singh,29,Male,O+,Coimbatore,7001418842
P01001,Ganesh Babu,52,Male,O+,Thanjavur,9015944633
P01002,Prakash Gupta,34,Male,O-,Vellore,8208953263
P01003,Karthik Sharma,45,Male,B-,Salem,6113633792
P01004,Ganesh Iyer,13,Male,O+,Salem,6996733116
P01005,Aishwarya Reddy,58,Female,AB+,Hosur,6084376855
P01006,Vivek Rao,40,Male,B+,Vellore,8196263355
P01007,Kavya Iyer,53,Female,A+,Tiruttani,6093170695
P01008,Pooja Kumar,40,Female,O-,Coimbatore,6453454722
P01009,Rakesh Gupta,45,Male,A+,Trichy,9650312198
P01010,Suresh Sharma,34,Male,A+,Salem,8642364281
P01011,Rakesh Sharma,44,Male,B+,Hosur,8487623039
P01012,Rahul Raj,25,Male,O+,Coimbatore,6852282305
P01013,Manoj Menon,26,Male,A+,Tiruttani,9622072239
P01014,Swathi Raj,16,Female,A+,Dindigul,9329016204
P01015,Neha Raj,38,Female,A+,Dindigul,6878599648
P01016,Sneha Rao,50,Female,AB+,Trichy,9954196664
P01017,Priya Patel,26,Female,O+,Hosur,8792463203
P01018,Kavya Nair,40,Female,A+,Trichy,6260321450
P01019,Aishwarya Mohan,39,Female,O+,Salem,7887071553
P01020,Lakshmi Rao,14,Female,O+,Dindigul,7008385076
P01021,Harini Gupta,45,Female,O+,Vellore,9891776808
P01022,Karthik Mohan,56,Male,B+,Tiruppur,7223196463
P01023,Arjun Menon,3,Male,O+,Kanchipuram,8626894301
P01024,Rakesh Kumar,20,Male,B+,Trichy,6271175957
P01025,Swathi Rao,36,Female,B+,Vellore,8984933067
P01026,Divya Rao,38,Female,O+,Kanchipuram,7412833372
P01027,Harish Rao,39,Male,B+,Tirunelveli,7413297150
P01028,Pooja Verma,39,Female,A+,Chennai,7514377693
P01029,Pooja Verma,16,Female,B+,Madurai,7295961111
P01030,Karthik Rao,28,Male,A-,Hosur,8007202455
P01031,Arjun Reddy,56,Male,O+,Kanchipuram,9090326714
P01032,Swathi Verma,45,Female,O+,Coimbatore,6942817934
P01033,Aditya Verma,31,Male,B+,Hosur,6584466345
P01034,Vikram Nair,15,Male,O+,Chennai,9217221455
P01035,Harish Nair,29,Male,O-,Thanjavur,7370526351
P01036,Arjun Verma,54,Male,A+,Tiruvallur,6765725659
P01037,Arjun Verma,54,Male,A+,Tiruppur,7202389743
P01038,Aditya Kumar,57,Male,B+,Hosur,7501783325
P01039,Neha Singh,64,Female,B+,Kanchipuram,8607984870
P01040,Divya Kumar,28,Female,A+,Tiruttani,6799359374
P01041,Lakshmi Krishnan,53,Female,B+,Kanchipuram,7640830373
P01042,Priya Singh,2,Female,AB+,Salem,6084907938
P01043,Harini Sharma,58,Female,A+,Vellore,8830615370
P01044,Karthik Mohan,54,Male,O+,Salem,7626325144
P01045,Rahul Reddy,46,Male,A-,Coimbatore,7217518878
P01046,Vivek Krishnan,28,Male,A+,Coimbatore,7263840911
P01047,Karthik Patel,24,Male,A+,Tiruppur,7056618632
P01048,Prakash Krishnan,44,Male,B+,Coimbatore,8787655300
P01049,Meera Kumar,26,Female,B-,Tiruttani,7560571219
P01050,Prakash Reddy,43,Male,AB-,Dindigul,7190534864
P01051,Rakesh Sharma,5,Male,B+,Madurai,7624561851
P01052,Kavya Babu,13,Female,O+,Salem,7212899151
P01053,Suresh Raj,29,Male,O+,Trichy,9304488189
P01054,Lakshmi Rao,49,Female,O-,Hosur,9461540211
P01055,Rahul Mohan,41,Male,AB+,Tirunelveli,9429831522
P01056,Ashwin Raj,4,Male,B+,Madurai,8836084937
P01057,Arjun Singh,23,Male,A+,Tiruvallur,7526969443
P01058,Harish Singh,22,Male,A+,Coimbatore,6934292913
P01059,Harish Kumar,16,Male,B+,Dindigul,9623419031
P01060,Aditya Sharma,40,Male,O+,Dindigul,9556684732
P01061,Aditya Patel,23,Male,AB+,Thanjavur,8774604067
P01062,Arjun Raj,47,Male,B+,Erode,7361424426
P01063,Vivek Raj,48,Male,A+,Vellore,7373476427
P01064,Vivek Mohan,25,Male,O+,Tiruppur,6388214584
P01065,Suresh Verma,55,Male,B+,Chennai,9913443899
P01066,Ashwin Nair,66,Male,O+,Chennai,7869507321
P01067,Nithya Raj,34,Female,A+,Thanjavur,6999516793
P01068,Rohan Kumar,57,Male,A+,Trichy,7736801192
P01069,Aditya Verma,8,Male,A+,Dindigul,9187233351
P01070,Suresh Kumar,79,Male,O+,Salem,6315391149
P01071,Arjun Nair,63,Male,O+,Hosur,9736511893
P01072,Priya Singh,57,Female,B+,Erode,8019043223
P01073,Harish Reddy,16,Male,O+,Salem,6073920135
P01074,Keerthana Krishnan,28,Female,AB+,Madurai,6602508261
P01075,Manoj Reddy,15,Male,A+,Tirunelveli,8248889957
P01076,Rakesh Gupta,44,Male,O+,Tiruppur,6297454930
P01077,Aditya Menon,43,Male,A+,Coimbatore,9203818769
P01078,Arjun Rao,16,Male,B+,Trichy,9898138815
P01079,Suresh Menon,30,Male,AB+,Chennai,6732318297
P01080,Aditya Babu,28,Male,B+,Vellore,6245000000
P01081,Rohan Reddy,64,Male,O+,Dindigul,8717850902
P01082,Divya Singh,62,Female,B+,Hosur,7421829987
P01083,Aishwarya Rao,68,Female,O+,Tiruvallur,7890567086
P01084,Priya Kumar,26,Female,B+,Tiruttani,8655158482
P01085,Pooja Gupta,19,Female,O+,Salem,8550542960
P01086,Ashwin Nair,4,Male,O+,Kanchipuram,6950982210
P01087,Harini Kumar,78,Female,O+,Erode,9880442877
P01088,Naveen Iyer,32,Male,A+,Coimbatore,6432126942
P01089,Pooja Menon,16,Female,AB+,Hosur,8586314417
P01090,Rakesh Singh,23,Male,A+,Vellore,7402635582
P01091,Meera Verma,66,Female,B+,Tiruppur,6464489880
P01092,Harish Sharma,43,Male,B+,Erode,8452790504
P01093,Rakesh Menon,16,Male,O+,Hosur,7384951632
P01094,Rahul Sharma,60,Male,A+,Dindigul,9809339137
P01095,Karthik Singh,33,Male,O+,Tirunelveli,9119875617
P01096,Harini Rao,62,Female,O-,Chennai,8300915618
P01097,Rakesh Gupta,26,Male,O+,Tirunelveli,7774491609
P01098,Aditya Patel,37,Male,O+,Chennai,9491189418
P01099,Meera Iyer,41,Female,O+,Chennai,8632239982
P01100,Vikram Nair,18,Male,A+,Coimbatore,7042886050
P01101,Meera Nair,79,Female,A+,Hosur,9811260030
P01102,Rohan Singh,45,Male,O+,Tiruvallur,9627153123
P01103,Lakshmi Patel,39,Female,A+,Madurai,6917768293
P01104,Kavya Babu,69,Female,O+,Tiruttani,9873543788
P01105,Aditya Kumar,23,Male,A+,Dindigul,9015709085
P01106,Manoj Menon,15,Male,A-,Dindigul,6492699969
P01107,Keerthana Raj,63,Female,B+,Hosur,6184285969
P01108,Karthik Patel,35,Male,O+,Erode,7993231234
P01109,Manoj Singh,43,Male,B-,Chennai,6908726176
P01110,Ashwin Nair,16,Male,O+,Dindigul,8893595382
P01111,Rakesh Verma,66,Male,O-,Tirunelveli,9299650826
P01112,Neha Krishnan,23,Female,O+,Hosur,6965613087
P01113,Ananya Krishnan,50,Female,B+,Hosur,7951434682
P01114,Prakash Raj,62,Male,O+,Tiruttani,9027300869
P01115,Lakshmi Mohan,27,Female,O+,Hosur,6831139500
P01116,Aditya Rao,11,Male,O+,Salem,9507628397
P01117,Deepika Reddy,6,Female,O+,Salem,7077794620
P01118,Lakshmi Reddy,59,Female,B+,Kanchipuram,8508177602
P01119,Manoj Raj,19,Male,A-,Thanjavur,7133373125
P01120,Nithya Mohan,18,Female,O-,Tirunelveli,9781703211
P01121,Arjun Singh,25,Male,A+,Tiruvallur,7277895613
P01122,Vivek Sharma,63,Male,O+,Salem,9295026480
P01123,Aditya Menon,13,Male,O+,Trichy,7167812778
P01124,Ganesh Reddy,3,Male,B+,Tiruttani,6982134862
P01125,Nithya Verma,45,Female,A+,Hosur,6383182856
P01126,Rohan Iyer,40,Male,A-,Chennai,6986617706
P01127,Meera Mohan,30,Female,AB+,Chennai,7068212235
P01128,Deepika Reddy,7,Female,B+,Thanjavur,7058714692
P01129,Naveen Krishnan,51,Male,O+,Kanchipuram,8596790898
P01130,Meera Singh,43,Female,O+,Erode,9220509386
P01131,Neha Menon,35,Female,O-,Vellore,9145788707
P01132,Rohan Mohan,21,Male,A+,Tirunelveli,6382097461
P01133,Harish Krishnan,60,Male,A+,Erode,6682996872
P01134,Rohan Rao,41,Male,AB-,Chennai,7806235040
P01135,Harini Singh,45,Female,O+,Tiruppur,9012482554
P01136,Sneha Mohan,40,Female,A+,Trichy,8594232894
P01137,Keerthana Verma,16,Female,A+,Tiruttani,9562415285
P01138,Sneha Mohan,78,Female,O+,Kanchipuram,8693358951
P01139,Rakesh Rao,24,Male,A+,Vellore,9784685095
P01140,Harini Krishnan,17,Female,O+,Trichy,7918911797
P01141,Arjun Iyer,36,Male,A+,Salem,9153641547
P01142,Rohan Verma,29,Male,O+,Madurai,7936781367
P01143,Priya Kumar,74,Female,A-,Madurai,9410527698
P01144,Harish Gupta,43,Male,O+,Dindigul,8704523888
P01145,Pooja Reddy,56,Female,A+,Tiruttani,6605986787
P01146,Kavya Verma,20,Female,B+,Erode,7485965594
P01147,Naveen Reddy,45,Male,O-,Coimbatore,6502000245
P01148,Prakash Krishnan,48,Male,A-,Madurai,9551305570
P01149,Ashwin Krishnan,31,Male,B+,Salem,7488966997
P01150,Vivek Verma,53,Male,A+,Tiruttani,6462025825
P01151,Meera Sharma,31,Female,B+,Hosur,9231239204
P01152,Arjun Singh,48,Male,A+,Tirunelveli,7723875082
P01153,Pooja Rao,60,Female,O+,Madurai,7775458472
P01154,Sneha Verma,27,Female,O+,Kanchipuram,9876831608
P01155,Harish Nair,86,Male,A+,Coimbatore,6337399205
P01156,Karthik Reddy,44,Male,O-,Trichy,6216591438
P01157,Vikram Mohan,23,Male,A+,Trichy,8584461777
P01158,Karthik Raj,33,Male,A-,Kanchipuram,7449791279
P01159,Priya Reddy,40,Female,O+,Chennai,7397871375
P01160,Prakash Rao,82,Male,O+,Madurai,9125608320
P01161,Suresh Raj,45,Male,AB+,Thanjavur,6888975358
P01162,Sneha Iyer,38,Female,O-,Hosur,9304436199
P01163,Ananya Nair,3,Female,A-,Tiruvallur,9029295014
P01164,Vivek Menon,62,Male,O+,Kanchipuram,8096713971
P01165,Karthik Singh,3,Male,B+,Coimbatore,8217672019
P01166,Rahul Sharma,29,Male,O+,Madurai,9190725873
P01167,Ganesh Gupta,52,Male,O+,Kanchipuram,8665380274
P01168,Karthik Raj,51,Male,O+,Salem,9868250952
P01169,Prakash Menon,26,Male,AB+,Kanchipuram,8556103995
P01170,Manoj Babu,26,Male,B+,Trichy,6124365858
P01171,Pooja Menon,50,Female,O+,Chennai,7120270615
P01172,Vivek Iyer,34,Male,O+,Kanchipuram,9716690632
P01173,Rakesh Menon,29,Male,O+,Salem,8034030109
P01174,Lakshmi Mohan,41,Female,A+,Hosur,6564915795
P01175,Kavya Singh,53,Female,O+,Tiruvallur,9247601080
P01176,Manoj Raj,27,Male,O+,Hosur,6831764172
P01177,Neha Kumar,42,Female,O+,Dindigul,7712901507
P01178,Vikram Rao,8,Male,O+,Chennai,6351045847
P01179,Meera Raj,29,Female,B+,Chennai,9962588576
P01180,Swathi Menon,32,Female,O+,Chennai,7339627466
P01181,Keerthana Reddy,10,Female,O+,Trichy,8700046661
P01182,Divya Krishnan,28,Female,B+,Chennai,6977140049
P01183,Naveen Raj,68,Male,AB+,Kanchipuram,7905315204
P01184,Manoj Gupta,22,Male,AB+,Tiruttani,6987313797
P01185,Rakesh Singh,43,Male,B+,Coimbatore,6612374077
P01186,Meera Iyer,56,Female,A+,Trichy,7991970142
P01187,Keerthana Krishnan,16,Female,A+,Erode,6821160204
P01188,Rakesh Mohan,83,Male,A-,Hosur,9359989897
P01189,Ganesh Sharma,8,Male,B-,Dindigul,7801864482
P01190,Manoj Sharma,37,Male,A+,Dindigul,8978570820
P01191,Suresh Rao,8,Male,O+,Thanjavur,9236914961
P01192,Ganesh Reddy,41,Male,B+,Kanchipuram,7296882769
P01193,Deepika Krishnan,1,Female,A+,Trichy,9419615607
P01194,Karthik Nair,25,Male,B+,Erode,8565179624
P01195,Ganesh Gupta,88,Male,B+,Tiruvallur,6683496047
P01196,Sneha Sharma,30,Female,A+,Coimbatore,6225936488
P01197,Arjun Rao,90,Male,O+,Erode,6883906246
P01198,Sneha Raj,45,Female,A+,Tirunelveli,9911413193
P01199,Deepika Raj,86,Female,AB+,Tiruvallur,8613376052
P01200,Arjun Mohan,21,Male,A+,Tirunelveli,7025447241
P01201,Aditya Patel,52,Male,B+,Salem,9966177182
P01202,Swathi Rao,43,Female,B+,Erode,9678214174
P01203,Neha Verma,73,Female,AB+,Kanchipuram,8664869893
P01204,Nithya Gupta,35,Female,A-,Tirunelveli,7155945011
P01205,Harish Gupta,47,Male,AB+,Hosur,6536051171
P01206,Deepika Babu,10,Female,A+,Hosur,6365362189
P01207,Divya Patel,38,Female,A+,Chennai,9994248942
P01208,Suresh Mohan,38,Male,B+,Salem,6676056420
P01209,Divya Singh,61,Female,B+,Vellore,9974533890
P01210,Sneha Iyer,57,Female,O+,Tirunelveli,6226540165
P01211,Meera Mohan,12,Female,A-,Tirunelveli,8212242767
P01212,Kavya Singh,18,Female,B+,Tirunelveli,9112411584
P01213,Priya Kumar,63,Female,O+,Tiruppur,6778231299
P01214,Aishwarya Mohan,46,Female,A-,Salem,6264261212
P01215,Vikram Rao,24,Male,B+,Tiruppur,7365968078
P01216,Keerthana Krishnan,17,Female,A-,Madurai,7218385454
P01217,Arjun Krishnan,74,Male,O+,Vellore,7752311232
P01218,Kavya Raj,41,Female,B+,Kanchipuram,9776334272
P01219,Vikram Verma,63,Male,A+,Madurai,9750801963
P01220,Suresh Patel,52,Male,O+,Kanchipuram,8588249353
P01221,Priya Kumar,49,Female,A+,Dindigul,6778481652
P01222,Kavya Menon,77,Female,O+,Tirunelveli,9838517993
P01223,Nithya Raj,26,Female,B+,Thanjavur,7391287884
P01224,Harini Gupta,39,Female,B-,Erode,8904579271
P01225,Keerthana Nair,54,Female,A+,Chennai,9986424238
P01226,Prakash Nair,16,Male,O+,Hosur,9218706293
P01227,Naveen Verma,27,Male,B+,Erode,8221010232
P01228,Arjun Sharma,58,Male,A+,Tirunelveli,9008987610
P01229,Rakesh Menon,19,Male,B+,Salem,9384531980
P01230,Kavya Singh,63,Female,B+,Trichy,7469510030
P01231,Keerthana Raj,31,Female,O+,Tiruvallur,7596715006
P01232,Lakshmi Krishnan,34,Female,O+,Chennai,6541134078
P01233,Ananya Singh,44,Female,O+,Kanchipuram,6089058366
P01234,Suresh Rao,21,Male,B+,Kanchipuram,6269708386
P01235,Vivek Rao,87,Male,B+,Hosur,9505962571
P01236,Lakshmi Singh,10,Female,O+,Chennai,9265789826
P01237,Suresh Sharma,26,Male,B+,Tiruttani,7217558517
P01238,Aishwarya Menon,50,Female,A+,Tirunelveli,8118824199
P01239,Sneha Singh,15,Female,O+,Tiruppur,7891704542
P01240,Rakesh Rao,35,Male,A+,Tiruvallur,9568209225
P01241,Keerthana Kumar,46,Female,A-,Chennai,9635640723
P01242,Suresh Verma,51,Male,A+,Tiruttani,7400178822
P01243,Nithya Nair,15,Female,AB-,Coimbatore,6850710580
P01244,Rahul Gupta,26,Male,B+,Tiruvallur,6115261053
P01245,Priya Verma,32,Female,O+,Tiruppur,9695007418
P01246,Neha Babu,35,Female,O+,Thanjavur,8987698936
P01247,Sneha Gupta,20,Female,B+,Tirunelveli,9982734813
P01248,Arjun Menon,30,Male,A+,Erode,6321743574
P01249,Rohan Verma,79,Male,A+,Tirunelveli,7860673983
P01250,Lakshmi Menon,82,Female,O+,Salem,8536462805
P01251,Priya Nair,54,Female,B+,Tirunelveli,7795515623
P01252,Harish Verma,1,Male,A+,Vellore,7107409131
P01253,Rahul Nair,58,Male,O+,Thanjavur,9254760220
P01254,Nithya Gupta,33,Female,O+,Tiruttani,7120122759
P01255,Keerthana Kumar,7,Female,B+,Dindigul,9151532594
P01256,Deepika Mohan,27,Female,A+,Chennai,6173279805
P01257,Deepika Kumar,87,Female,B+,Coimbatore,9064934039
P01258,Arjun Menon,27,Male,AB+,Tirunelveli,9894118491
P01259,Ashwin Patel,65,Male,O-,Erode,7535952056
P01260,Arjun Kumar,41,Male,A+,Kanchipuram,9069680186
P01261,Aishwarya Menon,12,Female,O-,Tiruppur,7233944953
P01262,Arjun Singh,38,Male,B+,Tiruvallur,8550325017
P01263,Aditya Patel,19,Male,O+,Coimbatore,6842902923
P01264,Suresh Patel,48,Male,O+,Hosur,9906053088
P01265,Neha Menon,15,Female,O-,Coimbatore,9667329045
P01266,Divya Raj,64,Female,A+,Erode,6592129964
P01267,Aditya Kumar,16,Male,A+,Hosur,8027558214
P01268,Aishwarya Mohan,10,Female,O+,Tiruttani,6115238023
P01269,Nithya Reddy,10,Female,B+,Madurai,9581897059
P01270,Aditya Sharma,62,Male,A+,Erode,7588195977
P01271,Harish Babu,9,Male,A+,Dindigul,9537893186
P01272,Naveen Mohan,31,Male,AB+,Salem,7401822720
P01273,Karthik Rao,17,Male,A+,Thanjavur,8220414474
P01274,Harish Reddy,82,Male,B+,Coimbatore,6599302020
P01275,Arjun Menon,88,Male,O+,Tiruvallur,8277521353
P01276,Ganesh Raj,62,Male,O+,Vellore,9646300593
P01277,Aishwarya Nair,44,Female,O+,Erode,8210291617
P01278,Pooja Verma,31,Female,A+,Erode,8104384196
P01279,Sneha Reddy,32,Female,A-,Tirunelveli,6080568566
P01280,Harini Mohan,58,Female,O+,Tirunelveli,8198655049
P01281,Harini Raj,55,Female,B+,Tiruppur,6634933965
P01282,Suresh Krishnan,31,Male,A+,Madurai,8626114243
P01283,Deepika Reddy,89,Female,O+,Thanjavur,7421880879
P01284,Harish Gupta,70,Male,B+,Dindigul,7199643385
P01285,Ganesh Reddy,55,Male,A-,Madurai,7058333430
P01286,Rahul Sharma,57,Male,AB+,Erode,6605457694
P01287,Divya Raj,44,Female,B+,Dindigul,7535365974
P01288,Pooja Mohan,62,Female,A+,Hosur,9634212545
P01289,Naveen Babu,84,Male,O+,Tiruvallur,7815269255
P01290,Pooja Menon,51,Female,O+,Tiruttani,8074235914
P01291,Aditya Sharma,75,Male,O+,Thanjavur,7893326145
P01292,Meera Babu,60,Female,A+,Trichy,6310081785
P01293,Karthik Mohan,18,Male,B+,Tiruppur,9845235426
P01294,Kavya Menon,61,Female,O+,Tiruppur,8208652377
P01295,Sneha Gupta,36,Female,A+,Trichy,6014005278
P01296,Arjun Mohan,76,Male,B+,Thanjavur,9002722142
P01297,Aishwarya Krishnan,52,Female,O+,Chennai,7391368172
P01298,Vikram Sharma,22,Male,O+,Dindigul,8862092973
P01299,Sneha Babu,45,Female,A+,Tiruttani,8322273938
P01300,Arjun Menon,41,Male,B+,Tiruvallur,8532366185
P01301,Vivek Singh,1,Male,A+,Tiruppur,9826971823
P01302,Priya Sharma,2,Female,O+,Coimbatore,7838821764
P01303,Harini Singh,36,Female,A+,Salem,8233222801
P01304,Kavya Reddy,44,Female,O+,Tiruvallur,8256062953
P01305,Deepika Kumar,73,Female,AB+,Thanjavur,6311804674
P01306,Rakesh Iyer,11,Male,O+,Tiruvallur,7185201362
P01307,Deepika Kumar,35,Female,B+,Trichy,6561547055
P01308,Swathi Sharma,48,Female,A+,Tirunelveli,7119556409
P01309,Prakash Babu,32,Male,A+,Tiruppur,6520702042
P01310,Sneha Krishnan,10,Female,AB+,Tiruppur,9212413936
P01311,Aishwarya Rao,40,Female,A+,Kanchipuram,6312677319
P01312,Karthik Nair,46,Male,A+,Vellore,6865339431
P01313,Ashwin Raj,35,Male,O+,Erode,7231202191
P01314,Keerthana Kumar,61,Female,AB+,Salem,7974700026
P01315,Pooja Menon,39,Female,A+,Salem,6974163656
P01316,Suresh Verma,26,Male,A+,Vellore,7373096496
P01317,Vivek Nair,11,Male,A+,Vellore,8963530597
P01318,Karthik Patel,31,Male,A+,Tiruppur,6364315948
P01319,Swathi Singh,35,Female,A+,Tirunelveli,8454434414
P01320,Aditya Gupta,84,Male,O+,Kanchipuram,8449743946
P01321,Priya Rao,63,Female,O+,Trichy,9958629739
P01322,Ananya Iyer,13,Female,AB-,Hosur,6202170754
P01323,Meera Menon,39,Female,A+,Tiruppur,8203004496
P01324,Pooja Mohan,12,Female,B+,Kanchipuram,9025121375
P01325,Keerthana Patel,45,Female,A+,Vellore,7708619931
P01326,Nithya Patel,32,Female,O+,Vellore,6631138850
P01327,Suresh Mohan,19,Male,O+,Thanjavur,8033474246
P01328,Ashwin Sharma,4,Male,B+,Dindigul,6868008529
P01329,Pooja Raj,27,Female,O+,Hosur,9774174304
P01330,Rakesh Patel,4,Male,A+,Hosur,7022894665
P01331,Vivek Raj,31,Male,O+,Madurai,8930202569
P01332,Vikram Iyer,53,Male,O+,Trichy,7677116750
P01333,Keerthana Singh,20,Female,B+,Vellore,7302453012
P01334,Harish Gupta,34,Male,AB+,Madurai,8034202847
P01335,Manoj Gupta,46,Male,O+,Dindigul,8224050764
P01336,Nithya Raj,81,Female,B+,Dindigul,6546199240
P01337,Divya Krishnan,43,Female,AB+,Tiruppur,8725812259
P01338,Manoj Gupta,56,Male,A+,Hosur,7482373379
P01339,Manoj Reddy,2,Male,O+,Chennai,9878035869
P01340,Ashwin Mohan,48,Male,A+,Chennai,6403925199
P01341,Nithya Patel,18,Female,B+,Tiruttani,9712227643
P01342,Naveen Nair,13,Male,A+,Salem,8216265496
P01343,Ganesh Iyer,46,Male,B+,Tiruvallur,8344470488
P01344,Neha Gupta,36,Female,O+,Tiruppur,9205968519
P01345,Meera Raj,61,Female,O+,Dindigul,8663295634
P01346,Vivek Mohan,36,Male,B+,Madurai,7920616581
P01347,Manoj Gupta,23,Male,A+,Dindigul,8294115630
P01348,Prakash Patel,44,Male,A+,Tirunelveli,8726294206
P01349,Ananya Patel,65,Female,A+,Thanjavur,7133138004
P01350,Harish Verma,23,Male,O+,Tiruvallur,8121548158
P01351,Rakesh Singh,43,Male,A+,Tirunelveli,7019185488
P01352,Aditya Menon,90,Male,O+,Tiruvallur,9062987787
P01353,Rakesh Patel,38,Male,B+,Salem,6419623421
P01354,Harish Mohan,30,Male,O+,Trichy,8041042948
P01355,Manoj Sharma,20,Male,A-,Tiruttani,9179726999
P01356,Swathi Babu,31,Female,A+,Trichy,9800366602
P01357,Arjun Kumar,32,Male,B+,Erode,7386310505
P01358,Suresh Iyer,53,Male,A+,Chennai,7826929900
P01359,Pooja Rao,51,Female,AB+,Hosur,6332838963
P01360,Rakesh Nair,28,Male,A+,Thanjavur,9862671368
P01361,Harini Sharma,2,Female,O+,Thanjavur,8339218835
P01362,Vivek Babu,28,Male,A+,Vellore,9677610659
P01363,Arjun Krishnan,63,Male,A+,Tiruvallur,7319279761
P01364,Lakshmi Rao,57,Female,B-,Tirunelveli,8845720266
P01365,Nithya Verma,38,Female,B+,Kanchipuram,7912573498
P01366,Rohan Patel,17,Male,B+,Thanjavur,9742990747
P01367,Manoj Gupta,44,Male,B-,Salem,9799670808
P01368,Kavya Krishnan,54,Female,A+,Thanjavur,7641839841
P01369,Aishwarya Iyer,20,Female,A+,Thanjavur,7369881649
P01370,Suresh Menon,45,Male,O+,Thanjavur,6052102627
P01371,Aditya Singh,22,Male,O-,Chennai,8484581308
P01372,Rakesh Krishnan,56,Male,A+,Thanjavur,8997418563
P01373,Karthik Mohan,77,Male,O-,Chennai,9305661995
P01374,Arjun Mohan,77,Male,A+,Coimbatore,7937846790
P01375,Lakshmi Babu,86,Female,O+,Tiruppur,8600136510
P01376,Suresh Mohan,17,Male,O+,Kanchipuram,9674568652
P01377,Priya Singh,25,Female,O+,Vellore,7996725622
P01378,Rahul Gupta,4,Male,O+,Thanjavur,7704747648
P01379,Deepika Raj,45,Female,O+,Tirunelveli,7213835071
P01380,Suresh Patel,52,Male,O+,Dindigul,9036221173
P01381,Ashwin Nair,39,Male,B+,Erode,8958558522
P01382,Sneha Krishnan,50,Female,B+,Vellore,9618575917
P01383,Arjun Patel,82,Male,AB+,Chennai,7491477447
P01384,Manoj Patel,37,Male,B+,Salem,6841715949
P01385,Meera Menon,22,Female,O+,Vellore,8788033183
P01386,Ananya Verma,52,Female,O+,Thanjavur,8608788281
P01387,Harini Reddy,41,Female,O+,Salem,6251521746
P01388,Keerthana Krishnan,18,Female,B+,Tiruppur,9189156734
P01389,Keerthana Singh,41,Female,A+,Tirunelveli,8969143362
P01390,Lakshmi Singh,39,Female,O+,Tiruttani,7099990010
P01391,Aishwarya Iyer,43,Female,O-,Tiruvallur,7211896844
P01392,Ashwin Menon,42,Male,B+,Salem,6957285759
P01393,Harini Rao,21,Female,B+,Tiruvallur,9221797891
P01394,Suresh Rao,45,Male,O-,Tiruppur,9705984451
P01395,Harini Mohan,20,Female,B+,Madurai,6811230388
P01396,Harini Singh,49,Female,B+,Kanchipuram,8978145900
P01397,Rakesh Sharma,44,Male,O+,Vellore,8866933515
P01398,Manoj Babu,26,Male,B+,Thanjavur,7326011939
P01399,Arjun Iyer,83,Male,O+,Kanchipuram,6425513609
P01400,Harish Rao,43,Male,B+,Tiruvallur,9045024373
P01401,Ananya Mohan,42,Female,A+,Tirunelveli,6271358969
P01402,Vikram Patel,22,Male,O+,Chennai,7856154731
P01403,Keerthana Singh,53,Female,A+,Kanchipuram,8551164369
P01404,Ashwin Reddy,53,Male,A+,Madurai,6028966605
P01405,Suresh Reddy,38,Male,AB+,Salem,9610197535
P01406,Pooja Verma,18,Female,B-,Chennai,8880273042
P01407,Pooja Iyer,42,Female,AB+,Salem,7471893953
P01408,Prakash Singh,27,Male,A+,Tirunelveli,7909228849
P01409,Harini Menon,57,Female,O+,Dindigul,8587271743
P01410,Ashwin Singh,63,Male,B-,Hosur,9640343988
P01411,Naveen Nair,20,Male,A+,Dindigul,7833364770
P01412,Ananya Iyer,65,Female,O+,Tiruttani,9538602826
P01413,Rohan Menon,47,Male,O-,Coimbatore,8319057720
P01414,Harini Menon,1,Female,B+,Tiruppur,7193245381
P01415,Prakash Nair,55,Male,O+,Thanjavur,8248709872
P01416,Kavya Verma,79,Female,O+,Madurai,7174224043
P01417,Aditya Sharma,22,Male,O+,Trichy,7686163070
P01418,Naveen Singh,31,Male,O+,Tiruttani,8009536621
P01419,Meera Singh,84,Female,O+,Vellore,6795001732
P01420,Harini Gupta,66,Female,B+,Trichy,6130722113
P01421,Swathi Kumar,61,Female,O-,Thanjavur,6722104546
P01422,Vivek Sharma,43,Male,AB+,Coimbatore,6074436023
P01423,Kavya Verma,50,Female,O+,Madurai,9602523941
P01424,Harish Mohan,89,Male,O+,Salem,7772690326
P01425,Divya Sharma,15,Female,A+,Coimbatore,6948024559
P01426,Ananya Singh,2,Female,O+,Thanjavur,9589126864
P01427,Kavya Nair,42,Female,B+,Madurai,8760088447
P01428,Priya Rao,60,Female,AB+,Erode,9919074992
P01429,Aditya Menon,7,Male,A+,Dindigul,8692353484
P01430,Kavya Nair,67,Female,A+,Coimbatore,8986546220
P01431,Rahul Reddy,24,Male,A+,Dindigul,8055033000
P01432,Naveen Rao,35,Male,B+,Tirunelveli,6391900889
P01433,Rahul Menon,25,Male,O+,Kanchipuram,9692327379
P01434,Nithya Babu,38,Female,O+,Hosur,7481867463
P01435,Arjun Kumar,84,Male,A+,Thanjavur,8361137118
P01436,Rohan Sharma,63,Male,B+,Dindigul,7582942034
P01437,Rahul Patel,25,Male,O+,Tirunelveli,6075699944
P01438,Keerthana Singh,30,Female,B+,Coimbatore,9824028182
P01439,Ashwin Iyer,45,Male,O-,Salem,9262085817
P01440,Nithya Patel,80,Female,O+,Tiruttani,7364235700
P01441,Ananya Reddy,43,Female,A-,Erode,7181612559
P01442,Suresh Krishnan,58,Male,O+,Chennai,9792304660
P01443,Rahul Reddy,42,Male,O+,Coimbatore,9123296151
P01444,Arjun Krishnan,83,Male,B+,Chennai,6665344604
P01445,Ganesh Reddy,79,Male,B-,Tiruvallur,7601915305
P01446,Nithya Babu,52,Female,B-,Salem,6243586176
P01447,Karthik Patel,50,Male,AB+,Thanjavur,8670866656
P01448,Rakesh Reddy,14,Male,A-,Kanchipuram,6687849477
P01449,Ashwin Reddy,32,Male,A+,Chennai,6184897422
P01450,Rohan Verma,16,Male,O+,Salem,6682121564
P01451,Sneha Patel,25,Female,O+,Tirunelveli,7411197388
P01452,Naveen Reddy,26,Male,AB+,Tirunelveli,8435948821
P01453,Swathi Raj,26,Female,AB-,Tirunelveli,7051102125
P01454,Meera Krishnan,48,Female,AB+,Madurai,8016049860
P01455,Vivek Reddy,24,Male,B+,Erode,6003203197
P01456,Rahul Sharma,47,Male,A-,Trichy,7713171978
P01457,Priya Raj,58,Female,O-,Madurai,7908419478
P01458,Keerthana Patel,86,Female,O+,Trichy,6535821072
P01459,Neha Babu,3,Female,B+,Kanchipuram,9371616088
P01460,Manoj Gupta,30,Male,O+,Trichy,6477183753
P01461,Vivek Mohan,29,Male,O-,Chennai,8480855780
P01462,Karthik Krishnan,17,Male,O+,Hosur,8362216906
P01463,Neha Patel,54,Female,A+,Tiruppur,9675169139
P01464,Nithya Babu,70,Female,O+,Chennai,9642610703
P01465,Rohan Kumar,86,Male,A+,Salem,8431983924
P01466,Neha Sharma,13,Female,O+,Coimbatore,6910530215
P01467,Aditya Nair,63,Male,B-,Dindigul,7633953481
P01468,Arjun Patel,2,Male,O-,Salem,6642789615
P01469,Meera Rao,29,Female,O+,Hosur,9775123959
P01470,Neha Sharma,34,Female,O+,Tiruvallur,9972360244
P01471,Harini Babu,57,Female,B+,Tirunelveli,6720517107
P01472,Arjun Verma,29,Male,A+,Hosur,7783703175
P01473,Meera Rao,3,Female,O-,Salem,9485726029
P01474,Rohan Menon,58,Male,B+,Tirunelveli,8728840766
P01475,Sneha Kumar,38,Female,B+,Madurai,6135386762
P01476,Swathi Reddy,21,Female,A+,Erode,6906048869
P01477,Karthik Kumar,57,Male,B+,Salem,9508927396
P01478,Ganesh Patel,40,Male,A+,Salem,9535670789
P01479,Aishwarya Babu,34,Female,O+,Tiruvallur,9903842273
P01480,Nithya Verma,24,Female,O+,Chennai,8227111757
P01481,Swathi Sharma,69,Female,A+,Chennai,7298514486
P01482,Arjun Patel,14,Male,AB+,Kanchipuram,9392202698
P01483,Rahul Mohan,23,Male,A+,Tiruppur,9068017703
P01484,Aditya Mohan,25,Male,O+,Vellore,9049332672
P01485,Lakshmi Menon,33,Female,AB+,Tiruvallur,6294763808
P01486,Prakash Kumar,56,Male,O+,Madurai,7998519393
P01487,Vivek Babu,25,Male,A+,Erode,9291635049
P01488,Priya Reddy,59,Female,A+,Thanjavur,7272845397
P01489,Swathi Babu,37,Female,O+,Dindigul,9886406756
P01490,Karthik Kumar,29,Male,A+,Tiruvallur,8902215439
P01491,Suresh Menon,27,Male,A+,Madurai,8533320235
P01492,Arjun Reddy,56,Male,O+,Chennai,9935450369
P01493,Nithya Raj,16,Female,B+,Trichy,8243629620
P01494,Rohan Gupta,63,Male,AB-,Trichy,9244129075
P01495,Divya Mohan,65,Female,B+,Chennai,9237631774
P01496,Kavya Reddy,1,Female,A+,Kanchipuram,7193759192
P01497,Aditya Nair,4,Male,O+,Vellore,8626475286
P01498,Pooja Sharma,50,Female,B+,Tiruttani,6173009928
P01499,Divya Verma,13,Female,O+,Dindigul,9153550514
P01500,Harish Raj,22,Male,B+,Salem,8087797247
P01501,Rohan Babu,50,Male,O+,Coimbatore,8458192048
P01502,Aishwarya Kumar,38,Female,AB+,Trichy,8329986515
P01503,Karthik Patel,43,Male,B+,Tirunelveli,7085858838
P01504,Manoj Patel,61,Male,O+,Hosur,8084672925
P01505,Lakshmi Iyer,56,Female,B+,Coimbatore,6282225018
P01506,Rohan Babu,58,Male,O+,Tiruttani,7728639420
P01507,Rakesh Reddy,53,Male,O-,Coimbatore,7992900966
P01508,Rakesh Babu,30,Male,A+,Chennai,7509563217
P01509,Deepika Kumar,4,Female,B+,Chennai,9933538922
P01510,Suresh Verma,28,Male,A-,Trichy,6006082770
P01511,Pooja Menon,39,Female,AB+,Chennai,6626438500
P01512,Meera Nair,17,Female,A+,Tiruppur,6231336109
P01513,Kavya Babu,7,Female,O+,Trichy,9654413727
P01514,Deepika Mohan,37,Female,A+,Tirunelveli,9634942904
P01515,Harini Sharma,36,Female,O+,Erode,6017999324
P01516,Arjun Mohan,21,Male,O+,Salem,7417234565
P01517,Naveen Verma,34,Male,A+,Hosur,9254853626
P01518,Suresh Babu,32,Male,A+,Dindigul,7100953855
P01519,Nithya Menon,19,Female,B+,Trichy,7990093781
P01520,Deepika Singh,8,Female,AB+,Thanjavur,6143788443
P01521,Priya Singh,48,Female,A+,Tiruppur,7646726368
P01522,Rohan Krishnan,24,Male,O+,Vellore,9027729108
P01523,Divya Kumar,63,Female,A+,Salem,8566050337
P01524,Lakshmi Singh,33,Female,O+,Tirunelveli,6730671822
P01525,Aditya Singh,61,Male,O-,Thanjavur,7190878865
P01526,Naveen Raj,45,Male,AB+,Chennai,6739634289
P01527,Pooja Kumar,56,Female,B+,Thanjavur,7049221704
P01528,Harini Babu,63,Female,AB+,Thanjavur,6066320162
P01529,Vivek Iyer,84,Male,A+,Hosur,9982718265
P01530,Manoj Raj,14,Male,A+,Tiruttani,9864942694
P01531,Arjun Iyer,64,Male,A+,Thanjavur,8135490145
P01532,Aishwarya Kumar,85,Female,O+,Kanchipuram,7873054982
P01533,Meera Rao,89,Female,B+,Thanjavur,8021781678
P01534,Aditya Krishnan,34,Male,B+,Thanjavur,9589016492
P01535,Rohan Kumar,20,Male,B+,Coimbatore,6092640703
P01536,Naveen Krishnan,42,Male,B+,Tiruvallur,9726282968
P01537,Ashwin Verma,55,Male,AB+,Vellore,9072889592
P01538,Deepika Menon,7,Female,A+,Tirunelveli,9961276620
P01539,Naveen Reddy,53,Male,B+,Tiruppur,9263444359
P01540,Deepika Krishnan,17,Female,O+,Erode,6012042425
P01541,Aditya Gupta,2,Male,A-,Madurai,8753028497
P01542,Keerthana Verma,67,Female,O+,Tirunelveli,6024365240
P01543,Divya Iyer,59,Female,O+,Hosur,9875403648
P01544,Rahul Patel,64,Male,A+,Tiruppur,8854662323
P01545,Priya Singh,40,Female,B+,Kanchipuram,6491259497
P01546,Karthik Babu,5,Male,O+,Erode,6226992066
P01547,Ananya Nair,84,Female,A+,Madurai,8569992998
P01548,Vikram Patel,61,Male,AB+,Tirunelveli,6779256041
P01549,Suresh Rao,21,Male,A-,Hosur,7931539839
P01550,Karthik Reddy,26,Male,O+,Coimbatore,7407629143
P01551,Rakesh Menon,64,Male,O+,Salem,9038975287
P01552,Arjun Gupta,39,Male,B+,Tiruvallur,6422405920
P01553,Vikram Patel,46,Male,A+,Tiruppur,6691948962
P01554,Ashwin Verma,43,Male,O+,Chennai,9753079661
P01555,Swathi Patel,70,Female,B+,Thanjavur,7043474125
P01556,Rahul Krishnan,23,Male,B+,Tiruvallur,6100777321
P01557,Divya Kumar,14,Female,B+,Hosur,8025999193
P01558,Meera Iyer,32,Female,O+,Madurai,7447489047
P01559,Priya Nair,63,Female,A+,Madurai,8510765191
P01560,Deepika Kumar,88,Female,A+,Hosur,7173289514
P01561,Pooja Iyer,67,Female,B+,Coimbatore,7805581157
P01562,Kavya Babu,58,Female,B+,Trichy,9607700409
P01563,Ganesh Verma,55,Male,O+,Salem,9840398221
P01564,Ashwin Iyer,38,Male,B+,Hosur,9385886407
P01565,Karthik Singh,45,Male,B+,Coimbatore,6469333562
P01566,Arjun Mohan,20,Male,O+,Tiruvallur,9880670898
P01567,Priya Gupta,23,Female,B+,Kanchipuram,9843113266
P01568,Rahul Patel,43,Male,O+,Chennai,7263211960
P01569,Aishwarya Raj,51,Female,O+,Vellore,8970774544
P01570,Nithya Babu,67,Female,AB+,Thanjavur,8317146199
P01571,Nithya Iyer,39,Female,AB+,Tiruppur,6626235960
P01572,Meera Kumar,19,Female,O+,Erode,7025787036
P01573,Priya Patel,67,Female,A+,Chennai,6636050281
P01574,Kavya Verma,9,Female,A+,Chennai,8909120302
P01575,Sneha Kumar,36,Female,O+,Trichy,6597953192
P01576,Priya Kumar,43,Female,A+,Madurai,6574544920
P01577,Kavya Babu,45,Female,O+,Salem,7381180818
P01578,Divya Krishnan,32,Female,O+,Tiruvallur,7566229521
P01579,Swathi Nair,12,Female,A+,Chennai,8616248607
P01580,Suresh Nair,50,Male,B+,Tiruttani,6023515850
P01581,Rohan Iyer,48,Male,A+,Thanjavur,9671560587
P01582,Rohan Reddy,17,Male,O+,Trichy,7479406453
P01583,Ashwin Raj,40,Male,A+,Vellore,6191898664
P01584,Swathi Iyer,38,Female,O-,Erode,8359748768
P01585,Rohan Krishnan,31,Male,B-,Dindigul,6718430192
P01586,Arjun Gupta,41,Male,O+,Trichy,8973239644
P01587,Karthik Verma,30,Male,O+,Hosur,8676992427
P01588,Lakshmi Iyer,31,Female,O+,Erode,7202320914
P01589,Rahul Singh,33,Male,B+,Madurai,7423471998
P01590,Ganesh Gupta,11,Male,A+,Tiruvallur,7154526075
P01591,Swathi Babu,28,Female,O+,Trichy,9006433226
P01592,Ganesh Reddy,40,Male,A+,Trichy,9680664707
P01593,Vikram Rao,33,Male,A+,Chennai,7952984241
P01594,Ashwin Nair,55,Male,B+,Madurai,6406758267
P01595,Sneha Patel,26,Female,AB+,Tirunelveli,8003638564
P01596,Nithya Sharma,20,Female,O+,Kanchipuram,6931839979
P01597,Keerthana Gupta,54,Female,A+,Dindigul,6099550493
P01598,Rakesh Singh,59,Male,O+,Madurai,8394612128
P01599,Ashwin Verma,76,Male,B+,Erode,7340012762
P01600,Ganesh Iyer,62,Male,B+,Salem,6422567871
P01601,Ganesh Reddy,21,Male,B+,Thanjavur,6058416806
P01602,Harish Iyer,54,Male,A+,Vellore,6479984605
P01603,Deepika Nair,44,Female,B+,Tirunelveli,8830972361
P01604,Rakesh Rao,3,Male,A+,Tirunelveli,6201655578
P01605,Kavya Patel,42,Female,A-,Vellore,7575124764
P01606,Arjun Kumar,40,Male,O+,Hosur,6824051665
P01607,Divya Sharma,17,Female,AB+,Salem,9899740233
P01608,Lakshmi Rao,66,Female,A+,Trichy,7701703630
P01609,Harini Mohan,16,Female,A+,Tirunelveli,9205089830
P01610,Nithya Sharma,23,Female,A+,Kanchipuram,6197979724
P01611,Sneha Rao,16,Female,A+,Kanchipuram,7804507356
P01612,Kavya Rao,66,Female,A+,Tiruppur,8940598026
P01613,Karthik Babu,34,Male,O+,Tiruvallur,9315892584
P01614,Vivek Iyer,50,Male,O+,Coimbatore,6774867595
P01615,Ashwin Menon,7,Male,B+,Tiruttani,8308829586
P01616,Ananya Gupta,33,Female,B+,Trichy,8605869427
P01617,Keerthana Nair,21,Female,O+,Tiruvallur,6306629315
P01618,Manoj Rao,90,Male,O+,Erode,8426559469
P01619,Ganesh Singh,73,Male,O+,Dindigul,8371798902
P01620,Vikram Nair,64,Male,O+,Dindigul,6548708477
P01621,Nithya Menon,8,Female,A+,Vellore,7398188907
P01622,Vivek Rao,10,Male,O+,Tiruppur,9894589626
P01623,Naveen Menon,40,Male,A+,Erode,9207612396
P01624,Karthik Sharma,87,Male,B+,Thanjavur,7188129886
P01625,Naveen Raj,25,Male,O+,Tiruvallur,6066901079
P01626,Vikram Nair,64,Male,A+,Tirunelveli,8348649703
P01627,Priya Singh,40,Female,A+,Tirunelveli,8355707731
P01628,Rakesh Raj,52,Male,O+,Vellore,7057052187
P01629,Naveen Menon,54,Male,O+,Salem,7883114147
P01630,Ashwin Mohan,50,Male,A-,Thanjavur,7036871568
P01631,Harish Kumar,40,Male,AB+,Tiruppur,6802344568
P01632,Kavya Singh,84,Female,AB+,Chennai,8664016329
P01633,Aishwarya Iyer,62,Female,B+,Tiruvallur,9597572927
P01634,Rahul Rao,43,Male,B+,Trichy,9291585423
P01635,Karthik Menon,12,Male,A+,Erode,7483966073
P01636,Kavya Raj,41,Female,B+,Tirunelveli,8159584174
P01637,Aditya Sharma,36,Male,O+,Madurai,8181698141
P01638,Manoj Raj,17,Male,B+,Tirunelveli,9948377402
P01639,Naveen Singh,23,Male,AB-,Trichy,9265099621
P01640,Aditya Singh,29,Male,A+,Tirunelveli,6661025634
P01641,Manoj Mohan,3,Male,O+,Dindigul,8499801376
P01642,Ganesh Singh,45,Male,B+,Coimbatore,6791524461
P01643,Kavya Kumar,32,Female,O+,Tiruvallur,7174656426
P01644,Rahul Rao,41,Male,B+,Tirunelveli,8199569559
P01645,Ashwin Reddy,40,Male,A+,Tiruttani,7149003850
P01646,Harish Raj,28,Male,B+,Trichy,7448672288
P01647,Prakash Kumar,33,Male,A-,Coimbatore,7546157493
P01648,Rohan Sharma,24,Male,B+,Tiruppur,6953120409
P01649,Kavya Iyer,39,Female,A+,Erode,8085800187
P01650,Rahul Menon,14,Male,O+,Coimbatore,7367862107
P01651,Naveen Nair,10,Male,B+,Thanjavur,7642570680
P01652,Rakesh Singh,52,Male,O+,Hosur,9542306002
P01653,Arjun Reddy,79,Male,AB+,Thanjavur,7052241142
P01654,Aditya Singh,29,Male,O+,Salem,7992016633
P01655,Karthik Reddy,54,Male,O+,Vellore,8922205620
P01656,Ashwin Babu,27,Male,AB+,Coimbatore,8484339133
P01657,Rohan Reddy,29,Male,B+,Madurai,8945645234
P01658,Naveen Singh,25,Male,O+,Tiruppur,6024986634
P01659,Harish Kumar,64,Male,A-,Trichy,6773498529
P01660,Keerthana Iyer,28,Female,O+,Madurai,6655914762
P01661,Harini Iyer,62,Female,O+,Tiruttani,6641475336
P01662,Sneha Menon,54,Female,O-,Tirunelveli,6535389629
P01663,Nithya Iyer,16,Female,AB+,Dindigul,6792415712
P01664,Keerthana Krishnan,59,Female,A-,Dindigul,8543468586
P01665,Ashwin Gupta,2,Male,A+,Erode,8497939981
P01666,Ananya Patel,62,Female,O+,Tirunelveli,8710307372
P01667,Priya Nair,46,Female,A-,Salem,6780826493
P01668,Karthik Sharma,78,Male,B+,Kanchipuram,7762542926
P01669,Divya Raj,32,Female,A+,Tiruppur,8994036948
P01670,Ashwin Sharma,19,Male,B+,Tirunelveli,7971967068
P01671,Vikram Patel,14,Male,O+,Tirunelveli,9259016399
P01672,Nithya Gupta,2,Female,O+,Trichy,7437673481
P01673,Priya Verma,34,Female,O+,Chennai,9679301481
P01674,Aditya Kumar,84,Male,B+,Kanchipuram,9004202886
P01675,Lakshmi Sharma,43,Female,AB-,Dindigul,9990342134
P01676,Kavya Rao,15,Female,AB-,Trichy,7316079179
P01677,Vikram Mohan,27,Male,O+,Hosur,6117132194
P01678,Karthik Menon,87,Male,AB+,Madurai,9411287452
P01679,Lakshmi Babu,10,Female,O+,Tirunelveli,6857646391
P01680,Naveen Raj,67,Male,O-,Tiruppur,7916194232
P01681,Rohan Menon,48,Male,B+,Coimbatore,7350696261
P01682,Neha Menon,56,Female,O+,Vellore,8741025471
P01683,Swathi Rao,45,Female,O+,Erode,7669489930
P01684,Rohan Sharma,36,Male,A+,Vellore,6355842271
P01685,Sneha Singh,37,Female,A+,Chennai,7607001441
P01686,Arjun Verma,39,Male,AB+,Salem,9871006689
P01687,Ashwin Menon,90,Male,O+,Madurai,8076238115
P01688,Karthik Iyer,15,Male,O+,Erode,8408475283
P01689,Swathi Gupta,27,Female,O+,Coimbatore,9847913511
P01690,Rohan Krishnan,6,Male,O+,Hosur,6228920641
P01691,Aishwarya Rao,85,Female,B+,Erode,8028010419
P01692,Lakshmi Verma,56,Female,O+,Coimbatore,7281447867
P01693,Nithya Mohan,43,Female,O+,Coimbatore,8063578037
P01694,Ashwin Reddy,11,Male,B+,Tiruttani,6436990558
P01695,Divya Mohan,37,Female,A+,Salem,9842906969
P01696,Harish Menon,30,Male,A+,Hosur,6061065673
P01697,Vivek Raj,20,Male,O-,Coimbatore,6527613681
P01698,Swathi Mohan,30,Female,A+,Thanjavur,9843769929
P01699,Kavya Menon,41,Female,AB+,Madurai,7084232423
P01700,Neha Kumar,54,Female,O+,Dindigul,8415536915
P01701,Divya Nair,22,Female,O-,Tirunelveli,8796024257
P01702,Vikram Raj,23,Male,O+,Hosur,7945231582
P01703,Meera Kumar,15,Female,B+,Tirunelveli,8991721742
P01704,Rakesh Reddy,2,Male,A+,Erode,8153926693
P01705,Keerthana Verma,4,Female,B-,Tiruvallur,7031392804
P01706,Priya Reddy,19,Female,O+,Kanchipuram,9193335937
P01707,Ananya Gupta,1,Female,B+,Madurai,7616225647
P01708,Naveen Babu,45,Male,O+,Dindigul,6992304532
P01709,Rahul Singh,60,Male,A+,Hosur,9456474370
P01710,Prakash Menon,77,Male,O+,Kanchipuram,9177666505
P01711,Ashwin Nair,39,Male,O+,Chennai,8815780619
P01712,Karthik Reddy,23,Male,O+,Tiruppur,6067635322
P01713,Ashwin Nair,18,Male,A+,Coimbatore,8684856371
P01714,Suresh Verma,17,Male,O+,Chennai,9375398923
P01715,Vikram Reddy,18,Male,A+,Thanjavur,6693278417
P01716,Manoj Krishnan,36,Male,A+,Tiruttani,7382011406
P01717,Sneha Babu,35,Female,O+,Tiruppur,8512724553
P01718,Vivek Verma,38,Male,O+,Hosur,6976487849
P01719,Sneha Reddy,25,Female,A+,Dindigul,7104625069
P01720,Prakash Singh,43,Male,O-,Tiruvallur,9206276729
P01721,Harish Patel,65,Male,A+,Hosur,8442129146
P01722,Lakshmi Kumar,25,Female,O+,Tiruttani,6780457972
P01723,Ananya Verma,27,Female,A+,Trichy,8982147823
P01724,Vivek Krishnan,50,Male,B+,Tiruttani,7516767063
P01725,Deepika Iyer,62,Female,A+,Chennai,9122008484
P01726,Aditya Verma,21,Male,O+,Hosur,8679608289
P01727,Aishwarya Babu,48,Female,B+,Tirunelveli,9549469208
P01728,Lakshmi Singh,24,Female,AB+,Coimbatore,8249519350
P01729,Rahul Sharma,55,Male,A+,Tiruppur,7808038890
P01730,Kavya Krishnan,5,Female,O+,Trichy,9566851353
P01731,Suresh Rao,41,Male,O+,Vellore,7803090168
P01732,Pooja Menon,41,Female,AB+,Tiruppur,7019027169
P01733,Vivek Babu,14,Male,O+,Erode,6686119976
P01734,Divya Gupta,62,Female,O+,Trichy,8617050583
P01735,Meera Menon,43,Female,O+,Vellore,6572853533
P01736,Suresh Reddy,30,Male,O+,Tiruttani,6580158466
P01737,Swathi Verma,25,Female,O+,Madurai,7327276698
P01738,Suresh Patel,6,Male,AB+,Dindigul,9252854613
P01739,Manoj Rao,32,Male,A-,Chennai,6207382777
P01740,Lakshmi Babu,69,Female,O+,Hosur,7252786309
P01741,Arjun Nair,70,Male,O+,Tiruvallur,8423447305
P01742,Keerthana Verma,60,Female,B-,Coimbatore,6199716596
P01743,Harini Singh,40,Female,A+,Chennai,6833440095
P01744,Karthik Mohan,55,Male,A-,Thanjavur,6537932219
P01745,Manoj Menon,22,Male,B+,Tiruppur,9547360157
P01746,Rahul Mohan,67,Male,B+,Coimbatore,9162600802
P01747,Divya Rao,32,Female,B+,Tiruvallur,6597833548
P01748,Rohan Nair,65,Male,O+,Salem,6791463866
P01749,Deepika Verma,15,Female,O+,Trichy,9726652824
P01750,Neha Patel,22,Female,O-,Dindigul,6240002086
P01751,Rahul Menon,58,Male,B+,Vellore,9908543271
P01752,Deepika Iyer,52,Female,B-,Vellore,6369301000
P01753,Naveen Verma,33,Male,O+,Tiruppur,9048028354
P01754,Rohan Rao,65,Male,B+,Kanchipuram,9930437661
P01755,Manoj Singh,43,Male,O-,Chennai,9226815947
P01756,Harini Nair,57,Female,O-,Trichy,9105833096
P01757,Lakshmi Iyer,45,Female,A+,Madurai,9891426937
P01758,Nithya Verma,26,Female,B+,Coimbatore,6767187762
P01759,Aditya Mohan,21,Male,A+,Thanjavur,7016276292
P01760,Aditya Singh,42,Male,AB+,Erode,9937616522
P01761,Vivek Menon,33,Male,AB+,Kanchipuram,9255977726
P01762,Swathi Verma,35,Female,O+,Tiruvallur,8858050141
P01763,Ananya Mohan,78,Female,O+,Erode,8912956518
P01764,Ananya Krishnan,17,Female,A+,Chennai,9500924492
P01765,Neha Verma,57,Female,B+,Chennai,8029301125
P01766,Rahul Krishnan,27,Male,A+,Madurai,9695222336
P01767,Rakesh Sharma,26,Male,A+,Tiruttani,9073024266
P01768,Suresh Babu,60,Male,A+,Tiruppur,7057144695
P01769,Deepika Raj,74,Female,O+,Tirunelveli,6354453451
P01770,Pooja Krishnan,43,Female,B-,Thanjavur,6583483483
P01771,Deepika Rao,86,Female,O+,Tirunelveli,6366485320
P01772,Aishwarya Patel,26,Female,O-,Tiruttani,7326983443
P01773,Swathi Babu,43,Female,O+,Chennai,7505092846
P01774,Sneha Babu,47,Female,A+,Salem,8939077372
P01775,Kavya Krishnan,57,Female,B+,Thanjavur,9380162585
P01776,Rohan Kumar,46,Male,O+,Vellore,9281435312
P01777,Swathi Menon,53,Female,AB+,Hosur,6953111235
P01778,Suresh Verma,18,Male,O+,Tiruppur,7286625108
P01779,Aishwarya Iyer,43,Female,B+,Vellore,7451460919
P01780,Rohan Sharma,11,Male,O-,Salem,7553706272
P01781,Aditya Nair,20,Male,O+,Coimbatore,8157562641
P01782,Manoj Singh,5,Male,A+,Erode,6620990693
P01783,Prakash Verma,26,Male,B+,Trichy,7167045059
P01784,Ganesh Verma,23,Male,B+,Tirunelveli,6312343888
P01785,Suresh Rao,28,Male,B+,Thanjavur,8025936450
P01786,Naveen Reddy,53,Male,O+,Salem,8755767299
P01787,Rahul Babu,44,Male,O+,Salem,7318343695
P01788,Ganesh Raj,1,Male,B+,Tiruvallur,8977115062
P01789,Ashwin Mohan,30,Male,A+,Hosur,7173281629
P01790,Harish Kumar,61,Male,O+,Kanchipuram,8219836915
P01791,Meera Krishnan,41,Female,O+,Chennai,7298770745
P01792,Rohan Verma,17,Male,O+,Chennai,9202683878
P01793,Ganesh Iyer,55,Male,B+,Tiruttani,9295867603
P01794,Suresh Kumar,32,Male,O+,Thanjavur,6541823688
P01795,Arjun Sharma,63,Male,B+,Tiruppur,8105133460
P01796,Naveen Menon,13,Male,O+,Erode,8532083168
P01797,Harish Raj,33,Male,A+,Chennai,8891736907
P01798,Deepika Nair,31,Female,O+,Chennai,7214107071
P01799,Meera Menon,26,Female,B+,Thanjavur,7123708511
P01800,Prakash Menon,55,Male,A+,Tiruttani,7697296556
P01801,Prakash Reddy,41,Male,O+,Tiruppur,6188626395
P01802,Ananya Reddy,58,Female,O-,Tiruppur,8055737138
P01803,Nithya Menon,47,Female,O+,Madurai,8461446627
P01804,Meera Babu,17,Female,A-,Coimbatore,9761421524
P01805,Rahul Gupta,43,Male,B+,Trichy,6470465689
P01806,Swathi Rao,66,Female,O+,Erode,8004837936
P01807,Harish Verma,6,Male,A+,Madurai,8912706593
P01808,Ananya Kumar,67,Female,A+,Tiruttani,8911872282
P01809,Aishwarya Sharma,26,Female,O+,Coimbatore,6960757898
P01810,Keerthana Gupta,35,Female,A+,Tiruppur,9522171148
P01811,Harini Patel,77,Female,A+,Coimbatore,9061735631
P01812,Meera Verma,10,Female,A+,Vellore,7726169496
P01813,Vivek Mohan,28,Male,O+,Tiruvallur,8899906820
P01814,Manoj Iyer,26,Male,A+,Tirunelveli,6532163361
P01815,Rahul Nair,42,Male,O+,Kanchipuram,9049037295
P01816,Divya Rao,62,Female,O+,Dindigul,6399812743
P01817,Karthik Mohan,36,Male,O+,Hosur,7192581476
P01818,Ganesh Mohan,24,Male,AB-,Dindigul,8601863994
P01819,Kavya Sharma,63,Female,O+,Trichy,9563093079
P01820,Neha Krishnan,65,Female,O+,Kanchipuram,6459872408
P01821,Harish Sharma,32,Male,O+,Hosur,9668113397
P01822,Ganesh Singh,41,Male,B+,Coimbatore,6340242224
P01823,Harish Gupta,33,Male,AB+,Chennai,6323654018
P01824,Ashwin Raj,34,Male,O+,Hosur,7202435094
P01825,Pooja Patel,48,Female,O+,Dindigul,6156409941
P01826,Aishwarya Patel,21,Female,B+,Coimbatore,8705424519
P01827,Naveen Mohan,58,Male,AB+,Thanjavur,9035659429
P01828,Arjun Krishnan,73,Male,A+,Dindigul,6696922953
P01829,Naveen Singh,5,Male,O+,Coimbatore,8909342424
P01830,Aditya Singh,62,Male,B+,Salem,6334889334
P01831,Vivek Patel,24,Male,A+,Tirunelveli,7086542438
P01832,Aditya Gupta,83,Male,O+,Chennai,6435095288
P01833,Swathi Menon,61,Female,AB+,Tiruvallur,9396964535
P01834,Rakesh Verma,36,Male,O+,Tiruppur,9883009954
P01835,Naveen Rao,72,Male,A-,Salem,6686679899
P01836,Aishwarya Kumar,29,Female,A+,Tiruvallur,9690149711
P01837,Manoj Iyer,54,Male,B+,Dindigul,6156756650
P01838,Ananya Rao,59,Female,A-,Thanjavur,9674492343
P01839,Swathi Mohan,39,Female,A+,Vellore,9450566937
P01840,Kavya Kumar,24,Female,B+,Salem,8861789257
P01841,Suresh Kumar,56,Male,O+,Tiruvallur,8857626481
P01842,Harini Raj,23,Female,O+,Trichy,6806358530
P01843,Arjun Raj,3,Male,A+,Kanchipuram,6951930485
P01844,Ganesh Verma,81,Male,A+,Erode,6703656203
P01845,Meera Menon,35,Female,O+,Kanchipuram,7689633181
P01846,Vikram Iyer,39,Male,O+,Dindigul,9731744577
P01847,Sneha Krishnan,30,Female,A+,Tirunelveli,6850898977
P01848,Harini Nair,77,Female,B+,Thanjavur,7348529537
P01849,Harini Menon,46,Female,B-,Hosur,8767687404
P01850,Arjun Verma,40,Male,A+,Salem,6534115733
P01851,Prakash Gupta,1,Male,B+,Chennai,7065658234
P01852,Divya Iyer,36,Female,B+,Tirunelveli,7352326600
P01853,Suresh Nair,10,Male,B+,Coimbatore,9349561199
P01854,Keerthana Patel,68,Female,A+,Thanjavur,7837466144
P01855,Aishwarya Singh,82,Female,B+,Thanjavur,6870479666
P01856,Harish Gupta,6,Male,B+,Vellore,6599508914
P01857,Harish Iyer,46,Male,B+,Kanchipuram,8764054739
P01858,Sneha Mohan,17,Female,O+,Coimbatore,8186604747
P01859,Vikram Rao,28,Male,O+,Dindigul,7247442035
P01860,Kavya Sharma,12,Female,AB+,Madurai,8873518664
P01861,Aishwarya Menon,2,Female,B-,Tiruttani,7183025853
P01862,Lakshmi Singh,63,Female,AB+,Vellore,8988521789
P01863,Divya Mohan,45,Female,O+,Kanchipuram,7128655816
P01864,Divya Raj,32,Female,A+,Tiruvallur,9934891800
P01865,Naveen Sharma,58,Male,O+,Madurai,8421959730
P01866,Karthik Sharma,30,Male,A+,Trichy,7114613315
P01867,Divya Iyer,48,Female,O+,Chennai,8044077811
P01868,Prakash Mohan,57,Male,B+,Salem,7576634541
P01869,Prakash Gupta,7,Male,A-,Tiruvallur,7520641910
P01870,Ananya Mohan,58,Female,B-,Tirunelveli,9008224216
P01871,Aditya Verma,30,Male,O+,Coimbatore,6562699620
P01872,Ashwin Menon,28,Male,B+,Chennai,7932572287
P01873,Harish Iyer,13,Male,O+,Thanjavur,6485972438
P01874,Ananya Reddy,28,Female,O+,Madurai,9580286060
P01875,Neha Kumar,15,Female,O+,Tirunelveli,7474769509
P01876,Suresh Verma,9,Male,B-,Kanchipuram,7664301655
P01877,Harini Reddy,21,Female,A+,Erode,6656993136
P01878,Aditya Krishnan,15,Male,AB+,Chennai,9138604794
P01879,Lakshmi Mohan,10,Female,B+,Trichy,9351489538
P01880,Harish Gupta,14,Male,A+,Hosur,9479053472
P01881,Prakash Patel,59,Male,A+,Thanjavur,9953267084
P01882,Keerthana Krishnan,39,Female,AB+,Vellore,6292582282
P01883,Manoj Raj,16,Male,O+,Vellore,8068856846
P01884,Lakshmi Singh,42,Female,O+,Tirunelveli,7583744959
P01885,Divya Reddy,6,Female,B+,Coimbatore,6555928974
P01886,Kavya Sharma,68,Female,B+,Salem,6267511997
P01887,Kavya Patel,22,Female,A+,Hosur,7156419678
P01888,Meera Mohan,47,Female,A+,Trichy,7820163015
P01889,Deepika Krishnan,17,Female,O+,Erode,7834927668
P01890,Prakash Krishnan,34,Male,A+,Dindigul,9180403348
P01891,Rahul Verma,53,Male,A+,Trichy,7866715544
P01892,Lakshmi Kumar,44,Female,O+,Tirunelveli,9967462720
P01893,Nithya Iyer,35,Female,B+,Coimbatore,9928567285
P01894,Karthik Sharma,57,Male,B-,Dindigul,8830775582
P01895,Ganesh Reddy,39,Male,O+,Kanchipuram,7678446078
P01896,Rakesh Nair,48,Male,B+,Tiruttani,9981775512
P01897,Kavya Sharma,65,Female,B+,Vellore,8164982838
P01898,Deepika Gupta,40,Female,A+,Vellore,6590705549
P01899,Deepika Raj,55,Female,O+,Hosur,6877156922
P01900,Rakesh Gupta,22,Male,AB+,Chennai,6634153597
P01901,Ananya Kumar,49,Female,O+,Vellore,7773494314
P01902,Sneha Reddy,37,Female,A+,Erode,7641354741
P01903,Neha Patel,57,Female,A+,Kanchipuram,7232855580
P01904,Aishwarya Babu,41,Female,A+,Erode,9660284136
P01905,Vikram Iyer,55,Male,A+,Salem,9714697147
P01906,Nithya Raj,53,Female,B-,Coimbatore,7595083745
P01907,Priya Sharma,32,Female,B+,Tirunelveli,9017590017
P01908,Aditya Nair,34,Male,A+,Tiruppur,6928551621
P01909,Swathi Raj,63,Female,B+,Tiruttani,6763536735
P01910,Nithya Rao,27,Female,A+,Tiruppur,8288341335
P01911,Manoj Iyer,28,Male,O+,Chennai,6427493663
P01912,Aishwarya Babu,64,Female,A+,Hosur,9480300735
P01913,Keerthana Patel,30,Female,A+,Chennai,8526379412
P01914,Pooja Gupta,25,Female,O+,Madurai,8214252611
P01915,Harini Krishnan,30,Female,AB+,Hosur,7657446532
P01916,Deepika Verma,35,Female,O-,Coimbatore,9851367380
P01917,Sneha Kumar,23,Female,B+,Coimbatore,8768418471
P01918,Pooja Krishnan,13,Female,A-,Salem,8335401127
P01919,Naveen Iyer,66,Male,O+,Erode,6647709067
P01920,Ananya Rao,20,Female,A+,Dindigul,7076716217
P01921,Arjun Menon,42,Male,A+,Chennai,7186930326
P01922,Deepika Patel,54,Female,B+,Tiruppur,7199160539
P01923,Aditya Raj,84,Male,O+,Kanchipuram,6034251970
P01924,Naveen Sharma,57,Male,A+,Coimbatore,8682967074
P01925,Rahul Patel,68,Male,A+,Thanjavur,6252602216
P01926,Naveen Babu,37,Male,B+,Erode,9293358384
P01927,Ashwin Verma,28,Male,O+,Vellore,6351745469
P01928,Manoj Babu,49,Male,O+,Madurai,9401283319
P01929,Divya Rao,84,Female,B+,Kanchipuram,9359717717
P01930,Vikram Kumar,42,Male,A+,Chennai,7124605164
P01931,Manoj Krishnan,44,Male,O+,Trichy,6684187677
P01932,Keerthana Kumar,5,Female,O+,Vellore,6317303324
P01933,Nithya Verma,60,Female,O+,Hosur,6451048480
P01934,Nithya Verma,89,Female,AB+,Tiruvallur,9815605427
P01935,Vivek Gupta,64,Male,O-,Vellore,7761110797
P01936,Kavya Mohan,35,Female,B+,Vellore,6572897226
P01937,Suresh Rao,26,Male,B+,Kanchipuram,9984685606
P01938,Nithya Gupta,51,Female,O-,Thanjavur,6138268709
P01939,Lakshmi Nair,60,Female,A+,Tiruppur,9399626377
P01940,Ganesh Babu,60,Male,O+,Hosur,9073512896
P01941,Karthik Krishnan,59,Male,A+,Tiruttani,8432333023
P01942,Suresh Menon,38,Male,AB+,Tiruttani,9694306952
P01943,Rohan Nair,38,Male,O+,Madurai,7128537006
P01944,Kavya Rao,63,Female,O+,Erode,6531198042
P01945,Divya Menon,82,Female,AB+,Vellore,8764255078
P01946,Neha Rao,40,Female,A+,Chennai,8039221317
P01947,Ganesh Mohan,12,Male,O-,Erode,6639928798
P01948,Sneha Mohan,61,Female,O+,Hosur,9424956291
P01949,Lakshmi Krishnan,35,Female,O+,Tirunelveli,9332888070
P01950,Rohan Sharma,51,Male,A+,Salem,7120220175
P01951,Divya Menon,5,Female,A+,Kanchipuram,8104662750
P01952,Rohan Reddy,44,Male,A+,Salem,8036078548
P01953,Vikram Kumar,37,Male,A+,Tiruppur,8383680601
P01954,Divya Nair,70,Female,O+,Tirunelveli,6148581970
P01955,Rohan Kumar,64,Male,A+,Kanchipuram,6209251920
P01956,Rakesh Rao,24,Male,B+,Madurai,8329704937
P01957,Neha Reddy,29,Female,O+,Thanjavur,7511639714
P01958,Arjun Mohan,56,Male,AB+,Tiruppur,7142487396
P01959,Aditya Reddy,28,Male,A+,Erode,8124977367
P01960,Sneha Mohan,55,Female,O+,Salem,8549787296
P01961,Aishwarya Sharma,38,Female,B+,Tiruvallur,7380299034
P01962,Ashwin Menon,20,Male,A+,Tirunelveli,9009409165
P01963,Meera Nair,35,Female,AB+,Tirunelveli,6225492036
P01964,Arjun Gupta,54,Male,O-,Thanjavur,9152731172
P01965,Aditya Menon,74,Male,A+,Tiruvallur,7690018429
P01966,Vikram Patel,34,Male,A+,Salem,8298359667
P01967,Harini Mohan,6,Female,O+,Kanchipuram,9226247365
P01968,Arjun Babu,22,Male,A+,Kanchipuram,9064761442
P01969,Neha Nair,24,Female,B+,Vellore,7042316979
P01970,Harish Babu,59,Male,A+,Vellore,7939343969
P01971,Suresh Patel,64,Male,AB+,Hosur,7287835733
P01972,Ganesh Iyer,20,Male,O+,Vellore,8302364122
P01973,Harini Nair,66,Female,B+,Erode,7372033505
P01974,Aditya Kumar,15,Male,O+,Tiruvallur,9715558709
P01975,Deepika Babu,3,Female,O+,Thanjavur,7564119925
P01976,Keerthana Sharma,16,Female,A+,Tiruvallur,9781913505
P01977,Harish Babu,34,Male,A-,Coimbatore,6157557166
P01978,Karthik Rao,30,Male,B-,Tirunelveli,8061621856
P01979,Rohan Reddy,1,Male,A+,Coimbatore,7042059868
P01980,Deepika Krishnan,40,Female,A+,Coimbatore,7336080901
P01981,Rahul Mohan,25,Male,A+,Coimbatore,9392788881
P01982,Arjun Menon,58,Male,B+,Tirunelveli,8881687851
P01983,Lakshmi Singh,67,Female,AB-,Thanjavur,9965688267
P01984,Naveen Kumar,3,Male,B+,Madurai,9814723735
P01985,Kavya Kumar,33,Female,B+,Dindigul,9830697899
P01986,Ananya Krishnan,17,Female,B+,Trichy,6714674906
P01987,Neha Rao,60,Female,A+,Tiruvallur,7711645605
P01988,Keerthana Singh,17,Female,O+,Hosur,9807392002
P01989,Neha Verma,79,Female,O+,Hosur,8377730316
P01990,Nithya Rao,44,Female,B+,Tiruvallur,6154872012
P01991,Deepika Kumar,18,Female,A-,Salem,7500549080
P01992,Prakash Verma,40,Male,O+,Erode,6246163034
P01993,Naveen Iyer,47,Male,O+,Kanchipuram,9435294930
P01994,Nithya Babu,20,Female,AB-,Kanchipuram,6546628973
P01995,Ananya Rao,38,Female,O+,Vellore,8756002230
P01996,Vikram Mohan,67,Male,A+,Dindigul,6712515890
P01997,Ananya Mohan,31,Female,B+,Erode,9516660812
P01998,Prakash Reddy,43,Male,O+,Salem,6909863615
P01999,Vivek Singh,43,Male,AB+,Tiruvallur,7442022482
P02000,Neha Rao,52,Female,B+,Trichy,6371450311
P02001,Harish Reddy,38,Male,B+,Hosur,9419396061
P02002,Suresh Nair,68,Male,AB+,Kanchipuram,9199256924
P02003,Pooja Rao,32,Female,O+,Chennai,8414131811
P02004,Suresh Kumar,76,Male,O-,Dindigul,8251790447
P02005,Naveen Patel,44,Male,B+,Hosur,9671487831
P02006,Vikram Sharma,25,Male,A+,Tiruttani,6457227579
P02007,Harini Kumar,34,Female,O+,Trichy,6449998709
P02008,Vikram Gupta,16,Male,A+,Kanchipuram,7126410603
P02009,Aditya Raj,57,Male,O+,Coimbatore,9576310108
P02010,Deepika Patel,25,Female,O+,Vellore,8606400474
P02011,Aishwarya Gupta,43,Female,A+,Thanjavur,7848170361
P02012,Arjun Mohan,60,Male,O+,Coimbatore,6737594933
P02013,Vivek Rao,14,Male,A+,Kanchipuram,6004902144
P02014,Ananya Raj,44,Female,A+,Salem,8338496552
P02015,Prakash Sharma,26,Male,AB+,Dindigul,8530049992
P02016,Deepika Singh,72,Female,B+,Dindigul,9977317394
P02017,Nithya Mohan,21,Female,A+,Dindigul,8385865392
P02018,Deepika Raj,40,Female,B+,Salem,9349317967
P02019,Aditya Kumar,43,Male,B+,Tiruppur,8579211625
P02020,Aditya Babu,63,Male,B+,Tiruttani,7464639897
P02021,Rahul Menon,56,Male,A+,Chennai,8934271866
P02022,Rohan Patel,23,Male,O+,Chennai,8600011015
P02023,Ananya Singh,10,Female,A+,Erode,7498121300
P02024,Ashwin Raj,17,Male,B+,Tirunelveli,9867233104
P02025,Neha Sharma,40,Female,A-,Trichy,6556192218
P02026,Ganesh Reddy,4,Male,B+,Erode,6417613023
P02027,Kavya Raj,23,Female,A+,Trichy,6835991676
P02028,Priya Verma,16,Female,B+,Thanjavur,9932528267
P02029,Karthik Singh,53,Male,A+,Salem,7225296444
P02030,Harini Iyer,59,Female,B+,Dindigul,6811143306
P02031,Priya Gupta,46,Female,O+,Tiruppur,6155590627
P02032,Lakshmi Gupta,6,Female,A+,Dindigul,8046372162
P02033,Pooja Babu,3,Female,O+,Erode,7180295599
P02034,Aishwarya Raj,20,Female,B-,Hosur,8957955192
P02035,Nithya Nair,14,Female,O+,Tiruppur,8670386256
P02036,Keerthana Singh,15,Female,A+,Erode,7233008056
P02037,Arjun Babu,88,Male,O+,Madurai,7828732107
P02038,Rahul Reddy,33,Male,B+,Vellore,7852207201
P02039,Keerthana Kumar,30,Female,A+,Salem,9627963651
P02040,Prakash Babu,57,Male,O+,Thanjavur,9051081948
P02041,Nithya Reddy,15,Female,O+,Chennai,9360722350
P02042,Harish Krishnan,26,Male,B+,Trichy,7243753916
P02043,Rakesh Rao,10,Male,O+,Tirunelveli,6316696874
P02044,Vikram Iyer,54,Male,A+,Tiruttani,7106166497
P02045,Arjun Krishnan,35,Male,B+,Vellore,9151764296
P02046,Naveen Kumar,35,Male,O+,Vellore,9509699613
P02047,Rohan Verma,18,Male,A+,Dindigul,8228058837
P02048,Deepika Menon,17,Female,B+,Dindigul,7762539501
P02049,Rahul Mohan,31,Male,AB+,Vellore,6277888260
P02050,Rahul Nair,22,Male,O+,Trichy,9458809718
P02051,Ananya Raj,55,Female,AB+,Madurai,8935545920
P02052,Nithya Raj,39,Female,A+,Tiruppur,6991137983
P02053,Harish Menon,60,Male,A+,Madurai,6451160895
P02054,Lakshmi Kumar,49,Female,AB+,Thanjavur,8213368960
P02055,Ganesh Rao,20,Male,A+,Dindigul,9289899307
P02056,Pooja Mohan,14,Female,B+,Dindigul,6992715603
P02057,Naveen Krishnan,43,Male,O-,Thanjavur,7285898681
P02058,Harini Iyer,80,Female,A+,Trichy,9900737949
P02059,Harini Menon,34,Female,AB+,Salem,7107692626
P02060,Kavya Krishnan,25,Female,A+,Vellore,9604359839
P02061,Deepika Krishnan,64,Female,B+,Tiruppur,6585783756
P02062,Aditya Nair,32,Male,AB-,Thanjavur,9730717761
P02063,Rohan Krishnan,11,Male,O+,Erode,8692233854
P02064,Vikram Mohan,22,Male,A+,Vellore,8850231265
P02065,Karthik Nair,24,Male,B+,Vellore,9497249032
P02066,Vikram Menon,28,Male,O+,Hosur,7093555570
P02067,Arjun Kumar,41,Male,O+,Trichy,6445947612
P02068,Naveen Gupta,23,Male,A+,Thanjavur,8706507612
P02069,Rakesh Reddy,83,Male,B+,Thanjavur,9564468530
P02070,Divya Patel,36,Female,A+,Chennai,8635607778
P02071,Lakshmi Raj,23,Female,O+,Tirunelveli,8990460082
P02072,Aditya Gupta,30,Male,A-,Tirunelveli,9222097550
P02073,Ananya Nair,47,Female,A+,Tiruttani,6015120039
P02074,Suresh Menon,40,Male,A+,Tiruppur,8162183339
P02075,Harish Gupta,19,Male,B+,Kanchipuram,8105307122
P02076,Priya Verma,9,Female,O+,Madurai,8774270549
P02077,Aishwarya Babu,40,Female,B+,Tiruttani,8063228012
P02078,Swathi Rao,5,Female,O+,Dindigul,6589524760
P02079,Keerthana Babu,59,Female,O-,Salem,6245257378
P02080,Nithya Menon,43,Female,O-,Salem,9709465777
P02081,Aditya Sharma,22,Male,A+,Kanchipuram,6284268092
P02082,Ganesh Singh,48,Male,B+,Hosur,6417005371
P02083,Priya Patel,38,Female,A+,Chennai,8166479512
P02084,Swathi Rao,14,Female,O-,Hosur,7285354160
P02085,Prakash Gupta,10,Male,A+,Salem,9870170867
P02086,Rohan Reddy,8,Male,B+,Dindigul,9740433689
P02087,Nithya Nair,40,Female,B+,Thanjavur,7610511090
P02088,Ashwin Nair,2,Male,A+,Dindigul,7020502549
P02089,Sneha Krishnan,53,Female,B+,Kanchipuram,8010297599
P02090,Kavya Krishnan,36,Female,B+,Tiruvallur,6597442526
P02091,Deepika Krishnan,17,Female,O+,Salem,9537405133
P02092,Lakshmi Raj,90,Female,O+,Tiruppur,6699768160
P02093,Divya Nair,60,Female,O+,Thanjavur,9584968814
P02094,Swathi Gupta,1,Female,O+,Tiruvallur,7862405744
P02095,Priya Gupta,43,Female,A+,Madurai,7535279111
P02096,Harish Kumar,82,Male,A+,Dindigul,9846689859
P02097,Rakesh Reddy,6,Male,AB+,Tirunelveli,9830734800
P02098,Karthik Krishnan,54,Male,O+,Kanchipuram,6205548298
P02099,Lakshmi Raj,29,Female,B+,Madurai,9474984746
P02100,Suresh Reddy,40,Male,A-,Tiruppur,7721461727
P02101,Neha Kumar,57,Female,AB+,Kanchipuram,8676988979
P02102,Aishwarya Patel,18,Female,A+,Tiruttani,6413401929
P02103,Aditya Mohan,88,Male,O+,Kanchipuram,6275193463
P02104,Rahul Reddy,62,Male,O+,Salem,6936561156
P02105,Sneha Babu,16,Female,AB+,Chennai,6065948053
P02106,Aditya Kumar,15,Male,A+,Tiruttani,7330372718
P02107,Deepika Krishnan,17,Female,A+,Tiruvallur,7631121380
P02108,Neha Verma,20,Female,A+,Hosur,9661545985
P02109,Pooja Iyer,36,Female,B+,Salem,9802882521
P02110,Ganesh Krishnan,43,Male,A+,Kanchipuram,9594699842
P02111,Harish Verma,35,Male,A+,Chennai,7203132988
P02112,Ananya Raj,51,Female,O+,Madurai,9366864277
P02113,Sneha Singh,88,Female,B+,Vellore,8728760320
P02114,Aishwarya Rao,17,Female,A+,Coimbatore,9628334557
P02115,Rohan Mohan,32,Male,A-,Madurai,6700453585
P02116,Meera Kumar,90,Female,A+,Dindigul,8285704240
P02117,Rohan Patel,39,Male,A+,Dindigul,8977041167
P02118,Rohan Raj,35,Male,A+,Thanjavur,6386569044
P02119,Nithya Krishnan,33,Female,O+,Dindigul,8912489558
P02120,Lakshmi Babu,26,Female,B+,Tirunelveli,8394599426
P02121,Priya Nair,43,Female,A+,Trichy,9120339801
P02122,Harish Rao,38,Male,O+,Trichy,8568905810
P02123,Rahul Patel,52,Male,A+,Tiruvallur,8567027728
P02124,Ananya Patel,77,Female,B+,Thanjavur,7794575959
P02125,Divya Kumar,56,Female,O-,Trichy,6291714854
P02126,Naveen Iyer,31,Male,B+,Madurai,7207882165
P02127,Rakesh Sharma,31,Male,O+,Tiruvallur,7744520302
P02128,Deepika Singh,54,Female,A+,Chennai,8403532124
P02129,Priya Babu,64,Female,O+,Hosur,6340941218
P02130,Rohan Babu,51,Male,A+,Kanchipuram,7990047941
P02131,Manoj Mohan,50,Male,O+,Tirunelveli,9189113434
P02132,Aishwarya Sharma,22,Female,B+,Kanchipuram,6276861273
P02133,Keerthana Reddy,14,Female,O+,Hosur,8913813014
P02134,Neha Kumar,21,Female,A-,Chennai,9966452319
P02135,Ashwin Gupta,47,Male,A+,Coimbatore,8356831723
P02136,Lakshmi Verma,41,Female,O+,Salem,9710389191
P02137,Kavya Kumar,26,Female,O+,Dindigul,8203449560
P02138,Ananya Menon,61,Female,B+,Vellore,9775257231
P02139,Harini Babu,19,Female,O+,Trichy,6811057039
P02140,Keerthana Raj,19,Female,A+,Tiruppur,9059946966
P02141,Rakesh Babu,25,Male,O+,Dindigul,6007158009
P02142,Keerthana Mohan,11,Female,O+,Tirunelveli,8323430658
P02143,Kavya Menon,63,Female,B+,Erode,8923759097
P02144,Karthik Rao,56,Male,O-,Tiruvallur,8585455139
P02145,Ganesh Gupta,66,Male,B-,Tiruttani,7823678838
P02146,Meera Singh,52,Female,O+,Trichy,9043647584
P02147,Pooja Mohan,62,Female,A+,Tiruppur,7163712063
P02148,Vivek Patel,31,Male,A+,Tiruppur,6014584081
P02149,Harish Raj,25,Male,O+,Tiruppur,8814361168
P02150,Ananya Sharma,26,Female,AB+,Tiruttani,6118926055
P02151,Nithya Krishnan,18,Female,O-,Madurai,6836843771
P02152,Harini Kumar,25,Female,B+,Thanjavur,7459566003
P02153,Rakesh Sharma,7,Male,B+,Madurai,8723869742
P02154,Ashwin Verma,60,Male,B+,Hosur,8683850957
P02155,Manoj Gupta,13,Male,B+,Kanchipuram,9650811364
P02156,Vikram Menon,54,Male,A+,Trichy,6700627959
P02157,Lakshmi Babu,25,Female,O+,Vellore,7496695421
P02158,Keerthana Babu,57,Female,AB+,Madurai,6528001617
P02159,Suresh Menon,35,Male,B+,Vellore,8351638326
P02160,Lakshmi Babu,41,Female,B+,Thanjavur,9017078129
P02161,Deepika Krishnan,38,Female,A-,Dindigul,8049484142
P02162,Rohan Babu,30,Male,B+,Tiruttani,8372875679
P02163,Ashwin Iyer,3,Male,A+,Vellore,6477115882
P02164,Rakesh Rao,60,Male,A-,Thanjavur,7107911611
P02165,Lakshmi Singh,19,Female,B+,Coimbatore,9983097542
P02166,Keerthana Mohan,42,Female,O-,Tiruvallur,7237748770
P02167,Vivek Rao,29,Male,B+,Vellore,8251218082
P02168,Aditya Nair,44,Male,O+,Tirunelveli,6602865383
P02169,Aishwarya Sharma,38,Female,B+,Thanjavur,8100370907
P02170,Manoj Iyer,27,Male,A+,Erode,6693207098
P02171,Suresh Rao,15,Male,B+,Dindigul,6748762965
P02172,Rakesh Nair,54,Male,AB+,Tirunelveli,7726765419
P02173,Naveen Sharma,44,Male,O+,Tiruppur,7003452202
P02174,Sneha Singh,33,Female,O+,Madurai,6452573309
P02175,Vivek Raj,54,Male,B+,Chennai,6351685224
P02176,Pooja Babu,29,Female,O+,Dindigul,8799005366
P02177,Vikram Reddy,33,Male,O+,Salem,8285628372
P02178,Vivek Krishnan,18,Male,B+,Trichy,9033700894
P02179,Ashwin Iyer,13,Male,O+,Tiruppur,9433331883
P02180,Divya Singh,28,Female,O+,Thanjavur,6804737198
P02181,Harini Mohan,49,Female,A+,Tirunelveli,6806455442
P02182,Rohan Nair,63,Male,B+,Tiruppur,8640532739
P02183,Neha Rao,32,Female,O+,Madurai,8903979978
P02184,Ashwin Iyer,6,Male,O+,Madurai,9985965510
P02185,Rohan Kumar,39,Male,AB+,Dindigul,6067347671
P02186,Keerthana Gupta,43,Female,A+,Madurai,7910385242
P02187,Pooja Reddy,18,Female,A+,Hosur,6374396399
P02188,Swathi Patel,75,Female,O+,Erode,7546565317
P02189,Naveen Nair,13,Male,O+,Tiruvallur,9027366325
P02190,Deepika Raj,31,Female,O+,Dindigul,8487493916
P02191,Priya Raj,2,Female,O+,Chennai,7886607326
P02192,Kavya Mohan,63,Female,O-,Thanjavur,8785954176
P02193,Manoj Verma,26,Male,A+,Tiruppur,9645810457
P02194,Harish Menon,44,Male,AB+,Salem,6338780528
P02195,Ashwin Patel,37,Male,O-,Coimbatore,8784771988
P02196,Vivek Menon,17,Male,A+,Kanchipuram,6859380625
P02197,Karthik Iyer,10,Male,B+,Tiruvallur,6469243435
P02198,Neha Singh,31,Female,AB-,Madurai,9560387108
P02199,Vikram Patel,59,Male,B+,Tirunelveli,6049037647
P02200,Aishwarya Singh,64,Female,O+,Dindigul,9612215039
P02201,Nithya Patel,83,Female,B+,Dindigul,9900415893
P02202,Vikram Patel,21,Male,A+,Dindigul,6013855002
P02203,Harini Verma,42,Female,O+,Tiruttani,9124571815
P02204,Aditya Babu,68,Male,A+,Kanchipuram,9365055191
P02205,Rakesh Mohan,43,Male,A+,Erode,6717080492
P02206,Harish Reddy,63,Male,O-,Hosur,7071961293
P02207,Rakesh Reddy,4,Male,O+,Vellore,8209400371
P02208,Aishwarya Patel,37,Female,A+,Dindigul,6480661126
P02209,Harish Kumar,27,Male,AB-,Kanchipuram,7165712118
P02210,Priya Verma,43,Female,O+,Coimbatore,8399330255
P02211,Swathi Babu,67,Female,A+,Madurai,8145968891
P02212,Ganesh Gupta,49,Male,A+,Tirunelveli,9450521120
P02213,Manoj Singh,2,Male,A+,Salem,9804460819
P02214,Lakshmi Sharma,25,Female,B+,Tiruvallur,8469544950
P02215,Priya Gupta,56,Female,AB+,Tiruttani,9627456698
P02216,Ashwin Gupta,37,Male,A+,Chennai,6429414290
P02217,Swathi Patel,40,Female,O-,Madurai,7384766919
P02218,Meera Kumar,5,Female,A+,Erode,6174685902
P02219,Sneha Gupta,58,Female,O+,Hosur,6628660349
P02220,Suresh Raj,83,Male,A+,Thanjavur,6701656277
P02221,Priya Reddy,6,Female,AB+,Tiruppur,8312524235
P02222,Rohan Verma,47,Male,O+,Vellore,7961721505
P02223,Arjun Krishnan,33,Male,O+,Hosur,9318456059
P02224,Suresh Krishnan,15,Male,O+,Dindigul,9091294431
P02225,Lakshmi Babu,28,Female,O+,Chennai,6834377982
P02226,Priya Raj,14,Female,A+,Erode,8313799818
P02227,Ashwin Kumar,87,Male,A+,Madurai,7265789635
P02228,Neha Nair,35,Female,B+,Tiruvallur,7263488823
P02229,Keerthana Krishnan,17,Female,O+,Madurai,8535117882
P02230,Rohan Kumar,74,Male,O+,Trichy,8872047676
P02231,Lakshmi Singh,63,Female,O+,Erode,6458712075
P02232,Rahul Krishnan,52,Male,B+,Tirunelveli,7931526210
P02233,Keerthana Menon,48,Female,O+,Salem,8010614452
P02234,Lakshmi Menon,40,Female,O+,Tiruttani,8319971153
P02235,Rakesh Iyer,64,Male,A-,Madurai,6970100343
P02236,Kavya Gupta,37,Female,B+,Erode,7861888178
P02237,Priya Babu,70,Female,O+,Kanchipuram,8794376382
P02238,Lakshmi Menon,27,Female,A-,Trichy,8122239548
P02239,Ganesh Mohan,35,Male,A+,Thanjavur,9483687477
P02240,Kavya Kumar,33,Female,A+,Tirunelveli,7600762282
P02241,Rakesh Reddy,63,Male,O+,Kanchipuram,8868278472
P02242,Kavya Babu,65,Female,O+,Tiruvallur,9459692066
P02243,Priya Mohan,18,Female,B-,Coimbatore,8344358498
P02244,Rahul Rao,59,Male,A+,Madurai,7210637817
P02245,Suresh Rao,53,Male,B+,Salem,9165955859
P02246,Sneha Sharma,41,Female,A+,Trichy,9363659727
P02247,Aishwarya Singh,41,Female,A+,Kanchipuram,8586134174
P02248,Prakash Patel,21,Male,O+,Erode,7267233990
P02249,Keerthana Singh,13,Female,O+,Coimbatore,9391548044
P02250,Harish Iyer,34,Male,A+,Madurai,9499010861
P02251,Harini Verma,74,Female,AB+,Dindigul,9499157380
P02252,Aishwarya Gupta,78,Female,A+,Trichy,6720961023
P02253,Sneha Singh,31,Female,O+,Erode,6997245971
P02254,Divya Mohan,65,Female,O+,Hosur,6701154917
P02255,Meera Krishnan,59,Female,O+,Kanchipuram,6856888861
P02256,Ganesh Raj,45,Male,A+,Vellore,6794336447
P02257,Karthik Singh,20,Male,A+,Tiruppur,6596458766
P02258,Keerthana Gupta,40,Female,B+,Vellore,7347450240
P02259,Meera Nair,45,Female,B+,Erode,7896539450
P02260,Vivek Raj,54,Male,A+,Chennai,6805383385
P02261,Swathi Iyer,22,Female,O+,Tirunelveli,6480407373
P02262,Manoj Mohan,18,Male,O+,Tiruttani,6324051026
P02263,Neha Iyer,60,Female,B+,Tirunelveli,8346746466
P02264,Vikram Iyer,50,Male,O-,Trichy,6415920941
P02265,Ganesh Sharma,11,Male,A+,Chennai,6819516484
P02266,Aishwarya Gupta,32,Female,A+,Trichy,9614435754
P02267,Neha Gupta,18,Female,O+,Hosur,7260270687
P02268,Pooja Raj,41,Female,O+,Tiruvallur,9292361391
P02269,Vikram Nair,37,Male,A+,Kanchipuram,7133768705
P02270,Vivek Gupta,1,Male,B+,Hosur,6510640707
P02271,Manoj Rao,55,Male,A+,Dindigul,7830348573
P02272,Lakshmi Verma,35,Female,B+,Chennai,7492728090
P02273,Rahul Verma,42,Male,O+,Thanjavur,6431678598
P02274,Kavya Menon,63,Female,A+,Kanchipuram,7930320756
P02275,Rakesh Babu,50,Male,A+,Kanchipuram,9152302999
P02276,Pooja Iyer,22,Female,AB+,Madurai,8565403079
P02277,Manoj Patel,25,Male,AB+,Hosur,8732012953
P02278,Naveen Mohan,26,Male,O+,Trichy,9820682048
P02279,Manoj Babu,4,Male,O-,Chennai,7484738577
P02280,Lakshmi Iyer,42,Female,A-,Madurai,7553815182
P02281,Sneha Verma,62,Female,AB+,Tirunelveli,7295185255
P02282,Deepika Singh,62,Female,B+,Coimbatore,7590308196
P02283,Keerthana Menon,21,Female,A+,Coimbatore,7048849150
P02284,Ashwin Menon,24,Male,O+,Trichy,7076955593
P02285,Keerthana Patel,28,Female,AB+,Erode,8277547777
P02286,Divya Gupta,57,Female,O+,Dindigul,9238724937
P02287,Swathi Kumar,1,Female,B+,Tiruvallur,7594849674
P02288,Aditya Singh,23,Male,A+,Hosur,6712559350
P02289,Manoj Nair,34,Male,B+,Hosur,9641227276
P02290,Meera Raj,5,Female,AB+,Coimbatore,8417005455
P02291,Manoj Menon,45,Male,B-,Tiruttani,7621683357
P02292,Pooja Rao,10,Female,A+,Chennai,7910860431
P02293,Ananya Patel,87,Female,A+,Vellore,8197933686
P02294,Manoj Gupta,53,Male,AB+,Thanjavur,6089888501
P02295,Rohan Patel,63,Male,O+,Coimbatore,9153202640
P02296,Prakash Babu,23,Male,B+,Dindigul,8963790203
P02297,Neha Reddy,68,Female,A+,Kanchipuram,8844781676
P02298,Meera Babu,50,Female,B+,Erode,8481242664
P02299,Kavya Reddy,59,Female,O+,Tiruvallur,9478327966
P02300,Vivek Gupta,56,Male,A+,Thanjavur,6744992468
P02301,Deepika Sharma,34,Female,A+,Kanchipuram,8995315566
P02302,Deepika Reddy,17,Female,O+,Madurai,6908964966
P02303,Deepika Raj,29,Female,B+,Erode,8292324687
P02304,Karthik Mohan,8,Male,O+,Tiruppur,7061386748
P02305,Aishwarya Rao,17,Female,B+,Vellore,6576578680
P02306,Ganesh Patel,30,Male,O-,Thanjavur,6644943632
P02307,Priya Patel,34,Female,B-,Vellore,8442004218
P02308,Aishwarya Menon,29,Female,AB+,Madurai,9351919850
P02309,Pooja Patel,33,Female,O+,Tiruttani,7081432298
P02310,Lakshmi Singh,32,Female,O+,Tiruppur,9423381060
P02311,Harish Verma,27,Male,A+,Madurai,9845749659
P02312,Rohan Verma,13,Male,B+,Vellore,6114358304
P02313,Ashwin Nair,37,Male,O+,Chennai,6109221689
P02314,Kavya Patel,52,Female,AB+,Coimbatore,7732043192
P02315,Kavya Iyer,51,Female,A+,Tirunelveli,7602336165
P02316,Neha Kumar,30,Female,O+,Vellore,7526720367
P02317,Karthik Nair,49,Male,O+,Tiruttani,7687069057
P02318,Manoj Sharma,68,Male,B+,Coimbatore,6793235393
P02319,Arjun Krishnan,54,Male,A+,Dindigul,7165707943
P02320,Rakesh Sharma,53,Male,O+,Salem,8646855190
P02321,Harish Kumar,28,Male,O+,Salem,9510933465
P02322,Vikram Singh,16,Male,O+,Tiruppur,7437009841
P02323,Harini Menon,20,Female,O+,Thanjavur,8170470125
P02324,Naveen Mohan,53,Male,AB+,Tiruttani,6178568176
P02325,Divya Kumar,29,Female,A+,Dindigul,8930105591
P02326,Swathi Raj,33,Female,B+,Coimbatore,6936470894
P02327,Priya Singh,35,Female,O-,Tiruvallur,7259357076
P02328,Priya Gupta,15,Female,AB+,Tiruppur,7622719260
P02329,Ganesh Verma,38,Male,B+,Tiruvallur,9186801093
P02330,Keerthana Kumar,28,Female,A+,Tiruvallur,9817003276
P02331,Naveen Kumar,42,Male,A+,Tiruvallur,6701497268
P02332,Ganesh Sharma,18,Male,A+,Thanjavur,6460773595
P02333,Nithya Raj,29,Female,AB-,Tiruvallur,8205135639
P02334,Harini Menon,65,Female,O+,Chennai,9751674867
P02335,Rohan Rao,15,Male,B+,Tiruppur,6487477935
P02336,Deepika Rao,43,Female,O+,Tirunelveli,6125201930
P02337,Lakshmi Menon,44,Female,O+,Tirunelveli,6191969933
P02338,Meera Krishnan,11,Female,O+,Hosur,6830568287
P02339,Meera Iyer,36,Female,O+,Dindigul,8029487478
P02340,Rahul Reddy,38,Male,A+,Thanjavur,8451739222
P02341,Rahul Nair,42,Male,A+,Tiruttani,9394750557
P02342,Nithya Nair,64,Female,O+,Salem,8124345353
P02343,Rahul Babu,37,Male,O+,Kanchipuram,8720948036
P02344,Aishwarya Krishnan,39,Female,O+,Kanchipuram,7339168670
P02345,Divya Kumar,34,Female,O+,Tiruttani,7410104279
P02346,Kavya Gupta,17,Female,AB+,Madurai,9018188969
P02347,Vikram Reddy,64,Male,O+,Tiruppur,7384811157
P02348,Rakesh Iyer,18,Male,A+,Thanjavur,9642624554
P02349,Sneha Kumar,69,Female,AB+,Vellore,7692239407
P02350,Manoj Nair,17,Male,O+,Tirunelveli,6095470060
P02351,Ganesh Gupta,28,Male,O+,Kanchipuram,7163521412
P02352,Ganesh Reddy,23,Male,O+,Vellore,6168095641
P02353,Kavya Sharma,23,Female,O+,Tirunelveli,7028591565
P02354,Vivek Krishnan,37,Male,B+,Erode,8905249221
P02355,Ashwin Krishnan,17,Male,O+,Kanchipuram,7814140138
P02356,Nithya Babu,44,Female,A+,Kanchipuram,9426520120
P02357,Vivek Menon,50,Male,O+,Tiruttani,7469888665
P02358,Neha Sharma,50,Female,A+,Hosur,9367591644
P02359,Ganesh Patel,15,Male,B+,Erode,9113085231
P02360,Pooja Verma,51,Female,O-,Trichy,7284022462
P02361,Aishwarya Verma,4,Female,AB-,Madurai,9253423867
P02362,Rakesh Nair,26,Male,O+,Madurai,8987667408
P02363,Aishwarya Verma,13,Female,A+,Vellore,8400330510
P02364,Lakshmi Reddy,20,Female,AB+,Madurai,7426541689
P02365,Prakash Reddy,39,Male,B+,Hosur,8985238182
P02366,Ganesh Singh,31,Male,B+,Tiruppur,6807042357
P02367,Rahul Rao,37,Male,A+,Coimbatore,9699213534
P02368,Nithya Kumar,41,Female,B-,Thanjavur,9775088494
P02369,Meera Raj,38,Female,A+,Dindigul,6213805951
P02370,Neha Menon,54,Female,B+,Madurai,7955133059
P02371,Rohan Menon,7,Male,O+,Dindigul,7110967451
P02372,Rakesh Raj,73,Male,A+,Vellore,9504173722
P02373,Suresh Reddy,41,Male,AB+,Hosur,6032381281
P02374,Ananya Mohan,62,Female,AB+,Thanjavur,8547521127
P02375,Swathi Singh,20,Female,O-,Trichy,9149331088
P02376,Sneha Iyer,7,Female,B+,Vellore,7003818036
P02377,Neha Patel,47,Female,O-,Madurai,9824140817
P02378,Karthik Rao,19,Male,O+,Thanjavur,6873214999
P02379,Keerthana Mohan,52,Female,B+,Chennai,7347433442
P02380,Arjun Singh,27,Male,AB+,Salem,6010413135
P02381,Divya Babu,35,Female,O+,Dindigul,6223956721
P02382,Pooja Raj,62,Female,AB+,Kanchipuram,6877677513
P02383,Aishwarya Krishnan,4,Female,B+,Coimbatore,8972048730
P02384,Divya Sharma,36,Female,O+,Erode,6817341880
P02385,Swathi Krishnan,35,Female,B+,Chennai,8157585939
P02386,Manoj Rao,33,Male,B+,Dindigul,8054493392
P02387,Ananya Krishnan,34,Female,O+,Tirunelveli,8856702071
P02388,Meera Nair,34,Female,O+,Thanjavur,7555354407
P02389,Aishwarya Nair,62,Female,AB+,Erode,8210072040
P02390,Aishwarya Raj,69,Female,B+,Salem,6175780410
P02391,Neha Singh,28,Female,A+,Salem,7262447049
P02392,Aishwarya Sharma,13,Female,B-,Erode,6703325704
P02393,Meera Raj,60,Female,O+,Salem,6689974903
P02394,Suresh Raj,82,Male,B-,Hosur,6799899246
P02395,Suresh Nair,9,Male,O+,Tiruttani,8018643231
P02396,Lakshmi Patel,57,Female,O+,Hosur,9275917003
P02397,Meera Mohan,54,Female,O+,Tiruvallur,8567405362
P02398,Ananya Mohan,30,Female,O+,Coimbatore,7411190206
P02399,Vivek Sharma,19,Male,B+,Trichy,9052214426
P02400,Deepika Iyer,57,Female,AB+,Erode,7256116159
P02401,Kavya Babu,25,Female,B+,Erode,7553758268
P02402,Harish Krishnan,27,Male,A+,Salem,7023235859
P02403,Rakesh Patel,32,Male,A-,Dindigul,7288050750
P02404,Nithya Krishnan,44,Female,B+,Tiruttani,6354425247
P02405,Aishwarya Nair,25,Female,O-,Kanchipuram,6493046400
P02406,Priya Singh,42,Female,O-,Tirunelveli,7862755377
P02407,Manoj Mohan,63,Male,A+,Thanjavur,7609121040
P02408,Sneha Verma,37,Female,B+,Kanchipuram,6016099324
P02409,Priya Nair,38,Female,A-,Vellore,9743160325
P02410,Ashwin Verma,23,Male,B-,Hosur,7398844278
P02411,Sneha Krishnan,79,Female,O+,Tiruvallur,6949645495
P02412,Keerthana Nair,49,Female,O+,Dindigul,8174271832
P02413,Ganesh Krishnan,13,Male,O+,Kanchipuram,8627617640
P02414,Priya Menon,58,Female,O+,Vellore,9128638110
P02415,Priya Reddy,50,Female,A+,Kanchipuram,8074595282
P02416,Harini Mohan,61,Female,A+,Salem,8393543373
P02417,Harish Nair,32,Male,B+,Hosur,8151002607
P02418,Harini Reddy,4,Female,O-,Thanjavur,7869653715
P02419,Aishwarya Iyer,13,Female,A+,Chennai,8187309507
P02420,Rakesh Iyer,33,Male,O+,Madurai,6341485027
P02421,Swathi Krishnan,46,Female,A+,Tirunelveli,9090722087
P02422,Rakesh Reddy,69,Male,A+,Tiruvallur,7523959602
P02423,Vikram Sharma,65,Male,O-,Tiruttani,6517579032
P02424,Arjun Verma,82,Male,A+,Hosur,6094175024
P02425,Vikram Mohan,8,Male,A+,Erode,6758755850
P02426,Swathi Raj,6,Female,O+,Kanchipuram,6236694627
P02427,Naveen Singh,69,Male,A+,Coimbatore,7204384504
P02428,Sneha Sharma,38,Female,O+,Trichy,7939416674
P02429,Vivek Rao,63,Male,B+,Dindigul,6985857491
P02430,Arjun Singh,39,Male,A+,Madurai,6418793978
P02431,Meera Nair,28,Female,B-,Salem,8164598243
P02432,Neha Kumar,13,Female,O+,Tiruppur,8651875692
P02433,Lakshmi Babu,70,Female,B+,Tiruvallur,8273571256
P02434,Sneha Sharma,16,Female,O+,Erode,7789591532
P02435,Sneha Patel,58,Female,O+,Kanchipuram,9578369030
P02436,Ganesh Mohan,16,Male,AB+,Tirunelveli,7329856849
P02437,Keerthana Babu,46,Female,B+,Hosur,9600746143
P02438,Rakesh Nair,1,Male,B+,Dindigul,9744368716
P02439,Naveen Mohan,59,Male,O+,Coimbatore,7774054586
P02440,Ananya Rao,25,Female,A+,Tiruppur,7142785314
P02441,Harish Babu,42,Male,A+,Tirunelveli,8492122339
P02442,Rahul Patel,26,Male,O+,Dindigul,9320448456
P02443,Lakshmi Raj,37,Female,AB+,Thanjavur,7176604568
P02444,Prakash Sharma,58,Male,B+,Dindigul,7576776576
P02445,Pooja Verma,19,Female,O+,Vellore,8085296455
P02446,Rahul Nair,35,Male,A+,Erode,6829887275
P02447,Nithya Menon,13,Female,A+,Thanjavur,7069298738
P02448,Harini Krishnan,13,Female,A+,Tiruppur,8466390321
P02449,Meera Kumar,21,Female,B+,Kanchipuram,8301118406
P02450,Kavya Rao,36,Female,A+,Vellore,7245296151
P02451,Meera Singh,34,Female,O+,Dindigul,8517983871
P02452,Rohan Patel,79,Male,O-,Tirunelveli,8389586417
P02453,Rohan Krishnan,27,Male,B+,Kanchipuram,9624694762
P02454,Aditya Raj,63,Male,O+,Tirunelveli,7179736799
P02455,Rahul Verma,50,Male,B+,Tiruttani,6190952038
P02456,Sneha Sharma,69,Female,B+,Hosur,7190456244
P02457,Nithya Reddy,14,Female,A+,Tirunelveli,6339350824
P02458,Harish Reddy,36,Male,O+,Erode,9403075598
P02459,Ananya Krishnan,15,Female,O+,Tiruttani,7843507450
P02460,Harish Verma,15,Male,A+,Tiruvallur,6024404310
P02461,Vivek Nair,9,Male,O+,Thanjavur,7327737655
P02462,Aishwarya Singh,3,Female,A+,Tiruppur,8554814712
P02463,Pooja Singh,23,Female,O+,Trichy,8942702150
P02464,Vikram Mohan,16,Male,B+,Kanchipuram,9627989582
P02465,Harini Nair,32,Female,B+,Tiruvallur,9299037191
P02466,Vivek Patel,44,Male,B+,Vellore,7714211622
P02467,Rakesh Mohan,56,Male,A+,Chennai,9443643644
P02468,Meera Verma,25,Female,A+,Hosur,6914220072
P02469,Ganesh Mohan,78,Male,B+,Trichy,7278087857
P02470,Arjun Gupta,72,Male,A+,Vellore,8000900632
P02471,Neha Babu,61,Female,A-,Tiruttani,7465861728
P02472,Aishwarya Krishnan,5,Female,O+,Tirunelveli,8324656841
P02473,Kavya Babu,32,Female,O+,Tiruppur,7735185176
P02474,Divya Babu,57,Female,O-,Tirunelveli,7600337522
P02475,Nithya Menon,30,Female,O+,Kanchipuram,8225145579
P02476,Keerthana Babu,23,Female,O+,Tiruppur,6604142643
P02477,Karthik Gupta,47,Male,A+,Trichy,6229821093
P02478,Deepika Raj,23,Female,O+,Madurai,8950149628
P02479,Priya Nair,64,Female,AB+,Trichy,9878347679
P02480,Arjun Nair,35,Male,O+,Tirunelveli,6694836094
P02481,Naveen Singh,37,Male,O-,Chennai,7592562972
P02482,Pooja Gupta,50,Female,O+,Tiruttani,8572734689
P02483,Vivek Kumar,54,Male,A+,Trichy,8446661051
P02484,Swathi Babu,48,Female,A+,Tirunelveli,6288688792
P02485,Kavya Gupta,54,Female,O-,Hosur,8951869561
P02486,Ashwin Menon,21,Male,B-,Trichy,8183801693
P02487,Aishwarya Singh,30,Female,B+,Hosur,8779398012
P02488,Ganesh Raj,7,Male,O+,Erode,7200239152
P02489,Rahul Mohan,19,Male,B+,Thanjavur,8140982127
P02490,Karthik Iyer,22,Male,O-,Tiruppur,8012959031
P02491,Aishwarya Krishnan,44,Female,B+,Chennai,9019176532
P02492,Keerthana Menon,34,Female,AB-,Hosur,6151547469
P02493,Rahul Nair,67,Male,O-,Dindigul,6027282040
P02494,Prakash Iyer,62,Male,O+,Tiruvallur,8491232160
P02495,Rohan Verma,32,Male,O+,Dindigul,9832527625
P02496,Ashwin Verma,3,Male,O+,Coimbatore,9679542832
P02497,Aishwarya Krishnan,12,Female,B+,Tirunelveli,6811678629
P02498,Karthik Patel,4,Male,A+,Tiruvallur,7267302209
P02499,Ananya Nair,56,Female,O+,Tiruvallur,9405319841
P02500,Ashwin Patel,6,Male,B+,Chennai,7852846770
P02501,Manoj Nair,39,Male,A+,Tiruppur,9083076440
P02502,Lakshmi Rao,18,Female,B+,Chennai,9727279732
P02503,Prakash Kumar,24,Male,A+,Trichy,8051121340
P02504,Lakshmi Iyer,63,Female,O+,Tiruttani,9502406511
P02505,Deepika Babu,61,Female,AB+,Dindigul,9706485796
P02506,Meera Krishnan,51,Female,O-,Hosur,7079044813
P02507,Prakash Kumar,69,Male,AB-,Tiruvallur,7567677619
P02508,Sneha Menon,26,Female,O+,Chennai,8176451770
P02509,Ganesh Reddy,63,Male,O+,Dindigul,7347827725
P02510,Harish Reddy,6,Male,B+,Thanjavur,8848987358
P02511,Sneha Nair,85,Female,B+,Trichy,8570240939
P02512,Deepika Singh,22,Female,B+,Salem,6484427398
P02513,Rohan Babu,57,Male,O+,Trichy,9886762273
P02514,Keerthana Iyer,55,Female,O-,Tirunelveli,8016633401
P02515,Nithya Mohan,18,Female,A+,Trichy,7526362886
P02516,Ganesh Iyer,20,Male,O+,Salem,7551434421
P02517,Rahul Nair,44,Male,O+,Kanchipuram,7742188424
P02518,Meera Rao,18,Female,O+,Kanchipuram,9164792464
P02519,Prakash Gupta,60,Male,O+,Tiruppur,8539987591
P02520,Meera Verma,8,Female,O+,Coimbatore,7518347923
P02521,Rohan Nair,63,Male,O+,Vellore,8108124643
P02522,Neha Krishnan,58,Female,A-,Salem,8014606696
P02523,Harish Kumar,45,Male,B+,Trichy,6491218790
P02524,Divya Kumar,34,Female,A+,Vellore,9112502316
P02525,Arjun Mohan,13,Male,O+,Tiruppur,8898683212
P02526,Naveen Singh,54,Male,B+,Kanchipuram,7250796699
P02527,Neha Mohan,13,Female,A-,Thanjavur,9414424607
P02528,Rakesh Nair,24,Male,AB+,Tiruttani,6159528599
P02529,Aishwarya Patel,59,Female,O+,Hosur,6982930557
P02530,Swathi Nair,65,Female,B+,Tiruvallur,8676074105
P02531,Prakash Menon,63,Male,O+,Chennai,7390356028
P02532,Harini Rao,45,Female,B+,Tirunelveli,6096354760
P02533,Divya Verma,3,Female,O+,Coimbatore,7262264418
P02534,Ganesh Raj,17,Male,O+,Salem,9859356535
P02535,Manoj Menon,41,Male,B+,Hosur,7076557374
P02536,Nithya Mohan,56,Female,O+,Madurai,7846790175
P02537,Rakesh Reddy,64,Male,B+,Tiruttani,8949652396
P02538,Kavya Krishnan,64,Female,B+,Madurai,9385407008
P02539,Harini Sharma,28,Female,A-,Salem,8695753851
P02540,Ashwin Gupta,58,Male,B+,Vellore,8946142620
P02541,Priya Rao,26,Female,A+,Trichy,8461189787
P02542,Vivek Reddy,38,Male,O-,Kanchipuram,8380419171
P02543,Priya Iyer,24,Female,AB+,Trichy,9854418436
P02544,Priya Krishnan,13,Female,B+,Tiruttani,8137880210
P02545,Ganesh Singh,39,Male,A+,Tiruppur,6736576455
P02546,Divya Gupta,52,Female,O+,Erode,9954351102
P02547,Swathi Iyer,37,Female,O+,Tiruvallur,9892333135
P02548,Suresh Krishnan,36,Male,B+,Chennai,6026406260
P02549,Aishwarya Menon,56,Female,B+,Coimbatore,7487621648
P02550,Harish Menon,60,Male,B+,Tiruvallur,6302940695
P02551,Lakshmi Reddy,27,Female,O+,Dindigul,7893771258
P02552,Naveen Menon,43,Male,B+,Coimbatore,7951659919
P02553,Divya Verma,55,Female,AB-,Tirunelveli,7523900415
P02554,Suresh Verma,24,Male,A+,Tiruppur,7547018977
P02555,Harini Kumar,23,Female,O+,Tiruppur,9936725028
P02556,Arjun Raj,48,Male,A+,Tiruttani,9734603161
P02557,Ashwin Menon,8,Male,A+,Madurai,9645752754
P02558,Harish Rao,52,Male,AB+,Hosur,6785150668
P02559,Rohan Patel,49,Male,B+,Vellore,6616689409
P02560,Aditya Mohan,58,Male,O+,Thanjavur,9595516113
P02561,Prakash Patel,32,Male,O+,Salem,7182569619
P02562,Rahul Reddy,39,Male,O-,Tiruppur,7869784879
P02563,Nithya Iyer,7,Female,O-,Chennai,7270436922
P02564,Keerthana Gupta,59,Female,O+,Trichy,9127469017
P02565,Meera Sharma,48,Female,A+,Erode,6370855360
P02566,Harini Reddy,13,Female,A+,Vellore,6735775694
P02567,Manoj Gupta,28,Male,O+,Salem,9032730324
P02568,Harish Nair,38,Male,O+,Hosur,7235611882
P02569,Vikram Verma,66,Male,B+,Tirunelveli,7862185311
P02570,Ashwin Mohan,25,Male,O+,Tiruppur,9366663694
P02571,Sneha Rao,4,Female,O+,Tiruvallur,7984503379
P02572,Harish Reddy,65,Male,O+,Chennai,8753531324
P02573,Sneha Verma,56,Female,A+,Tiruvallur,9950305687
P02574,Vivek Raj,12,Male,AB+,Tirunelveli,7249489185
P02575,Manoj Babu,42,Male,O+,Erode,8015149777
P02576,Kavya Gupta,7,Female,B+,Tirunelveli,7765282261
P02577,Deepika Menon,64,Female,B+,Chennai,8948494345
P02578,Aishwarya Verma,59,Female,AB+,Coimbatore,8886550091
P02579,Swathi Patel,60,Female,A+,Madurai,8959360194
P02580,Karthik Krishnan,39,Male,A+,Erode,7360878072
P02581,Ashwin Reddy,4,Male,O-,Dindigul,8881120996
P02582,Keerthana Nair,33,Female,A+,Chennai,8734483656
P02583,Priya Nair,44,Female,B+,Chennai,7657439677
P02584,Rohan Menon,40,Male,O+,Trichy,9649095468
P02585,Nithya Iyer,47,Female,B+,Erode,6810253129
P02586,Aditya Verma,50,Male,O+,Tiruppur,9095804014
P02587,Ananya Verma,40,Female,B+,Chennai,9019007388
P02588,Kavya Singh,33,Female,B+,Dindigul,6436939089
P02589,Ananya Iyer,21,Female,O+,Kanchipuram,6718321305
P02590,Sneha Mohan,54,Female,B+,Dindigul,8511190359
P02591,Keerthana Babu,5,Female,O+,Kanchipuram,7125979990
P02592,Manoj Raj,21,Male,A+,Tiruppur,6766062895
P02593,Ganesh Iyer,55,Male,O+,Trichy,6838744308
P02594,Naveen Iyer,31,Male,B+,Kanchipuram,8970266382
P02595,Vivek Sharma,35,Male,A+,Erode,7133117860
P02596,Aishwarya Verma,40,Female,A+,Kanchipuram,8889203028
P02597,Divya Raj,27,Female,A+,Kanchipuram,8303606778
P02598,Ananya Gupta,51,Female,O+,Kanchipuram,6265571364
P02599,Aishwarya Menon,49,Female,B+,Salem,7375257448
P02600,Rakesh Patel,19,Male,B+,Kanchipuram,9185111567
P02601,Manoj Iyer,37,Male,O+,Tiruppur,6467050680
P02602,Naveen Babu,14,Male,AB+,Trichy,7650275860
P02603,Ganesh Krishnan,24,Male,O-,Tirunelveli,8338923495
P02604,Suresh Raj,27,Male,O+,Vellore,7782638803
P02605,Suresh Krishnan,50,Male,A+,Tirunelveli,9862869747
P02606,Nithya Raj,16,Female,B+,Chennai,8854787268
P02607,Prakash Verma,14,Male,B+,Madurai,8941232806
P02608,Rohan Iyer,54,Male,AB+,Coimbatore,7455418925
P02609,Rahul Menon,47,Male,O-,Vellore,6303282673
P02610,Deepika Menon,46,Female,O+,Tiruppur,6571689621
P02611,Karthik Raj,57,Male,O+,Tirunelveli,8868564347
P02612,Priya Krishnan,63,Female,O+,Chennai,8587289467
P02613,Aditya Iyer,4,Male,O+,Tiruvallur,7601726280
P02614,Vikram Babu,55,Male,B+,Erode,7749116343
P02615,Vikram Sharma,12,Male,O+,Tirunelveli,8662284554
P02616,Suresh Raj,11,Male,O+,Kanchipuram,6229511084
P02617,Ananya Kumar,39,Female,B+,Dindigul,9260469017
P02618,Swathi Krishnan,42,Female,AB+,Kanchipuram,9624410667
P02619,Divya Nair,53,Female,AB+,Madurai,9650242389
P02620,Rohan Menon,46,Male,A+,Hosur,9072985023
P02621,Rohan Krishnan,66,Male,AB+,Tirunelveli,6148533317
P02622,Suresh Nair,36,Male,A+,Dindigul,9298249220
P02623,Naveen Krishnan,68,Male,A+,Thanjavur,8089521768
P02624,Rahul Verma,22,Male,A+,Vellore,9507324913
P02625,Meera Kumar,24,Female,B+,Vellore,9274962383
P02626,Kavya Kumar,53,Female,A+,Tirunelveli,7439994285
P02627,Vikram Iyer,82,Male,A+,Salem,9486329085
P02628,Rohan Kumar,54,Male,A-,Erode,6159051823
P02629,Aishwarya Reddy,22,Female,O+,Salem,7479391171
P02630,Kavya Verma,46,Female,O+,Salem,7688486573
P02631,Kavya Raj,19,Female,A+,Chennai,6236604741
P02632,Arjun Rao,13,Male,O+,Erode,8825289404
P02633,Prakash Iyer,49,Male,A+,Madurai,6957752668
P02634,Neha Mohan,11,Female,B+,Tirunelveli,8678175248
P02635,Vikram Patel,19,Male,O-,Madurai,8930395395
P02636,Harish Babu,58,Male,O+,Thanjavur,7329873401
P02637,Suresh Gupta,61,Male,AB+,Salem,6547377049
P02638,Prakash Singh,28,Male,B+,Vellore,6597739610
P02639,Manoj Krishnan,18,Male,A+,Tiruttani,6891080417
P02640,Pooja Gupta,32,Female,O+,Tiruvallur,8188771699
P02641,Aditya Patel,31,Male,O+,Trichy,7110485786
P02642,Lakshmi Mohan,15,Female,A+,Hosur,6281829127
P02643,Lakshmi Krishnan,22,Female,A-,Kanchipuram,9960841585
P02644,Meera Nair,47,Female,B+,Salem,8763185596
P02645,Priya Nair,59,Female,B+,Tiruvallur,7481440004
P02646,Manoj Nair,27,Male,O+,Hosur,9064079729
P02647,Neha Babu,24,Female,A+,Thanjavur,7427344979
P02648,Ganesh Verma,45,Male,A+,Trichy,6654758783
P02649,Lakshmi Sharma,88,Female,O+,Kanchipuram,8590677185
P02650,Harish Singh,11,Male,O+,Salem,8040256004
P02651,Vikram Mohan,11,Male,A+,Tiruppur,6527071279
P02652,Ananya Nair,36,Female,O+,Tiruvallur,7272990438
P02653,Vivek Mohan,60,Male,A+,Tiruttani,8702543163
P02654,Rohan Rao,39,Male,O+,Tiruppur,8560467820
P02655,Aditya Gupta,12,Male,O-,Vellore,7026134097
P02656,Rahul Verma,25,Male,B+,Chennai,6676654053
P02657,Suresh Reddy,29,Male,B+,Tirunelveli,7353286178
P02658,Rohan Rao,53,Male,B-,Erode,9573213678
P02659,Kavya Patel,37,Female,O+,Coimbatore,7107055705
P02660,Prakash Patel,7,Male,A+,Tiruttani,7412359989
P02661,Deepika Reddy,76,Female,A+,Kanchipuram,8635600625
P02662,Ananya Patel,10,Female,AB+,Tiruppur,7193784953
P02663,Rakesh Reddy,32,Male,O+,Tiruvallur,7580197621
P02664,Suresh Singh,58,Male,O+,Tirunelveli,9526532224
P02665,Priya Babu,49,Female,B-,Chennai,9481297198
P02666,Priya Raj,65,Female,AB+,Thanjavur,7374812681
P02667,Harini Mohan,26,Female,B+,Erode,9588990580
P02668,Suresh Kumar,17,Male,B+,Chennai,7081056358
P02669,Harini Raj,27,Female,B+,Coimbatore,8116694602
P02670,Karthik Mohan,75,Male,O-,Tiruppur,6428125983
P02671,Harini Reddy,5,Female,B+,Tiruvallur,7959126092
P02672,Vikram Iyer,5,Male,B+,Vellore,6571665781
P02673,Arjun Menon,85,Male,O+,Chennai,7389641645
P02674,Naveen Singh,24,Male,B+,Kanchipuram,7322307248
P02675,Pooja Menon,3,Female,A+,Tiruttani,8955745861
P02676,Harish Patel,52,Male,A+,Salem,9835442788
P02677,Swathi Rao,69,Female,A+,Chennai,6965693259
P02678,Harini Reddy,79,Female,B+,Madurai,8683127534
P02679,Naveen Iyer,45,Male,B+,Vellore,7780228017
P02680,Ananya Krishnan,79,Female,O+,Salem,7026944735
P02681,Suresh Sharma,86,Male,O+,Trichy,9032318667
P02682,Ganesh Singh,41,Male,A-,Salem,6720110408
P02683,Naveen Menon,20,Male,AB+,Madurai,6018777953
P02684,Rakesh Mohan,55,Male,O+,Vellore,8939224257
P02685,Aishwarya Raj,20,Female,O+,Tiruppur,7021885211
P02686,Neha Menon,27,Female,O+,Tirunelveli,8839687884
P02687,Manoj Raj,12,Male,B+,Salem,6598358947
P02688,Priya Mohan,33,Female,B+,Madurai,7320254616
P02689,Swathi Menon,40,Female,B+,Erode,9898636139
P02690,Swathi Babu,23,Female,O+,Hosur,8118572350
P02691,Prakash Menon,41,Male,A+,Tirunelveli,8638965499
P02692,Deepika Nair,41,Female,A+,Thanjavur,8200810014
P02693,Naveen Verma,39,Male,A+,Tirunelveli,8515759514
P02694,Prakash Babu,29,Male,B+,Hosur,9800458724
P02695,Ashwin Reddy,35,Male,AB+,Dindigul,6652948305
P02696,Vivek Sharma,30,Male,B+,Coimbatore,8343353675
P02697,Deepika Nair,32,Female,O+,Dindigul,8658750310
P02698,Nithya Krishnan,45,Female,O+,Chennai,6712806199
P02699,Vivek Verma,19,Male,A+,Dindigul,6974721712
P02700,Harini Iyer,39,Female,A+,Hosur,8032536952
P02701,Divya Rao,38,Female,A+,Vellore,9781072839
P02702,Harini Nair,54,Female,A-,Tirunelveli,9261499363
P02703,Manoj Gupta,40,Male,O+,Dindigul,7439095195
P02704,Lakshmi Singh,13,Female,O+,Tirunelveli,8621051640
P02705,Neha Nair,47,Female,AB+,Tiruvallur,9135373965
P02706,Vivek Mohan,31,Male,B+,Kanchipuram,7986777055
P02707,Neha Gupta,27,Female,A+,Madurai,6991548270
P02708,Ashwin Reddy,32,Male,B+,Tiruvallur,9326893746
P02709,Karthik Sharma,25,Male,A+,Erode,7157712918
P02710,Sneha Babu,37,Female,O+,Kanchipuram,7617655892
P02711,Vikram Babu,30,Male,B+,Vellore,6063022829
P02712,Manoj Iyer,30,Male,A+,Tiruppur,6153596472
P02713,Neha Krishnan,41,Female,O+,Salem,7507283101
P02714,Nithya Krishnan,9,Female,O+,Erode,6564505810
P02715,Neha Kumar,21,Female,O-,Erode,6797447619
P02716,Vivek Rao,63,Male,A-,Tirunelveli,8646533347
P02717,Kavya Babu,33,Female,O+,Tiruppur,8262819150
P02718,Vikram Nair,21,Male,O-,Tiruppur,8450521940
P02719,Lakshmi Krishnan,8,Female,O+,Tirunelveli,9979629145
P02720,Aishwarya Iyer,79,Female,A+,Kanchipuram,7919817473
P02721,Pooja Patel,20,Female,B+,Erode,7874895571
P02722,Rahul Raj,43,Male,O+,Salem,7961639525
P02723,Kavya Nair,34,Female,O+,Thanjavur,8123848775
P02724,Lakshmi Verma,10,Female,O+,Erode,6557983229
P02725,Ashwin Raj,1,Male,O+,Chennai,7451736585
P02726,Priya Patel,48,Female,A+,Salem,7246271239
P02727,Vikram Mohan,90,Male,B-,Tirunelveli,7335359759
P02728,Prakash Singh,71,Male,A+,Dindigul,9960878757
P02729,Manoj Babu,52,Male,A+,Tirunelveli,8097739836
P02730,Pooja Kumar,44,Female,AB-,Erode,7500445072
P02731,Sneha Gupta,46,Female,B+,Chennai,6932265278
P02732,Rohan Menon,26,Male,O+,Salem,9567117753
P02733,Sneha Menon,56,Female,A+,Dindigul,6088407553
P02734,Rohan Iyer,56,Male,B+,Tiruppur,8683950705
P02735,Manoj Iyer,59,Male,B+,Tiruppur,8128156838
P02736,Harini Kumar,51,Female,A+,Erode,7379821492
P02737,Ananya Iyer,41,Female,O+,Tiruvallur,6390858306
P02738,Deepika Mohan,39,Female,B+,Hosur,9672386656
P02739,Ganesh Singh,37,Male,AB-,Vellore,7735410577
P02740,Rohan Kumar,15,Male,O+,Tiruvallur,9085587235
P02741,Neha Menon,61,Female,B+,Chennai,9241041507
P02742,Swathi Iyer,19,Female,O+,Thanjavur,9611556613
P02743,Priya Babu,23,Female,B+,Chennai,9045840892
P02744,Ashwin Nair,10,Male,B+,Chennai,6494935658
P02745,Ganesh Krishnan,23,Male,A+,Erode,8647224558
P02746,Vivek Kumar,33,Male,O+,Coimbatore,7244966390
P02747,Harish Kumar,16,Male,A+,Dindigul,9488672514
P02748,Ashwin Gupta,40,Male,O+,Kanchipuram,6317098166
P02749,Vikram Mohan,11,Male,A+,Tirunelveli,9281501645
P02750,Lakshmi Singh,30,Female,A+,Trichy,9253612769
P02751,Pooja Reddy,51,Female,B+,Tiruttani,7794745080
P02752,Ananya Nair,86,Female,O+,Hosur,7716042614
P02753,Aishwarya Sharma,56,Female,O+,Salem,7152644582
P02754,Nithya Gupta,18,Female,O+,Thanjavur,9378049876
P02755,Arjun Gupta,21,Male,AB+,Tiruppur,8965242760
P02756,Kavya Krishnan,55,Female,A+,Tiruvallur,7026135342
P02757,Divya Patel,43,Female,O+,Tiruvallur,6213841551
P02758,Prakash Krishnan,30,Male,AB+,Thanjavur,7275056880
P02759,Deepika Mohan,31,Female,B+,Tiruppur,8712633402
P02760,Vivek Rao,89,Male,B+,Madurai,6727332627
P02761,Lakshmi Babu,35,Female,A+,Kanchipuram,7881946877
P02762,Swathi Krishnan,22,Female,O+,Kanchipuram,8136757266
P02763,Nithya Verma,26,Female,O-,Vellore,8667832031
P02764,Ananya Mohan,52,Female,AB+,Tiruppur,6905340388
P02765,Vikram Iyer,18,Male,B+,Thanjavur,9801664802
P02766,Aditya Reddy,29,Male,AB+,Trichy,7311543978
P02767,Rohan Nair,25,Male,O+,Vellore,9066086236
P02768,Priya Menon,30,Female,A+,Thanjavur,8247892251
P02769,Rakesh Mohan,29,Male,A-,Hosur,8506210840
P02770,Rohan Verma,45,Male,O-,Tiruppur,9629810997
P02771,Sneha Verma,82,Female,A+,Tiruttani,7083681682
P02772,Suresh Kumar,33,Male,A+,Trichy,9871439039
P02773,Prakash Mohan,66,Male,O-,Vellore,6260702474
P02774,Lakshmi Krishnan,42,Female,B+,Tiruvallur,8132738152
P02775,Prakash Raj,51,Male,O+,Tiruppur,8540149384
P02776,Harini Mohan,33,Female,B+,Erode,6459478007
P02777,Harish Menon,52,Male,A+,Kanchipuram,8755504583
P02778,Divya Kumar,12,Female,A+,Tiruppur,9990317211
P02779,Manoj Patel,88,Male,A+,Salem,8331569640
P02780,Arjun Sharma,26,Male,O+,Kanchipuram,8352062260
P02781,Rahul Singh,50,Male,B+,Tirunelveli,8316140823
P02782,Arjun Sharma,40,Male,O+,Hosur,7574051995
P02783,Naveen Sharma,26,Male,O+,Tiruvallur,7673526359
P02784,Ananya Nair,53,Female,A+,Salem,9302286710
P02785,Pooja Patel,46,Female,O+,Kanchipuram,8357774149
P02786,Rohan Nair,6,Male,O+,Madurai,6997526158
P02787,Lakshmi Rao,42,Female,A+,Dindigul,9683171511
P02788,Suresh Reddy,49,Male,O+,Dindigul,7546731371
P02789,Lakshmi Verma,54,Female,O+,Tiruttani,9669545085
P02790,Nithya Verma,5,Female,O+,Coimbatore,9761706130
P02791,Rahul Krishnan,16,Male,A+,Tiruvallur,9817203579
P02792,Divya Verma,26,Female,O+,Kanchipuram,9542607824
P02793,Rahul Singh,52,Male,O+,Dindigul,8411475466
P02794,Suresh Mohan,50,Male,O+,Tiruvallur,9642116846
P02795,Vikram Rao,65,Male,AB+,Coimbatore,7923466521
P02796,Kavya Singh,16,Female,B+,Trichy,9649506054
P02797,Rahul Babu,61,Male,B-,Tiruttani,9346310789
P02798,Ashwin Nair,44,Male,AB+,Dindigul,7760188304
P02799,Harish Krishnan,34,Male,B+,Tiruppur,7733435973
P02800,Harini Gupta,29,Female,B+,Erode,7253175040
P02801,Vivek Kumar,12,Male,O+,Vellore,6897409529
P02802,Rohan Babu,57,Male,O+,Vellore,6928184726
P02803,Neha Kumar,32,Female,B+,Kanchipuram,8416119540
P02804,Sneha Babu,45,Female,O+,Erode,9683112179
P02805,Swathi Reddy,50,Female,B+,Tiruttani,8331256772
P02806,Priya Verma,52,Female,A+,Vellore,6162714134
P02807,Vivek Krishnan,52,Male,O+,Vellore,6374214209
P02808,Sneha Kumar,33,Female,O-,Salem,9587199425
P02809,Rakesh Krishnan,44,Male,O+,Tiruvallur,7309558779
P02810,Aditya Menon,51,Male,A+,Tiruppur,7723816129
P02811,Rahul Iyer,29,Male,B+,Thanjavur,9330107535
P02812,Karthik Verma,22,Male,O+,Erode,7123222320
P02813,Harini Iyer,36,Female,O-,Tiruvallur,6094391370
P02814,Neha Mohan,42,Female,O+,Kanchipuram,8131682260
P02815,Prakash Raj,40,Male,O+,Coimbatore,8178449883
P02816,Vikram Nair,40,Male,O-,Hosur,8811337049
P02817,Pooja Reddy,37,Female,O+,Chennai,6700535588
P02818,Rakesh Iyer,83,Male,B+,Thanjavur,9808293850
P02819,Harish Mohan,41,Male,A+,Erode,8587537156
P02820,Ananya Patel,53,Female,O+,Chennai,6066670633
P02821,Rahul Gupta,48,Male,B+,Dindigul,9195530937
P02822,Harish Sharma,54,Male,B+,Trichy,6791703793
P02823,Aditya Sharma,64,Male,O+,Chennai,9458207216
P02824,Rakesh Menon,35,Male,O+,Tirunelveli,7732550652
P02825,Rohan Babu,58,Male,AB+,Tiruppur,9207209578
P02826,Rakesh Iyer,36,Male,O+,Erode,9996844565
P02827,Nithya Babu,48,Female,AB+,Tiruppur,7420540515
P02828,Pooja Nair,54,Female,O+,Hosur,8016759930
P02829,Rahul Iyer,48,Male,O+,Chennai,7806709144
P02830,Divya Menon,26,Female,B-,Chennai,9400464549
P02831,Pooja Rao,55,Female,B+,Erode,6525604899
P02832,Rakesh Menon,30,Male,O+,Tirunelveli,9138079511
P02833,Karthik Krishnan,58,Male,A+,Thanjavur,7081595904
P02834,Rahul Patel,80,Male,AB+,Tiruttani,9741647763
P02835,Ashwin Kumar,53,Male,B+,Madurai,8197670254
P02836,Ananya Singh,35,Female,O+,Kanchipuram,6458924418
P02837,Karthik Rao,48,Male,AB+,Tiruvallur,8724479297
P02838,Swathi Sharma,54,Female,O-,Salem,7009465846
P02839,Ganesh Raj,35,Male,A+,Tiruvallur,6807376764
P02840,Lakshmi Iyer,27,Female,O+,Salem,8519187162
P02841,Kavya Nair,40,Female,A+,Dindigul,6091919352
P02842,Keerthana Menon,22,Female,B+,Kanchipuram,8176970856
P02843,Divya Gupta,23,Female,A+,Thanjavur,6396704477
P02844,Lakshmi Verma,74,Female,O+,Hosur,6702501554
P02845,Swathi Menon,10,Female,B+,Tiruttani,7752563744
P02846,Divya Patel,61,Female,A+,Tiruvallur,6335420509
P02847,Meera Raj,8,Female,O+,Tiruttani,6282769588
P02848,Priya Babu,34,Female,AB+,Tiruvallur,8660366980
P02849,Manoj Nair,35,Male,O+,Madurai,7350079616
P02850,Meera Nair,40,Female,B+,Salem,8471649191
P02851,Meera Krishnan,36,Female,O+,Tiruvallur,6259250169
P02852,Rohan Singh,42,Male,O+,Kanchipuram,8307008133
P02853,Keerthana Babu,30,Female,O+,Hosur,6432692494
P02854,Naveen Kumar,7,Male,B+,Thanjavur,7991129464
P02855,Vikram Sharma,83,Male,O+,Tiruppur,9465951120
P02856,Rakesh Iyer,27,Male,AB-,Kanchipuram,6669423943
P02857,Harish Nair,35,Male,O-,Erode,7637734850
P02858,Arjun Verma,71,Male,AB+,Tiruppur,8179316250
P02859,Divya Iyer,20,Female,B+,Madurai,7483726877
P02860,Harish Rao,62,Male,A+,Salem,9286728774
P02861,Harini Rao,45,Female,O+,Salem,9762969652
P02862,Ananya Babu,33,Female,O+,Erode,9204041071
P02863,Karthik Gupta,54,Male,O+,Dindigul,8702657814
P02864,Meera Raj,26,Female,O+,Trichy,7311015845
P02865,Aishwarya Verma,14,Female,AB+,Tiruppur,9017493175
P02866,Priya Raj,33,Female,O+,Coimbatore,6373397010
P02867,Ashwin Mohan,84,Male,O+,Madurai,9892240061
P02868,Naveen Singh,44,Male,A+,Tirunelveli,9251435804
P02869,Ananya Sharma,46,Female,AB-,Chennai,7501531195
P02870,Priya Verma,81,Female,A+,Hosur,8477966054
P02871,Pooja Reddy,37,Female,O+,Salem,8246406948
P02872,Harini Sharma,61,Female,O+,Salem,9827711488
P02873,Aditya Kumar,43,Male,O+,Coimbatore,6557082678
P02874,Keerthana Patel,54,Female,O+,Salem,9442942670
P02875,Harish Patel,48,Male,O+,Coimbatore,8786268497
P02876,Suresh Reddy,19,Male,B+,Thanjavur,9420768170
P02877,Aditya Rao,5,Male,O+,Vellore,6239766105
P02878,Ananya Verma,28,Female,O+,Chennai,6601751800
P02879,Lakshmi Nair,31,Female,A+,Vellore,7761867706
P02880,Aishwarya Reddy,65,Female,B+,Hosur,8834914309
P02881,Rahul Patel,15,Male,B+,Kanchipuram,6833674089
P02882,Karthik Krishnan,57,Male,A+,Hosur,7476988012
P02883,Rohan Raj,30,Male,O+,Trichy,6108802570
P02884,Rakesh Singh,51,Male,B+,Dindigul,6370355959
P02885,Rohan Sharma,38,Male,B+,Tirunelveli,6296586360
P02886,Manoj Patel,19,Male,A+,Trichy,8092254508
P02887,Aditya Gupta,22,Male,A+,Hosur,6387183410
P02888,Ashwin Kumar,36,Male,A+,Erode,7393004603
P02889,Keerthana Krishnan,46,Female,B+,Kanchipuram,6064937590
P02890,Kavya Nair,47,Female,B+,Vellore,8047027890
P02891,Rakesh Nair,37,Male,O+,Trichy,9050198575
P02892,Aishwarya Iyer,82,Female,B+,Erode,7274062828
P02893,Harini Kumar,37,Female,O+,Madurai,9528515501
P02894,Rohan Reddy,14,Male,O+,Tiruppur,6505139184
P02895,Naveen Kumar,28,Male,AB+,Coimbatore,8007404515
P02896,Swathi Gupta,72,Female,O+,Hosur,8769268994
P02897,Meera Rao,45,Female,O+,Kanchipuram,8523906056
P02898,Aditya Raj,2,Male,O+,Tiruvallur,9373949125
P02899,Prakash Iyer,58,Male,A+,Tiruvallur,8643653145
P02900,Divya Singh,29,Female,A+,Hosur,7146318798
P02901,Lakshmi Singh,53,Female,B-,Hosur,9230423338
P02902,Rahul Krishnan,26,Male,B+,Vellore,9927040043
P02903,Lakshmi Singh,35,Female,A+,Hosur,6260275789
P02904,Pooja Iyer,26,Female,A+,Tiruppur,8808823309
P02905,Priya Sharma,44,Female,A+,Salem,6707518621
P02906,Prakash Rao,59,Male,AB+,Tirunelveli,6828168960
P02907,Aditya Raj,58,Male,AB+,Erode,9279042528
P02908,Pooja Patel,26,Female,A+,Hosur,9792241997
P02909,Priya Iyer,21,Female,O+,Trichy,7809854487
P02910,Rakesh Raj,83,Male,O+,Salem,6586726021
P02911,Rahul Krishnan,88,Male,O+,Dindigul,6640599743
P02912,Naveen Nair,46,Male,AB+,Trichy,6825371268
P02913,Priya Menon,68,Female,O+,Vellore,6813731421
P02914,Deepika Patel,30,Female,O+,Kanchipuram,7433178273
P02915,Rohan Krishnan,61,Male,A+,Madurai,9840784640
P02916,Rohan Nair,39,Male,B-,Madurai,9997856525
P02917,Deepika Verma,34,Female,O+,Hosur,6672929907
P02918,Karthik Babu,45,Male,O+,Tirunelveli,9154138273
P02919,Deepika Rao,33,Female,B+,Hosur,8898622546
P02920,Sneha Gupta,39,Female,B-,Chennai,8565748084
P02921,Vivek Krishnan,88,Male,O+,Hosur,8627350600
P02922,Karthik Verma,35,Male,AB+,Thanjavur,9961490910
P02923,Prakash Sharma,37,Male,AB+,Kanchipuram,7454300178
P02924,Keerthana Singh,24,Female,AB+,Dindigul,7205225898
P02925,Deepika Mohan,47,Female,A+,Trichy,8166569107
P02926,Ashwin Rao,58,Male,B+,Coimbatore,9713402500
P02927,Kavya Reddy,20,Female,AB-,Tiruttani,7349465265
P02928,Rakesh Patel,75,Male,A+,Tiruppur,7116028595
P02929,Harish Verma,83,Male,A+,Tiruppur,7598759204
P02930,Ashwin Patel,51,Male,B-,Erode,8301643032
P02931,Aishwarya Babu,23,Female,B+,Trichy,8294578674
P02932,Suresh Verma,60,Male,O+,Thanjavur,6497283419
P02933,Aditya Nair,28,Male,O+,Kanchipuram,6844298299
P02934,Rahul Singh,30,Male,O+,Erode,8658597024
P02935,Arjun Patel,41,Male,A+,Kanchipuram,9584345651
P02936,Manoj Iyer,17,Male,O+,Dindigul,6080631395
P02937,Meera Patel,83,Female,B+,Thanjavur,7590731282
P02938,Ashwin Sharma,51,Male,A+,Thanjavur,8181544788
P02939,Manoj Nair,40,Male,O+,Chennai,7070950626
P02940,Karthik Nair,34,Male,B+,Tiruvallur,8265720798
P02941,Suresh Babu,41,Male,A+,Hosur,8798775239
P02942,Keerthana Verma,22,Female,AB+,Hosur,7544198385
P02943,Nithya Mohan,42,Female,O+,Hosur,8901651599
P02944,Sneha Nair,80,Female,AB+,Erode,6155333179
P02945,Rahul Raj,55,Male,AB+,Vellore,6196176502
P02946,Manoj Kumar,47,Male,O+,Erode,6499587005
P02947,Ashwin Reddy,73,Male,A+,Thanjavur,9631905376
P02948,Karthik Babu,44,Male,O-,Thanjavur,8746226897
P02949,Meera Sharma,6,Female,O+,Salem,8872075793
P02950,Suresh Verma,54,Male,B+,Salem,9996459624
P02951,Naveen Menon,10,Male,A-,Dindigul,8771573685
P02952,Ashwin Nair,11,Male,O+,Erode,8511031867
P02953,Arjun Nair,29,Male,O+,Tiruvallur,7661966760
P02954,Harish Patel,5,Male,O+,Chennai,9026557647
P02955,Pooja Verma,38,Female,A+,Tiruppur,8297741050
P02956,Neha Patel,30,Female,O+,Chennai,7621470616
P02957,Meera Verma,60,Female,O+,Tiruvallur,9534289078
P02958,Ashwin Mohan,50,Male,A+,Chennai,6150710661
P02959,Swathi Kumar,20,Female,O+,Kanchipuram,9411797796
P02960,Rahul Gupta,35,Male,A+,Chennai,6087496122
P02961,Arjun Rao,61,Male,A+,Salem,6798882437
P02962,Swathi Singh,89,Female,A+,Thanjavur,6274823009
P02963,Ananya Mohan,41,Female,AB+,Kanchipuram,7013367211
P02964,Pooja Nair,62,Female,B-,Salem,9828246491
P02965,Vivek Sharma,36,Male,O+,Salem,8315963781
P02966,Rahul Mohan,65,Male,O+,Coimbatore,9369004790
P02967,Pooja Babu,45,Female,O+,Hosur,7815193942
P02968,Neha Gupta,48,Female,B+,Thanjavur,8689009860
P02969,Keerthana Mohan,35,Female,O+,Coimbatore,6661177294
P02970,Arjun Singh,61,Male,O+,Chennai,7858240497
P02971,Nithya Krishnan,36,Female,B+,Madurai,7003031518
P02972,Ananya Nair,43,Female,B+,Madurai,8494764194
P02973,Keerthana Rao,71,Female,AB-,Coimbatore,9102633492
P02974,Vivek Mohan,61,Male,O+,Vellore,7268239554
P02975,Harish Menon,25,Male,O+,Trichy,9115576941
P02976,Keerthana Sharma,21,Female,B+,Vellore,7323750839
P02977,Meera Sharma,31,Female,AB+,Madurai,8243421395
P02978,Harini Gupta,56,Female,A-,Madurai,9733500645
P02979,Nithya Rao,5,Female,B+,Madurai,7078286255
P02980,Nithya Reddy,40,Female,O+,Tirunelveli,8587360805
P02981,Neha Reddy,50,Female,A+,Hosur,8167501153
P02982,Ashwin Nair,52,Male,AB+,Hosur,9477568863
P02983,Ananya Iyer,84,Female,A+,Tiruppur,9805382898
P02984,Manoj Reddy,53,Male,B-,Tiruvallur,6575376445
P02985,Karthik Krishnan,38,Male,O+,Madurai,8083464429
P02986,Ananya Iyer,40,Female,O+,Thanjavur,6069939945
P02987,Arjun Singh,62,Male,O+,Dindigul,8921629860
P02988,Nithya Reddy,37,Female,B+,Hosur,9036305695
P02989,Lakshmi Reddy,27,Female,B+,Tirunelveli,7123528889
P02990,Ashwin Rao,62,Male,A-,Hosur,9811071492
P02991,Harish Singh,7,Male,A+,Erode,7884443721
P02992,Karthik Singh,61,Male,AB-,Tiruvallur,6383191804
P02993,Naveen Mohan,16,Male,O+,Kanchipuram,6975684218
P02994,Naveen Raj,68,Male,AB+,Tiruvallur,6472913112
P02995,Divya Gupta,55,Female,A+,Trichy,9231217817
P02996,Suresh Reddy,50,Male,A+,Vellore,9185920630
P02997,Ananya Singh,40,Female,O+,Tirunelveli,9891095310
P02998,Ganesh Verma,10,Male,B+,Madurai,7136223801
P02999,Ashwin Nair,71,Male,O+,Kanchipuram,9940146961
P03000,Rakesh Singh,8,Male,A+,Tiruttani,6204509806
P03001,Harish Krishnan,57,Male,O+,Trichy,7016262510
P03002,Keerthana Verma,38,Female,A-,Tiruppur,8051513320
P03003,Aishwarya Iyer,10,Female,AB+,Tiruvallur,8407413596
P03004,Divya Iyer,13,Female,O+,Tirunelveli,8857433919
P03005,Keerthana Rao,1,Female,O+,Erode,7162675014
P03006,Neha Iyer,34,Female,A+,Chennai,9394558464
P03007,Arjun Sharma,45,Male,O+,Trichy,8016519889
P03008,Aditya Babu,10,Male,O+,Tiruppur,7075192677
P03009,Harini Kumar,14,Female,O-,Thanjavur,8284396568
P03010,Harini Reddy,1,Female,O+,Erode,6103653476
P03011,Ananya Menon,15,Female,B+,Dindigul,6197453145
P03012,Divya Kumar,67,Female,O+,Thanjavur,9695473564
P03013,Manoj Nair,64,Male,O+,Tirunelveli,9090982450
P03014,Suresh Babu,35,Male,A+,Madurai,8607417060
P03015,Karthik Patel,18,Male,O-,Trichy,9341762280
P03016,Kavya Mohan,6,Female,O+,Chennai,9637905848
P03017,Naveen Sharma,45,Male,O+,Hosur,6910829656
P03018,Karthik Raj,7,Male,O+,Salem,6764785625
P03019,Naveen Menon,67,Male,B+,Coimbatore,7399925709
P03020,Naveen Singh,15,Male,A+,Thanjavur,7143825520
P03021,Karthik Mohan,63,Male,B+,Vellore,9819805283
P03022,Rakesh Verma,26,Male,B-,Tiruppur,8083038840
P03023,Harish Singh,40,Male,B+,Kanchipuram,8191050719
P03024,Priya Gupta,41,Female,O+,Tiruttani,7540691438
P03025,Harini Singh,43,Female,B+,Trichy,9556769597
P03026,Prakash Singh,19,Male,O+,Dindigul,6324370391
P03027,Rohan Singh,36,Male,B+,Coimbatore,7134307683
P03028,Prakash Raj,38,Male,AB+,Erode,9605191702
P03029,Sneha Verma,24,Female,O+,Salem,8738013184
P03030,Suresh Sharma,23,Male,A+,Coimbatore,6826111476
P03031,Arjun Nair,20,Male,A+,Tiruttani,8541455647
P03032,Rahul Krishnan,7,Male,A+,Vellore,8663700889
P03033,Meera Rao,14,Female,O+,Thanjavur,7781656088
P03034,Ganesh Krishnan,54,Male,O-,Erode,9244628826
P03035,Vivek Iyer,19,Male,O+,Hosur,6363149318
P03036,Vikram Nair,90,Male,O+,Dindigul,8804503083
P03037,Swathi Sharma,58,Female,O+,Tirunelveli,7927386813
P03038,Ganesh Babu,30,Male,O-,Madurai,6818155392
P03039,Nithya Rao,27,Female,A-,Coimbatore,8671603384
P03040,Ganesh Babu,42,Male,A+,Chennai,8874907264
P03041,Arjun Patel,53,Male,A+,Tirunelveli,6812883793
P03042,Lakshmi Krishnan,27,Female,B+,Tiruttani,8278146953
P03043,Meera Verma,64,Female,A+,Madurai,8207248611
P03044,Pooja Raj,51,Female,O+,Chennai,6780194670
P03045,Suresh Babu,70,Male,A+,Chennai,7471208362
P03046,Neha Nair,36,Female,A+,Trichy,6886173277
P03047,Priya Babu,32,Female,B+,Thanjavur,7136899065
P03048,Kavya Sharma,64,Female,A+,Thanjavur,8663375618
P03049,Divya Iyer,40,Female,A+,Tiruppur,7929458361
P03050,Vivek Menon,44,Male,O-,Trichy,6042445025
P03051,Aishwarya Krishnan,2,Female,B-,Hosur,8959881610
P03052,Vivek Babu,31,Male,A+,Chennai,8804374126
P03053,Naveen Babu,36,Male,AB+,Chennai,6199707839
P03054,Ashwin Sharma,22,Male,O+,Madurai,6594250165
P03055,Divya Patel,35,Female,A+,Trichy,8810705605
P03056,Aishwarya Iyer,35,Female,O+,Kanchipuram,6006616153
P03057,Vivek Singh,31,Male,O+,Dindigul,7697918143
P03058,Manoj Babu,58,Male,AB+,Tiruppur,7755460683
P03059,Harini Reddy,37,Female,O+,Tiruvallur,8499696608
P03060,Naveen Nair,62,Male,A+,Salem,9403634874
P03061,Ananya Reddy,58,Female,O+,Kanchipuram,8790229309
P03062,Kavya Iyer,68,Female,B+,Coimbatore,8455799900
P03063,Sneha Patel,43,Female,A+,Trichy,9636578371
P03064,Ananya Raj,2,Female,O+,Tiruppur,6767959322
P03065,Keerthana Gupta,32,Female,A+,Kanchipuram,6755791209
P03066,Divya Menon,51,Female,A+,Kanchipuram,7438826976
P03067,Ananya Iyer,58,Female,A+,Hosur,6899690878
P03068,Meera Gupta,75,Female,O+,Dindigul,8590949044
P03069,Aishwarya Menon,13,Female,A+,Vellore,7452786109
P03070,Kavya Nair,51,Female,A+,Salem,9751939146
P03071,Vikram Nair,43,Male,A-,Chennai,8568991085
P03072,Aishwarya Nair,12,Female,A+,Chennai,9399392567
P03073,Nithya Raj,38,Female,AB+,Coimbatore,6718626678
P03074,Ananya Singh,73,Female,B+,Tirunelveli,8813032624
P03075,Kavya Kumar,38,Female,A+,Hosur,7977053644
P03076,Rakesh Menon,86,Male,O+,Coimbatore,8176208012
P03077,Ganesh Menon,71,Male,A+,Tiruttani,9920536504
P03078,Pooja Rao,39,Female,A+,Chennai,9923315240
P03079,Lakshmi Sharma,86,Female,A+,Erode,7276861277
P03080,Manoj Iyer,18,Male,A+,Tiruvallur,7201844576
P03081,Ananya Singh,51,Female,O-,Tiruvallur,7064103184
P03082,Ashwin Krishnan,81,Male,O-,Thanjavur,8652346554
P03083,Nithya Sharma,23,Female,AB+,Trichy,7672644019
P03084,Harish Rao,49,Male,O-,Thanjavur,8535425628
P03085,Harini Babu,41,Female,B+,Erode,9384751340
P03086,Deepika Menon,42,Female,AB+,Vellore,9582405546
P03087,Ananya Reddy,10,Female,O+,Thanjavur,6119597372
P03088,Meera Raj,2,Female,O+,Salem,6439442805
P03089,Deepika Kumar,3,Female,B+,Dindigul,8195078730
P03090,Deepika Iyer,27,Female,O+,Salem,8292620555
P03091,Lakshmi Babu,70,Female,O-,Salem,6565783393
P03092,Meera Sharma,11,Female,A+,Erode,7787828095
P03093,Sneha Babu,62,Female,O+,Tiruppur,8018986598
P03094,Pooja Raj,46,Female,AB+,Hosur,7562567032
P03095,Ananya Rao,62,Female,A+,Erode,6509802075
P03096,Arjun Menon,44,Male,O-,Tiruttani,6439064847
P03097,Meera Gupta,15,Female,O+,Hosur,7407319718
P03098,Rahul Sharma,25,Male,O+,Tirunelveli,6291694261
P03099,Pooja Krishnan,41,Female,O+,Chennai,6935275652
P03100,Naveen Iyer,23,Male,O-,Hosur,8001618321
P03101,Sneha Gupta,67,Female,AB+,Tiruppur,7166430860
P03102,Sneha Rao,53,Female,O+,Tiruppur,8324644710
P03103,Priya Raj,39,Female,A+,Thanjavur,8778892141
P03104,Arjun Kumar,45,Male,O+,Thanjavur,7798011705
P03105,Kavya Nair,39,Female,B+,Erode,7757903367
P03106,Deepika Gupta,54,Female,B+,Tiruttani,9099993784
P03107,Divya Reddy,13,Female,A+,Salem,7334304982
P03108,Manoj Nair,46,Male,O+,Tirunelveli,6554753964
P03109,Aditya Iyer,36,Male,O+,Tiruppur,8303582172
P03110,Meera Krishnan,13,Female,A+,Tiruttani,9480886112
P03111,Neha Kumar,33,Female,O+,Vellore,6721127168
P03112,Arjun Gupta,29,Male,B-,Tiruvallur,6663521526
P03113,Meera Verma,49,Female,O+,Tiruppur,9686864641
P03114,Aishwarya Mohan,22,Female,AB+,Tirunelveli,7374252577
P03115,Neha Gupta,61,Female,B+,Hosur,8951660323
P03116,Nithya Verma,5,Female,B+,Chennai,7071519963
P03117,Vikram Kumar,61,Male,O-,Madurai,7961159533
P03118,Ananya Singh,25,Female,B-,Tiruvallur,9628815660
P03119,Arjun Mohan,27,Male,A+,Coimbatore,8434936356
P03120,Harish Mohan,40,Male,B+,Tiruttani,8472441676
P03121,Rahul Raj,35,Male,O+,Kanchipuram,6474293268
P03122,Harish Menon,26,Male,B+,Thanjavur,8951628908
P03123,Divya Menon,30,Female,A+,Tiruppur,6331258128
P03124,Pooja Singh,13,Female,O+,Coimbatore,6447652246
P03125,Neha Raj,29,Female,A+,Madurai,9751713528
P03126,Divya Menon,26,Female,B+,Tiruvallur,7005745807
P03127,Pooja Menon,42,Female,O+,Trichy,8127607833
P03128,Swathi Menon,30,Female,O-,Vellore,8488160353
P03129,Ananya Nair,37,Female,O+,Coimbatore,7119101473
P03130,Ashwin Reddy,62,Male,AB+,Trichy,7844801277
P03131,Karthik Mohan,41,Male,B+,Tiruttani,7685390917
P03132,Kavya Nair,34,Female,O+,Erode,9308922906
P03133,Keerthana Sharma,38,Female,O+,Dindigul,7029376452
P03134,Deepika Patel,30,Female,A+,Tiruttani,8386562600
P03135,Rohan Gupta,29,Male,AB+,Hosur,9030053782
P03136,Keerthana Rao,51,Female,B+,Thanjavur,8030710816
P03137,Karthik Iyer,64,Male,A+,Thanjavur,6215415198
P03138,Vivek Kumar,50,Male,A+,Madurai,8942863583
P03139,Swathi Reddy,58,Female,O+,Kanchipuram,6495591092
P03140,Vikram Patel,42,Male,A+,Tiruppur,8834638916
P03141,Ashwin Gupta,6,Male,B-,Erode,6530296149
P03142,Manoj Mohan,65,Male,O+,Tirunelveli,6952027989
P03143,Suresh Patel,63,Male,O+,Coimbatore,9728458487
P03144,Swathi Menon,1,Female,A+,Madurai,6288658072
P03145,Rakesh Kumar,26,Male,A+,Hosur,9197435752
P03146,Rohan Patel,88,Male,B+,Tiruvallur,6808469001
P03147,Nithya Krishnan,30,Female,B+,Tirunelveli,8424947002
P03148,Ananya Gupta,58,Female,O-,Tiruppur,8446095772
P03149,Neha Nair,40,Female,A+,Tiruttani,9835728909
P03150,Rakesh Raj,47,Male,B+,Tiruvallur,6347418042
P03151,Ashwin Reddy,13,Male,O+,Tiruvallur,6573368287
P03152,Divya Nair,37,Female,O+,Vellore,6856850664
P03153,Neha Reddy,55,Female,AB+,Erode,6130002554
P03154,Deepika Menon,33,Female,O+,Tiruppur,7294844704
P03155,Harish Babu,27,Male,O+,Dindigul,6337069511
P03156,Prakash Singh,32,Male,A+,Tiruppur,7955942298
P03157,Ashwin Iyer,23,Male,O+,Coimbatore,6711801677
P03158,Keerthana Iyer,34,Female,A+,Chennai,7927143694
P03159,Kavya Gupta,23,Female,O+,Tiruppur,6889386161
P03160,Harini Nair,36,Female,A+,Chennai,7319652179
P03161,Ashwin Raj,6,Male,O+,Coimbatore,8605574028
P03162,Lakshmi Patel,43,Female,B+,Tiruppur,6955912681
P03163,Arjun Nair,40,Male,AB+,Coimbatore,8594123459
P03164,Vikram Reddy,62,Male,O+,Dindigul,8455711627
P03165,Harini Iyer,35,Female,A+,Erode,6327023174
P03166,Karthik Rao,47,Male,B-,Chennai,6634433460
P03167,Ashwin Mohan,52,Male,O+,Vellore,6416298702
P03168,Sneha Sharma,28,Female,O+,Thanjavur,8517236850
P03169,Nithya Babu,55,Female,A+,Madurai,6023547224
P03170,Ganesh Patel,77,Male,AB+,Tiruttani,8061139004
P03171,Deepika Rao,70,Female,A+,Tiruvallur,8340870568
P03172,Vikram Patel,37,Male,A+,Erode,7981828439
P03173,Kavya Rao,64,Female,A+,Chennai,7573380792
P03174,Deepika Singh,11,Female,O+,Salem,7750175056
P03175,Divya Raj,45,Female,B+,Thanjavur,9658697223
P03176,Suresh Reddy,4,Male,O+,Tirunelveli,8191069713
P03177,Harini Iyer,28,Female,B+,Hosur,9420286122
P03178,Karthik Rao,29,Male,O+,Dindigul,8454224922
P03179,Meera Kumar,24,Female,O+,Dindigul,9001327892
P03180,Suresh Krishnan,13,Male,B+,Tiruvallur,6913532956
P03181,Ashwin Nair,71,Male,A+,Tiruttani,7676408977
P03182,Meera Singh,5,Female,O+,Trichy,9709063360
P03183,Vivek Iyer,89,Male,B-,Tirunelveli,6261736292
P03184,Divya Raj,43,Female,A+,Dindigul,6738243821
P03185,Pooja Reddy,31,Female,O+,Madurai,8381385223
P03186,Swathi Kumar,41,Female,B+,Hosur,7014412452
P03187,Prakash Reddy,18,Male,A+,Thanjavur,9893935046
P03188,Harish Gupta,52,Male,B+,Tiruppur,7153583387
P03189,Harini Gupta,10,Female,O+,Trichy,9945875950
P03190,Rohan Raj,70,Male,O+,Dindigul,8007086186
P03191,Neha Verma,23,Female,A+,Tiruppur,7291483565
P03192,Naveen Krishnan,64,Male,O+,Tiruvallur,8702525411
P03193,Ganesh Raj,57,Male,B+,Madurai,7126676809
P03194,Priya Babu,38,Female,O+,Chennai,8364245320
P03195,Divya Menon,53,Female,O+,Tirunelveli,9434037152
P03196,Meera Raj,22,Female,O+,Thanjavur,6830953122
P03197,Sneha Babu,58,Female,O+,Tiruppur,7787067644
P03198,Naveen Singh,33,Male,O+,Thanjavur,9781010124
P03199,Neha Raj,7,Female,B+,Salem,8118749004
P03200,Swathi Sharma,47,Female,A+,Dindigul,8149204993
P03201,Harish Singh,17,Male,O+,Coimbatore,9704310550
P03202,Rahul Patel,62,Male,A+,Vellore,9660675141
P03203,Neha Iyer,28,Female,O+,Chennai,7142770215
P03204,Naveen Singh,18,Male,O+,Coimbatore,6271435934
P03205,Arjun Singh,19,Male,B-,Chennai,7725531073
P03206,Lakshmi Sharma,13,Female,A+,Vellore,9845240886
P03207,Harish Gupta,44,Male,O+,Hosur,8360109993
P03208,Rakesh Verma,29,Male,A-,Dindigul,7009981297
P03209,Manoj Gupta,24,Male,AB+,Thanjavur,8887415949
P03210,Manoj Patel,16,Male,O+,Vellore,9266427386
P03211,Keerthana Singh,63,Female,O+,Coimbatore,9512927243
P03212,Harish Singh,41,Male,B+,Trichy,6778107082
P03213,Priya Rao,33,Female,B+,Coimbatore,8315792082
P03214,Manoj Singh,38,Male,B+,Chennai,9729512660
P03215,Swathi Singh,48,Female,AB+,Chennai,7039092767
P03216,Manoj Singh,9,Male,A+,Tiruttani,8399506667
P03217,Priya Raj,57,Female,O+,Thanjavur,9050908306
P03218,Rohan Kumar,64,Male,B+,Tiruvallur,9556441994
P03219,Rakesh Reddy,19,Male,O+,Chennai,7029990761
P03220,Manoj Krishnan,35,Male,B+,Erode,8678490321
P03221,Aishwarya Menon,28,Female,B-,Hosur,6675500437
P03222,Deepika Verma,14,Female,O+,Tiruppur,7229508386
P03223,Ganesh Iyer,67,Male,O+,Tiruppur,7867567535
P03224,Ganesh Patel,23,Male,B+,Tiruppur,7392708120
P03225,Neha Kumar,46,Female,O+,Erode,9010320823
P03226,Lakshmi Sharma,58,Female,O+,Thanjavur,9975788516
P03227,Ananya Gupta,7,Female,O+,Salem,9439461622
P03228,Vivek Babu,60,Male,O+,Coimbatore,9540260284
P03229,Divya Babu,30,Female,O-,Dindigul,7688649933
P03230,Kavya Patel,22,Female,B-,Erode,9238487614
P03231,Kavya Iyer,53,Female,B+,Hosur,6360908575
P03232,Manoj Babu,35,Male,A+,Hosur,8183429002
P03233,Lakshmi Gupta,20,Female,A+,Hosur,7234615121
P03234,Aishwarya Singh,62,Female,A-,Tirunelveli,9106658978
P03235,Harish Menon,18,Male,AB+,Vellore,8938540445
P03236,Harish Iyer,63,Male,A+,Erode,8466908144
P03237,Priya Reddy,38,Female,B+,Trichy,8831530707
P03238,Prakash Kumar,62,Male,B+,Erode,6015083345
P03239,Karthik Gupta,45,Male,AB-,Dindigul,7541833788
P03240,Suresh Krishnan,35,Male,O+,Vellore,9743820395
P03241,Ashwin Babu,60,Male,A+,Tiruppur,6550053576
P03242,Ashwin Iyer,40,Male,O+,Tirunelveli,9424741516
P03243,Karthik Gupta,39,Male,B+,Thanjavur,7824364851
P03244,Neha Reddy,57,Female,B+,Tiruppur,8061460174
P03245,Prakash Singh,27,Male,O+,Dindigul,8568359627
P03246,Ashwin Raj,81,Male,A+,Tirunelveli,7402347145
P03247,Ganesh Iyer,26,Male,B+,Erode,8656529367
P03248,Pooja Reddy,34,Female,O+,Tiruvallur,7034989397
P03249,Swathi Patel,38,Female,B+,Thanjavur,8209470544
P03250,Keerthana Singh,32,Female,B+,Hosur,9187692704
P03251,Naveen Rao,30,Male,AB+,Erode,6158344302
P03252,Lakshmi Babu,18,Female,O+,Tiruvallur,8402948046
P03253,Nithya Babu,65,Female,B+,Erode,9876342724
P03254,Harini Nair,18,Female,A+,Tiruppur,8781561621
P03255,Meera Singh,68,Female,O+,Erode,6314031916
P03256,Pooja Verma,49,Female,A+,Salem,6988967621
P03257,Karthik Menon,31,Male,O+,Tiruppur,6867071671
P03258,Neha Krishnan,40,Female,B+,Vellore,6852352980
P03259,Manoj Gupta,25,Male,O+,Hosur,6345424711
P03260,Lakshmi Patel,31,Female,AB+,Coimbatore,9951719070
P03261,Aishwarya Nair,65,Female,O+,Tiruvallur,9316453833
P03262,Lakshmi Menon,18,Female,B-,Tiruvallur,8533210125
P03263,Nithya Singh,45,Female,O+,Kanchipuram,7977031705
P03264,Neha Krishnan,57,Female,A+,Madurai,9143545636
P03265,Swathi Rao,33,Female,A+,Tirunelveli,8644498106
P03266,Manoj Reddy,60,Male,B+,Kanchipuram,8060429429
P03267,Manoj Sharma,3,Male,O+,Salem,8506978209
P03268,Naveen Nair,14,Male,O+,Tiruttani,9382998399
P03269,Rahul Patel,57,Male,B+,Salem,6616806803
P03270,Suresh Babu,66,Male,O+,Vellore,7680131433
P03271,Priya Mohan,34,Female,O+,Coimbatore,9154959929
P03272,Manoj Krishnan,29,Male,A+,Tiruvallur,9913641765
P03273,Arjun Mohan,57,Male,B-,Salem,8609016801
P03274,Rohan Mohan,87,Male,O+,Dindigul,6096439453
P03275,Lakshmi Gupta,30,Female,O+,Tiruvallur,6015353053
P03276,Manoj Raj,39,Male,B+,Tiruttani,7888804970
P03277,Pooja Menon,36,Female,O+,Coimbatore,6932405741
P03278,Ganesh Krishnan,37,Male,O+,Coimbatore,9389166770
P03279,Sneha Sharma,76,Female,B+,Tiruvallur,6804394290
P03280,Manoj Rao,62,Male,A+,Madurai,7857839803
P03281,Priya Iyer,32,Female,B+,Madurai,9588694853
P03282,Vivek Menon,43,Male,O+,Trichy,7095140501
P03283,Vikram Babu,58,Male,O+,Tiruttani,9004854123
P03284,Neha Mohan,24,Female,A+,Thanjavur,7255396255
P03285,Ananya Menon,15,Female,B+,Dindigul,6010932152
P03286,Ananya Nair,49,Female,O+,Tiruttani,7832409652
P03287,Keerthana Sharma,19,Female,AB+,Tirunelveli,7810011233
P03288,Rahul Singh,38,Male,O+,Vellore,6732383684
P03289,Suresh Iyer,38,Male,O-,Madurai,9749053890
P03290,Nithya Gupta,45,Female,B+,Tiruttani,7281683625
P03291,Aishwarya Reddy,12,Female,A+,Madurai,6410591579
P03292,Rohan Patel,43,Male,O+,Vellore,7296435221
P03293,Meera Reddy,30,Female,O+,Erode,6298020291
P03294,Sneha Singh,29,Female,B+,Trichy,7204578131
P03295,Divya Raj,50,Female,B+,Trichy,9302413001
P03296,Vikram Sharma,17,Male,AB+,Madurai,9437780559
P03297,Harish Reddy,61,Male,O+,Thanjavur,8604976979
P03298,Nithya Reddy,44,Female,A+,Hosur,7113507649
P03299,Aishwarya Reddy,58,Female,O+,Kanchipuram,6800711947
P03300,Priya Krishnan,77,Female,B+,Madurai,9112704225
P03301,Vikram Krishnan,50,Male,O+,Erode,9433161669
P03302,Kavya Krishnan,39,Female,A+,Chennai,6119895111
P03303,Aishwarya Rao,70,Female,O+,Chennai,8715586026
P03304,Sneha Iyer,31,Female,B+,Salem,7884693714
P03305,Deepika Rao,26,Female,A+,Chennai,7711784440
P03306,Karthik Babu,34,Male,B+,Kanchipuram,7244379366
P03307,Priya Menon,38,Female,B+,Dindigul,6118816182
P03308,Nithya Nair,35,Female,AB+,Tiruppur,7967845273
P03309,Ashwin Krishnan,42,Male,AB+,Tiruttani,9567541354
P03310,Divya Krishnan,40,Female,B+,Chennai,6907704553
P03311,Arjun Sharma,29,Male,B+,Salem,9272592129
P03312,Pooja Nair,54,Female,O+,Vellore,7251774856
P03313,Sneha Mohan,55,Female,O-,Hosur,7374282202
P03314,Arjun Menon,7,Male,O+,Kanchipuram,6072652014
P03315,Pooja Kumar,40,Female,A-,Tiruppur,8500932195
P03316,Nithya Verma,72,Female,B+,Chennai,7065069615
P03317,Kavya Krishnan,32,Female,A+,Kanchipuram,7110020896
P03318,Pooja Babu,1,Female,A-,Tirunelveli,8321517519
P03319,Aishwarya Gupta,64,Female,A+,Vellore,6531434220
P03320,Keerthana Kumar,72,Female,O+,Thanjavur,9772228749
P03321,Lakshmi Rao,38,Female,A+,Salem,8860176787
P03322,Ganesh Rao,62,Male,O+,Coimbatore,9305292383
P03323,Lakshmi Reddy,20,Female,A+,Chennai,7480632448
P03324,Neha Menon,34,Female,AB+,Tiruttani,8616554279
P03325,Vikram Krishnan,41,Male,O+,Coimbatore,7616904761
P03326,Karthik Gupta,57,Male,O+,Coimbatore,9437702967
P03327,Rohan Kumar,19,Male,B+,Tiruvallur,8372464560
P03328,Neha Raj,57,Female,AB+,Coimbatore,9656322679
P03329,Manoj Sharma,8,Male,A+,Coimbatore,8592729169
P03330,Sneha Raj,22,Female,O+,Vellore,8841875761
P03331,Pooja Patel,51,Female,O+,Salem,7883660798
P03332,Vikram Krishnan,21,Male,O+,Tiruvallur,8783615926
P03333,Neha Singh,42,Female,O+,Chennai,6956530002
P03334,Vivek Patel,4,Male,B+,Thanjavur,9470928033
P03335,Harini Sharma,23,Female,O+,Hosur,6472793922
P03336,Nithya Babu,34,Female,AB+,Vellore,7276293369
P03337,Karthik Raj,41,Male,O+,Tiruttani,9959816180
P03338,Prakash Rao,27,Male,O+,Kanchipuram,8362724452
P03339,Vivek Patel,30,Male,A+,Trichy,8722215532
P03340,Priya Raj,10,Female,AB+,Trichy,8974511651
P03341,Priya Rao,35,Female,AB+,Hosur,7133966057
P03342,Keerthana Reddy,38,Female,A+,Salem,6118132072
P03343,Harish Gupta,24,Male,O+,Salem,6550636985
P03344,Aditya Nair,59,Male,B+,Vellore,7999196697
P03345,Priya Babu,16,Female,A+,Salem,7143704342
P03346,Swathi Sharma,50,Female,A+,Coimbatore,6774422212
P03347,Sneha Krishnan,24,Female,B+,Tiruvallur,6381903473
P03348,Vivek Patel,23,Male,O+,Tiruttani,7838508332
P03349,Ananya Kumar,16,Female,B+,Vellore,9356343171
P03350,Ganesh Singh,25,Male,O+,Vellore,7715433825
P03351,Ananya Nair,63,Female,A+,Madurai,8068299458
P03352,Karthik Mohan,35,Male,O+,Coimbatore,6919816254
P03353,Rahul Mohan,33,Male,B+,Vellore,9338613674
P03354,Ananya Singh,13,Female,O+,Trichy,8707367127
P03355,Aishwarya Kumar,37,Female,B-,Hosur,9217894069
P03356,Sneha Gupta,30,Female,AB+,Salem,9862931916
P03357,Neha Mohan,60,Female,O+,Dindigul,6474019255
P03358,Ganesh Sharma,36,Male,O+,Chennai,7616143840
P03359,Prakash Verma,38,Male,A+,Salem,7769094142
P03360,Lakshmi Krishnan,65,Female,A+,Trichy,6038552882
P03361,Rahul Iyer,22,Male,AB-,Tiruppur,8435859919
P03362,Lakshmi Raj,33,Female,A+,Erode,6922543763
P03363,Pooja Reddy,29,Female,O+,Hosur,9653595539
P03364,Lakshmi Patel,59,Female,B+,Erode,7829486309
P03365,Nithya Reddy,36,Female,B+,Salem,9793943149
P03366,Suresh Reddy,77,Male,O+,Dindigul,9967624285
P03367,Kavya Kumar,37,Female,O+,Thanjavur,6703547663
P03368,Vivek Raj,80,Male,A+,Kanchipuram,6510906519
P03369,Priya Nair,25,Female,B-,Salem,6150411708
P03370,Prakash Reddy,22,Male,O+,Vellore,9390029501
P03371,Suresh Nair,23,Male,AB+,Tiruppur,8990555237
P03372,Harish Gupta,10,Male,B-,Tiruppur,7745684426
P03373,Vikram Iyer,53,Male,B+,Tiruvallur,7651903483
P03374,Naveen Reddy,16,Male,O+,Tirunelveli,9644903593
P03375,Lakshmi Mohan,20,Female,B+,Dindigul,8343071821
P03376,Rahul Raj,26,Male,O-,Thanjavur,8923186781
P03377,Ashwin Raj,63,Male,AB+,Tiruttani,9238836970
P03378,Manoj Verma,57,Male,A+,Tiruttani,7356441193
P03379,Kavya Mohan,51,Female,A+,Trichy,6240238492
P03380,Vikram Sharma,37,Male,B+,Salem,7090903957
P03381,Naveen Mohan,33,Male,B+,Trichy,9067333827
P03382,Divya Verma,25,Female,O+,Thanjavur,9249668992
P03383,Naveen Patel,36,Male,B+,Chennai,9015444847
P03384,Arjun Nair,18,Male,O+,Dindigul,6032217759
P03385,Karthik Patel,65,Male,A-,Erode,8910320410
P03386,Ashwin Nair,25,Male,O+,Madurai,6295755126
P03387,Vivek Kumar,41,Male,B+,Tirunelveli,8302251766
P03388,Keerthana Rao,31,Female,O+,Madurai,6462133459
P03389,Neha Reddy,37,Female,B-,Tiruttani,7621929590
P03390,Keerthana Menon,5,Female,A+,Tiruttani,8763782564
P03391,Neha Singh,81,Female,A+,Kanchipuram,7577051865
P03392,Aditya Nair,44,Male,A+,Salem,7115905925
P03393,Neha Nair,3,Female,A+,Tirunelveli,6950804660
P03394,Meera Rao,51,Female,A+,Chennai,7162750209
P03395,Karthik Patel,15,Male,B+,Tiruvallur,8802944627
P03396,Meera Patel,69,Female,O-,Salem,6497151295
P03397,Divya Raj,65,Female,O+,Erode,7335849999
P03398,Aditya Gupta,37,Male,O-,Thanjavur,7228751209
P03399,Rahul Rao,11,Male,O+,Kanchipuram,6311149633
P03400,Keerthana Kumar,45,Female,B+,Tiruttani,9504596197
P03401,Priya Kumar,57,Female,B+,Vellore,8445942104
P03402,Arjun Krishnan,35,Male,AB+,Tiruttani,8865490787
P03403,Rohan Patel,6,Male,O+,Vellore,9909375770
P03404,Keerthana Raj,38,Female,B+,Chennai,6169413512
P03405,Harini Verma,38,Female,AB+,Vellore,7958277069
P03406,Ganesh Reddy,29,Male,AB+,Tirunelveli,7906082761
P03407,Arjun Reddy,57,Male,AB+,Thanjavur,8094596915
P03408,Meera Babu,17,Female,O-,Erode,7633759849
P03409,Vikram Babu,41,Male,O-,Erode,6018811133
P03410,Swathi Patel,51,Female,O+,Coimbatore,7324170712
P03411,Neha Nair,59,Female,O+,Dindigul,6908132208
P03412,Karthik Mohan,5,Male,A+,Thanjavur,8519788164
P03413,Aishwarya Sharma,47,Female,AB+,Madurai,7990028422
P03414,Harini Sharma,29,Female,A+,Hosur,8137743403
P03415,Rakesh Patel,61,Male,A+,Vellore,9733358136
P03416,Manoj Reddy,11,Male,AB+,Tiruvallur,8979685462
P03417,Rahul Singh,66,Male,B+,Tirunelveli,8082124076
P03418,Kavya Babu,36,Female,B+,Trichy,6292135011
P03419,Suresh Menon,78,Male,A+,Dindigul,7092918489
P03420,Divya Menon,64,Female,O+,Kanchipuram,6254720474
P03421,Sneha Krishnan,18,Female,A+,Kanchipuram,7904651444
P03422,Pooja Babu,61,Female,O+,Coimbatore,7525288864
P03423,Divya Verma,9,Female,B+,Tiruttani,9431784213
P03424,Vikram Raj,45,Male,B+,Tiruppur,7483937772
P03425,Nithya Sharma,74,Female,AB+,Madurai,7125038341
P03426,Suresh Nair,16,Male,B-,Tiruvallur,6207419753
P03427,Priya Krishnan,7,Female,O+,Trichy,6733521085
P03428,Ashwin Nair,43,Male,O-,Hosur,8632189451
P03429,Naveen Rao,42,Male,A+,Dindigul,9811994281
P03430,Keerthana Mohan,53,Female,O+,Hosur,9643395534
P03431,Vikram Menon,40,Male,B+,Hosur,6204093242
P03432,Harini Iyer,47,Female,AB+,Kanchipuram,9731633243
P03433,Ashwin Rao,61,Male,B+,Madurai,7478390712
P03434,Ganesh Mohan,20,Male,B+,Erode,6910241982
P03435,Harini Reddy,75,Female,B+,Vellore,8076991528
P03436,Rahul Sharma,84,Male,A+,Erode,7166501800
P03437,Kavya Menon,90,Female,O+,Tiruppur,6012316257
P03438,Ananya Kumar,66,Female,O+,Tiruvallur,6857439738
P03439,Keerthana Raj,28,Female,B+,Erode,7581630212
P03440,Naveen Reddy,16,Male,B-,Tiruppur,8511298031
P03441,Karthik Singh,20,Male,O+,Chennai,6748252292
P03442,Kavya Verma,58,Female,O+,Tiruvallur,7763169145
P03443,Lakshmi Gupta,67,Female,O+,Vellore,8542372466
P03444,Keerthana Singh,50,Female,O+,Tiruttani,6617479045
P03445,Sneha Raj,24,Female,B+,Dindigul,9596425497
P03446,Aditya Menon,14,Male,B+,Thanjavur,6034897311
P03447,Priya Sharma,36,Female,O+,Tiruttani,7211542401
P03448,Priya Krishnan,52,Female,AB+,Tiruppur,9868088358
P03449,Lakshmi Patel,86,Female,A-,Trichy,6454875979
P03450,Kavya Reddy,35,Female,O-,Thanjavur,9436827568
P03451,Swathi Nair,62,Female,O+,Hosur,6867253081
P03452,Neha Kumar,38,Female,B-,Erode,7511932467
P03453,Ashwin Babu,45,Male,A+,Tiruppur,7237100295
P03454,Meera Patel,9,Female,AB+,Vellore,6053209361
P03455,Ashwin Krishnan,5,Male,O+,Tirunelveli,7197294103
P03456,Aishwarya Patel,26,Female,A+,Hosur,8289401171
P03457,Ganesh Kumar,61,Male,O+,Tiruppur,9846790877
P03458,Vivek Iyer,69,Male,B-,Hosur,8759274601
P03459,Arjun Singh,40,Male,A+,Chennai,9970183256
P03460,Nithya Verma,1,Female,A+,Chennai,7370070010
P03461,Manoj Reddy,14,Male,O+,Tirunelveli,8905101181
P03462,Swathi Iyer,64,Female,O+,Hosur,6769871014
P03463,Ananya Sharma,59,Female,O+,Madurai,8251964295
P03464,Ananya Singh,29,Female,O+,Tiruvallur,6025449655
P03465,Karthik Babu,24,Male,O+,Dindigul,9825480575
P03466,Priya Mohan,15,Female,B-,Thanjavur,8633523175
P03467,Neha Nair,29,Female,AB+,Trichy,8020613920
P03468,Rahul Raj,40,Male,A+,Dindigul,6448228780
P03469,Lakshmi Iyer,27,Female,O-,Tiruttani,7963096667
P03470,Sneha Gupta,31,Female,A-,Dindigul,6499104716
P03471,Keerthana Gupta,34,Female,B-,Vellore,7465771371
P03472,Meera Menon,21,Female,B+,Trichy,8873227665
P03473,Harini Babu,35,Female,O+,Tiruvallur,7946454030
P03474,Karthik Krishnan,17,Male,O+,Tirunelveli,7945388232
P03475,Suresh Raj,89,Male,O+,Vellore,6682289657
P03476,Kavya Gupta,70,Female,B+,Hosur,8980133761
P03477,Ganesh Patel,61,Male,B-,Coimbatore,7111581623
P03478,Rohan Iyer,31,Male,A+,Coimbatore,7876509163
P03479,Lakshmi Krishnan,37,Female,O-,Tiruvallur,8151098100
P03480,Kavya Iyer,3,Female,A+,Trichy,8065694276
P03481,Naveen Kumar,62,Male,O+,Tiruvallur,8267631143
P03482,Harish Kumar,33,Male,AB+,Erode,6141426429
P03483,Arjun Raj,34,Male,B+,Tiruttani,9438381674
P03484,Harish Rao,56,Male,O-,Tiruvallur,9584743894
P03485,Lakshmi Patel,21,Female,A-,Tiruppur,8459798982
P03486,Ganesh Raj,18,Male,B+,Chennai,7210014996
P03487,Rahul Raj,61,Male,A+,Vellore,7539057986
P03488,Lakshmi Reddy,79,Female,A+,Tiruvallur,8395300255
P03489,Prakash Patel,51,Male,AB+,Vellore,6377312524
P03490,Neha Babu,47,Female,O+,Coimbatore,9175173358
P03491,Aditya Reddy,64,Male,B+,Coimbatore,7156944387
P03492,Ananya Nair,73,Female,O+,Thanjavur,8589105482
P03493,Pooja Reddy,61,Female,O+,Tirunelveli,7331612099
P03494,Ganesh Rao,43,Male,B+,Dindigul,6842775153
P03495,Deepika Nair,47,Female,B+,Tiruppur,7066991285
P03496,Neha Patel,34,Female,O+,Tirunelveli,7933111568
P03497,Kavya Kumar,24,Female,AB+,Coimbatore,9603632351
P03498,Keerthana Reddy,23,Female,O+,Tiruvallur,7613073987
P03499,Ashwin Krishnan,17,Male,B+,Salem,7300745777
P03500,Ananya Krishnan,59,Female,AB+,Dindigul,7183163325
P03501,Rakesh Raj,73,Male,B+,Trichy,9575786607
P03502,Karthik Verma,76,Male,O+,Dindigul,6660695085
P03503,Aditya Sharma,79,Male,A+,Tirunelveli,7532647414
P03504,Karthik Krishnan,23,Male,B+,Salem,8968483596
P03505,Arjun Kumar,63,Male,B+,Madurai,9871638819
P03506,Harish Krishnan,30,Male,A+,Kanchipuram,9899381987
P03507,Rahul Singh,29,Male,AB+,Coimbatore,6576018086
P03508,Deepika Verma,30,Female,O+,Madurai,7915289328
P03509,Ganesh Raj,78,Male,AB+,Vellore,9773131974
P03510,Rahul Iyer,41,Male,B+,Tirunelveli,8559376511
P03511,Rohan Singh,59,Male,B+,Vellore,9639172715
P03512,Neha Babu,15,Female,A+,Tiruvallur,8413503346
P03513,Harish Nair,44,Male,A+,Thanjavur,6574465448
P03514,Rahul Rao,61,Male,O+,Erode,8125588774
P03515,Ganesh Raj,32,Male,B+,Vellore,9346508656
P03516,Nithya Babu,20,Female,B+,Salem,6713412538
P03517,Suresh Verma,46,Male,A+,Hosur,6299766562
P03518,Ganesh Singh,47,Male,AB+,Tiruttani,8367774410
P03519,Meera Gupta,29,Female,B+,Hosur,9820034093
P03520,Nithya Raj,41,Female,B+,Coimbatore,6320310666
P03521,Lakshmi Singh,49,Female,AB+,Erode,7788797888
P03522,Divya Verma,41,Female,B+,Tiruttani,7797114917
P03523,Pooja Sharma,45,Female,O+,Tirunelveli,8395108327
P03524,Pooja Rao,63,Female,B-,Kanchipuram,7200326503
P03525,Ganesh Patel,74,Male,O+,Salem,8076513352
P03526,Swathi Patel,27,Female,O+,Thanjavur,6108492970
P03527,Harini Patel,19,Female,A+,Tirunelveli,9297676213
P03528,Kavya Krishnan,28,Female,AB-,Dindigul,8153834899
P03529,Meera Mohan,1,Female,O+,Hosur,7904002417
P03530,Vikram Singh,51,Male,O-,Hosur,6331342414
P03531,Ananya Raj,41,Female,AB+,Tirunelveli,8177942921
P03532,Rakesh Sharma,41,Male,O-,Erode,8151750796
P03533,Rahul Iyer,23,Male,O+,Tiruvallur,7961965196
P03534,Sneha Nair,6,Female,A+,Tirunelveli,7868623785
P03535,Aishwarya Sharma,60,Female,O+,Coimbatore,8917670700
P03536,Karthik Krishnan,39,Male,B+,Dindigul,7452784300
P03537,Prakash Rao,27,Male,A+,Hosur,7659491868
P03538,Swathi Krishnan,34,Female,B+,Trichy,8039226868
P03539,Priya Krishnan,61,Female,A+,Dindigul,6854576530
P03540,Suresh Babu,75,Male,O+,Tiruttani,9322257504
P03541,Karthik Reddy,35,Male,B+,Dindigul,7094557314
P03542,Ashwin Singh,30,Male,AB+,Salem,6760382807
P03543,Arjun Kumar,18,Male,A+,Tiruvallur,6417939969
P03544,Swathi Iyer,53,Female,B+,Kanchipuram,8383387688
P03545,Naveen Babu,62,Male,A+,Erode,8581738681
P03546,Divya Reddy,53,Female,O+,Tiruppur,8787352199
P03547,Aditya Rao,22,Male,A+,Thanjavur,8342995086
P03548,Sneha Babu,23,Female,B+,Madurai,9076777867
P03549,Harish Gupta,43,Male,AB-,Kanchipuram,9597468993
P03550,Arjun Patel,20,Male,O+,Thanjavur,6242610332
P03551,Neha Babu,32,Female,A+,Coimbatore,7919866132
P03552,Priya Singh,18,Female,B-,Madurai,7763985726
P03553,Priya Kumar,43,Female,O-,Dindigul,7385800999
P03554,Pooja Mohan,64,Female,O+,Dindigul,7505149048
P03555,Nithya Iyer,45,Female,A+,Salem,8453649961
P03556,Vivek Nair,64,Male,B+,Tiruppur,6222264615
P03557,Vikram Kumar,8,Male,O+,Tiruppur,7076976938
P03558,Ganesh Patel,18,Male,O+,Erode,6901681207
P03559,Keerthana Kumar,7,Female,B+,Hosur,9558593922
P03560,Kavya Patel,39,Female,O+,Trichy,8214894413
P03561,Deepika Sharma,78,Female,A+,Trichy,8038156959
P03562,Vivek Kumar,39,Male,A+,Dindigul,9063611287
P03563,Priya Babu,49,Female,O+,Tiruvallur,8069938214
P03564,Sneha Rao,42,Female,A+,Hosur,6289302840
P03565,Sneha Sharma,27,Female,O+,Tiruvallur,9831912604
P03566,Nithya Rao,36,Female,O+,Tiruttani,9844093865
P03567,Aishwarya Sharma,31,Female,O-,Thanjavur,9548748705
P03568,Pooja Reddy,25,Female,O-,Chennai,7609446150
P03569,Karthik Verma,53,Male,O-,Chennai,6656605059
P03570,Rakesh Rao,57,Male,B+,Tirunelveli,7789379391
P03571,Aishwarya Menon,15,Female,AB+,Tiruvallur,9352196091
P03572,Karthik Nair,34,Male,A+,Tiruttani,7243211190
P03573,Aditya Krishnan,30,Male,O+,Tiruppur,8813309831
P03574,Divya Reddy,21,Female,O-,Hosur,9346332874
P03575,Manoj Patel,38,Male,B-,Tiruttani,6680580005
P03576,Lakshmi Mohan,52,Female,A+,Vellore,6501543857
P03577,Naveen Krishnan,8,Male,A+,Tiruttani,7914881514
P03578,Pooja Singh,10,Female,B+,Vellore,7171006562
P03579,Pooja Singh,37,Female,O+,Hosur,7536377665
P03580,Swathi Gupta,11,Female,O+,Salem,8381622664
P03581,Swathi Krishnan,23,Female,A+,Salem,6288363580
P03582,Harini Iyer,23,Female,A+,Thanjavur,8135611702
P03583,Neha Menon,35,Female,O+,Tiruvallur,8722391761
P03584,Neha Reddy,57,Female,A+,Vellore,7313574087
P03585,Aishwarya Menon,8,Female,O+,Tiruppur,8961756577
P03586,Aditya Sharma,33,Male,B+,Salem,8511809545
P03587,Ananya Gupta,50,Female,O+,Vellore,8863484016
P03588,Ashwin Nair,11,Male,B+,Salem,9445337520
P03589,Rakesh Patel,29,Male,O+,Thanjavur,9641573376
P03590,Priya Babu,32,Female,O+,Thanjavur,6810907195
P03591,Deepika Sharma,55,Female,O-,Coimbatore,7951495583
P03592,Keerthana Iyer,27,Female,A-,Tiruppur,8966180843
P03593,Aditya Verma,42,Male,O+,Tiruppur,8309907046
P03594,Kavya Patel,1,Female,B+,Tirunelveli,9451990818
P03595,Meera Iyer,3,Female,A+,Tiruvallur,6327223736
P03596,Priya Menon,50,Female,O-,Tirunelveli,9590473535
P03597,Karthik Singh,57,Male,O+,Trichy,9539734513
P03598,Harini Gupta,35,Female,O+,Chennai,6009897274
P03599,Harish Patel,11,Male,B+,Coimbatore,6411991365
P03600,Kavya Babu,11,Female,B-,Madurai,7426006289
P03601,Karthik Iyer,32,Male,A+,Tiruppur,8895945892
P03602,Rohan Sharma,34,Male,AB+,Vellore,8949775655
P03603,Karthik Rao,62,Male,B+,Kanchipuram,7638367665
P03604,Priya Iyer,1,Female,O+,Madurai,9338753421
P03605,Kavya Babu,36,Female,O+,Hosur,7749883968
P03606,Naveen Babu,15,Male,A+,Salem,8093535215
P03607,Vivek Iyer,55,Male,B+,Tirunelveli,9689924715
P03608,Harini Patel,29,Female,O+,Chennai,9030221239
P03609,Divya Sharma,19,Female,A+,Trichy,8328541422
P03610,Keerthana Iyer,39,Female,B+,Dindigul,8144537150
P03611,Divya Sharma,58,Female,A+,Tiruvallur,6788011591
P03612,Karthik Singh,31,Male,O+,Madurai,6355469033
P03613,Keerthana Babu,32,Female,O+,Tiruttani,7719732381
P03614,Kavya Patel,40,Female,B-,Erode,6626023564
P03615,Ashwin Gupta,22,Male,B+,Kanchipuram,6891950786
P03616,Swathi Singh,45,Female,A+,Thanjavur,9919487461
P03617,Vikram Krishnan,12,Male,B+,Chennai,8415517586
P03618,Ganesh Mohan,72,Male,O+,Trichy,8702899666
P03619,Harini Mohan,77,Female,AB+,Tiruvallur,7311621065
P03620,Suresh Babu,40,Male,O+,Kanchipuram,6543105577
P03621,Ashwin Kumar,87,Male,O+,Thanjavur,8759608895
P03622,Swathi Nair,36,Female,AB+,Salem,8423149452
P03623,Karthik Patel,63,Male,A+,Tirunelveli,8098180409
P03624,Rohan Sharma,55,Male,B+,Salem,9508501347
P03625,Nithya Reddy,88,Female,A+,Trichy,6412264725
P03626,Nithya Iyer,51,Female,O+,Trichy,6042408174
P03627,Sneha Patel,64,Female,B+,Tiruvallur,6852768209
P03628,Naveen Krishnan,31,Male,O+,Hosur,6614280970
P03629,Arjun Gupta,60,Male,A+,Chennai,6351591175
P03630,Vikram Sharma,30,Male,B+,Vellore,8379708604
P03631,Vivek Raj,37,Male,A+,Madurai,7371720153
P03632,Vikram Kumar,3,Male,O+,Tirunelveli,6474133115
P03633,Prakash Singh,45,Male,O+,Erode,7226631543
P03634,Prakash Mohan,46,Male,AB-,Thanjavur,7913156536
P03635,Aishwarya Sharma,17,Female,A+,Tiruttani,8514522823
P03636,Ganesh Patel,55,Male,A+,Vellore,8979934965
P03637,Aishwarya Patel,33,Female,O+,Coimbatore,6064064123
P03638,Rohan Menon,5,Male,O+,Tiruppur,8075016327
P03639,Vikram Krishnan,14,Male,O+,Tiruvallur,9526963642
P03640,Lakshmi Reddy,51,Female,O-,Tirunelveli,7543676879
P03641,Aishwarya Krishnan,41,Female,B+,Tiruttani,8698630133
P03642,Karthik Nair,43,Male,B+,Dindigul,8170267199
P03643,Ananya Menon,55,Female,B+,Tiruvallur,7147561603
P03644,Swathi Patel,70,Female,A+,Tiruvallur,6822879561
P03645,Harini Sharma,64,Female,O-,Tirunelveli,9592932578
P03646,Ganesh Rao,27,Male,A+,Chennai,8034711202
P03647,Meera Kumar,50,Female,O-,Tiruvallur,7951292072
P03648,Vikram Kumar,53,Male,A+,Erode,8339895111
P03649,Ashwin Raj,84,Male,A+,Dindigul,6387927876
P03650,Neha Verma,19,Female,O+,Erode,7229665144
P03651,Harini Rao,40,Female,O+,Chennai,6206814849
P03652,Prakash Rao,50,Male,O+,Tiruvallur,9130084339
P03653,Suresh Mohan,12,Male,A+,Hosur,9796330507
P03654,Swathi Patel,5,Female,O+,Tiruvallur,8719298028
P03655,Deepika Menon,49,Female,B+,Tirunelveli,9693624088
P03656,Keerthana Sharma,86,Female,B+,Trichy,8381370574
P03657,Arjun Iyer,31,Male,O+,Tiruvallur,7941525838
P03658,Ananya Raj,36,Female,A+,Coimbatore,9644668471
P03659,Karthik Krishnan,67,Male,B+,Coimbatore,9291585118
P03660,Neha Sharma,67,Female,O+,Tirunelveli,9235359682
P03661,Rahul Raj,13,Male,A+,Tiruvallur,8356316766
P03662,Karthik Nair,9,Male,A+,Tiruppur,7787181938
P03663,Suresh Nair,60,Male,B+,Vellore,9047308028
P03664,Rahul Iyer,14,Male,B+,Tiruvallur,8414304446
P03665,Neha Krishnan,30,Female,B+,Kanchipuram,6349001976
P03666,Vikram Menon,27,Male,O+,Kanchipuram,7113030766
P03667,Vivek Kumar,29,Male,A+,Dindigul,6846482098
P03668,Sneha Rao,42,Female,O-,Tiruttani,9818696923
P03669,Kavya Mohan,18,Female,A+,Madurai,7772139636
P03670,Arjun Babu,68,Male,A+,Thanjavur,7941723190
P03671,Vivek Kumar,58,Male,A+,Tiruvallur,6372185893
P03672,Neha Menon,47,Female,AB+,Salem,6057126565
P03673,Keerthana Mohan,49,Female,B+,Vellore,6667157111
P03674,Arjun Mohan,29,Male,A+,Thanjavur,9589359679
P03675,Manoj Mohan,37,Male,B+,Vellore,8576150335
P03676,Neha Kumar,59,Female,O+,Tirunelveli,8043422997
P03677,Meera Reddy,49,Female,B+,Chennai,9339893090
P03678,Priya Kumar,19,Female,O+,Salem,9140565025
P03679,Neha Nair,12,Female,AB+,Kanchipuram,9959027990
P03680,Pooja Iyer,28,Female,B+,Hosur,9838648836
P03681,Aditya Gupta,79,Male,O+,Dindigul,8677177529
P03682,Nithya Mohan,55,Female,A-,Hosur,8691548978
P03683,Ashwin Krishnan,24,Male,O+,Vellore,8770508755
P03684,Rohan Singh,17,Male,AB+,Erode,9888678950
P03685,Vikram Mohan,44,Male,O+,Tiruppur,9741420134
P03686,Meera Rao,89,Female,O+,Thanjavur,9404624786
P03687,Manoj Patel,51,Male,O+,Thanjavur,8733089034
P03688,Harini Menon,42,Female,O+,Tiruttani,8210954968
P03689,Ananya Nair,32,Female,O+,Tiruttani,6909919984
P03690,Aishwarya Singh,1,Female,A+,Vellore,9103562576
P03691,Rahul Kumar,89,Male,B+,Chennai,8805795500
P03692,Manoj Menon,14,Male,O+,Tiruvallur,6305727562
P03693,Arjun Reddy,18,Male,A+,Madurai,8905370137
P03694,Nithya Babu,11,Female,A+,Chennai,8248932377
P03695,Pooja Nair,34,Female,A-,Tirunelveli,7324148426
P03696,Ganesh Nair,41,Male,AB+,Tiruttani,7658578564
P03697,Ananya Raj,51,Female,O+,Tiruppur,8468298516
P03698,Sneha Reddy,61,Female,B-,Trichy,7118778634
P03699,Suresh Menon,41,Male,B+,Tiruppur,7763971031
P03700,Keerthana Raj,71,Female,A+,Tiruvallur,6068886742
P03701,Rohan Krishnan,56,Male,A+,Salem,6221634651
P03702,Keerthana Patel,57,Female,O+,Madurai,9413829879
P03703,Naveen Babu,59,Male,B+,Tirunelveli,7146601705
P03704,Prakash Singh,29,Male,AB-,Tiruvallur,7522641246
P03705,Divya Reddy,65,Female,A+,Tiruppur,6351683202
P03706,Manoj Mohan,29,Male,O+,Thanjavur,9800214980
P03707,Harish Raj,74,Male,A+,Thanjavur,7557734328
P03708,Vikram Mohan,32,Male,O+,Thanjavur,9836694983
P03709,Swathi Rao,42,Female,O+,Kanchipuram,6329758456
P03710,Vivek Sharma,72,Male,A+,Thanjavur,8446984598
P03711,Prakash Kumar,26,Male,A+,Tiruppur,8062646588
P03712,Sneha Menon,17,Female,A+,Trichy,9284209274
P03713,Ashwin Gupta,64,Male,A+,Thanjavur,9220215128
P03714,Ananya Iyer,34,Female,O+,Salem,9652370087
P03715,Aishwarya Patel,1,Female,B+,Trichy,8260734784
P03716,Karthik Singh,34,Male,O-,Salem,6431032338
P03717,Harini Menon,24,Female,A+,Tiruttani,6305858219
P03718,Lakshmi Babu,18,Female,B+,Kanchipuram,6822431212
P03719,Divya Rao,42,Female,O+,Kanchipuram,8307814125
P03720,Priya Krishnan,27,Female,A+,Tiruvallur,8445475971
P03721,Vikram Verma,25,Male,B+,Tirunelveli,6310242645
P03722,Lakshmi Iyer,34,Female,B-,Erode,7583109035
P03723,Neha Babu,38,Female,O+,Madurai,6502719264
P03724,Rahul Babu,4,Male,A+,Tiruppur,8880736649
P03725,Priya Singh,36,Female,A+,Kanchipuram,9196433562
P03726,Prakash Patel,51,Male,O+,Coimbatore,9870000822
P03727,Arjun Patel,24,Male,O+,Erode,8956089804
P03728,Pooja Sharma,49,Female,AB+,Chennai,9478247599
P03729,Manoj Sharma,72,Male,A+,Hosur,6650688857
P03730,Harini Kumar,16,Female,O+,Chennai,8502450632
P03731,Harini Verma,88,Female,B+,Vellore,8416945646
P03732,Pooja Nair,34,Female,A+,Tiruvallur,9428400001
P03733,Manoj Nair,20,Male,A+,Tiruppur,9073823225
P03734,Vikram Nair,31,Male,B+,Madurai,8345015417
P03735,Pooja Patel,39,Female,AB-,Tirunelveli,9000059118
P03736,Sneha Krishnan,61,Female,B+,Trichy,8348914026
P03737,Lakshmi Mohan,18,Female,B-,Vellore,7800875757
P03738,Ananya Babu,21,Female,O-,Trichy,8370844468
P03739,Priya Sharma,63,Female,O+,Erode,7418429326
P03740,Divya Nair,8,Female,AB+,Tiruppur,8370106536
P03741,Rohan Menon,64,Male,A+,Madurai,6931082627
P03742,Divya Singh,65,Female,B+,Kanchipuram,9604186960
P03743,Pooja Singh,49,Female,O+,Dindigul,8892107586
P03744,Meera Patel,33,Female,O+,Tiruppur,7336314928
P03745,Swathi Sharma,38,Female,O+,Tiruppur,7686345496
P03746,Deepika Krishnan,13,Female,A+,Tiruvallur,8558300358
P03747,Ashwin Babu,60,Male,A+,Thanjavur,8449108853
P03748,Neha Mohan,28,Female,O-,Tiruvallur,8727783407
P03749,Karthik Rao,9,Male,O+,Thanjavur,6177110340
P03750,Arjun Mohan,33,Male,A+,Tiruppur,7574179184
P03751,Arjun Raj,1,Male,AB+,Coimbatore,8302148904
P03752,Rahul Sharma,53,Male,AB+,Hosur,8158192772
P03753,Kavya Iyer,39,Female,A-,Vellore,6184689158
P03754,Vikram Mohan,36,Male,B+,Tiruppur,7709148719
P03755,Harish Krishnan,26,Male,AB+,Hosur,8382656197
P03756,Neha Mohan,7,Female,A+,Thanjavur,9699277086
P03757,Divya Nair,75,Female,O-,Dindigul,6597759776
P03758,Meera Babu,62,Female,O+,Tiruttani,6506823373
P03759,Prakash Iyer,25,Male,O+,Coimbatore,8678865707
P03760,Ashwin Verma,37,Male,O+,Tirunelveli,9521732133
P03761,Ashwin Patel,40,Male,B+,Kanchipuram,8880229557
P03762,Swathi Raj,21,Female,A+,Trichy,6079919062
P03763,Ashwin Krishnan,37,Male,B+,Trichy,7491974708
P03764,Neha Babu,29,Female,O+,Tiruppur,8498596343
P03765,Divya Verma,47,Female,B-,Salem,9626724089
P03766,Sneha Rao,47,Female,O+,Dindigul,8215667019
P03767,Naveen Nair,14,Male,O+,Hosur,7999207189
P03768,Karthik Reddy,2,Male,AB-,Kanchipuram,6050346117
P03769,Suresh Sharma,81,Male,O-,Salem,9465545123
P03770,Ganesh Patel,28,Male,A+,Hosur,7915663036
P03771,Vikram Rao,35,Male,A+,Vellore,9074435250
P03772,Prakash Sharma,33,Male,A+,Tiruppur,9669677813
P03773,Ananya Menon,50,Female,O+,Tiruvallur,7864915350
P03774,Ashwin Menon,18,Male,B+,Coimbatore,7063929465
P03775,Manoj Mohan,20,Male,O+,Chennai,7991264384
P03776,Nithya Kumar,63,Female,O+,Hosur,8050916339
P03777,Ashwin Iyer,58,Male,O+,Kanchipuram,8286571192
P03778,Swathi Babu,21,Female,B+,Tiruttani,8006238183
P03779,Suresh Patel,20,Male,A+,Tiruppur,6619607911
P03780,Sneha Gupta,70,Female,O+,Dindigul,7913353153
P03781,Pooja Reddy,63,Female,AB+,Dindigul,8450409414
P03782,Deepika Nair,7,Female,A+,Erode,8182446821
P03783,Meera Singh,20,Female,O+,Erode,6473223224
P03784,Rakesh Singh,21,Male,B+,Tirunelveli,9254145287
P03785,Aishwarya Patel,34,Female,O+,Salem,9764344105
P03786,Swathi Menon,47,Female,A+,Vellore,8532932444
P03787,Suresh Babu,44,Male,A-,Vellore,7089775472
P03788,Harish Patel,46,Male,O-,Tirunelveli,8501622043
P03789,Aishwarya Sharma,17,Female,A+,Tiruppur,8484926152
P03790,Arjun Patel,63,Male,O+,Chennai,9820780988
P03791,Karthik Kumar,30,Male,A+,Thanjavur,9094235479
P03792,Vikram Kumar,61,Male,AB+,Kanchipuram,8990251002
P03793,Vivek Gupta,30,Male,AB+,Tiruvallur,6998835943
P03794,Aditya Raj,3,Male,AB+,Salem,9807700378
P03795,Vivek Sharma,47,Male,O-,Erode,7246088895
P03796,Ashwin Kumar,29,Male,A-,Coimbatore,8286600999
P03797,Nithya Menon,29,Female,O+,Tiruppur,9590364873
P03798,Sneha Babu,26,Female,B+,Madurai,7996848343
P03799,Prakash Mohan,60,Male,A+,Thanjavur,6715429599
P03800,Harini Nair,10,Female,O+,Thanjavur,6007191035
P03801,Vikram Singh,57,Male,B+,Coimbatore,6234051558
P03802,Pooja Iyer,49,Female,B-,Thanjavur,7387061154
P03803,Rakesh Mohan,69,Male,AB+,Dindigul,7949192659
P03804,Ananya Nair,19,Female,B+,Tirunelveli,7814313740
P03805,Harish Sharma,27,Male,O-,Tiruvallur,9063822443
P03806,Aditya Patel,64,Male,AB+,Vellore,9898197855
P03807,Vivek Gupta,17,Male,AB+,Tirunelveli,9345948930
P03808,Swathi Menon,1,Female,B+,Coimbatore,9069569819
P03809,Vikram Mohan,72,Male,O+,Tiruppur,8664030750
P03810,Swathi Verma,26,Female,B+,Tirunelveli,7081067109
P03811,Vivek Gupta,29,Male,O+,Hosur,7920865374
P03812,Divya Babu,43,Female,O+,Trichy,9856654934
P03813,Neha Sharma,59,Female,A+,Erode,9078632019
P03814,Priya Krishnan,46,Female,A+,Hosur,9762325588
P03815,Rahul Krishnan,65,Male,B+,Madurai,6761518078
P03816,Kavya Reddy,20,Female,A+,Dindigul,9042597657
P03817,Karthik Patel,18,Male,A+,Hosur,6951961499
P03818,Rakesh Sharma,87,Male,B+,Chennai,9544496252
P03819,Aditya Patel,22,Male,A+,Hosur,8907666752
P03820,Deepika Menon,16,Female,O+,Hosur,7799706581
P03821,Karthik Menon,27,Male,B+,Tiruppur,8635096801
P03822,Karthik Nair,25,Male,A+,Madurai,8935260177
P03823,Rakesh Singh,42,Male,O+,Tiruttani,8261354270
P03824,Ashwin Verma,32,Male,O+,Hosur,8002530467
P03825,Priya Raj,43,Female,O-,Dindigul,7331156483
P03826,Keerthana Singh,24,Female,A+,Tiruppur,7318483364
P03827,Rahul Patel,24,Male,AB+,Kanchipuram,6458716639
P03828,Harish Kumar,15,Male,O+,Tirunelveli,9701821557
P03829,Harini Verma,50,Female,A-,Hosur,7121883340
P03830,Vivek Gupta,64,Male,O-,Salem,7576696253
P03831,Aishwarya Verma,20,Female,O+,Madurai,9345741756
P03832,Keerthana Raj,31,Female,O+,Chennai,9224223716
P03833,Kavya Iyer,87,Female,B+,Dindigul,7199972111
P03834,Sneha Gupta,25,Female,AB+,Tiruvallur,8067642011
P03835,Lakshmi Raj,53,Female,O+,Coimbatore,9910460052
P03836,Suresh Gupta,38,Male,O-,Erode,6510389537
P03837,Karthik Nair,62,Male,O+,Kanchipuram,8902532448
P03838,Vivek Raj,85,Male,AB+,Dindigul,6577654395
P03839,Naveen Gupta,19,Male,O+,Coimbatore,8453474911
P03840,Priya Babu,40,Female,A+,Coimbatore,8223449447
P03841,Neha Menon,38,Female,B+,Hosur,7451421572
P03842,Suresh Reddy,27,Male,A+,Trichy,8914382764
P03843,Ananya Raj,24,Female,B+,Vellore,7525913720
P03844,Harini Nair,32,Female,O+,Kanchipuram,6803993468
P03845,Sneha Kumar,56,Female,B-,Trichy,9919382891
P03846,Ganesh Mohan,46,Male,A+,Kanchipuram,7855050681
P03847,Ananya Krishnan,7,Female,O+,Erode,7662176272
P03848,Meera Verma,29,Female,A-,Salem,7565149975
P03849,Ashwin Kumar,5,Male,A+,Trichy,8845545012
P03850,Karthik Sharma,87,Male,B+,Thanjavur,7813120593
P03851,Naveen Gupta,33,Male,O+,Kanchipuram,8220241766
P03852,Priya Verma,58,Female,AB+,Trichy,8826674000
P03853,Aishwarya Iyer,35,Female,A+,Tirunelveli,8595901213
P03854,Divya Mohan,14,Female,O+,Trichy,7364669370
P03855,Aishwarya Krishnan,39,Female,O+,Chennai,8148221194
P03856,Harini Babu,26,Female,O-,Vellore,7532168555
P03857,Karthik Singh,65,Male,O+,Vellore,9583607228
P03858,Harini Gupta,44,Female,O+,Dindigul,6689801065
P03859,Naveen Patel,17,Male,B+,Chennai,7236141637
P03860,Vivek Krishnan,17,Male,B+,Tiruttani,9050294079
P03861,Prakash Mohan,43,Male,A+,Coimbatore,9485915905
P03862,Sneha Mohan,63,Female,B+,Erode,7041471408
P03863,Aishwarya Verma,37,Female,AB+,Coimbatore,7699229137
P03864,Ashwin Sharma,42,Male,O+,Chennai,7763309947
P03865,Suresh Sharma,86,Male,AB-,Kanchipuram,8842767741
P03866,Divya Iyer,54,Female,O-,Dindigul,6785637164
P03867,Aditya Sharma,49,Male,O+,Tirunelveli,7952417168
P03868,Kavya Nair,36,Female,A+,Trichy,7325101102
P03869,Harish Sharma,64,Male,B+,Coimbatore,7101120174
P03870,Kavya Babu,36,Female,B+,Kanchipuram,6194238021
P03871,Suresh Patel,63,Male,O+,Tiruvallur,6080709278
P03872,Aishwarya Menon,59,Female,B+,Madurai,7424702691
P03873,Keerthana Raj,58,Female,A+,Kanchipuram,8072972231
P03874,Priya Rao,53,Female,O+,Salem,7539750829
P03875,Harish Iyer,89,Male,AB-,Tirunelveli,9284402783
P03876,Nithya Reddy,63,Female,B-,Dindigul,7941479044
P03877,Divya Sharma,41,Female,B+,Madurai,6060823820
P03878,Arjun Krishnan,45,Male,A+,Chennai,6782465530
P03879,Karthik Reddy,69,Male,O+,Erode,9690358322
P03880,Karthik Nair,17,Male,O+,Salem,9608388148
P03881,Neha Krishnan,23,Female,O+,Thanjavur,8228466199
P03882,Ananya Kumar,29,Female,B+,Tirunelveli,8213375214
P03883,Deepika Patel,54,Female,A+,Madurai,6004899744
P03884,Ganesh Reddy,65,Male,B+,Tiruppur,8037485083
P03885,Keerthana Menon,50,Female,B+,Hosur,9608307736
P03886,Aishwarya Raj,42,Female,A+,Erode,6715733353
P03887,Vivek Raj,67,Male,O+,Erode,7056947619
P03888,Vivek Babu,49,Male,O+,Thanjavur,9796248099
P03889,Sneha Reddy,15,Female,B+,Vellore,6173720170
P03890,Rahul Nair,36,Male,O+,Tirunelveli,6747351067
P03891,Keerthana Menon,22,Female,B+,Hosur,9716778803
P03892,Manoj Reddy,90,Male,A+,Madurai,8008334187
P03893,Manoj Patel,46,Male,AB-,Trichy,8038035431
P03894,Vivek Babu,15,Male,A-,Kanchipuram,7048881987
P03895,Swathi Verma,80,Female,O+,Dindigul,8927809928
P03896,Ganesh Raj,64,Male,AB+,Tirunelveli,8910620467
P03897,Lakshmi Iyer,90,Female,O+,Coimbatore,6919486707
P03898,Nithya Gupta,89,Female,A+,Tiruvallur,7449118510
P03899,Rohan Menon,60,Male,B+,Madurai,7573018087
P03900,Rohan Rao,33,Male,O+,Madurai,6275215272
P03901,Rahul Verma,17,Male,O+,Coimbatore,6638267759
P03902,Sneha Nair,29,Female,B+,Erode,7605346574
P03903,Prakash Singh,53,Male,O+,Thanjavur,6987164629
P03904,Prakash Sharma,61,Male,B+,Tirunelveli,9539081100
P03905,Vivek Verma,63,Male,O+,Tiruttani,9826374198
P03906,Deepika Babu,3,Female,O+,Chennai,9933922744
P03907,Kavya Krishnan,55,Female,B+,Tiruttani,6278792447
P03908,Lakshmi Verma,5,Female,O+,Tiruttani,6867994206
P03909,Vikram Nair,43,Male,AB+,Trichy,6618259308
P03910,Neha Verma,64,Female,O+,Coimbatore,8812126358
P03911,Rohan Singh,27,Male,O+,Tiruttani,6225193356
P03912,Manoj Raj,35,Male,O+,Tiruppur,8828401252
P03913,Arjun Menon,13,Male,A+,Coimbatore,8812479666
P03914,Neha Iyer,2,Female,A+,Kanchipuram,7099375137
P03915,Lakshmi Mohan,54,Female,A+,Salem,9967991845
P03916,Prakash Reddy,12,Male,B-,Kanchipuram,6538519405
P03917,Neha Menon,57,Female,B+,Tiruttani,8401075287
P03918,Sneha Reddy,56,Female,A+,Dindigul,7022593122
P03919,Sneha Patel,17,Female,B+,Kanchipuram,7503079582
P03920,Kavya Raj,40,Female,O+,Kanchipuram,6778390751
P03921,Meera Rao,7,Female,O+,Hosur,6940990737
P03922,Karthik Gupta,69,Male,A+,Salem,9361454402
P03923,Ganesh Gupta,36,Male,O+,Tiruvallur,7848414922
P03924,Rakesh Patel,47,Male,B+,Madurai,8511748636
P03925,Ganesh Rao,57,Male,A+,Tirunelveli,9704351759
P03926,Rahul Nair,14,Male,O-,Chennai,7563147961
P03927,Aditya Patel,9,Male,B+,Kanchipuram,6558537997
P03928,Aditya Babu,27,Male,B+,Vellore,9198887447
P03929,Manoj Reddy,11,Male,A+,Erode,7457477060
P03930,Nithya Patel,42,Female,B+,Salem,7643275411
P03931,Pooja Patel,20,Female,O+,Coimbatore,7626699818
P03932,Rakesh Patel,25,Male,A+,Chennai,9854631646
P03933,Aditya Krishnan,35,Male,A+,Trichy,8375583883
P03934,Vikram Krishnan,10,Male,O+,Madurai,7485928206
P03935,Pooja Patel,20,Female,B+,Tiruttani,9090028100
P03936,Vikram Mohan,19,Male,A+,Tiruvallur,9780886449
P03937,Aditya Reddy,88,Male,A+,Tirunelveli,7029425012
P03938,Rakesh Mohan,37,Male,A-,Vellore,8759271976
P03939,Lakshmi Sharma,35,Female,O+,Hosur,8380107017
P03940,Harini Mohan,75,Female,A+,Erode,8486491750
P03941,Neha Raj,52,Female,O+,Madurai,8315349762
P03942,Rakesh Nair,23,Male,O+,Hosur,8751416486
P03943,Neha Krishnan,31,Female,O-,Trichy,6327860284
P03944,Meera Mohan,37,Female,B+,Chennai,9219914995
P03945,Rohan Iyer,56,Male,A+,Trichy,9196549705
P03946,Kavya Patel,64,Female,A+,Salem,7210203887
P03947,Ashwin Nair,12,Male,B+,Chennai,7212100468
P03948,Swathi Nair,28,Female,O+,Chennai,7865425568
P03949,Keerthana Reddy,22,Female,O+,Dindigul,7441710567
P03950,Prakash Babu,16,Male,B+,Hosur,6907064872
P03951,Rohan Raj,32,Male,A-,Thanjavur,7175204770
P03952,Suresh Rao,13,Male,B+,Tiruppur,6273255382
P03953,Keerthana Babu,43,Female,O+,Dindigul,6225063483
P03954,Meera Mohan,50,Female,O-,Trichy,9146467503
P03955,Manoj Gupta,89,Male,O+,Tiruttani,9852039710
P03956,Harish Mohan,5,Male,O+,Chennai,7098099340
P03957,Nithya Kumar,9,Female,O-,Tiruttani,6848655842
P03958,Rohan Reddy,60,Male,A+,Vellore,6556442927
P03959,Divya Kumar,4,Female,O+,Vellore,8674942221
P03960,Pooja Kumar,37,Female,O+,Erode,9498714203
P03961,Aishwarya Mohan,45,Female,O+,Madurai,7049386362
P03962,Rahul Mohan,37,Male,O+,Dindigul,6347763065
P03963,Neha Reddy,39,Female,AB-,Salem,6991589730
P03964,Harish Nair,56,Male,AB-,Tiruttani,9442983687
P03965,Ananya Gupta,6,Female,O+,Tirunelveli,9155510749
P03966,Naveen Rao,45,Male,AB+,Tiruttani,9158890171
P03967,Keerthana Reddy,26,Female,AB+,Dindigul,8683156242
P03968,Aditya Kumar,28,Male,B+,Tirunelveli,6690543526
P03969,Harish Raj,5,Male,B+,Coimbatore,9232710732
P03970,Aishwarya Patel,30,Female,O+,Madurai,8034899056
P03971,Harini Iyer,68,Female,A+,Hosur,9046311867
P03972,Ashwin Sharma,41,Male,A+,Tiruvallur,8505445931
P03973,Vikram Sharma,17,Male,O-,Chennai,6341350540
P03974,Lakshmi Verma,41,Female,O+,Erode,6294368131
P03975,Lakshmi Patel,73,Female,B+,Salem,9720784584
P03976,Neha Menon,3,Female,O+,Dindigul,6602180667
P03977,Rohan Reddy,32,Male,B+,Dindigul,7445190677
P03978,Deepika Reddy,1,Female,AB+,Erode,8063443710
P03979,Sneha Patel,37,Female,AB-,Madurai,8735349724
P03980,Neha Gupta,86,Female,B+,Tiruttani,8225350227
P03981,Kavya Krishnan,44,Female,O+,Trichy,7713705877
P03982,Sneha Reddy,14,Female,AB+,Tiruttani,8004023420
P03983,Vikram Krishnan,61,Male,B+,Erode,7535002156
P03984,Naveen Iyer,39,Male,A+,Thanjavur,8658694919
P03985,Neha Babu,49,Female,AB+,Dindigul,7455329677
P03986,Vivek Verma,35,Male,AB+,Madurai,8188861666
P03987,Vikram Verma,25,Male,A+,Chennai,9154168249
P03988,Aishwarya Kumar,54,Female,B+,Coimbatore,9406547651
P03989,Ganesh Singh,34,Male,B-,Tiruttani,9753513834
P03990,Pooja Reddy,52,Female,O+,Thanjavur,7651582230
P03991,Aishwarya Singh,10,Female,A+,Tirunelveli,7612498334
P03992,Ananya Menon,44,Female,AB+,Kanchipuram,8892529149
P03993,Ganesh Nair,90,Male,O+,Thanjavur,8908311686
P03994,Nithya Menon,54,Female,B+,Tiruppur,6873207181
P03995,Aditya Gupta,14,Male,B+,Madurai,6971870153
P03996,Kavya Verma,5,Female,O+,Coimbatore,7985117426
P03997,Suresh Reddy,20,Male,O+,Salem,7122858937
P03998,Naveen Sharma,4,Male,O+,Thanjavur,7318910049
P03999,Suresh Singh,2,Male,O-,Madurai,7499726315
P04000,Naveen Sharma,7,Male,A+,Tiruvallur,9429579035
P04001,Deepika Kumar,58,Female,O+,Dindigul,8359848876
P04002,Naveen Babu,55,Male,B-,Erode,7121234960
P04003,Swathi Mohan,41,Female,O+,Tirunelveli,8723526436
P04004,Rahul Iyer,62,Male,B+,Erode,6057162984
P04005,Nithya Patel,82,Female,A+,Chennai,9964614699
P04006,Neha Iyer,82,Female,AB+,Thanjavur,7601668586
P04007,Harini Nair,36,Female,O+,Madurai,7975393036
P04008,Rakesh Gupta,32,Male,O+,Dindigul,9386157423
P04009,Neha Iyer,42,Female,O+,Trichy,6171865880
P04010,Kavya Singh,50,Female,O+,Tiruvallur,6545656636
P04011,Aditya Iyer,83,Male,B+,Coimbatore,8922230421
P04012,Vikram Nair,44,Male,A+,Madurai,9487937012
P04013,Vikram Patel,64,Male,AB+,Dindigul,8775901292
P04014,Prakash Reddy,48,Male,O+,Tiruppur,9457408507
P04015,Swathi Krishnan,2,Female,B-,Kanchipuram,8823696493
P04016,Manoj Singh,28,Male,O+,Chennai,9338336736
P04017,Suresh Babu,75,Male,A+,Tirunelveli,9945615818
P04018,Ashwin Sharma,12,Male,A-,Kanchipuram,7292231978
P04019,Nithya Krishnan,44,Female,O+,Thanjavur,8010898107
P04020,Vikram Reddy,50,Male,B+,Tiruttani,6478301944
P04021,Arjun Rao,72,Male,O+,Salem,7253742494
P04022,Manoj Nair,43,Male,O+,Dindigul,6023928310
P04023,Rohan Nair,85,Male,AB+,Chennai,7397923410
P04024,Rakesh Menon,13,Male,O+,Thanjavur,6310626844
P04025,Naveen Nair,60,Male,B+,Tiruvallur,6176872962
P04026,Suresh Reddy,61,Male,A+,Dindigul,9014100825
P04027,Vikram Kumar,29,Male,O+,Tirunelveli,8515288004
P04028,Priya Verma,39,Female,A+,Vellore,9849517042
P04029,Manoj Menon,26,Male,O-,Tiruvallur,6887526322
P04030,Kavya Sharma,23,Female,O+,Erode,9210377002
P04031,Rakesh Iyer,30,Male,O+,Hosur,9627415708
P04032,Karthik Rao,67,Male,O+,Tirunelveli,9435434918
P04033,Rakesh Menon,56,Male,A+,Salem,6433304030
P04034,Neha Raj,2,Female,A+,Erode,7350629258
P04035,Harish Babu,45,Male,O+,Coimbatore,7373331293
P04036,Nithya Verma,56,Female,A+,Erode,7022080538
P04037,Harini Nair,87,Female,B+,Tiruttani,8795132465
P04038,Naveen Iyer,65,Male,O+,Tirunelveli,9201407983
P04039,Priya Kumar,40,Female,B+,Hosur,6010831734
P04040,Meera Reddy,6,Female,O+,Hosur,8975317528
P04041,Ananya Raj,23,Female,O+,Chennai,9025937581
P04042,Rohan Kumar,31,Male,O+,Tiruppur,7089757842
P04043,Rohan Sharma,27,Male,B+,Madurai,6421492884
P04044,Aditya Babu,24,Male,O+,Salem,6792796939
P04045,Arjun Patel,28,Male,AB+,Hosur,7704533043
P04046,Swathi Menon,37,Female,O-,Erode,8687443373
P04047,Suresh Krishnan,70,Male,B+,Trichy,9081039111
P04048,Priya Nair,44,Female,A+,Hosur,6216348443
P04049,Rohan Iyer,34,Male,A-,Thanjavur,6550823828
P04050,Ganesh Singh,8,Male,B+,Kanchipuram,7880732714
P04051,Meera Patel,30,Female,A+,Tirunelveli,6387203238
P04052,Manoj Reddy,61,Male,O+,Kanchipuram,7327402655
P04053,Swathi Reddy,21,Female,O-,Madurai,8310818548
P04054,Rakesh Patel,48,Male,O+,Thanjavur,8737490994
P04055,Aishwarya Sharma,28,Female,B+,Tiruvallur,8406214613
P04056,Rohan Menon,33,Male,A+,Madurai,7556348141
P04057,Aishwarya Nair,63,Female,O+,Tiruppur,7922396652
P04058,Nithya Sharma,29,Female,A+,Erode,8745745659
P04059,Rohan Kumar,32,Male,B-,Tiruppur,8643537121
P04060,Pooja Iyer,1,Female,B+,Chennai,7830428632
P04061,Rahul Kumar,18,Male,B+,Tiruppur,7744936673
P04062,Sneha Sharma,42,Female,O+,Chennai,8897409393
P04063,Lakshmi Gupta,58,Female,O+,Hosur,8539562154
P04064,Harish Raj,39,Male,A+,Coimbatore,8670136191
P04065,Pooja Nair,25,Female,O+,Dindigul,6759414477
P04066,Arjun Raj,16,Male,O-,Tiruppur,6979162762
P04067,Meera Gupta,27,Female,B+,Trichy,9079823389
P04068,Vivek Rao,32,Male,B+,Vellore,6392118781
P04069,Sneha Singh,44,Female,A+,Tiruppur,8510597344
P04070,Neha Patel,46,Female,O+,Salem,6947929361
P04071,Keerthana Singh,65,Female,A-,Erode,6929686367
P04072,Keerthana Singh,19,Female,A+,Tiruvallur,7273600755
P04073,Suresh Kumar,54,Male,O+,Trichy,8890117528
P04074,Arjun Raj,86,Male,A+,Chennai,6798861825
P04075,Nithya Sharma,34,Female,O+,Madurai,9280222446
P04076,Ananya Babu,28,Female,A+,Tiruvallur,7866626570
P04077,Lakshmi Iyer,42,Female,O+,Hosur,8384099126
P04078,Vivek Singh,64,Male,A+,Tiruppur,6427359840
P04079,Priya Babu,56,Female,O+,Madurai,9926465296
P04080,Nithya Gupta,61,Female,O+,Kanchipuram,9668073100
P04081,Ganesh Nair,41,Male,A+,Thanjavur,9022003642
P04082,Naveen Reddy,18,Male,O+,Madurai,9941245621
P04083,Harish Mohan,51,Male,A+,Tiruvallur,9941139654
P04084,Sneha Patel,49,Female,A+,Tirunelveli,7698364950
P04085,Aditya Reddy,45,Male,AB+,Vellore,6203143061
P04086,Meera Raj,21,Female,A-,Erode,7709906998
P04087,Naveen Gupta,25,Male,AB+,Coimbatore,9449071136
P04088,Pooja Rao,67,Female,AB+,Tirunelveli,6858039127
P04089,Swathi Raj,4,Female,B-,Erode,6518953429
P04090,Deepika Kumar,24,Female,O-,Dindigul,6338004143
P04091,Ashwin Mohan,88,Male,A+,Thanjavur,7410423200
P04092,Divya Rao,32,Female,A-,Salem,6819342114
P04093,Deepika Menon,36,Female,AB+,Tiruppur,8251415617
P04094,Rakesh Sharma,16,Male,O+,Dindigul,6924761740
P04095,Rohan Krishnan,47,Male,O+,Vellore,6841727340
P04096,Swathi Verma,76,Female,O+,Trichy,8630150892
P04097,Prakash Rao,22,Male,O+,Coimbatore,8370450386
P04098,Vivek Reddy,32,Male,O+,Madurai,6345129519
P04099,Deepika Krishnan,83,Female,B+,Vellore,6793160278
P04100,Meera Babu,63,Female,O-,Tiruvallur,6561280695
P04101,Harini Raj,14,Female,O+,Dindigul,7316156678
P04102,Swathi Nair,52,Female,O+,Coimbatore,8928810423
P04103,Deepika Reddy,22,Female,A+,Dindigul,7450855488
P04104,Swathi Rao,47,Female,A+,Chennai,7398788899
P04105,Swathi Krishnan,55,Female,B+,Tiruvallur,9602690959
P04106,Priya Patel,50,Female,O+,Kanchipuram,9207773088
P04107,Rohan Iyer,10,Male,O+,Trichy,6770529792
P04108,Meera Rao,30,Female,A-,Dindigul,6913253325
P04109,Harini Krishnan,46,Female,O+,Coimbatore,6274221211
P04110,Kavya Krishnan,23,Female,O-,Hosur,7024610168
P04111,Ganesh Kumar,33,Male,O-,Tiruppur,6309514607
P04112,Rakesh Nair,17,Male,O+,Thanjavur,8404401217
P04113,Pooja Babu,72,Female,O-,Hosur,7361455012
P04114,Suresh Iyer,3,Male,A+,Tirunelveli,6677564698
P04115,Aditya Iyer,15,Male,O+,Salem,9685319990
P04116,Keerthana Kumar,5,Female,A+,Tiruttani,6027392467
P04117,Rahul Menon,78,Male,O+,Vellore,9882324396
P04118,Keerthana Krishnan,60,Female,B+,Tiruppur,8237249292
P04119,Vikram Iyer,13,Male,O-,Coimbatore,6946056927
P04120,Lakshmi Patel,6,Female,B+,Tirunelveli,7826169134
P04121,Ashwin Raj,28,Male,O+,Vellore,9256219747
P04122,Priya Menon,47,Female,O+,Salem,9426562616
P04123,Suresh Singh,13,Male,AB+,Chennai,6247660531
P04124,Prakash Babu,42,Male,O+,Salem,6669377724
P04125,Ganesh Menon,21,Male,O+,Dindigul,9287612826
P04126,Karthik Menon,64,Male,B+,Tiruvallur,6799948194
P04127,Aditya Babu,31,Male,AB+,Vellore,6104086732
P04128,Harini Rao,82,Female,B-,Erode,9062471656
P04129,Ashwin Verma,63,Male,B+,Tiruttani,7120541528
P04130,Harish Nair,35,Male,A+,Tiruppur,9169620233
P04131,Sneha Nair,78,Female,A+,Trichy,9378956235
P04132,Keerthana Iyer,28,Female,O+,Chennai,7589638595
P04133,Suresh Verma,56,Male,AB+,Chennai,7510666058
P04134,Prakash Patel,34,Male,O+,Thanjavur,9588322570
P04135,Rahul Sharma,38,Male,A+,Thanjavur,9289281498
P04136,Lakshmi Patel,64,Female,B+,Coimbatore,6815483611
P04137,Meera Rao,19,Female,A+,Thanjavur,7493474303
P04138,Deepika Reddy,40,Female,A+,Hosur,7566115568
P04139,Ganesh Singh,85,Male,B-,Salem,9578766017
P04140,Ashwin Gupta,29,Male,AB+,Salem,6307480279
P04141,Nithya Babu,61,Female,O+,Coimbatore,6994652174
P04142,Deepika Singh,44,Female,O-,Erode,7386844380
P04143,Lakshmi Rao,17,Female,A+,Tiruttani,7573815679
P04144,Deepika Reddy,37,Female,O-,Coimbatore,8023276391
P04145,Nithya Krishnan,55,Female,B+,Tiruppur,8976876596
P04146,Keerthana Nair,25,Female,AB+,Thanjavur,6534096199
P04147,Harini Krishnan,49,Female,O+,Tiruppur,7634406021
P04148,Prakash Sharma,51,Male,A+,Tirunelveli,6727833226
P04149,Vivek Iyer,7,Male,B+,Madurai,7369812006
P04150,Neha Babu,31,Female,A+,Coimbatore,7691470129
P04151,Ashwin Raj,34,Male,B+,Salem,9646071500
P04152,Deepika Babu,57,Female,O-,Erode,7300455786
P04153,Swathi Reddy,15,Female,AB+,Chennai,9659774144
P04154,Ashwin Kumar,11,Male,A-,Trichy,7206872170
P04155,Keerthana Babu,42,Female,AB-,Thanjavur,9817962116
P04156,Ananya Reddy,17,Female,A+,Vellore,8659980166
P04157,Neha Verma,53,Female,A+,Tirunelveli,8220861021
P04158,Rakesh Kumar,57,Male,O+,Kanchipuram,6399478348
P04159,Harish Menon,43,Male,O+,Dindigul,6407943444
P04160,Ashwin Nair,58,Male,A+,Tirunelveli,9962132392
P04161,Priya Sharma,84,Female,A+,Tirunelveli,9032165808
P04162,Sneha Singh,47,Female,AB+,Vellore,9193883090
P04163,Divya Krishnan,38,Female,B+,Tiruppur,8919304201
P04164,Swathi Kumar,51,Female,A+,Coimbatore,9876567224
P04165,Karthik Rao,36,Male,B+,Dindigul,8841019599
P04166,Karthik Reddy,15,Male,B+,Salem,7406615922
P04167,Arjun Mohan,38,Male,B+,Salem,6183825591
P04168,Meera Reddy,49,Female,B+,Madurai,7560518208
P04169,Naveen Singh,20,Male,A-,Chennai,6135384732
P04170,Sneha Mohan,12,Female,AB-,Tiruppur,9365959257
P04171,Vivek Babu,20,Male,AB+,Dindigul,8904699811
P04172,Sneha Mohan,4,Female,A+,Madurai,6167167270
P04173,Karthik Babu,13,Male,B+,Tirunelveli,8108308320
P04174,Suresh Babu,14,Male,AB+,Trichy,7153118923
P04175,Vivek Verma,16,Male,A+,Madurai,6287713042
P04176,Naveen Nair,62,Male,O-,Dindigul,9077964277
P04177,Prakash Mohan,37,Male,O+,Trichy,9385413174
P04178,Neha Krishnan,29,Female,B+,Vellore,7423344025
P04179,Harini Patel,66,Female,A+,Kanchipuram,8171087485
P04180,Rahul Patel,45,Male,A+,Thanjavur,6087254777
P04181,Meera Rao,63,Female,O+,Tiruppur,6835324781
P04182,Arjun Verma,69,Male,B+,Madurai,9989744693
P04183,Aditya Rao,57,Male,B+,Coimbatore,6491907044
P04184,Ananya Gupta,55,Female,AB+,Tiruvallur,8306619017
P04185,Harini Rao,75,Female,O+,Vellore,8467193064
P04186,Lakshmi Iyer,46,Female,B+,Tiruppur,7358983243
P04187,Deepika Gupta,89,Female,AB+,Vellore,9333169543
P04188,Vikram Reddy,22,Male,O+,Vellore,9697883777
P04189,Manoj Kumar,44,Male,AB-,Tiruvallur,9888427169
P04190,Divya Singh,18,Female,A+,Trichy,8840347696
P04191,Nithya Patel,55,Female,O+,Tirunelveli,7253283693
P04192,Rakesh Krishnan,66,Male,O+,Thanjavur,6213983020
P04193,Manoj Patel,86,Male,B+,Tiruppur,8386160186
P04194,Prakash Sharma,53,Male,A-,Hosur,6406958051
P04195,Priya Menon,41,Female,O+,Chennai,8188497416
P04196,Karthik Reddy,76,Male,A+,Tiruvallur,8366023521
P04197,Deepika Gupta,49,Female,O+,Erode,8891305102
P04198,Ananya Gupta,11,Female,A+,Salem,6960562330
P04199,Aishwarya Gupta,60,Female,A+,Erode,7434645829
P04200,Kavya Singh,61,Female,O+,Trichy,9030471662
P04201,Suresh Krishnan,16,Male,B+,Tiruvallur,9128194001
P04202,Karthik Gupta,27,Male,A+,Dindigul,9874146566
P04203,Vivek Kumar,34,Male,B+,Trichy,6375143535
P04204,Nithya Menon,31,Female,O+,Thanjavur,7766009749
P04205,Prakash Mohan,86,Male,O+,Coimbatore,8581514185
P04206,Priya Kumar,42,Female,AB-,Hosur,6560846954
P04207,Swathi Verma,38,Female,B+,Tiruttani,6755612340
P04208,Rahul Raj,50,Male,O+,Chennai,7015076294
P04209,Arjun Sharma,14,Male,A+,Hosur,8094342208
P04210,Suresh Verma,87,Male,A+,Thanjavur,7778734137
P04211,Vikram Kumar,60,Male,O+,Tiruppur,9361877497
P04212,Meera Babu,57,Female,O-,Madurai,7853559951
P04213,Kavya Sharma,73,Female,A+,Chennai,7387243088
P04214,Neha Raj,27,Female,A+,Salem,9442509693
P04215,Manoj Nair,41,Male,A+,Chennai,9550880639
P04216,Neha Menon,37,Female,O+,Vellore,8965370476
P04217,Prakash Rao,38,Male,A+,Tiruttani,7051834402
P04218,Divya Patel,20,Female,B+,Coimbatore,7295033693
P04219,Neha Iyer,15,Female,AB+,Coimbatore,9454980460
P04220,Divya Iyer,86,Female,A+,Chennai,6663491660
P04221,Nithya Patel,32,Female,AB+,Kanchipuram,9455436233
P04222,Prakash Krishnan,72,Male,O+,Madurai,9081103877
P04223,Ganesh Babu,83,Male,O+,Chennai,6789819687
P04224,Harish Mohan,38,Male,A-,Erode,7331650983
P04225,Ganesh Rao,3,Male,A+,Hosur,7901405439
P04226,Suresh Singh,82,Male,B+,Salem,6384395372
P04227,Nithya Rao,6,Female,B+,Thanjavur,7849620032
P04228,Arjun Reddy,12,Male,B+,Tirunelveli,6017385555
P04229,Priya Patel,9,Female,O+,Dindigul,6614266244
P04230,Aditya Nair,26,Male,AB+,Thanjavur,9108002649
P04231,Vikram Mohan,44,Male,A+,Tiruvallur,7642527531
P04232,Aishwarya Raj,28,Female,O+,Hosur,8725656337
P04233,Suresh Iyer,63,Male,A+,Coimbatore,9000242012
P04234,Aishwarya Singh,58,Female,B-,Tiruttani,8595787441
P04235,Karthik Babu,42,Male,O+,Coimbatore,6274219404
P04236,Neha Babu,28,Female,O+,Tiruppur,9616849899
P04237,Ashwin Reddy,33,Male,B+,Dindigul,8794145509
P04238,Meera Verma,52,Female,O-,Kanchipuram,6038242985
P04239,Vivek Kumar,20,Male,B+,Trichy,7446346474
P04240,Keerthana Patel,33,Female,O+,Chennai,9522181595
P04241,Karthik Iyer,43,Male,A+,Tirunelveli,9882323511
P04242,Ashwin Gupta,31,Male,O+,Dindigul,7945703176
P04243,Arjun Verma,48,Male,AB-,Thanjavur,8247073081
P04244,Ananya Menon,16,Female,A+,Tiruppur,7545173301
P04245,Divya Babu,82,Female,A+,Vellore,6815916655
P04246,Manoj Nair,21,Male,A+,Madurai,9360171472
P04247,Rakesh Krishnan,25,Male,B+,Salem,7319651644
P04248,Naveen Krishnan,6,Male,O+,Chennai,9853809420
P04249,Harini Gupta,29,Female,B+,Kanchipuram,9979896591
P04250,Rahul Sharma,41,Male,O+,Tiruvallur,6815749167
P04251,Aditya Mohan,41,Male,O+,Kanchipuram,6678851682
P04252,Vikram Rao,77,Male,O+,Erode,7794015415
P04253,Aditya Rao,63,Male,O+,Coimbatore,9167873480
P04254,Ananya Babu,19,Female,AB+,Tiruppur,7716954023
P04255,Manoj Iyer,55,Male,B-,Thanjavur,6839699571
P04256,Rakesh Mohan,45,Male,AB+,Tiruppur,9016845122
P04257,Lakshmi Krishnan,71,Female,O+,Hosur,6893038147
P04258,Keerthana Kumar,22,Female,A+,Dindigul,8629225953
P04259,Pooja Reddy,13,Female,B+,Erode,7327272066
P04260,Divya Menon,46,Female,A+,Kanchipuram,6303753745
P04261,Naveen Raj,52,Male,O+,Tirunelveli,8948170496
P04262,Sneha Gupta,20,Female,B+,Hosur,9916379800
P04263,Harini Mohan,26,Female,O+,Dindigul,8397970877
P04264,Rakesh Sharma,31,Male,O-,Salem,8443102993
P04265,Rahul Kumar,58,Male,A+,Tiruvallur,7009254270
P04266,Rahul Babu,49,Male,A-,Chennai,8430714883
P04267,Ganesh Patel,55,Male,O+,Hosur,8759868581
P04268,Kavya Rao,35,Female,A+,Tiruppur,7822328642
P04269,Priya Menon,40,Female,O+,Dindigul,6426588406
P04270,Harini Sharma,74,Female,O+,Coimbatore,9601241811
P04271,Priya Nair,29,Female,O+,Tiruvallur,6926216847
P04272,Harish Kumar,19,Male,O+,Hosur,7109244329
P04273,Nithya Mohan,66,Female,B+,Hosur,6864296172
P04274,Harini Raj,30,Female,AB+,Thanjavur,8188970604
P04275,Pooja Reddy,8,Female,O+,Salem,7719916734
P04276,Rakesh Krishnan,3,Male,A-,Coimbatore,7078136649
P04277,Rakesh Gupta,1,Male,O+,Hosur,8942713424
P04278,Priya Singh,55,Female,B+,Kanchipuram,8225716400
P04279,Keerthana Rao,88,Female,A+,Tiruvallur,8414345646
P04280,Meera Gupta,42,Female,O+,Coimbatore,8063357599
P04281,Swathi Menon,36,Female,O-,Tiruppur,7646676674
P04282,Vikram Menon,49,Male,A+,Kanchipuram,7032422164
P04283,Meera Babu,23,Female,O+,Salem,8146100498
P04284,Rohan Gupta,1,Male,O+,Erode,9983651469
P04285,Rohan Gupta,63,Male,O-,Tiruppur,6539790057
P04286,Manoj Menon,9,Male,O+,Vellore,9950354513
P04287,Kavya Kumar,24,Female,B+,Salem,8208595031
P04288,Manoj Raj,49,Male,A+,Tiruttani,7995924197
P04289,Aditya Singh,32,Male,A+,Chennai,9811703280
P04290,Karthik Babu,43,Male,O+,Coimbatore,7491792165
P04291,Suresh Verma,63,Male,O+,Coimbatore,9468726117
P04292,Vivek Kumar,18,Male,O+,Tiruvallur,7503559967
P04293,Rahul Iyer,50,Male,O+,Hosur,9243466629
P04294,Vikram Mohan,58,Male,B-,Coimbatore,7394406014
P04295,Nithya Sharma,46,Female,O+,Erode,7984475393
P04296,Lakshmi Kumar,5,Female,A+,Tiruttani,8353336941
P04297,Divya Sharma,26,Female,A+,Vellore,6582554838
P04298,Neha Babu,78,Female,O+,Trichy,7879050730
P04299,Vivek Verma,17,Male,A-,Thanjavur,7636667313
P04300,Nithya Reddy,58,Female,O+,Erode,6547011214
P04301,Rakesh Babu,32,Male,O-,Trichy,7272828815
P04302,Divya Babu,38,Female,O+,Chennai,8874477064
P04303,Vikram Iyer,42,Male,B-,Madurai,8442350688
P04304,Meera Raj,44,Female,B+,Thanjavur,6062638239
P04305,Prakash Reddy,41,Male,O-,Dindigul,6454560318
P04306,Neha Mohan,57,Female,A+,Tiruppur,7812964548
P04307,Vivek Nair,24,Male,B+,Kanchipuram,9199413644
P04308,Aishwarya Reddy,29,Female,A+,Salem,7014708231
P04309,Ananya Nair,37,Female,A+,Erode,8844271804
P04310,Divya Gupta,71,Female,O-,Tiruvallur,7121744756
P04311,Aditya Patel,21,Male,O+,Hosur,6047023712
P04312,Priya Singh,51,Female,O+,Madurai,9358139795
P04313,Prakash Raj,59,Male,B+,Dindigul,7524055897
P04314,Vikram Verma,65,Male,O+,Tiruttani,7522929770
P04315,Rohan Krishnan,43,Male,O+,Erode,7542205487
P04316,Rakesh Raj,64,Male,O+,Kanchipuram,6733537063
P04317,Vikram Kumar,2,Male,A+,Kanchipuram,7576329516
P04318,Sneha Sharma,59,Female,B+,Tiruvallur,6486374703
P04319,Vikram Singh,42,Male,A+,Dindigul,9268717584
P04320,Rohan Iyer,68,Male,A+,Erode,6585228876
P04321,Vivek Reddy,39,Male,O+,Trichy,7105882870
P04322,Rohan Sharma,44,Male,A+,Thanjavur,6450097064
P04323,Priya Raj,81,Female,B+,Coimbatore,8534611555
P04324,Rakesh Mohan,13,Male,B+,Tiruppur,8015811308
P04325,Prakash Patel,14,Male,B+,Thanjavur,7152234508
P04326,Priya Krishnan,61,Female,B+,Tiruttani,8766708060
P04327,Priya Mohan,27,Female,B+,Salem,9511832840
P04328,Ashwin Menon,47,Male,A+,Chennai,7389353173
P04329,Rakesh Menon,37,Male,O-,Vellore,8241134148
P04330,Karthik Singh,64,Male,O+,Tiruvallur,6583527383
P04331,Harini Rao,39,Female,O+,Tiruttani,6945684709
P04332,Ganesh Sharma,41,Male,A+,Kanchipuram,6591239449
P04333,Swathi Iyer,11,Female,B+,Salem,7784490230
P04334,Keerthana Mohan,35,Female,B+,Tiruvallur,7028601183
P04335,Pooja Verma,28,Female,O+,Coimbatore,9378011047
P04336,Naveen Krishnan,34,Male,B+,Salem,7532567211
P04337,Ananya Mohan,10,Female,O+,Dindigul,8658216551
P04338,Harini Singh,13,Female,AB+,Chennai,6641437722
P04339,Naveen Patel,39,Male,B+,Dindigul,8149354881
P04340,Harish Mohan,30,Male,A+,Tiruvallur,9990377731
P04341,Arjun Raj,18,Male,B+,Trichy,6593358515
P04342,Ashwin Menon,27,Male,B+,Tiruppur,7672397988
P04343,Rahul Rao,70,Male,O+,Tiruttani,9760595587
P04344,Suresh Reddy,40,Male,O-,Tirunelveli,6732549660
P04345,Harini Kumar,23,Female,A+,Hosur,6238057121
P04346,Keerthana Verma,59,Female,O+,Tirunelveli,6827342890
P04347,Sneha Singh,35,Female,O+,Tiruvallur,9688958993
P04348,Rahul Gupta,12,Male,O+,Dindigul,9442179534
P04349,Pooja Menon,46,Female,O+,Tirunelveli,8404416316
P04350,Harini Raj,14,Female,A+,Chennai,9337904742
P04351,Karthik Babu,79,Male,AB+,Thanjavur,6058085690
P04352,Harish Rao,49,Male,B+,Chennai,9724207530
P04353,Keerthana Nair,19,Female,AB+,Tirunelveli,6734958601
P04354,Nithya Kumar,6,Female,B+,Vellore,7914651679
P04355,Rahul Reddy,45,Male,A-,Vellore,8617186709
P04356,Neha Iyer,61,Female,O+,Chennai,9648547133
P04357,Ashwin Patel,44,Male,B+,Trichy,7813004362
P04358,Deepika Mohan,29,Female,B+,Trichy,8058187624
P04359,Suresh Mohan,28,Male,O+,Coimbatore,9619581618
P04360,Harish Reddy,43,Male,A+,Trichy,6614501818
P04361,Neha Patel,53,Female,AB+,Salem,8612514261
P04362,Karthik Menon,12,Male,O+,Madurai,9933873006
P04363,Manoj Iyer,42,Male,A+,Kanchipuram,7737756410
P04364,Divya Reddy,3,Female,B-,Vellore,7037649413
P04365,Arjun Mohan,34,Male,B+,Vellore,8255494228
P04366,Keerthana Mohan,2,Female,O-,Hosur,6325586133
P04367,Ganesh Krishnan,18,Male,A+,Hosur,8111372367
P04368,Naveen Reddy,49,Male,A-,Dindigul,7221111890
P04369,Ashwin Babu,8,Male,A+,Trichy,8309138919
P04370,Keerthana Mohan,1,Female,AB+,Tiruvallur,8896818143
P04371,Manoj Patel,86,Male,AB+,Tiruttani,6283588058
P04372,Aishwarya Krishnan,84,Female,A+,Chennai,6687902446
P04373,Kavya Reddy,86,Female,O+,Kanchipuram,6484092702
P04374,Manoj Nair,74,Male,B-,Hosur,8489801476
P04375,Rakesh Singh,23,Male,B+,Coimbatore,7965866814
P04376,Manoj Iyer,63,Male,AB+,Tiruttani,7453679326
P04377,Vikram Menon,40,Male,O+,Thanjavur,9175966144
P04378,Pooja Patel,34,Female,A-,Chennai,7710706114
P04379,Karthik Reddy,56,Male,O-,Tiruttani,6065855229
P04380,Priya Gupta,55,Female,O+,Chennai,7884861817
P04381,Divya Nair,60,Female,A+,Madurai,6369008973
P04382,Vikram Singh,45,Male,B+,Hosur,9774674334
P04383,Prakash Babu,47,Male,O+,Vellore,9133343172
P04384,Nithya Menon,39,Female,B+,Coimbatore,7340261015
P04385,Keerthana Reddy,31,Female,O+,Coimbatore,9785778846
P04386,Arjun Patel,50,Male,O+,Dindigul,9186682726
P04387,Harish Menon,9,Male,A+,Salem,6741818271
P04388,Lakshmi Raj,49,Female,B+,Hosur,9948288276
P04389,Suresh Iyer,54,Male,A+,Vellore,6188683547
P04390,Rakesh Nair,20,Male,O+,Tiruvallur,6274793198
P04391,Vivek Sharma,16,Male,A+,Erode,9215542373
P04392,Aishwarya Krishnan,46,Female,O+,Coimbatore,7588613643
P04393,Vikram Patel,27,Male,A+,Madurai,6755484004
P04394,Rahul Raj,11,Male,A+,Tiruppur,7760196667
P04395,Rakesh Gupta,31,Male,A+,Erode,8607989097
P04396,Rakesh Kumar,44,Male,A+,Trichy,8810136240
P04397,Rahul Gupta,30,Male,B+,Dindigul,6467445632
P04398,Ganesh Krishnan,76,Male,O+,Salem,6788488059
P04399,Kavya Nair,13,Female,O+,Erode,8343714243
P04400,Manoj Sharma,24,Male,A+,Tiruttani,8492884096
P04401,Divya Nair,23,Female,O-,Trichy,6512207215
P04402,Rohan Singh,3,Male,O+,Tiruppur,9321337800
P04403,Neha Menon,11,Female,A+,Madurai,8855507932
P04404,Arjun Babu,62,Male,O+,Madurai,7491306108
P04405,Divya Krishnan,47,Female,O+,Kanchipuram,8640641511
P04406,Karthik Reddy,16,Male,B+,Tiruvallur,8950102323
P04407,Harish Raj,52,Male,A+,Thanjavur,8858142735
P04408,Karthik Reddy,5,Male,B+,Hosur,9610199532
P04409,Arjun Patel,42,Male,B+,Thanjavur,8814351941
P04410,Swathi Raj,28,Female,A+,Trichy,9191154316
P04411,Priya Sharma,49,Female,A-,Chennai,7882064562
P04412,Ashwin Kumar,32,Male,B+,Dindigul,6365293972
P04413,Deepika Babu,47,Female,B+,Thanjavur,7656791671
P04414,Vivek Verma,65,Male,O+,Salem,9130597253
P04415,Ashwin Babu,25,Male,B+,Tiruppur,9730686887
P04416,Keerthana Sharma,27,Female,B+,Tiruttani,8285404026
P04417,Aditya Verma,42,Male,B+,Vellore,9156225848
P04418,Prakash Raj,1,Male,O+,Tiruvallur,8781470564
P04419,Deepika Sharma,50,Female,A+,Madurai,6981533453
P04420,Naveen Menon,46,Male,B+,Madurai,6978833102
P04421,Naveen Patel,47,Male,B+,Tirunelveli,7598034405
P04422,Pooja Patel,57,Female,O+,Tiruvallur,6439504449
P04423,Manoj Krishnan,6,Male,O+,Vellore,7912831179
P04424,Lakshmi Mohan,34,Female,O-,Madurai,8299587427
P04425,Nithya Iyer,5,Female,B+,Vellore,7094786416
P04426,Naveen Rao,62,Male,B+,Coimbatore,9592512118
P04427,Pooja Reddy,14,Female,B-,Tirunelveli,6556363004
P04428,Vikram Patel,27,Male,O+,Tirunelveli,7075569414
P04429,Nithya Mohan,32,Female,O+,Madurai,8962577416
P04430,Manoj Verma,57,Male,A+,Tirunelveli,7764063365
P04431,Neha Singh,14,Female,O+,Tirunelveli,6796939249
P04432,Lakshmi Reddy,17,Female,O+,Kanchipuram,8851562837
P04433,Aishwarya Nair,28,Female,A+,Trichy,8360107867
P04434,Harini Krishnan,4,Female,O+,Vellore,9358165498
P04435,Ashwin Krishnan,42,Male,AB+,Tirunelveli,7876085764
P04436,Harini Verma,7,Female,AB+,Trichy,8428662271
P04437,Rahul Nair,19,Male,B+,Vellore,6673906072
P04438,Deepika Nair,52,Female,A+,Dindigul,6614766571
P04439,Kavya Kumar,51,Female,A+,Dindigul,8349457244
P04440,Vivek Singh,24,Male,O-,Tirunelveli,9481099578
P04441,Naveen Iyer,23,Male,B+,Tiruppur,9331566705
P04442,Rakesh Iyer,27,Male,A+,Vellore,9983860696
P04443,Suresh Gupta,45,Male,A+,Dindigul,9103089758
P04444,Meera Rao,46,Female,A-,Chennai,7416166130
P04445,Meera Patel,18,Female,O+,Tiruttani,6104808805
P04446,Lakshmi Menon,87,Female,A+,Dindigul,6584024938
P04447,Ananya Verma,22,Female,A+,Madurai,6935444589
P04448,Rohan Verma,52,Male,B+,Coimbatore,7261457824
P04449,Nithya Krishnan,33,Female,A+,Chennai,7128163799
P04450,Meera Mohan,8,Female,O+,Hosur,8856836957
P04451,Harish Babu,27,Male,B+,Vellore,9343162923
P04452,Pooja Reddy,16,Female,O+,Trichy,8571205749
P04453,Rakesh Sharma,21,Male,A+,Tirunelveli,8897287024
P04454,Pooja Menon,56,Female,O-,Trichy,9076907009
P04455,Priya Rao,40,Female,O+,Trichy,7934571615
P04456,Meera Iyer,39,Female,B+,Coimbatore,9132312303
P04457,Aishwarya Reddy,35,Female,A+,Chennai,9690350342
P04458,Aditya Reddy,45,Male,O+,Erode,9424851168
P04459,Prakash Reddy,2,Male,AB+,Hosur,8678587334
P04460,Pooja Mohan,81,Female,A+,Dindigul,6829300737
P04461,Vikram Mohan,40,Male,B+,Salem,6438508825
P04462,Priya Menon,24,Female,B+,Hosur,7428358874
P04463,Rahul Kumar,33,Male,AB+,Chennai,7479489830
P04464,Naveen Raj,47,Male,O-,Chennai,6539398567
P04465,Harini Kumar,90,Female,B+,Madurai,6098396548
P04466,Deepika Iyer,52,Female,B+,Erode,9536347167
P04467,Suresh Raj,60,Male,B+,Hosur,9544529258
P04468,Suresh Gupta,21,Male,O+,Tiruppur,7592189310
P04469,Neha Mohan,42,Female,A+,Kanchipuram,7618416571
P04470,Ananya Krishnan,43,Female,B+,Hosur,7105663262
P04471,Pooja Iyer,67,Female,O+,Hosur,7786535786
P04472,Pooja Nair,79,Female,AB+,Chennai,8211245861
P04473,Lakshmi Menon,44,Female,A-,Tiruvallur,7418519968
P04474,Harish Reddy,39,Male,A-,Hosur,9823710596
P04475,Karthik Iyer,22,Male,A+,Salem,6327224375
P04476,Rahul Singh,22,Male,A+,Dindigul,6185114777
P04477,Aditya Iyer,18,Male,B+,Trichy,9962786118
P04478,Prakash Reddy,34,Male,B+,Dindigul,7026083588
P04479,Kavya Krishnan,37,Female,B+,Chennai,7842049549
P04480,Naveen Nair,40,Male,B+,Tirunelveli,6538668814
P04481,Deepika Iyer,50,Female,B+,Tiruvallur,9337332640
P04482,Prakash Krishnan,17,Male,A+,Chennai,8084273599
P04483,Prakash Reddy,8,Male,B-,Erode,6448296120
P04484,Sneha Krishnan,60,Female,O+,Coimbatore,9624652122
P04485,Pooja Reddy,16,Female,A+,Hosur,8920665456
P04486,Harini Nair,4,Female,A+,Chennai,6010955753
P04487,Rohan Raj,63,Male,O+,Trichy,6117185691
P04488,Harish Babu,43,Male,O+,Erode,6581589186
P04489,Vikram Gupta,21,Male,O+,Erode,6195715621
P04490,Arjun Verma,8,Male,B+,Coimbatore,7065685900
P04491,Ganesh Nair,83,Male,A-,Tiruttani,9463910274
P04492,Vikram Nair,62,Male,O+,Thanjavur,6231470126
P04493,Harish Patel,51,Male,AB-,Madurai,6692362013
P04494,Sneha Verma,24,Female,A+,Tiruppur,6302986281
P04495,Naveen Kumar,22,Male,A+,Erode,7359135826
P04496,Vivek Mohan,55,Male,A+,Tiruttani,8459198781
P04497,Vikram Gupta,20,Male,O+,Hosur,8882392754
P04498,Manoj Iyer,61,Male,O+,Tiruttani,7440547553
P04499,Suresh Sharma,79,Male,B-,Kanchipuram,9702499141
P04500,Harish Nair,61,Male,AB+,Tiruppur,6753600454
P04501,Aishwarya Gupta,20,Female,AB+,Trichy,6373269537
P04502,Suresh Menon,20,Male,B+,Coimbatore,8269514369
P04503,Ganesh Mohan,10,Male,O+,Madurai,7853402970
P04504,Meera Rao,88,Female,B+,Chennai,6401374896
P04505,Neha Raj,16,Female,O-,Tirunelveli,8461059931
P04506,Suresh Krishnan,41,Male,B+,Chennai,7051594906
P04507,Vikram Mohan,31,Male,A+,Chennai,6105009171
P04508,Meera Nair,14,Female,A+,Dindigul,7089884797
P04509,Deepika Iyer,11,Female,B+,Vellore,7516433982
P04510,Aditya Verma,60,Male,B-,Chennai,6418868287
P04511,Aishwarya Mohan,11,Female,AB-,Erode,6230755786
P04512,Aditya Patel,54,Male,O+,Hosur,8009322064
P04513,Sneha Kumar,39,Female,A+,Kanchipuram,8619410282
P04514,Meera Babu,46,Female,O+,Salem,8803151226
P04515,Deepika Raj,40,Female,A+,Kanchipuram,8578363681
P04516,Vikram Kumar,33,Male,O+,Vellore,8600118123
P04517,Vivek Iyer,43,Male,B+,Tiruttani,9221243652
P04518,Arjun Sharma,11,Male,O+,Madurai,9500991197
P04519,Rohan Rao,6,Male,B+,Coimbatore,9504122501
P04520,Karthik Mohan,36,Male,O+,Erode,8670390973
P04521,Vivek Gupta,35,Male,B+,Trichy,6191045141
P04522,Pooja Babu,29,Female,B+,Vellore,6109583483
P04523,Lakshmi Gupta,3,Female,A+,Tiruttani,8624799052
P04524,Ashwin Iyer,87,Male,B+,Tiruppur,7091783563
P04525,Lakshmi Verma,13,Female,B-,Tiruttani,7858811855
P04526,Aishwarya Sharma,26,Female,A+,Tiruppur,7766271061
P04527,Suresh Reddy,47,Male,O+,Tiruppur,8538682815
P04528,Neha Kumar,8,Female,A-,Thanjavur,6169008534
P04529,Divya Patel,8,Female,O+,Erode,9444394469
P04530,Aditya Singh,25,Male,O+,Tiruttani,7198138334
P04531,Ananya Patel,71,Female,A+,Tiruvallur,8777713589
P04532,Ananya Mohan,46,Female,O+,Trichy,9137871879
P04533,Deepika Babu,44,Female,O+,Tiruvallur,8090772584
P04534,Rakesh Raj,11,Male,O+,Tirunelveli,8509466605
P04535,Aditya Rao,31,Male,AB+,Dindigul,7288973784
P04536,Vivek Krishnan,2,Male,A+,Madurai,7161772379
P04537,Harini Iyer,1,Female,O+,Trichy,8019251864
P04538,Priya Menon,36,Female,O+,Trichy,9374471565
P04539,Vikram Verma,36,Male,B-,Dindigul,9074883826
P04540,Rakesh Kumar,1,Male,O+,Hosur,9526207679
P04541,Nithya Raj,40,Female,O+,Hosur,6972500697
P04542,Aditya Patel,82,Male,A+,Dindigul,7923151108
P04543,Manoj Nair,28,Male,AB-,Vellore,6190936617
P04544,Divya Rao,68,Female,A+,Erode,8760617125
P04545,Nithya Kumar,57,Female,A+,Kanchipuram,8917826408
P04546,Suresh Mohan,55,Male,O+,Chennai,8885599108
P04547,Aishwarya Sharma,39,Female,A+,Thanjavur,8579038186
P04548,Karthik Kumar,12,Male,O+,Dindigul,6543701126
P04549,Naveen Gupta,30,Male,O+,Kanchipuram,6619348776
P04550,Rahul Iyer,24,Male,B+,Tiruttani,6245311571
P04551,Manoj Singh,31,Male,AB+,Coimbatore,9684666565
P04552,Priya Menon,24,Female,AB+,Kanchipuram,9037497364
P04553,Pooja Nair,71,Female,AB+,Dindigul,8498764155
P04554,Keerthana Verma,50,Female,O+,Trichy,9913968390
P04555,Manoj Raj,44,Male,A+,Tiruppur,8207113503
P04556,Aditya Singh,44,Male,O+,Kanchipuram,7927836774
P04557,Aishwarya Iyer,17,Female,O+,Coimbatore,7549684727
P04558,Priya Menon,12,Female,O+,Erode,9771716994
P04559,Kavya Reddy,43,Female,O+,Tirunelveli,8247004295
P04560,Nithya Babu,20,Female,A-,Madurai,9073168080
P04561,Harini Rao,15,Female,O+,Thanjavur,6767532999
P04562,Prakash Sharma,36,Male,B+,Chennai,7884194824
P04563,Keerthana Menon,49,Female,O+,Erode,9346700616
P04564,Naveen Raj,16,Male,A+,Chennai,6370721850
P04565,Karthik Singh,4,Male,O+,Vellore,7649859017
P04566,Sneha Verma,26,Female,O+,Vellore,7049357814
P04567,Karthik Nair,66,Male,O+,Hosur,7338792839
P04568,Prakash Sharma,73,Male,A+,Coimbatore,9874007432
P04569,Sneha Rao,86,Female,O+,Madurai,8760356729
P04570,Kavya Mohan,20,Female,O+,Madurai,8647283334
P04571,Karthik Krishnan,32,Male,O+,Madurai,6561758344
P04572,Rakesh Nair,22,Male,AB+,Erode,9819242412
P04573,Meera Patel,61,Female,A+,Madurai,8209397498
P04574,Rakesh Kumar,65,Male,O+,Trichy,6778514554
P04575,Kavya Menon,50,Female,B+,Kanchipuram,6372683233
P04576,Neha Iyer,23,Female,A+,Dindigul,6378513931
P04577,Rakesh Mohan,76,Male,O+,Madurai,6456967570
P04578,Aishwarya Sharma,61,Female,O+,Kanchipuram,9833335625
P04579,Priya Sharma,25,Female,A+,Coimbatore,9341137320
P04580,Karthik Kumar,8,Male,O+,Tiruvallur,8260686866
P04581,Arjun Raj,45,Male,B+,Tirunelveli,7886399875
P04582,Neha Sharma,45,Female,A+,Vellore,9102984938
P04583,Rohan Kumar,53,Male,O+,Tiruppur,7329694863
P04584,Arjun Babu,73,Male,B+,Hosur,9653323969
P04585,Rakesh Sharma,58,Male,A+,Tiruttani,9151644659
P04586,Vikram Gupta,37,Male,O-,Kanchipuram,6826900800
P04587,Aishwarya Kumar,15,Female,A+,Dindigul,9888439134
P04588,Meera Sharma,46,Female,B-,Trichy,8129044282
P04589,Harish Singh,13,Male,B+,Chennai,6289382121
P04590,Rahul Patel,46,Male,O-,Chennai,6849704209
P04591,Deepika Verma,87,Female,A+,Tiruttani,6310094531
P04592,Sneha Reddy,78,Female,O+,Hosur,8271472507
P04593,Harini Reddy,15,Female,B-,Tiruppur,7094448317
P04594,Nithya Gupta,52,Female,AB-,Chennai,9616876307
P04595,Vivek Reddy,23,Male,O+,Vellore,7836391701
P04596,Manoj Rao,43,Male,O+,Madurai,7788223358
P04597,Sneha Iyer,15,Female,B+,Trichy,7226410144
P04598,Vikram Mohan,7,Male,AB+,Hosur,7776061251
P04599,Kavya Iyer,29,Female,O+,Salem,8988939031
P04600,Swathi Singh,19,Female,A-,Chennai,8687485117
P04601,Deepika Babu,49,Female,O+,Tiruppur,6859766469
P04602,Ganesh Singh,27,Male,O+,Madurai,6746948254
P04603,Aishwarya Singh,17,Female,AB+,Thanjavur,8001376835
P04604,Harish Babu,48,Male,O+,Madurai,7204653521
P04605,Deepika Kumar,81,Female,O+,Hosur,6798300203
P04606,Suresh Iyer,25,Male,A+,Kanchipuram,9012153238
P04607,Priya Verma,36,Female,A+,Chennai,6271810631
P04608,Kavya Menon,47,Female,A+,Tiruppur,6462906516
P04609,Ananya Reddy,76,Female,AB+,Salem,6370421415
P04610,Vikram Rao,42,Male,A+,Chennai,9098545069
P04611,Manoj Patel,38,Male,O+,Trichy,9235433606
P04612,Arjun Iyer,39,Male,O+,Thanjavur,9707373668
P04613,Vikram Sharma,45,Male,B+,Tirunelveli,9790466005
P04614,Swathi Raj,14,Female,A+,Salem,8449916159
P04615,Karthik Raj,45,Male,B+,Tiruttani,8622555741
P04616,Nithya Patel,67,Female,A+,Kanchipuram,9660363409
P04617,Harish Raj,28,Male,O-,Kanchipuram,8133363452
P04618,Suresh Krishnan,15,Male,B+,Tirunelveli,7445816494
P04619,Lakshmi Sharma,51,Female,B+,Tirunelveli,9591567407
P04620,Swathi Sharma,45,Female,B-,Chennai,6081257060
P04621,Harish Gupta,31,Male,A-,Salem,6147067596
P04622,Priya Raj,46,Female,O+,Coimbatore,6976470486
P04623,Rahul Singh,28,Male,O+,Tirunelveli,6256951251
P04624,Harini Raj,62,Female,B+,Chennai,8614228474
P04625,Swathi Nair,29,Female,O+,Erode,9948044635
P04626,Rakesh Kumar,50,Male,A-,Tiruppur,8917141121
P04627,Prakash Kumar,77,Male,A+,Tiruttani,7193626313
P04628,Swathi Menon,40,Female,A+,Dindigul,8952193852
P04629,Karthik Mohan,29,Male,A-,Salem,8311547970
P04630,Keerthana Gupta,64,Female,B+,Thanjavur,8120605395
P04631,Meera Raj,62,Female,O+,Tiruvallur,9299387884
P04632,Rahul Kumar,44,Male,O-,Salem,6642730092
P04633,Rakesh Raj,21,Male,AB+,Chennai,6983292401
P04634,Aditya Reddy,46,Male,O+,Tirunelveli,9732819750
P04635,Aishwarya Reddy,9,Female,B+,Chennai,6650565534
P04636,Arjun Raj,23,Male,O-,Coimbatore,6172775399
P04637,Kavya Mohan,14,Female,B+,Thanjavur,6118698142
P04638,Naveen Patel,44,Male,O-,Chennai,9449229468
P04639,Pooja Krishnan,19,Female,B+,Coimbatore,7700109207
P04640,Vivek Rao,79,Male,A+,Vellore,6195572903
P04641,Ananya Krishnan,19,Female,AB+,Coimbatore,6673727259
P04642,Aditya Iyer,33,Male,O+,Hosur,9510099912
P04643,Harish Verma,19,Male,O+,Thanjavur,9103580771
P04644,Ganesh Gupta,1,Male,A-,Salem,7938795963
P04645,Divya Iyer,34,Female,AB+,Erode,9966230037
P04646,Aditya Iyer,37,Male,A+,Hosur,9815180778
P04647,Vikram Raj,31,Male,A+,Salem,7645575310
P04648,Ganesh Reddy,79,Male,A-,Kanchipuram,6427571489
P04649,Karthik Patel,45,Male,O+,Tirunelveli,7397944740
P04650,Ashwin Mohan,56,Male,A+,Tirunelveli,6849272545
P04651,Rakesh Rao,25,Male,B+,Tiruvallur,8402308912
P04652,Ganesh Babu,32,Male,B+,Coimbatore,7010239414
P04653,Ashwin Babu,27,Male,AB+,Salem,9177491928
P04654,Karthik Menon,29,Male,O+,Kanchipuram,6702491169
P04655,Manoj Menon,63,Male,B+,Tiruppur,6297467930
P04656,Sneha Sharma,89,Female,O-,Tiruvallur,8192790068
P04657,Keerthana Singh,21,Female,A+,Trichy,7576358731
P04658,Rahul Verma,17,Male,B+,Madurai,7867456443
P04659,Vikram Reddy,69,Male,AB+,Vellore,6136823329
P04660,Harish Menon,66,Male,AB+,Salem,6740724801
P04661,Swathi Gupta,29,Female,B+,Tiruppur,9848152771
P04662,Rohan Babu,81,Male,O+,Chennai,6361320406
P04663,Manoj Reddy,52,Male,A+,Thanjavur,9979911130
P04664,Meera Singh,45,Female,B+,Tiruppur,9979697816
P04665,Aditya Singh,34,Male,O+,Hosur,8659700732
P04666,Manoj Reddy,30,Male,O+,Vellore,9970962731
P04667,Aishwarya Iyer,64,Female,B+,Erode,7267861784
P04668,Rohan Menon,29,Male,O+,Tirunelveli,9268737014
P04669,Swathi Krishnan,62,Female,A+,Coimbatore,7892781259
P04670,Vikram Babu,87,Male,A+,Kanchipuram,6936864215
P04671,Rahul Mohan,58,Male,O+,Chennai,9282775653
P04672,Vivek Singh,60,Male,O+,Hosur,8642667730
P04673,Suresh Mohan,16,Male,O+,Madurai,6943407162
P04674,Pooja Singh,21,Female,B+,Dindigul,7860564131
P04675,Aditya Singh,27,Male,B+,Kanchipuram,6294513560
P04676,Rahul Krishnan,21,Male,O+,Erode,9065950363
P04677,Aditya Reddy,81,Male,O+,Vellore,7322602784
P04678,Nithya Mohan,13,Female,A+,Dindigul,8759458702
P04679,Manoj Kumar,28,Male,O+,Vellore,6400674158
P04680,Aishwarya Gupta,30,Female,O+,Chennai,6415507576
P04681,Kavya Gupta,33,Female,AB+,Kanchipuram,8148196424
P04682,Rakesh Menon,58,Male,A+,Dindigul,7191600222
P04683,Deepika Patel,79,Female,A+,Kanchipuram,8662434178
P04684,Rakesh Menon,27,Male,A+,Dindigul,6586146921
P04685,Rakesh Gupta,23,Male,A+,Tiruppur,7741228767
P04686,Ashwin Menon,20,Male,AB+,Erode,6941390408
P04687,Naveen Mohan,42,Male,B+,Dindigul,8557142709
P04688,Ganesh Sharma,31,Male,O-,Coimbatore,8595353241
P04689,Rakesh Singh,31,Male,A-,Chennai,6856609028
P04690,Harini Menon,2,Female,B+,Thanjavur,8015026155
P04691,Nithya Reddy,40,Female,B+,Coimbatore,7104528876
P04692,Nithya Singh,42,Female,O+,Tiruvallur,9495260518
P04693,Keerthana Menon,58,Female,O+,Coimbatore,8728112231
P04694,Kavya Rao,33,Female,A+,Erode,9295548599
P04695,Divya Verma,51,Female,AB+,Vellore,6005628443
P04696,Prakash Krishnan,9,Male,O+,Coimbatore,6096293956
P04697,Vikram Singh,2,Male,O+,Hosur,9374921209
P04698,Lakshmi Gupta,90,Female,A+,Chennai,6757155562
P04699,Prakash Krishnan,19,Male,O+,Tirunelveli,9457859095
P04700,Prakash Babu,26,Male,A+,Kanchipuram,9560326625
P04701,Arjun Iyer,4,Male,O+,Tiruppur,9330246776
P04702,Neha Krishnan,40,Female,B+,Tirunelveli,7108091072
P04703,Aishwarya Reddy,25,Female,B-,Vellore,7157034349
P04704,Vivek Raj,47,Male,O+,Thanjavur,7705833494
P04705,Ashwin Nair,18,Male,O+,Trichy,6853992863
P04706,Lakshmi Gupta,53,Female,O+,Thanjavur,9152564165
P04707,Aditya Verma,24,Male,O+,Chennai,7406965148
P04708,Aditya Verma,51,Male,A+,Vellore,6393009224
P04709,Rahul Nair,37,Male,A+,Trichy,6731742115
P04710,Rahul Raj,64,Male,O-,Madurai,6936099707
P04711,Rakesh Gupta,37,Male,O+,Coimbatore,9398688635
P04712,Ananya Reddy,23,Female,B+,Tiruvallur,7674537709
P04713,Kavya Reddy,19,Female,O+,Hosur,7160312191
P04714,Kavya Reddy,63,Female,O-,Salem,7403274154
P04715,Kavya Reddy,18,Female,A+,Tiruvallur,8719207441
P04716,Suresh Krishnan,31,Male,B+,Thanjavur,6832845381
P04717,Manoj Gupta,59,Male,A+,Chennai,7009893687
P04718,Rahul Nair,18,Male,B+,Erode,7744000543
P04719,Ashwin Reddy,24,Male,AB+,Salem,8327244503
P04720,Suresh Nair,34,Male,A-,Kanchipuram,7232537742
P04721,Ashwin Singh,48,Male,A+,Erode,7351454626
P04722,Rohan Patel,18,Male,O-,Vellore,7991890347
P04723,Deepika Mohan,24,Female,B+,Vellore,7391113083
P04724,Harish Verma,71,Male,O+,Tiruvallur,6176251973
P04725,Ashwin Kumar,23,Male,B+,Erode,8312652810
P04726,Ganesh Nair,25,Male,AB+,Erode,6105484043
P04727,Arjun Rao,79,Male,A+,Erode,9539362233
P04728,Aditya Menon,64,Male,O+,Kanchipuram,7659205488
P04729,Priya Nair,70,Female,A+,Kanchipuram,9629077269
P04730,Rohan Reddy,15,Male,O+,Kanchipuram,6627250701
P04731,Manoj Kumar,9,Male,O+,Tiruppur,7882227248
P04732,Swathi Gupta,14,Female,A+,Tiruttani,7878734053
P04733,Lakshmi Nair,78,Female,A+,Tiruttani,9373796728
P04734,Vikram Singh,29,Male,B+,Kanchipuram,7650123578
P04735,Karthik Iyer,34,Male,B-,Kanchipuram,6083406262
P04736,Deepika Iyer,35,Female,O+,Erode,6774599418
P04737,Aditya Rao,46,Male,A+,Tiruvallur,9932079644
P04738,Vivek Verma,37,Male,B-,Tiruvallur,7391255250
P04739,Manoj Verma,21,Male,A+,Hosur,6376027870
P04740,Rakesh Iyer,25,Male,O+,Thanjavur,7836303928
P04741,Neha Babu,60,Female,B-,Trichy,6048988336
P04742,Harish Rao,49,Male,A-,Tiruppur,7060947188
P04743,Ashwin Krishnan,45,Male,B+,Vellore,9319142967
P04744,Manoj Kumar,38,Male,AB+,Erode,6386461078
P04745,Karthik Nair,45,Male,O+,Coimbatore,6655898823
P04746,Aditya Babu,13,Male,O+,Coimbatore,7185623338
P04747,Rahul Singh,44,Male,O+,Trichy,6247094195
P04748,Vikram Kumar,36,Male,A+,Kanchipuram,9035920570
P04749,Prakash Krishnan,23,Male,O+,Trichy,9307837164
P04750,Harish Gupta,24,Male,A+,Madurai,7798123316
P04751,Rakesh Iyer,12,Male,B+,Madurai,7631140215
P04752,Arjun Rao,55,Male,O+,Tiruppur,6177812893
P04753,Karthik Iyer,18,Male,O+,Thanjavur,8317781621
P04754,Sneha Nair,39,Female,O+,Tiruvallur,9762141635
P04755,Ashwin Reddy,3,Male,O+,Chennai,6114106455
P04756,Arjun Kumar,54,Male,B+,Dindigul,8445161946
P04757,Meera Raj,45,Female,O+,Dindigul,6983232367
P04758,Keerthana Kumar,44,Female,AB+,Trichy,7251701358
P04759,Ashwin Reddy,18,Male,O-,Tiruttani,7248993087
P04760,Vikram Kumar,58,Male,O+,Erode,9411212610
P04761,Aditya Babu,24,Male,B+,Dindigul,6746977803
P04762,Swathi Raj,19,Female,B+,Dindigul,8483557490
P04763,Aishwarya Menon,81,Female,O+,Tiruppur,9556489643
P04764,Karthik Babu,19,Male,A+,Trichy,9815899609
P04765,Harish Krishnan,38,Male,O+,Trichy,9926204824
P04766,Rahul Raj,70,Male,O+,Hosur,8810189733
P04767,Suresh Raj,36,Male,B+,Vellore,6739031697
P04768,Rakesh Rao,21,Male,B+,Erode,7840734319
P04769,Ganesh Mohan,63,Male,A+,Tiruppur,8469867589
P04770,Priya Sharma,88,Female,B+,Salem,8270955772
P04771,Ganesh Verma,56,Male,B+,Tirunelveli,9896435382
P04772,Rahul Rao,39,Male,A+,Coimbatore,8944115309
P04773,Karthik Babu,27,Male,AB+,Trichy,6620627244
P04774,Lakshmi Kumar,64,Female,A-,Tirunelveli,6450716239
P04775,Ganesh Mohan,39,Male,B+,Thanjavur,7575768112
P04776,Arjun Verma,36,Male,B+,Vellore,8040743938
P04777,Sneha Mohan,46,Female,A+,Tiruttani,7933592423
P04778,Kavya Rao,70,Female,O+,Madurai,9171063781
P04779,Naveen Singh,44,Male,AB+,Erode,8954345712
P04780,Priya Raj,21,Female,O+,Chennai,7887049193
P04781,Naveen Krishnan,30,Male,O+,Trichy,7195096233
P04782,Kavya Kumar,64,Female,B+,Dindigul,8898333378
P04783,Meera Krishnan,56,Female,B+,Chennai,7829989598
P04784,Suresh Rao,36,Male,A-,Vellore,9556746422
P04785,Meera Kumar,4,Female,A+,Tiruppur,9487042804
P04786,Prakash Reddy,34,Male,A+,Trichy,8779938047
P04787,Rahul Iyer,52,Male,AB-,Tirunelveli,9491917997
P04788,Manoj Patel,40,Male,O+,Chennai,9271362255
P04789,Neha Menon,10,Female,O+,Madurai,8211388691
P04790,Pooja Verma,8,Female,O+,Hosur,7195724168
P04791,Nithya Rao,86,Female,O+,Dindigul,8698105340
P04792,Meera Menon,35,Female,A+,Tiruttani,8081079934
P04793,Pooja Patel,4,Female,A+,Chennai,6267453396
P04794,Rohan Babu,44,Male,O+,Tiruvallur,9271522737
P04795,Harish Reddy,72,Male,O-,Erode,6171681383
P04796,Neha Sharma,62,Female,O+,Hosur,7245035783
P04797,Kavya Reddy,2,Female,A-,Tiruvallur,8579614440
P04798,Rohan Nair,41,Male,B+,Salem,8152279110
P04799,Kavya Singh,27,Female,A+,Hosur,8020068652
P04800,Karthik Kumar,26,Male,B+,Madurai,8470428485
P04801,Rahul Iyer,30,Male,O+,Chennai,8200858752
P04802,Ganesh Gupta,19,Male,B+,Salem,6431029120
P04803,Pooja Krishnan,42,Female,O+,Vellore,6178620892
P04804,Swathi Gupta,32,Female,O+,Trichy,8948074268
P04805,Rahul Nair,29,Male,A+,Vellore,7750316815
P04806,Meera Singh,26,Female,B+,Kanchipuram,6801200390
P04807,Harish Gupta,27,Male,B+,Tiruppur,6595440888
P04808,Lakshmi Kumar,20,Female,O+,Tiruttani,8041808482
P04809,Priya Babu,59,Female,O+,Hosur,6384322156
P04810,Manoj Menon,65,Male,O-,Tiruppur,6825238154
P04811,Kavya Mohan,15,Female,B+,Kanchipuram,7575538350
P04812,Lakshmi Patel,54,Female,O+,Hosur,9744329792
P04813,Karthik Mohan,50,Male,A-,Coimbatore,8370322888
P04814,Harini Kumar,59,Female,O+,Thanjavur,7206108410
P04815,Harini Gupta,88,Female,A+,Thanjavur,6532386377
P04816,Ganesh Singh,50,Male,O+,Erode,7722804369
P04817,Vivek Babu,15,Male,B+,Erode,9869191809
P04818,Ganesh Nair,18,Male,B+,Dindigul,6537004102
P04819,Vikram Verma,31,Male,A+,Salem,9169277038
P04820,Ashwin Babu,4,Male,A-,Thanjavur,6490365716
P04821,Sneha Gupta,48,Female,B+,Coimbatore,9185540574
P04822,Neha Nair,53,Female,O-,Coimbatore,6174749079
P04823,Vikram Reddy,32,Male,O+,Tiruppur,8623057620
P04824,Sneha Singh,85,Female,O+,Tiruttani,7852186253
P04825,Lakshmi Singh,17,Female,A-,Erode,6422434909
P04826,Manoj Menon,25,Male,B+,Hosur,8634448304
P04827,Ganesh Kumar,55,Male,O+,Tiruvallur,6019377286
P04828,Divya Krishnan,58,Female,B+,Chennai,6345710717
P04829,Aditya Patel,27,Male,O+,Salem,6223146420
P04830,Arjun Mohan,37,Male,B-,Kanchipuram,6675813434
P04831,Aishwarya Verma,38,Female,B+,Trichy,6966378612
P04832,Rakesh Menon,85,Male,A+,Hosur,6740495069
P04833,Rohan Verma,10,Male,A-,Tiruttani,9155652927
P04834,Ashwin Iyer,34,Male,B+,Chennai,7677933839
P04835,Harini Babu,11,Female,A-,Erode,6263141350
P04836,Harish Verma,42,Male,B-,Vellore,9412011906
P04837,Aishwarya Iyer,63,Female,O+,Thanjavur,8747611558
P04838,Swathi Krishnan,52,Female,A+,Salem,9081105212
P04839,Priya Krishnan,59,Female,B+,Tiruppur,6198664533
P04840,Vivek Iyer,13,Male,AB+,Tiruvallur,7760310777
P04841,Ashwin Patel,22,Male,A+,Coimbatore,7412757988
P04842,Karthik Nair,47,Male,B+,Tiruvallur,8525120987
P04843,Divya Menon,78,Female,A+,Dindigul,9047587012
P04844,Naveen Nair,5,Male,O+,Tiruttani,9638610108
P04845,Arjun Sharma,36,Male,B+,Thanjavur,8780056088
P04846,Meera Raj,35,Female,O+,Tirunelveli,8841944746
P04847,Harish Patel,31,Male,O+,Thanjavur,9839576853
P04848,Vikram Patel,34,Male,O+,Vellore,9786318927
P04849,Swathi Raj,37,Female,A+,Tiruppur,6737995688
P04850,Harish Rao,45,Male,B+,Tirunelveli,6521634878
P04851,Nithya Menon,82,Female,O+,Chennai,7118426410
P04852,Karthik Raj,57,Male,A+,Vellore,7788083526
P04853,Harish Nair,23,Male,O-,Madurai,6606706250
P04854,Rakesh Krishnan,45,Male,O+,Tirunelveli,9198095606
P04855,Harish Reddy,24,Male,O+,Tiruppur,8654019731
P04856,Rahul Raj,24,Male,O+,Tiruppur,8216317419
P04857,Naveen Gupta,20,Male,O+,Salem,9958635469
P04858,Vikram Raj,25,Male,B+,Tirunelveli,8429966390
P04859,Kavya Reddy,59,Female,O+,Erode,9228002370
P04860,Priya Gupta,52,Female,O+,Coimbatore,6336123933
P04861,Naveen Gupta,23,Male,O+,Thanjavur,6515238589
P04862,Sneha Patel,7,Female,A+,Coimbatore,8223709031
P04863,Suresh Mohan,35,Male,O-,Kanchipuram,9153395833
P04864,Rakesh Krishnan,27,Male,AB+,Chennai,9281848936
P04865,Divya Gupta,47,Female,O+,Tiruvallur,9067991346
P04866,Aditya Krishnan,58,Male,O+,Coimbatore,8174726723
P04867,Keerthana Kumar,83,Female,A+,Dindigul,6727538668
P04868,Nithya Kumar,72,Female,AB+,Salem,8180893169
P04869,Ganesh Mohan,52,Male,B+,Kanchipuram,7342056680
P04870,Meera Mohan,31,Female,A+,Vellore,6529805303
P04871,Ananya Kumar,54,Female,B+,Thanjavur,9510019950
P04872,Prakash Raj,61,Male,O+,Salem,6271675205
P04873,Ganesh Raj,76,Male,AB+,Coimbatore,7723974247
P04874,Sneha Krishnan,44,Female,O+,Tiruvallur,7974651984
P04875,Deepika Verma,32,Female,O-,Coimbatore,6032888948
P04876,Neha Verma,75,Female,O+,Tiruvallur,6263528828
P04877,Ashwin Krishnan,32,Male,O+,Trichy,9252002989
P04878,Suresh Reddy,64,Male,B+,Chennai,6825346709
P04879,Lakshmi Krishnan,36,Female,B+,Hosur,6161312178
P04880,Aditya Krishnan,19,Male,A-,Kanchipuram,6422338444
P04881,Ananya Sharma,36,Female,O+,Dindigul,7711704944
P04882,Rohan Mohan,14,Male,O+,Tiruvallur,9831321816
P04883,Harini Kumar,44,Female,O+,Vellore,6100726076
P04884,Ananya Singh,55,Female,AB-,Tiruttani,9640058445
P04885,Harish Raj,15,Male,AB-,Hosur,8942898116
P04886,Harini Raj,22,Female,A+,Thanjavur,7832595748
P04887,Swathi Sharma,53,Female,O+,Tiruppur,7993345823
P04888,Naveen Nair,22,Male,O+,Dindigul,6568929247
P04889,Neha Kumar,36,Female,A+,Kanchipuram,6513154636
P04890,Deepika Singh,69,Female,O+,Tirunelveli,9629494472
P04891,Sneha Menon,41,Female,A+,Kanchipuram,6511948933
P04892,Aditya Raj,52,Male,B+,Tiruvallur,6014471599
P04893,Aishwarya Krishnan,64,Female,O+,Thanjavur,7595961409
P04894,Aishwarya Verma,42,Female,O+,Tiruvallur,8640535293
P04895,Karthik Nair,41,Male,O+,Thanjavur,9572186453
P04896,Ashwin Singh,7,Male,B+,Tiruppur,7993945227
P04897,Naveen Raj,6,Male,B+,Tiruvallur,6006887302
P04898,Deepika Reddy,6,Female,B+,Thanjavur,8364097628
P04899,Vivek Sharma,71,Male,B+,Erode,8631096872
P04900,Kavya Kumar,34,Female,A+,Tiruvallur,9682043281
P04901,Vivek Nair,25,Male,A+,Tiruppur,7278943788
P04902,Sneha Menon,18,Female,A+,Coimbatore,7065058095
P04903,Rahul Singh,60,Male,O+,Kanchipuram,7887534073
P04904,Naveen Krishnan,19,Male,AB+,Erode,8228171082
P04905,Ganesh Verma,49,Male,A+,Chennai,8349775933
P04906,Aishwarya Raj,37,Female,A+,Tiruvallur,7549086781
P04907,Naveen Krishnan,50,Male,B+,Dindigul,9196764758
P04908,Ganesh Iyer,38,Male,O+,Erode,8822706977
P04909,Aishwarya Iyer,5,Female,B-,Kanchipuram,7077023681
P04910,Harish Krishnan,19,Male,B+,Tirunelveli,8201546121
P04911,Nithya Gupta,48,Female,B+,Thanjavur,8867319419
P04912,Keerthana Gupta,86,Female,A+,Dindigul,7118580202
P04913,Rahul Patel,31,Male,O+,Dindigul,9961249201
P04914,Nithya Iyer,45,Female,A+,Trichy,9980657273
P04915,Rahul Singh,63,Male,O+,Vellore,6324540536
P04916,Aditya Patel,29,Male,B+,Salem,9985217729
P04917,Sneha Mohan,15,Female,O+,Thanjavur,7671844617
P04918,Karthik Nair,13,Male,B+,Tirunelveli,6740018476
P04919,Swathi Gupta,57,Female,O+,Kanchipuram,6071240847
P04920,Divya Babu,13,Female,B+,Vellore,6224718038
P04921,Manoj Krishnan,53,Male,A+,Chennai,7582609600
P04922,Divya Kumar,44,Female,A+,Hosur,8217806677
P04923,Keerthana Rao,10,Female,B-,Chennai,9636842633
P04924,Ananya Rao,49,Female,B-,Vellore,7965727287
P04925,Ashwin Babu,34,Male,B+,Dindigul,7762380267
P04926,Manoj Verma,39,Male,O+,Tirunelveli,6716418146
P04927,Suresh Mohan,64,Male,A+,Madurai,8632280297
P04928,Manoj Verma,5,Male,A+,Dindigul,9967386675
P04929,Prakash Singh,40,Male,AB+,Tiruppur,9392749914
P04930,Naveen Iyer,40,Male,B+,Tiruvallur,9530833601
P04931,Pooja Verma,49,Female,A+,Coimbatore,8703224891
P04932,Aditya Kumar,32,Male,A+,Vellore,7766394081
P04933,Vivek Patel,74,Male,B+,Tiruttani,8775947922
P04934,Deepika Mohan,48,Female,B-,Madurai,7675957963
P04935,Vivek Sharma,88,Male,O+,Trichy,7170871650
P04936,Vivek Kumar,23,Male,AB-,Tirunelveli,9352428169
P04937,Divya Iyer,63,Female,O+,Vellore,7272447539
P04938,Deepika Krishnan,30,Female,B+,Coimbatore,7829237925
P04939,Neha Singh,76,Female,O+,Tirunelveli,9116558651
P04940,Rohan Mohan,6,Male,A+,Erode,9800660567
P04941,Deepika Raj,14,Female,O+,Tirunelveli,9084380063
P04942,Vivek Rao,16,Male,A+,Dindigul,9099787219
P04943,Manoj Singh,13,Male,B+,Hosur,9651680047
P04944,Rahul Patel,20,Male,O-,Chennai,9935871702
P04945,Arjun Krishnan,56,Male,A-,Vellore,9187890052
P04946,Sneha Iyer,18,Female,B+,Tiruttani,8349232124
P04947,Manoj Kumar,21,Male,B+,Tiruttani,8303613227
P04948,Nithya Gupta,5,Female,AB+,Thanjavur,6447309811
P04949,Rakesh Babu,43,Male,O+,Dindigul,6667845334
P04950,Harish Iyer,40,Male,A+,Trichy,6011803361
P04951,Aditya Iyer,36,Male,O+,Chennai,7033511637
P04952,Keerthana Patel,60,Female,B+,Trichy,6253034260
P04953,Vivek Verma,15,Male,A+,Kanchipuram,8728702294
P04954,Arjun Gupta,56,Male,O+,Tiruttani,9029394099
P04955,Divya Singh,43,Female,A+,Vellore,6459817130
P04956,Karthik Mohan,43,Male,O+,Madurai,8138433213
P04957,Manoj Kumar,47,Male,O+,Tiruttani,8956030293
P04958,Prakash Patel,61,Male,B+,Chennai,8075200255
P04959,Swathi Iyer,7,Female,O+,Dindigul,8314387443
P04960,Keerthana Iyer,4,Female,B-,Kanchipuram,6276300976
P04961,Ganesh Raj,36,Male,O+,Thanjavur,8976748813
P04962,Suresh Reddy,53,Male,B-,Vellore,6941431401
P04963,Prakash Rao,43,Male,O+,Kanchipuram,7337189428
P04964,Priya Raj,43,Female,B+,Tiruvallur,7638028521
P04965,Manoj Kumar,5,Male,B+,Tirunelveli,7851559648
P04966,Keerthana Kumar,15,Female,A-,Erode,6039508888
P04967,Sneha Raj,18,Female,B+,Chennai,8169806813
P04968,Deepika Singh,24,Female,B-,Tiruvallur,8244626556
P04969,Rohan Krishnan,40,Male,O+,Hosur,8551727484
P04970,Lakshmi Gupta,60,Female,O+,Vellore,7461735360
P04971,Nithya Rao,17,Female,A+,Thanjavur,9674091260
P04972,Ashwin Rao,27,Male,O+,Tiruttani,6110648023
P04973,Rohan Krishnan,58,Male,A+,Hosur,9088148489
P04974,Pooja Krishnan,76,Female,O+,Dindigul,9242296069
P04975,Vikram Raj,29,Male,A+,Madurai,7218667823
P04976,Aishwarya Patel,40,Female,A+,Vellore,7863787855
P04977,Lakshmi Sharma,48,Female,B+,Kanchipuram,6248187063
P04978,Vivek Krishnan,40,Male,O+,Tiruppur,8673268136
P04979,Rohan Krishnan,53,Male,A+,Chennai,6620282074
P04980,Nithya Gupta,34,Female,O+,Trichy,8459123141
P04981,Sneha Sharma,62,Female,O+,Tiruvallur,7514343825
P04982,Arjun Rao,78,Male,A-,Kanchipuram,8051034159
P04983,Harini Gupta,50,Female,B+,Erode,8494283527
P04984,Aditya Kumar,28,Male,O+,Tiruvallur,6642369170
P04985,Manoj Verma,15,Male,O+,Salem,9779211700
P04986,Sneha Menon,45,Female,A+,Kanchipuram,9127172098
P04987,Lakshmi Kumar,25,Female,O+,Tiruttani,7315211997
P04988,Vivek Rao,51,Male,O+,Thanjavur,6156368864
P04989,Deepika Krishnan,26,Female,O+,Vellore,6960628536
P04990,Keerthana Menon,43,Female,B+,Coimbatore,6113635431
P04991,Vikram Sharma,3,Male,B+,Tiruppur,9645478399
P04992,Suresh Verma,45,Male,B+,Chennai,8033799161
P04993,Nithya Kumar,20,Female,A+,Chennai,6440930577
P04994,Keerthana Babu,35,Female,B-,Tirunelveli,8600542863
P04995,Aishwarya Menon,9,Female,A+,Thanjavur,7174444138
P04996,Rohan Rao,33,Male,B+,Vellore,7263733806
P04997,Vivek Nair,42,Male,A+,Salem,8810063105
P04998,Priya Nair,49,Female,O+,Thanjavur,7868716907
P04999,Rakesh Iyer,29,Male,O+,Madurai,9091149892
P05000,Ashwin Singh,26,Male,A+,Tiruttani,7793983646
P05001,Ashwin Singh,26,Male,B+,Chennai,8382238223
P05002,Meera Nair,41,Female,B-,Tiruppur,9592501887
P05003,Arjun Singh,37,Male,AB+,Tiruvallur,6767788713
P05004,Naveen Krishnan,21,Male,O+,Tiruppur,8006632956
P05005,Divya Nair,44,Female,B+,Trichy,6706197500
P05006,Naveen Sharma,55,Male,B+,Salem,8880153150
P05007,Manoj Patel,52,Male,A+,Trichy,7858425561
P05008,Lakshmi Mohan,89,Female,A+,Erode,7376018325
P05009,Deepika Gupta,29,Female,B-,Tirunelveli,7352469360
P05010,Harini Babu,22,Female,A-,Chennai,7019395898
P05011,Harish Babu,35,Male,O+,Madurai,7457434259
P05012,Deepika Sharma,15,Female,A+,Hosur,7293821062
P05013,Neha Raj,29,Female,B+,Chennai,6359013257
P05014,Ashwin Raj,28,Male,B+,Erode,8243025958
P05015,Lakshmi Mohan,60,Female,O+,Tiruvallur,8974260855
P05016,Karthik Krishnan,37,Male,B+,Kanchipuram,9435395956
P05017,Vivek Reddy,81,Male,O+,Tirunelveli,6988937363
P05018,Rahul Patel,51,Male,A+,Tiruppur,8748118448
P05019,Neha Gupta,57,Female,O+,Coimbatore,7409002558
P05020,Neha Reddy,40,Female,O+,Coimbatore,8022037354
P05021,Rakesh Raj,33,Male,O+,Thanjavur,7016478506
P05022,Prakash Mohan,52,Male,A+,Kanchipuram,6585102146
P05023,Kavya Rao,64,Female,AB+,Thanjavur,8220615250
P05024,Prakash Raj,8,Male,B+,Erode,6950470062
P05025,Rohan Verma,47,Male,O+,Tiruppur,6591748909
P05026,Vikram Verma,33,Male,A+,Chennai,7470706605
P05027,Swathi Singh,50,Female,A+,Kanchipuram,8112598221
P05028,Harini Kumar,15,Female,B+,Thanjavur,7451696137
P05029,Vikram Menon,9,Male,B+,Kanchipuram,6853150274
P05030,Prakash Iyer,88,Male,AB+,Tiruvallur,9654594806
P05031,Arjun Gupta,50,Male,B+,Tiruppur,7860725093
P05032,Ashwin Krishnan,46,Male,O+,Hosur,6822053845
P05033,Naveen Sharma,22,Male,A+,Vellore,6523266103
P05034,Rahul Sharma,31,Male,O+,Vellore,9255130999
P05035,Keerthana Reddy,31,Female,B+,Thanjavur,6497707034
P05036,Pooja Reddy,6,Female,O+,Tiruppur,7216919575
P05037,Ananya Krishnan,26,Female,O+,Salem,9654782924
P05038,Ashwin Gupta,38,Male,B+,Tirunelveli,9187007498
P05039,Arjun Singh,1,Male,O+,Chennai,8155677521
P05040,Meera Patel,31,Female,B+,Dindigul,7450765478
P05041,Manoj Patel,65,Male,O+,Erode,6751425807
P05042,Sneha Reddy,13,Female,B+,Hosur,6360014523
P05043,Vikram Reddy,49,Male,B+,Madurai,9417939538
P05044,Meera Kumar,48,Female,B+,Salem,6609035149
P05045,Ashwin Iyer,16,Male,B-,Trichy,8605720731
P05046,Rohan Verma,59,Male,A+,Tirunelveli,8386582630
P05047,Harish Singh,62,Male,O+,Chennai,8879426340
P05048,Kavya Raj,37,Female,O+,Tiruvallur,6983229918
P05049,Karthik Rao,46,Male,B+,Coimbatore,9770198277
P05050,Vivek Gupta,41,Male,A+,Thanjavur,6661217744
P05051,Ananya Patel,57,Female,A+,Trichy,6598248132
P05052,Naveen Kumar,51,Male,B+,Vellore,7844573526
P05053,Priya Raj,35,Female,AB+,Tiruttani,9310465274
P05054,Harish Menon,34,Male,O+,Hosur,8129038265
P05055,Karthik Raj,40,Male,O+,Kanchipuram,8633700951
P05056,Vikram Verma,48,Male,B+,Madurai,8276158425
P05057,Rahul Mohan,90,Male,AB+,Dindigul,7223185831
P05058,Karthik Gupta,41,Male,O+,Salem,9971814854
P05059,Aditya Reddy,40,Male,A-,Salem,9873178529
P05060,Pooja Menon,21,Female,O+,Tiruvallur,6851926175
P05061,Keerthana Gupta,24,Female,B+,Madurai,9039161028
P05062,Rahul Mohan,14,Male,A+,Salem,9478737480
P05063,Sneha Sharma,60,Female,B+,Madurai,9739701631
P05064,Sneha Gupta,28,Female,O-,Tiruvallur,6719676741
P05065,Pooja Verma,5,Female,A+,Tiruvallur,7442450498
P05066,Kavya Verma,42,Female,A+,Dindigul,7512652766
P05067,Meera Sharma,31,Female,O+,Salem,9783211268
P05068,Naveen Singh,26,Male,AB+,Tirunelveli,8458569771
P05069,Suresh Patel,58,Male,A+,Tiruvallur,8634242359
P05070,Naveen Verma,41,Male,O+,Chennai,7251362725
P05071,Ananya Rao,14,Female,B+,Chennai,7874261547
P05072,Manoj Reddy,12,Male,A+,Madurai,6573320061
P05073,Rakesh Krishnan,53,Male,A+,Kanchipuram,7297480233
P05074,Sneha Iyer,42,Female,B+,Thanjavur,7963838460
P05075,Kavya Gupta,78,Female,B+,Kanchipuram,9555613960
P05076,Aishwarya Krishnan,29,Female,AB+,Chennai,7242584658
P05077,Vikram Iyer,56,Male,A+,Tiruppur,6853849940
P05078,Nithya Nair,30,Female,A+,Tiruppur,8809277140
P05079,Rakesh Krishnan,19,Male,O-,Chennai,6981736188
P05080,Aishwarya Babu,34,Female,O-,Madurai,9642011808
P05081,Manoj Krishnan,65,Male,O+,Thanjavur,7211215946
P05082,Vikram Iyer,41,Male,B-,Thanjavur,7276901770
P05083,Swathi Krishnan,6,Female,A-,Tiruttani,8701936399
P05084,Nithya Patel,74,Female,B+,Tiruttani,8646296905
P05085,Nithya Patel,22,Female,O+,Kanchipuram,8671258404
P05086,Pooja Raj,11,Female,O+,Dindigul,9735460079
P05087,Nithya Menon,8,Female,B+,Tirunelveli,7644925593
P05088,Suresh Rao,58,Male,A+,Salem,6800220976
P05089,Pooja Patel,24,Female,B+,Tiruttani,7959627423
P05090,Suresh Krishnan,15,Male,A+,Trichy,7370375269
P05091,Neha Patel,33,Female,A-,Coimbatore,6913946893
P05092,Karthik Nair,28,Male,A+,Trichy,7811722512
P05093,Aishwarya Menon,37,Female,B+,Madurai,7606398180
P05094,Divya Menon,25,Female,A+,Kanchipuram,8960078949
P05095,Rohan Raj,78,Male,O+,Tiruppur,6238207511
P05096,Suresh Rao,56,Male,B-,Kanchipuram,6810320224
P05097,Rahul Nair,15,Male,A+,Vellore,7431246740
P05098,Rakesh Gupta,17,Male,O+,Erode,9411958736
P05099,Ganesh Singh,53,Male,O+,Vellore,9300572395
P05100,Karthik Nair,69,Male,A+,Trichy,8167162996
P05101,Ashwin Nair,55,Male,A+,Coimbatore,7423352156
P05102,Karthik Iyer,51,Male,O+,Hosur,6468792718
P05103,Divya Babu,8,Female,O+,Dindigul,7979780878
P05104,Ananya Nair,39,Female,AB-,Tiruppur,8936939499
P05105,Harini Nair,15,Female,O+,Tiruttani,7210481146
P05106,Vikram Mohan,44,Male,B+,Trichy,8138634923
P05107,Nithya Krishnan,50,Female,B+,Kanchipuram,8710417628
P05108,Keerthana Babu,49,Female,AB+,Trichy,9164040397
P05109,Sneha Sharma,21,Female,O+,Kanchipuram,9438911482
P05110,Prakash Mohan,29,Male,O+,Tirunelveli,8441850166
P05111,Deepika Sharma,26,Female,B+,Vellore,6568113431
P05112,Meera Verma,16,Female,AB+,Salem,8928223596
P05113,Suresh Mohan,51,Male,B+,Tirunelveli,8471939165
P05114,Vivek Krishnan,60,Male,AB+,Tiruttani,8087240364
P05115,Arjun Mohan,57,Male,AB+,Thanjavur,7064676517
P05116,Vivek Babu,36,Male,B+,Madurai,9236556441
P05117,Swathi Iyer,2,Female,B+,Vellore,9382403092
P05118,Ashwin Rao,17,Male,O+,Salem,7566309066
P05119,Neha Kumar,75,Female,B+,Salem,9664465157
P05120,Vivek Krishnan,33,Male,B-,Chennai,8883492844
P05121,Divya Raj,67,Female,A+,Tiruvallur,8982803794
P05122,Priya Kumar,1,Female,O-,Vellore,6897790364
P05123,Kavya Menon,23,Female,O+,Coimbatore,6968928697
P05124,Keerthana Gupta,17,Female,A+,Tiruttani,7963572231
P05125,Sneha Raj,78,Female,O+,Dindigul,6948157581
P05126,Arjun Sharma,55,Male,O+,Vellore,9245737984
P05127,Harish Kumar,13,Male,AB+,Trichy,8870789617
P05128,Manoj Reddy,50,Male,A+,Chennai,9557322223
P05129,Aditya Mohan,8,Male,O-,Salem,8698832099
P05130,Karthik Menon,17,Male,A+,Thanjavur,9618456727
P05131,Aishwarya Iyer,12,Female,A-,Trichy,7847714673
P05132,Ashwin Gupta,47,Male,B+,Coimbatore,8701832740
P05133,Rahul Singh,41,Male,B+,Trichy,7188157651
P05134,Lakshmi Kumar,21,Female,A+,Salem,7982194151
P05135,Pooja Raj,82,Female,A+,Erode,9854030325
P05136,Rohan Patel,45,Male,B+,Trichy,6205600642
P05137,Prakash Reddy,57,Male,A+,Hosur,8967071060
P05138,Harish Raj,4,Male,B+,Chennai,8223235433
P05139,Nithya Mohan,16,Female,AB+,Dindigul,7602674121
P05140,Meera Rao,18,Female,A+,Tirunelveli,8239724843
P05141,Nithya Babu,47,Female,A+,Kanchipuram,6079391051
P05142,Deepika Kumar,48,Female,B+,Chennai,9653598515
P05143,Ashwin Verma,24,Male,B+,Erode,8534249501
P05144,Sneha Babu,63,Female,B-,Chennai,6486157799
P05145,Ganesh Verma,54,Male,A+,Kanchipuram,6492896389
P05146,Neha Kumar,24,Female,A+,Kanchipuram,8005476424
P05147,Kavya Reddy,51,Female,AB+,Coimbatore,8255126691
P05148,Deepika Rao,20,Female,O+,Tiruppur,8136908660
P05149,Karthik Gupta,28,Male,A+,Tiruvallur,9124040341
P05150,Pooja Kumar,65,Female,A+,Trichy,6779386404
P05151,Keerthana Kumar,15,Female,O+,Erode,6647863594
P05152,Arjun Babu,50,Male,O+,Kanchipuram,7153543187
P05153,Ashwin Krishnan,27,Male,B+,Tiruvallur,8216259322
P05154,Priya Babu,62,Female,AB+,Salem,9749383416
P05155,Ganesh Iyer,50,Male,O+,Hosur,8874402913
P05156,Karthik Reddy,26,Male,AB+,Kanchipuram,8191658064
P05157,Ganesh Krishnan,36,Male,B+,Madurai,6631805830
P05158,Pooja Gupta,11,Female,O+,Tirunelveli,8507731885
P05159,Rakesh Nair,33,Male,O+,Kanchipuram,7095332433
P05160,Keerthana Kumar,42,Female,B+,Tiruvallur,7338902547
P05161,Ashwin Mohan,21,Male,O+,Hosur,6644856786
P05162,Aditya Babu,77,Male,B+,Coimbatore,8701183606
P05163,Manoj Verma,81,Male,O+,Dindigul,7545651541
P05164,Sneha Mohan,21,Female,A+,Salem,7094138225
P05165,Suresh Babu,11,Male,O+,Coimbatore,9905044281
P05166,Kavya Patel,27,Female,B+,Erode,9063551972
P05167,Meera Menon,57,Female,O+,Vellore,8476825845
P05168,Sneha Reddy,1,Female,O+,Coimbatore,6002684967
P05169,Lakshmi Nair,29,Female,A+,Chennai,8976377555
P05170,Swathi Verma,16,Female,O+,Thanjavur,8667116253
P05171,Sneha Reddy,73,Female,B-,Erode,6291879375
P05172,Ashwin Nair,41,Male,A+,Coimbatore,8158620713
P05173,Aishwarya Krishnan,43,Female,O+,Thanjavur,9794539341
P05174,Karthik Iyer,55,Male,AB+,Dindigul,8850696720
P05175,Harini Verma,17,Female,O+,Vellore,7037501605
P05176,Aishwarya Babu,8,Female,A+,Tiruppur,9237287357
P05177,Keerthana Verma,39,Female,O+,Kanchipuram,6539990954
P05178,Ananya Nair,54,Female,AB+,Coimbatore,6867448996
P05179,Harish Mohan,69,Male,B+,Tirunelveli,9080443583
P05180,Nithya Raj,13,Female,A+,Tiruvallur,6076034530
P05181,Ashwin Raj,52,Male,O+,Vellore,8742128133
P05182,Prakash Menon,21,Male,O+,Hosur,9875374126
P05183,Arjun Mohan,19,Male,B+,Dindigul,6458618942
P05184,Aditya Reddy,55,Male,A+,Tiruppur,8028253655
P05185,Karthik Kumar,43,Male,O+,Erode,9302515716
P05186,Prakash Patel,59,Male,A+,Trichy,9441850711
P05187,Naveen Iyer,57,Male,O+,Tirunelveli,8547658488
P05188,Lakshmi Menon,60,Female,A+,Chennai,6934867370
P05189,Rahul Babu,38,Male,B+,Tiruppur,7326417225
P05190,Ananya Menon,42,Female,O+,Coimbatore,8999091010
P05191,Aditya Iyer,64,Male,B+,Chennai,9990739488
P05192,Suresh Kumar,65,Male,O+,Thanjavur,9771872970
P05193,Suresh Patel,6,Male,A+,Tiruvallur,8024469439
P05194,Kavya Reddy,20,Female,A+,Dindigul,8042145382
P05195,Vikram Reddy,12,Male,O-,Coimbatore,8868226723
P05196,Pooja Sharma,5,Female,O+,Coimbatore,7756297882
P05197,Rohan Patel,72,Male,B-,Tiruttani,7446904883
P05198,Pooja Iyer,81,Female,O+,Tiruttani,6880177108
P05199,Swathi Singh,27,Female,A+,Tiruttani,9023564140
P05200,Aishwarya Sharma,50,Female,O+,Chennai,7435137183
P05201,Lakshmi Mohan,61,Female,B+,Kanchipuram,8291080778
P05202,Lakshmi Krishnan,36,Female,B+,Thanjavur,9928921769
P05203,Harini Kumar,73,Female,B-,Tiruvallur,8478626461
P05204,Ananya Patel,47,Female,O+,Tirunelveli,9503509078
P05205,Ananya Verma,5,Female,O+,Tiruppur,6703470082
P05206,Meera Nair,87,Female,A+,Salem,6225074762
P05207,Prakash Rao,53,Male,A-,Erode,8593016849
P05208,Priya Nair,10,Female,O+,Tiruppur,7117144034
P05209,Naveen Verma,38,Male,A+,Tiruttani,9101766027
P05210,Ashwin Reddy,68,Male,O+,Chennai,7691039348
P05211,Arjun Kumar,17,Male,B+,Trichy,8174221659
P05212,Rahul Patel,61,Male,B+,Hosur,9367895379
P05213,Naveen Kumar,33,Male,B+,Tirunelveli,8481729713
P05214,Rahul Krishnan,42,Male,AB+,Vellore,9843421121
P05215,Naveen Rao,51,Male,A+,Salem,7470543321
P05216,Rohan Gupta,55,Male,O+,Tiruttani,7439220781
P05217,Rohan Babu,63,Male,A+,Dindigul,7081672336
P05218,Rohan Sharma,47,Male,A+,Erode,7153435679
P05219,Ananya Patel,23,Female,O+,Kanchipuram,7617455637
P05220,Rahul Rao,29,Male,B+,Coimbatore,8006340961
P05221,Ganesh Krishnan,84,Male,O+,Hosur,8361815797
P05222,Pooja Menon,72,Female,A+,Dindigul,7079047552
P05223,Manoj Raj,4,Male,AB+,Dindigul,7012329001
P05224,Harish Reddy,65,Male,O+,Coimbatore,7822121511
P05225,Naveen Rao,46,Male,B+,Erode,7066593561
P05226,Keerthana Kumar,12,Female,O+,Thanjavur,7286068921
P05227,Nithya Menon,24,Female,O+,Tiruppur,7952249949
P05228,Pooja Mohan,14,Female,A+,Chennai,6694165870
P05229,Rohan Reddy,77,Male,O+,Hosur,6354167853
P05230,Suresh Menon,40,Male,B+,Tiruttani,7981863243
P05231,Rohan Kumar,86,Male,B-,Coimbatore,9274816269
P05232,Sneha Mohan,76,Female,A+,Tirunelveli,9599932197
P05233,Pooja Patel,72,Female,B-,Erode,8569028761
P05234,Nithya Singh,48,Female,O+,Kanchipuram,9020874028
P05235,Rakesh Singh,26,Male,O+,Thanjavur,8190857882
P05236,Neha Menon,51,Female,O+,Tiruttani,6520774860
P05237,Rohan Raj,33,Male,A+,Erode,9169097273
P05238,Ashwin Rao,41,Male,B+,Kanchipuram,6484085228
P05239,Ananya Gupta,40,Female,O+,Hosur,9657682996
P05240,Sneha Rao,17,Female,O+,Dindigul,6868042887
P05241,Rohan Raj,38,Male,O-,Dindigul,8419541571
P05242,Pooja Reddy,38,Female,A+,Madurai,8576555146
P05243,Swathi Gupta,28,Female,O+,Chennai,7321893153
P05244,Rohan Krishnan,38,Male,B+,Vellore,7833880671
P05245,Vivek Menon,14,Male,A+,Thanjavur,6975667175
P05246,Suresh Verma,47,Male,B+,Dindigul,7861393474
P05247,Keerthana Mohan,1,Female,O+,Tiruvallur,9850060307
P05248,Meera Raj,34,Female,A+,Coimbatore,7658879340
P05249,Neha Singh,33,Female,A+,Salem,9370787033
P05250,Manoj Verma,2,Male,O+,Madurai,6060682179
P05251,Lakshmi Singh,23,Female,A+,Chennai,7742050080
P05252,Arjun Sharma,30,Male,A+,Chennai,6201199068
P05253,Lakshmi Kumar,65,Female,O+,Chennai,7232663456
P05254,Divya Kumar,34,Female,B+,Dindigul,6942592202
P05255,Vikram Gupta,36,Male,B+,Chennai,6643593256
P05256,Ganesh Krishnan,32,Male,B+,Tiruppur,9157744166
P05257,Rahul Menon,64,Male,A+,Thanjavur,7716936175
P05258,Neha Reddy,58,Female,A+,Hosur,9415501457
P05259,Arjun Menon,49,Male,A+,Trichy,8759112861
P05260,Rahul Raj,62,Male,O+,Vellore,7701601619
P05261,Keerthana Gupta,15,Female,O+,Trichy,7253709420
P05262,Divya Gupta,64,Female,O-,Thanjavur,7408099589
P05263,Ashwin Krishnan,29,Male,B+,Hosur,7963083977
P05264,Ashwin Verma,43,Male,O-,Trichy,8895349102
P05265,Meera Gupta,39,Female,O+,Trichy,7449970755
P05266,Divya Iyer,31,Female,O+,Thanjavur,7091708957
P05267,Lakshmi Iyer,70,Female,A+,Erode,8827598768
P05268,Vivek Gupta,28,Male,O+,Vellore,9314692993
P05269,Ashwin Rao,32,Male,O+,Erode,6236362858
P05270,Lakshmi Krishnan,63,Female,O+,Tiruvallur,7575873868
P05271,Rohan Kumar,55,Male,O+,Coimbatore,7247187100
P05272,Manoj Iyer,1,Male,O+,Thanjavur,8751728632
P05273,Swathi Menon,63,Female,A+,Hosur,8600298455
P05274,Manoj Rao,7,Male,B+,Tiruppur,8701891388
P05275,Harini Reddy,23,Female,O+,Erode,8606966884
P05276,Neha Nair,45,Female,O+,Tiruppur,8322062480
P05277,Sneha Mohan,32,Female,O+,Erode,7693287434
P05278,Rakesh Kumar,76,Male,O+,Salem,9905083450
P05279,Rakesh Verma,33,Male,A+,Kanchipuram,8692526175
P05280,Rohan Verma,21,Male,O-,Thanjavur,8287002136
P05281,Vikram Gupta,31,Male,O+,Tiruttani,8987445122
P05282,Pooja Krishnan,46,Female,B-,Tiruvallur,6866076442
P05283,Ganesh Nair,8,Male,O+,Thanjavur,7992331289
P05284,Ananya Sharma,39,Female,B+,Tiruvallur,9542311262
P05285,Harini Nair,21,Female,B-,Tiruttani,7667465505
P05286,Divya Krishnan,5,Female,O+,Madurai,7482508511
P05287,Kavya Raj,34,Female,A+,Tiruvallur,7046534254
P05288,Karthik Raj,26,Male,B+,Dindigul,8602974805
P05289,Swathi Singh,63,Female,A+,Tiruvallur,8352018897
P05290,Keerthana Sharma,11,Female,O-,Tiruppur,6302866535
P05291,Naveen Verma,63,Male,A+,Tiruvallur,6917214868
P05292,Ashwin Iyer,37,Male,O+,Thanjavur,7109346673
P05293,Naveen Verma,26,Male,O+,Thanjavur,9812727460
P05294,Rahul Raj,18,Male,A+,Tiruttani,6311084855
P05295,Nithya Gupta,32,Female,AB+,Thanjavur,8812401476
P05296,Swathi Singh,17,Female,A+,Tiruvallur,7910145297
P05297,Vivek Krishnan,13,Male,O+,Thanjavur,9138750931
P05298,Harish Singh,49,Male,AB-,Trichy,7599717772
P05299,Aditya Singh,67,Male,O-,Coimbatore,6259534547
P05300,Sneha Rao,87,Female,O+,Tiruvallur,8725956168
P05301,Rakesh Nair,46,Male,O+,Erode,9027036465
P05302,Pooja Sharma,47,Female,A+,Madurai,6237543547
P05303,Neha Krishnan,6,Female,O+,Tiruvallur,9748699358
P05304,Prakash Nair,54,Male,A+,Coimbatore,6659144450
P05305,Karthik Babu,15,Male,O+,Erode,9427425891
P05306,Harini Gupta,35,Female,O+,Thanjavur,8737204168
P05307,Prakash Babu,17,Male,O+,Tiruvallur,7048900606
P05308,Priya Verma,41,Female,B-,Madurai,7082833009
P05309,Vivek Iyer,18,Male,O+,Tiruttani,8570267218
P05310,Rohan Nair,68,Male,AB+,Tiruppur,6317536397
P05311,Deepika Gupta,7,Female,O+,Tiruvallur,7396822983
P05312,Aditya Gupta,6,Male,A+,Tiruppur,8003056441
P05313,Neha Gupta,44,Female,A-,Tiruppur,7828758331
P05314,Ashwin Gupta,12,Male,O+,Tiruvallur,9573208361
P05315,Nithya Reddy,20,Female,A+,Tiruppur,8110982048
P05316,Aditya Sharma,4,Male,A+,Madurai,7701589671
P05317,Divya Reddy,33,Female,AB+,Chennai,8669803273
P05318,Pooja Singh,13,Female,A+,Trichy,6412839175
P05319,Aishwarya Iyer,56,Female,O+,Erode,8204730192
P05320,Swathi Krishnan,8,Female,O+,Erode,8418335672
P05321,Vivek Krishnan,48,Male,AB+,Kanchipuram,9147342722
P05322,Naveen Gupta,63,Male,B+,Kanchipuram,9151748986
P05323,Karthik Kumar,83,Male,A-,Tiruppur,8643894152
P05324,Rohan Gupta,31,Male,B-,Tiruttani,9290166515
P05325,Vivek Menon,31,Male,O+,Salem,8666479846
P05326,Harini Krishnan,4,Female,A+,Salem,6801527650
P05327,Priya Iyer,6,Female,AB+,Erode,7693963229
P05328,Prakash Menon,86,Male,O+,Tiruppur,6343399712
P05329,Aditya Iyer,79,Male,O+,Trichy,6706198780
P05330,Naveen Nair,48,Male,A+,Tirunelveli,8410556724
P05331,Vivek Raj,13,Male,A-,Thanjavur,6842717137
P05332,Lakshmi Singh,63,Female,B-,Tiruvallur,6143648936
P05333,Vivek Patel,65,Male,A-,Tiruttani,6002518828
P05334,Rakesh Mohan,31,Male,B+,Tiruttani,8344110220
P05335,Vikram Gupta,19,Male,O+,Tiruttani,8289370997
P05336,Ganesh Singh,15,Male,A+,Tiruttani,8002328521
P05337,Suresh Kumar,3,Male,O+,Coimbatore,6486006498
P05338,Suresh Nair,65,Male,O+,Tiruvallur,8902769990
P05339,Lakshmi Patel,9,Female,O+,Tiruvallur,8692782972
P05340,Meera Gupta,41,Female,O+,Trichy,6401268490
P05341,Pooja Menon,23,Female,O+,Hosur,7931248382
P05342,Swathi Kumar,36,Female,B-,Tiruvallur,7573485413
P05343,Vikram Singh,28,Male,A+,Tiruvallur,7230819733
P05344,Swathi Menon,26,Female,O+,Hosur,8420526738
P05345,Ashwin Nair,49,Male,O+,Thanjavur,6639540022
P05346,Harish Reddy,59,Male,B+,Erode,6951270570
P05347,Vivek Iyer,33,Male,A+,Madurai,9000390110
P05348,Arjun Gupta,83,Male,O-,Coimbatore,9388781514
P05349,Vivek Rao,31,Male,A+,Salem,9162429555
P05350,Naveen Nair,8,Male,A-,Coimbatore,7422058328
P05351,Vivek Sharma,62,Male,O-,Vellore,7496324246
P05352,Priya Menon,45,Female,O+,Salem,8209001431
P05353,Rahul Singh,45,Male,A+,Chennai,6704302419
P05354,Ganesh Patel,12,Male,AB+,Vellore,7233574151
P05355,Manoj Iyer,74,Male,A-,Thanjavur,9514739905
P05356,Vivek Gupta,88,Male,B+,Kanchipuram,9557287684
P05357,Naveen Raj,15,Male,B+,Madurai,6136243419
P05358,Vivek Krishnan,44,Male,O+,Trichy,8954405546
P05359,Ashwin Reddy,3,Male,A+,Chennai,6268610844
P05360,Pooja Kumar,41,Female,B+,Tiruvallur,6286743339
P05361,Keerthana Raj,56,Female,B+,Erode,9496252558
P05362,Rakesh Iyer,56,Male,O+,Dindigul,7313135214
P05363,Deepika Nair,68,Female,A+,Trichy,9926219731
P05364,Divya Nair,23,Female,A+,Madurai,7866019461
P05365,Aditya Kumar,26,Male,A+,Thanjavur,7254861508
P05366,Divya Sharma,11,Female,B+,Erode,9306154710
P05367,Aishwarya Rao,27,Female,O+,Tiruppur,9311942710
P05368,Vikram Singh,59,Male,O-,Chennai,6328798815
P05369,Nithya Mohan,59,Female,B-,Dindigul,9695599152
P05370,Sneha Nair,47,Female,B+,Coimbatore,6153644316
P05371,Vikram Kumar,73,Male,O+,Salem,7208235096
P05372,Rahul Sharma,19,Male,O+,Erode,6768444121
P05373,Vivek Raj,3,Male,AB+,Thanjavur,9789426032
P05374,Arjun Raj,52,Male,B+,Chennai,8915425942
P05375,Manoj Gupta,49,Male,O+,Coimbatore,9597012442
P05376,Aditya Kumar,56,Male,A+,Trichy,8291712320
P05377,Keerthana Patel,46,Female,B+,Salem,8688691480
P05378,Arjun Singh,57,Male,AB+,Tirunelveli,8009038755
P05379,Harini Mohan,78,Female,O-,Trichy,7282334430
P05380,Aishwarya Sharma,41,Female,O+,Hosur,9513954149
P05381,Manoj Singh,86,Male,B+,Coimbatore,8842561962
P05382,Manoj Reddy,43,Male,A+,Vellore,9377276905
P05383,Divya Gupta,9,Female,O+,Erode,8103446943
P05384,Ganesh Nair,22,Male,A-,Erode,8097681278
P05385,Ganesh Raj,3,Male,O+,Tiruttani,7190629442
P05386,Rohan Reddy,52,Male,O+,Dindigul,7712875334
P05387,Ashwin Mohan,46,Male,O+,Tirunelveli,9494742142
P05388,Kavya Babu,63,Female,O+,Coimbatore,9457692296
P05389,Rohan Verma,35,Male,B+,Tiruttani,9721769995
P05390,Rohan Iyer,5,Male,B+,Hosur,9974063959
P05391,Vivek Kumar,65,Male,A+,Salem,9733973510
P05392,Ganesh Verma,32,Male,B-,Erode,6839859146
P05393,Rakesh Singh,38,Male,O+,Coimbatore,9091807321
P05394,Ananya Menon,28,Female,B+,Dindigul,8486071775
P05395,Divya Raj,61,Female,B+,Tiruttani,7686804779
P05396,Manoj Babu,11,Male,O+,Hosur,7978719139
P05397,Rahul Sharma,67,Male,B+,Kanchipuram,7669614797
P05398,Ganesh Rao,38,Male,A+,Erode,9335295400
P05399,Nithya Menon,26,Female,O+,Tiruttani,9431665189
P05400,Priya Iyer,34,Female,O+,Kanchipuram,9687833262
P05401,Arjun Kumar,21,Male,O+,Kanchipuram,7729155152
P05402,Prakash Rao,59,Male,B+,Trichy,9817260761
P05403,Suresh Reddy,75,Male,O+,Vellore,6820727999
P05404,Swathi Babu,27,Female,B+,Hosur,9898926629
P05405,Manoj Raj,58,Male,A+,Chennai,6560022957
P05406,Vikram Menon,32,Male,O+,Vellore,8417607987
P05407,Aishwarya Gupta,39,Female,B+,Hosur,9952098463
P05408,Aishwarya Nair,29,Female,O+,Salem,6334419012
P05409,Karthik Gupta,4,Male,AB+,Salem,8074801559
P05410,Sneha Kumar,36,Female,O+,Tiruppur,9926807500
P05411,Aishwarya Kumar,32,Female,O-,Erode,9697338287
P05412,Ashwin Nair,18,Male,B-,Erode,9513699287
P05413,Harish Kumar,4,Male,AB+,Kanchipuram,6704313455
P05414,Aditya Iyer,42,Male,B+,Madurai,6105754981
P05415,Rahul Raj,45,Male,A+,Tirunelveli,6089891128
P05416,Suresh Nair,4,Male,A+,Salem,9115403359
P05417,Keerthana Gupta,8,Female,O+,Vellore,8096277186
P05418,Neha Mohan,14,Female,A+,Tirunelveli,8609492745
P05419,Vivek Gupta,38,Male,B+,Tirunelveli,8606928041
P05420,Swathi Krishnan,43,Female,B+,Tiruttani,8033500376
P05421,Priya Kumar,21,Female,AB+,Vellore,9384710689
P05422,Meera Raj,8,Female,O+,Tiruppur,8310109459
P05423,Divya Krishnan,13,Female,O+,Chennai,6308163481
P05424,Arjun Raj,30,Male,B+,Hosur,8577261958
P05425,Harini Iyer,69,Female,B+,Tiruppur,8585824348
P05426,Karthik Rao,66,Male,AB+,Erode,7762362391
P05427,Nithya Sharma,56,Female,B+,Madurai,7855256870
P05428,Aditya Babu,57,Male,AB+,Tiruppur,8989820541
P05429,Vivek Mohan,51,Male,AB-,Madurai,9271643169
P05430,Lakshmi Raj,27,Female,O+,Tirunelveli,7116020122
P05431,Manoj Reddy,35,Male,B+,Tiruppur,8387484893
P05432,Swathi Mohan,30,Female,O+,Chennai,9357813742
P05433,Suresh Raj,8,Male,O+,Kanchipuram,7210460598
P05434,Aditya Sharma,23,Male,O+,Salem,6614943405
P05435,Rahul Iyer,59,Male,A-,Coimbatore,7575452355
P05436,Sneha Gupta,57,Female,O+,Tiruvallur,7241108715
P05437,Priya Raj,64,Female,O+,Kanchipuram,8466297254
P05438,Rohan Menon,65,Male,A+,Tiruppur,8634855002
P05439,Ashwin Raj,12,Male,B+,Madurai,6782866198
P05440,Ganesh Rao,26,Male,O+,Tirunelveli,8094341023
P05441,Rahul Raj,47,Male,B+,Hosur,9326339886
P05442,Swathi Singh,42,Female,A+,Trichy,7815391221
P05443,Suresh Iyer,58,Male,O+,Vellore,6904364446
P05444,Kavya Reddy,28,Female,O+,Tiruppur,9990530326
P05445,Rakesh Patel,9,Male,A+,Chennai,7044646389
P05446,Karthik Rao,28,Male,A-,Dindigul,7979057358
P05447,Rohan Menon,16,Male,O+,Kanchipuram,8750069215
P05448,Prakash Krishnan,1,Male,A-,Tiruttani,9674817989
P05449,Vikram Krishnan,27,Male,AB+,Tiruttani,8758130121
P05450,Priya Gupta,35,Female,O+,Vellore,6181341029
P05451,Aditya Sharma,64,Male,O+,Dindigul,7361067076
P05452,Aishwarya Kumar,24,Female,A+,Coimbatore,8717732685
P05453,Neha Raj,47,Female,B+,Dindigul,8894168631
P05454,Divya Reddy,59,Female,A+,Dindigul,6879054116
P05455,Swathi Mohan,6,Female,O+,Chennai,7242699696
P05456,Pooja Rao,44,Female,AB+,Chennai,6828160413
P05457,Swathi Verma,59,Female,O+,Chennai,7970383410
P05458,Rahul Mohan,18,Male,A+,Hosur,6018307849
P05459,Naveen Reddy,57,Male,A+,Thanjavur,7320130223
P05460,Ashwin Patel,16,Male,A+,Coimbatore,8384472781
P05461,Manoj Sharma,36,Male,B-,Tiruvallur,6351549606
P05462,Priya Nair,59,Female,A+,Tiruppur,9243468348
P05463,Kavya Gupta,29,Female,B+,Tiruvallur,6980058326
P05464,Deepika Iyer,39,Female,A-,Trichy,9179821095
P05465,Vivek Rao,88,Male,B+,Trichy,8859683451
P05466,Aditya Verma,47,Male,B-,Tirunelveli,7151382226
P05467,Prakash Raj,25,Male,O+,Erode,8499605204
P05468,Ganesh Patel,23,Male,A+,Kanchipuram,9388515869
P05469,Lakshmi Kumar,42,Female,AB+,Tiruppur,9882991780
P05470,Lakshmi Singh,37,Female,O+,Dindigul,9618700136
P05471,Ananya Reddy,14,Female,A+,Vellore,6691364725
P05472,Pooja Rao,25,Female,O+,Madurai,8898535414
P05473,Arjun Sharma,44,Male,O+,Tirunelveli,6363251531
P05474,Harish Menon,26,Male,A+,Salem,7310025904
P05475,Divya Menon,61,Female,A+,Coimbatore,6135951846
P05476,Vivek Reddy,41,Male,AB+,Madurai,6199272419
P05477,Neha Verma,16,Female,O+,Chennai,6559761355
P05478,Harish Reddy,3,Male,O-,Tiruttani,6961770012
P05479,Naveen Patel,56,Male,B+,Tiruppur,8948898331
P05480,Prakash Rao,43,Male,O+,Salem,9525640605
P05481,Kavya Mohan,15,Female,AB+,Chennai,9889509157
P05482,Vivek Mohan,39,Male,B+,Tiruttani,6229822505
P05483,Naveen Singh,32,Male,O+,Trichy,7848420941
P05484,Kavya Menon,88,Female,B+,Hosur,9424579727
P05485,Manoj Sharma,65,Male,A-,Tiruvallur,9180829380
P05486,Kavya Iyer,36,Female,B+,Thanjavur,6290321651
P05487,Lakshmi Patel,40,Female,O+,Trichy,6610727787
P05488,Deepika Patel,89,Female,B+,Tiruppur,8246057050
P05489,Harish Sharma,3,Male,O+,Dindigul,7836825170
P05490,Suresh Mohan,57,Male,B+,Vellore,8674693443
P05491,Manoj Reddy,83,Male,O+,Tiruvallur,8130273220
P05492,Kavya Rao,23,Female,O+,Salem,7344462279
P05493,Naveen Sharma,41,Male,O+,Hosur,8347720484
P05494,Meera Verma,38,Female,O-,Madurai,8559948482
P05495,Divya Gupta,37,Female,A+,Tiruppur,6941300871
P05496,Aditya Reddy,25,Male,B+,Coimbatore,6931824464
P05497,Keerthana Verma,38,Female,B+,Vellore,6602076245
P05498,Ganesh Iyer,64,Male,A+,Tiruvallur,8734857949
P05499,Ananya Raj,35,Female,O+,Vellore,7953705754
P05500,Ananya Patel,35,Female,O+,Coimbatore,7022295185
P05501,Pooja Rao,7,Female,B+,Vellore,9891490876
P05502,Manoj Patel,43,Male,B+,Chennai,9486908026
P05503,Nithya Rao,17,Female,A+,Dindigul,8427497847
P05504,Sneha Reddy,28,Female,A+,Coimbatore,7624993729
P05505,Harini Mohan,50,Female,O+,Trichy,9160426375
P05506,Nithya Babu,22,Female,A-,Salem,6858576050
P05507,Aishwarya Patel,44,Female,A+,Dindigul,8929188194
P05508,Rohan Menon,34,Male,A+,Vellore,8918935805
P05509,Arjun Nair,43,Male,O+,Tiruvallur,9542602442
P05510,Rahul Nair,62,Male,O+,Tirunelveli,8743684850
P05511,Priya Sharma,24,Female,O+,Hosur,8355044057
P05512,Arjun Verma,59,Male,O+,Erode,9201104125
P05513,Nithya Kumar,23,Female,A+,Madurai,8509201198
P05514,Divya Reddy,41,Female,O+,Hosur,8702612592
P05515,Swathi Nair,46,Female,O+,Madurai,6183010084
P05516,Sneha Patel,67,Female,AB+,Dindigul,8518893457
P05517,Keerthana Menon,40,Female,A+,Kanchipuram,6926911616
P05518,Pooja Singh,32,Female,O+,Tirunelveli,8188297876
P05519,Suresh Patel,35,Male,A+,Vellore,9662635754
P05520,Divya Reddy,18,Female,B-,Hosur,9683314214
P05521,Sneha Krishnan,21,Female,O+,Trichy,8705544027
P05522,Lakshmi Mohan,3,Female,O+,Madurai,9589207904
P05523,Aditya Mohan,59,Male,O+,Dindigul,8676348528
P05524,Deepika Reddy,36,Female,AB+,Chennai,8120132796
P05525,Divya Raj,38,Female,O+,Madurai,9177800281
P05526,Rohan Gupta,72,Male,B+,Hosur,8064167021
P05527,Swathi Reddy,65,Female,O+,Tiruppur,8401077250
P05528,Rahul Raj,9,Male,A-,Kanchipuram,8060843829
P05529,Vikram Patel,64,Male,B+,Salem,9187274293
P05530,Manoj Sharma,39,Male,AB+,Trichy,6311596955
P05531,Lakshmi Gupta,60,Female,A+,Erode,7576341625
P05532,Rahul Mohan,26,Male,B+,Dindigul,8739304574
P05533,Ashwin Reddy,43,Male,A+,Dindigul,8779054253
P05534,Vivek Krishnan,3,Male,A+,Tiruttani,6217887287
P05535,Manoj Singh,27,Male,AB+,Trichy,9235483662
P05536,Meera Gupta,29,Female,A+,Trichy,8395302155
P05537,Sneha Reddy,25,Female,A+,Thanjavur,8159105185
P05538,Ashwin Nair,84,Male,A+,Madurai,8810891887
P05539,Ganesh Rao,36,Male,O+,Tiruttani,9388911320
P05540,Aditya Kumar,26,Male,O+,Tiruppur,7961269072
P05541,Ganesh Nair,35,Male,AB+,Hosur,6969091023
P05542,Prakash Raj,22,Male,B+,Thanjavur,9446007919
P05543,Swathi Reddy,22,Female,B+,Thanjavur,8027304997
P05544,Rohan Patel,49,Male,O+,Tiruttani,7301116705
P05545,Karthik Krishnan,8,Male,O+,Vellore,8542365375
P05546,Neha Menon,30,Female,B+,Madurai,6424914859
P05547,Ananya Rao,38,Female,O+,Hosur,7473989301
P05548,Ananya Reddy,85,Female,O+,Madurai,6281150716
P05549,Vikram Reddy,49,Male,O-,Coimbatore,9467530157
P05550,Rohan Patel,27,Male,AB+,Salem,8027679918
P05551,Suresh Raj,66,Male,O+,Tiruttani,8832420095
P05552,Ananya Kumar,75,Female,O+,Kanchipuram,6967642633
P05553,Rahul Iyer,19,Male,AB+,Coimbatore,8741405516
P05554,Harish Gupta,30,Male,B+,Tirunelveli,9693496174
P05555,Kavya Rao,42,Female,O+,Tiruppur,7207570464
P05556,Ganesh Mohan,80,Male,O+,Vellore,8037631748
P05557,Harish Singh,33,Male,O+,Tiruvallur,8182725967
P05558,Suresh Krishnan,32,Male,B+,Tiruppur,7164756091
P05559,Aishwarya Babu,54,Female,AB-,Vellore,6961428234
P05560,Harish Rao,22,Male,A+,Erode,6223534221
P05561,Ganesh Krishnan,21,Male,A+,Erode,6973259896
P05562,Prakash Gupta,53,Male,AB+,Kanchipuram,7758598934
P05563,Meera Reddy,47,Female,B+,Tiruvallur,9940945177
P05564,Harish Sharma,37,Male,B+,Tiruvallur,7950536236
P05565,Vivek Verma,31,Male,AB+,Trichy,6406859646
P05566,Harini Reddy,48,Female,O+,Tiruppur,8489566546
P05567,Meera Gupta,84,Female,A+,Thanjavur,8070046660
P05568,Deepika Reddy,19,Female,B+,Tiruvallur,8471305206
P05569,Nithya Kumar,84,Female,B-,Kanchipuram,9706693548
P05570,Harish Krishnan,3,Male,B+,Coimbatore,9409155816
P05571,Lakshmi Iyer,33,Female,B+,Kanchipuram,6049835632
P05572,Aishwarya Kumar,14,Female,B+,Kanchipuram,8288752576
P05573,Divya Mohan,58,Female,O+,Tiruppur,6975254217
P05574,Manoj Verma,29,Male,A+,Salem,7982634945
P05575,Rohan Babu,20,Male,A+,Hosur,7990495114
P05576,Ganesh Kumar,9,Male,B+,Erode,6269059471
P05577,Vivek Iyer,38,Male,AB+,Tirunelveli,6959818370
P05578,Prakash Menon,33,Male,B+,Hosur,8549707514
P05579,Pooja Nair,27,Female,A-,Erode,6741607319
P05580,Priya Verma,20,Female,A+,Madurai,7566128240
P05581,Naveen Raj,50,Male,A+,Hosur,7064708870
P05582,Kavya Gupta,7,Female,B+,Tiruppur,8027587943
P05583,Harish Kumar,26,Male,B-,Hosur,7365960754
P05584,Kavya Babu,51,Female,O+,Tiruvallur,6069434729
P05585,Swathi Babu,51,Female,O-,Tiruvallur,7299596170
P05586,Keerthana Menon,29,Female,A+,Madurai,6490941254
P05587,Sneha Menon,32,Female,O+,Trichy,7584094308
P05588,Meera Krishnan,59,Female,A+,Salem,6054719961
P05589,Manoj Babu,47,Male,A+,Vellore,6071308028
P05590,Neha Patel,24,Female,O+,Salem,7069535171
P05591,Ananya Verma,21,Female,O+,Coimbatore,8172361328
P05592,Arjun Kumar,65,Male,O+,Tiruttani,7087495033
P05593,Pooja Nair,8,Female,O-,Trichy,6414022695
P05594,Harini Reddy,65,Female,O+,Erode,7618028823
P05595,Meera Nair,30,Female,B-,Coimbatore,8185175309
P05596,Sneha Krishnan,9,Female,B+,Tirunelveli,9820412925
P05597,Aditya Verma,63,Male,B+,Trichy,8144568631
P05598,Pooja Rao,46,Female,O+,Tiruvallur,9151669553
P05599,Manoj Sharma,29,Male,B+,Salem,6488078899
P05600,Vivek Kumar,61,Male,O+,Kanchipuram,8922282102
P05601,Rakesh Patel,72,Male,O+,Tiruvallur,7171932257
P05602,Vivek Nair,42,Male,A+,Tirunelveli,7197732036
P05603,Ganesh Nair,69,Male,AB+,Kanchipuram,6037844576
P05604,Pooja Krishnan,24,Female,O+,Dindigul,8192993223
P05605,Nithya Nair,63,Female,O+,Hosur,9050671566
P05606,Aditya Rao,59,Male,A+,Thanjavur,9109997348
P05607,Prakash Kumar,77,Male,O+,Vellore,6326630562
P05608,Nithya Gupta,30,Female,AB+,Trichy,6091442884
P05609,Keerthana Rao,48,Female,A-,Hosur,6049609133
P05610,Ganesh Mohan,31,Male,AB+,Dindigul,8928750453
P05611,Ganesh Mohan,50,Male,AB+,Salem,7802576998
P05612,Neha Gupta,20,Female,O+,Coimbatore,9896641728
P05613,Deepika Patel,83,Female,A-,Vellore,7394534523
P05614,Sneha Sharma,14,Female,O+,Dindigul,9055979422
P05615,Manoj Menon,15,Male,O+,Tirunelveli,8898936519
P05616,Pooja Patel,57,Female,B+,Tirunelveli,9356619739
P05617,Harini Menon,7,Female,B+,Dindigul,7707794912
P05618,Arjun Iyer,21,Male,B+,Tirunelveli,8702169870
P05619,Ganesh Reddy,88,Male,A+,Dindigul,6173823379
P05620,Ananya Iyer,46,Female,B+,Hosur,8715133269
P05621,Rahul Rao,32,Male,B+,Trichy,6627420860
P05622,Karthik Sharma,30,Male,B+,Tiruvallur,9644796882
P05623,Neha Gupta,16,Female,B+,Tiruppur,7848741520
P05624,Rahul Menon,35,Male,B+,Dindigul,9617473836
P05625,Swathi Menon,42,Female,AB+,Tiruttani,7499856472
P05626,Divya Iyer,89,Female,A+,Thanjavur,7560592338
P05627,Rohan Sharma,44,Male,O+,Trichy,9683129285
P05628,Vikram Menon,52,Male,O-,Kanchipuram,9706715152
P05629,Harini Verma,63,Female,B+,Madurai,9700878132
P05630,Rahul Verma,14,Male,B+,Tiruttani,8798405827
P05631,Suresh Raj,45,Male,B-,Erode,6598989208
P05632,Neha Raj,25,Female,A-,Hosur,7031630733
P05633,Swathi Babu,36,Female,A+,Thanjavur,7122537698
P05634,Neha Reddy,63,Female,O+,Salem,9042071015
P05635,Meera Iyer,42,Female,B+,Thanjavur,6576449322
P05636,Vikram Kumar,61,Male,AB+,Madurai,8289310498
P05637,Aditya Gupta,13,Male,A+,Trichy,6213661592
P05638,Karthik Menon,33,Male,A+,Vellore,6971699175
P05639,Deepika Menon,53,Female,O+,Erode,9511300105
P05640,Rahul Verma,54,Male,B+,Salem,8494156135
P05641,Keerthana Singh,44,Female,O+,Trichy,6565619112
P05642,Deepika Krishnan,46,Female,O+,Chennai,9272419750
P05643,Naveen Rao,60,Male,O+,Erode,9745498562
P05644,Divya Nair,40,Female,B+,Erode,8218673372
P05645,Divya Mohan,42,Female,O+,Madurai,9045165591
P05646,Ananya Nair,83,Female,B+,Madurai,6335021421
P05647,Sneha Sharma,42,Female,O-,Tiruvallur,8372242823
P05648,Kavya Babu,65,Female,B+,Tiruttani,6122302530
P05649,Manoj Nair,73,Male,AB+,Salem,7444051374
P05650,Priya Patel,42,Female,O+,Vellore,6252944930
P05651,Manoj Iyer,25,Male,B+,Tiruttani,9532823320
P05652,Naveen Singh,58,Male,O+,Thanjavur,7560980787
P05653,Ashwin Sharma,73,Male,B+,Hosur,7704022749
P05654,Arjun Krishnan,47,Male,AB+,Dindigul,8829553631
P05655,Nithya Raj,53,Female,A+,Chennai,8885772603
P05656,Vikram Verma,26,Male,A+,Vellore,9670231750
P05657,Arjun Patel,15,Male,AB+,Tirunelveli,8296522119
P05658,Kavya Babu,14,Female,O+,Trichy,7181291686
P05659,Aditya Reddy,32,Male,AB-,Hosur,9381848786
P05660,Keerthana Nair,28,Female,O+,Kanchipuram,9933207625
P05661,Meera Sharma,37,Female,A+,Tiruttani,8859169158
P05662,Manoj Kumar,26,Male,O-,Trichy,6675808273
P05663,Vivek Nair,40,Male,B+,Tiruttani,8158936574
P05664,Neha Singh,43,Female,O-,Dindigul,8257443387
P05665,Ganesh Iyer,14,Male,B+,Madurai,8991196862
P05666,Rahul Verma,81,Male,A+,Tirunelveli,7887206797
P05667,Vikram Rao,21,Male,B+,Erode,8695490010
P05668,Ganesh Rao,49,Male,O+,Hosur,8446330297
P05669,Rakesh Gupta,56,Male,A+,Thanjavur,8740339213
P05670,Naveen Iyer,47,Male,A+,Dindigul,7005156393
P05671,Ananya Verma,13,Female,O+,Kanchipuram,7920133034
P05672,Karthik Rao,36,Male,B+,Coimbatore,8432565094
P05673,Pooja Babu,57,Female,A+,Kanchipuram,9336545315
P05674,Kavya Iyer,44,Female,A+,Tirunelveli,7327332999
P05675,Priya Menon,51,Female,O+,Tirunelveli,9121704379
P05676,Harini Patel,9,Female,O+,Trichy,6241749097
P05677,Vivek Singh,29,Male,A-,Thanjavur,9642074375
P05678,Ashwin Nair,61,Male,A+,Salem,8510816588
P05679,Neha Nair,10,Female,A+,Tiruttani,6477531627
P05680,Priya Singh,64,Female,B+,Dindigul,7515403289
P05681,Ganesh Singh,20,Male,O+,Hosur,6668028946
P05682,Harish Menon,56,Male,O+,Tiruvallur,9175595839
P05683,Rahul Patel,44,Male,O-,Thanjavur,6462956723
P05684,Naveen Patel,35,Male,O+,Tirunelveli,7493747908
P05685,Nithya Mohan,88,Female,A+,Erode,8849169715
P05686,Nithya Verma,30,Female,O-,Kanchipuram,7806335186
P05687,Harish Singh,60,Male,AB+,Tiruvallur,9936766177
P05688,Arjun Krishnan,31,Male,O+,Tiruvallur,9939020014
P05689,Priya Sharma,59,Female,O+,Tiruttani,7400903722
P05690,Aishwarya Reddy,35,Female,O+,Vellore,6960580823
P05691,Arjun Singh,45,Male,O+,Erode,7639555642
P05692,Aditya Kumar,87,Male,A+,Tiruttani,6597011908
P05693,Rakesh Verma,80,Male,A+,Tiruttani,7905158488
P05694,Ganesh Patel,28,Male,O-,Hosur,9272581141
P05695,Neha Gupta,38,Female,O+,Tiruppur,8132851552
P05696,Kavya Krishnan,19,Female,A+,Tiruppur,9902336828
P05697,Neha Babu,63,Female,B+,Hosur,6079472052
P05698,Harish Nair,27,Male,A+,Trichy,8776984311
P05699,Suresh Krishnan,11,Male,B+,Tiruvallur,6043668995
P05700,Priya Menon,21,Female,A+,Vellore,6423164219
P05701,Meera Raj,28,Female,B+,Thanjavur,6598607863
P05702,Karthik Menon,8,Male,B+,Tiruvallur,8682483751
P05703,Priya Singh,55,Female,O+,Thanjavur,8519573009
P05704,Kavya Singh,57,Female,O+,Erode,8483114506
P05705,Divya Iyer,24,Female,AB-,Tiruvallur,7692401385
P05706,Lakshmi Verma,59,Female,A+,Tiruttani,7808522824
P05707,Kavya Krishnan,52,Female,O+,Tirunelveli,8982599551
P05708,Manoj Menon,47,Male,A+,Dindigul,7000679471
P05709,Karthik Kumar,49,Male,O+,Coimbatore,6282055641
P05710,Ashwin Babu,64,Male,AB-,Tiruvallur,6097049221
P05711,Rakesh Verma,76,Male,A+,Thanjavur,8199975254
P05712,Deepika Kumar,43,Female,O+,Kanchipuram,7472512120
P05713,Deepika Raj,36,Female,O+,Kanchipuram,9701943058
P05714,Aishwarya Sharma,34,Female,O+,Vellore,9361240360
P05715,Karthik Nair,42,Male,O+,Chennai,9760240263
P05716,Harini Singh,43,Female,A+,Tiruttani,7529910062
P05717,Aditya Gupta,61,Male,O-,Erode,8238782508
P05718,Ashwin Menon,1,Male,O+,Tiruppur,9476400381
P05719,Priya Singh,3,Female,A+,Tiruvallur,8443374956
P05720,Lakshmi Rao,16,Female,A-,Salem,6072462599
P05721,Swathi Rao,42,Female,B+,Madurai,9550672823
P05722,Priya Rao,18,Female,A-,Trichy,8919986277
P05723,Karthik Rao,43,Male,B+,Hosur,8823131979
P05724,Karthik Iyer,11,Male,A+,Vellore,8351749646
P05725,Deepika Singh,45,Female,O+,Tiruttani,9439516172
P05726,Harini Kumar,44,Female,O+,Tiruppur,8313336143
P05727,Deepika Patel,35,Female,A+,Tiruttani,6711539573
P05728,Vikram Iyer,14,Male,A+,Salem,6290709501
P05729,Sneha Nair,31,Female,A+,Vellore,7057013632
P05730,Swathi Iyer,86,Female,B+,Salem,7715966991
P05731,Swathi Rao,13,Female,O+,Coimbatore,6171327147
P05732,Rahul Rao,33,Male,B-,Chennai,6906613121
P05733,Rakesh Gupta,42,Male,A+,Salem,6683516123
P05734,Keerthana Mohan,29,Female,O+,Madurai,6339309065
P05735,Karthik Rao,25,Male,O+,Kanchipuram,7634818695
P05736,Swathi Krishnan,48,Female,O-,Thanjavur,9490889921
P05737,Rakesh Kumar,23,Male,O+,Dindigul,8736365675
P05738,Swathi Singh,34,Female,O+,Kanchipuram,7822750446
P05739,Harini Babu,60,Female,O+,Dindigul,6299885849
P05740,Aditya Raj,35,Male,A+,Tiruttani,7416860525
P05741,Meera Krishnan,65,Female,A+,Erode,7030838924
P05742,Keerthana Babu,27,Female,O+,Tiruvallur,9542218432
P05743,Ashwin Kumar,42,Male,A+,Tiruvallur,7340107490
P05744,Harish Krishnan,41,Male,O+,Thanjavur,7972804667
P05745,Pooja Verma,16,Female,O+,Coimbatore,6499874270
P05746,Harish Rao,31,Male,AB+,Tiruvallur,7879806665
P05747,Sneha Menon,37,Female,B-,Chennai,8468673040
P05748,Arjun Gupta,38,Male,O+,Thanjavur,6737292687
P05749,Ananya Babu,90,Female,A+,Hosur,7414253360
P05750,Ganesh Rao,65,Male,O+,Erode,6757873594
P05751,Pooja Verma,17,Female,O+,Thanjavur,7357462066
P05752,Sneha Nair,24,Female,A+,Tirunelveli,7528980017
P05753,Swathi Raj,58,Female,AB+,Thanjavur,6156307592
P05754,Harini Nair,80,Female,A+,Tiruttani,6680002731
P05755,Vivek Reddy,56,Male,B-,Madurai,7585799252
P05756,Suresh Krishnan,12,Male,O+,Kanchipuram,9643697794
P05757,Keerthana Nair,60,Female,O+,Kanchipuram,8050318273
P05758,Swathi Raj,51,Female,O+,Dindigul,9677108669
P05759,Aishwarya Gupta,21,Female,B+,Chennai,8839278178
P05760,Deepika Reddy,42,Female,A+,Kanchipuram,9300451297
P05761,Ganesh Mohan,60,Male,O+,Coimbatore,8701811073
P05762,Divya Verma,20,Female,A+,Vellore,9271053883
P05763,Harini Gupta,60,Female,B-,Tiruppur,7156797808
P05764,Neha Menon,30,Female,O+,Dindigul,6723346178
P05765,Ganesh Nair,27,Male,AB+,Thanjavur,8037864118
P05766,Aishwarya Menon,40,Female,A+,Trichy,6848786382
P05767,Pooja Gupta,28,Female,B+,Erode,7513127731
P05768,Keerthana Verma,21,Female,O+,Kanchipuram,9436129151
P05769,Meera Gupta,88,Female,O+,Coimbatore,8858913089
P05770,Harish Nair,29,Male,B+,Tiruvallur,7987248343
P05771,Rakesh Babu,41,Male,AB+,Coimbatore,6712398891
P05772,Harish Mohan,44,Male,A+,Tirunelveli,6899724372
P05773,Nithya Krishnan,72,Female,A+,Tiruppur,7235637108
P05774,Meera Iyer,59,Female,A-,Hosur,8085247195
P05775,Rohan Iyer,12,Male,B-,Hosur,6721871634
P05776,Keerthana Verma,61,Female,AB+,Tiruvallur,7839974135
P05777,Rahul Raj,52,Male,B+,Salem,6929783701
P05778,Suresh Nair,67,Male,AB+,Tiruvallur,9038333112
P05779,Lakshmi Gupta,34,Female,AB+,Vellore,8769662428
P05780,Vikram Nair,33,Male,A+,Erode,8130667123
P05781,Neha Singh,34,Female,AB+,Tiruvallur,8383645482
P05782,Meera Krishnan,34,Female,A+,Thanjavur,9661498710
P05783,Harish Gupta,30,Male,B+,Salem,7909472155
P05784,Meera Reddy,56,Female,O+,Tiruvallur,7821240238
P05785,Suresh Kumar,54,Male,B+,Dindigul,9987313312
P05786,Pooja Raj,83,Female,O+,Tirunelveli,8489365945
P05787,Lakshmi Nair,12,Female,B+,Tiruppur,8785398745
P05788,Meera Verma,29,Female,O+,Madurai,6401810129
P05789,Ganesh Kumar,23,Male,B+,Coimbatore,9796366902
P05790,Rohan Sharma,10,Male,B+,Trichy,8821252855
P05791,Harish Mohan,3,Male,B+,Erode,9352833882
P05792,Divya Krishnan,61,Female,A+,Tirunelveli,6963023598
P05793,Priya Kumar,1,Female,O+,Tirunelveli,8524150765
P05794,Harish Mohan,52,Male,B+,Vellore,6019165092
P05795,Aditya Verma,49,Male,A+,Tiruppur,9127401296
P05796,Lakshmi Singh,17,Female,A+,Dindigul,7476719224
P05797,Neha Raj,71,Female,O+,Thanjavur,8258807612
P05798,Rakesh Nair,11,Male,A+,Tiruttani,8661211237
P05799,Naveen Verma,54,Male,B+,Erode,9229835874
P05800,Kavya Raj,23,Female,O+,Salem,9438428833
P05801,Nithya Babu,48,Female,O+,Erode,8702452859
P05802,Vikram Menon,25,Male,O+,Tiruttani,8211194701
P05803,Vivek Verma,16,Male,O-,Tirunelveli,8190107623
P05804,Lakshmi Rao,39,Female,A+,Madurai,8016743021
P05805,Arjun Verma,33,Male,O+,Tirunelveli,6395894832
P05806,Kavya Babu,74,Female,O+,Tirunelveli,6305968328
P05807,Vikram Iyer,8,Male,A+,Trichy,6493354681
P05808,Deepika Babu,36,Female,A+,Kanchipuram,7878066866
P05809,Prakash Verma,43,Male,B+,Tiruttani,9756638623
P05810,Naveen Rao,25,Male,AB+,Chennai,9795804956
P05811,Priya Iyer,31,Female,O-,Thanjavur,9255578179
P05812,Lakshmi Singh,23,Female,B+,Coimbatore,7674702375
P05813,Lakshmi Krishnan,85,Female,O-,Salem,8446241674
P05814,Kavya Rao,65,Female,A+,Hosur,8960483182
P05815,Rakesh Sharma,29,Male,O+,Tiruttani,7061879963
P05816,Deepika Mohan,54,Female,O+,Dindigul,9882479222
P05817,Neha Raj,13,Female,B+,Tiruttani,9792293989
P05818,Harish Mohan,37,Male,AB+,Madurai,6777055037
P05819,Ganesh Rao,11,Male,B+,Kanchipuram,6247665905
P05820,Suresh Raj,41,Male,A+,Tiruppur,7451015984
P05821,Divya Patel,19,Female,O+,Madurai,9791401864
P05822,Harish Patel,48,Male,A+,Tiruppur,9297272029
P05823,Divya Mohan,35,Female,A+,Dindigul,6261424483
P05824,Ananya Babu,41,Female,O+,Chennai,6126944655
P05825,Vivek Babu,15,Male,O+,Madurai,8823892565
P05826,Pooja Singh,52,Female,A+,Tirunelveli,8874259437
P05827,Harish Patel,29,Male,A-,Erode,9580849947
P05828,Deepika Singh,41,Female,O+,Tiruppur,8488635922
P05829,Rakesh Singh,64,Male,B-,Trichy,8753614326
P05830,Meera Nair,62,Female,A+,Tiruttani,8409194122
P05831,Nithya Menon,66,Female,O+,Thanjavur,8192649928
P05832,Ganesh Sharma,35,Male,B+,Vellore,6739211219
P05833,Ananya Rao,26,Female,O+,Chennai,8927182290
P05834,Kavya Singh,57,Female,O+,Tiruppur,7046122471
P05835,Ananya Sharma,32,Female,AB+,Kanchipuram,6450676146
P05836,Rahul Nair,58,Male,O-,Kanchipuram,6939110989
P05837,Harish Krishnan,40,Male,AB+,Trichy,7273674130
P05838,Harini Patel,5,Female,A+,Dindigul,7243837390
P05839,Ganesh Nair,23,Male,O+,Dindigul,7910618355
P05840,Swathi Singh,54,Female,O+,Tiruttani,9079235955
P05841,Arjun Nair,24,Male,O+,Dindigul,7702789292
P05842,Suresh Nair,31,Male,A+,Thanjavur,8428031084
P05843,Ananya Nair,31,Female,A+,Tiruttani,7993878885
P05844,Naveen Sharma,44,Male,A+,Tiruppur,8718508146
P05845,Ganesh Patel,63,Male,O+,Tiruvallur,9579163392
P05846,Prakash Rao,9,Male,A+,Salem,8801180386
P05847,Priya Iyer,58,Female,B+,Tiruttani,6655751842
P05848,Naveen Raj,28,Male,O+,Chennai,9666322581
P05849,Priya Raj,70,Female,O+,Tiruppur,6994505495
P05850,Harish Reddy,23,Male,O-,Hosur,6794220585
P05851,Manoj Nair,37,Male,O-,Tiruvallur,9309373297
P05852,Prakash Raj,5,Male,O+,Madurai,8680814635
P05853,Harini Kumar,59,Female,O-,Tirunelveli,7407913705
P05854,Deepika Sharma,16,Female,AB+,Tiruvallur,6235662578
P05855,Karthik Babu,12,Male,A+,Salem,7565520133
P05856,Arjun Patel,32,Male,B-,Coimbatore,7020712777
P05857,Prakash Sharma,7,Male,O+,Tirunelveli,9828219272
P05858,Divya Krishnan,56,Female,B+,Tiruvallur,7293276733
P05859,Karthik Reddy,26,Male,A+,Erode,7111608862
P05860,Aditya Menon,31,Male,O+,Tiruvallur,8781832524
P05861,Neha Mohan,57,Female,AB-,Coimbatore,6268215567
P05862,Prakash Reddy,68,Male,O+,Erode,7417154439
P05863,Ananya Rao,41,Female,B+,Trichy,9523499372
P05864,Swathi Gupta,44,Female,B+,Coimbatore,8205853748
P05865,Neha Kumar,15,Female,B+,Tiruppur,6423369390
P05866,Suresh Babu,26,Male,O+,Tiruvallur,9912573782
P05867,Arjun Patel,33,Male,O+,Erode,9665256705
P05868,Meera Menon,16,Female,A+,Vellore,9267153455
P05869,Harini Mohan,74,Female,O+,Tiruttani,7992711083
P05870,Swathi Kumar,44,Female,B+,Tiruttani,9418656738
P05871,Keerthana Singh,55,Female,B-,Erode,9012539053
P05872,Ganesh Verma,77,Male,B+,Kanchipuram,6360402451
P05873,Lakshmi Sharma,35,Female,A+,Hosur,7283153389
P05874,Priya Sharma,67,Female,A+,Erode,8275349587
P05875,Pooja Nair,55,Female,B+,Tirunelveli,8225032467
P05876,Neha Mohan,61,Female,B+,Dindigul,8226571141
P05877,Meera Verma,24,Female,A+,Tiruppur,6842659798
P05878,Meera Singh,47,Female,O+,Tiruttani,9114230818
P05879,Harish Raj,60,Male,O+,Tiruttani,6034631789
P05880,Karthik Iyer,41,Male,O+,Kanchipuram,6369969178
P05881,Nithya Kumar,8,Female,B+,Vellore,8883221974
P05882,Karthik Rao,73,Male,O+,Salem,8035901818
P05883,Arjun Reddy,86,Male,O+,Chennai,8538120446
P05884,Harini Gupta,36,Female,B+,Dindigul,6654552180
P05885,Lakshmi Gupta,34,Female,A+,Trichy,7871832950
P05886,Deepika Kumar,88,Female,O+,Tiruttani,9998452761
P05887,Karthik Menon,50,Male,O-,Salem,8418424350
P05888,Neha Sharma,55,Female,A+,Trichy,6831859249
P05889,Suresh Nair,20,Male,O+,Hosur,6730638556
P05890,Ashwin Gupta,63,Male,O+,Trichy,7258797726
P05891,Rohan Krishnan,59,Male,O+,Kanchipuram,6824891824
P05892,Divya Iyer,60,Female,O+,Hosur,8009299695
P05893,Naveen Kumar,27,Male,A+,Thanjavur,6188158582
P05894,Vivek Gupta,57,Male,A+,Vellore,7916543496
P05895,Lakshmi Kumar,41,Female,O+,Kanchipuram,8911281101
P05896,Manoj Sharma,23,Male,A+,Thanjavur,9520635724
P05897,Suresh Menon,12,Male,B-,Kanchipuram,9217720744
P05898,Sneha Verma,50,Female,A+,Thanjavur,7391172283
P05899,Divya Sharma,43,Female,B+,Dindigul,8870485959
P05900,Naveen Gupta,41,Male,O+,Hosur,6196971687
P05901,Lakshmi Patel,25,Female,AB+,Dindigul,9184762974
P05902,Swathi Nair,48,Female,A+,Coimbatore,6102763090
P05903,Manoj Raj,57,Male,A+,Dindigul,9452319134
P05904,Harish Nair,41,Male,O+,Tiruvallur,6665420986
P05905,Pooja Raj,13,Female,A+,Tiruppur,8181442102
P05906,Prakash Babu,11,Male,O+,Tiruppur,7436193538
P05907,Neha Raj,13,Female,A+,Vellore,8813524624
P05908,Lakshmi Kumar,23,Female,A+,Hosur,6025383697
P05909,Swathi Sharma,46,Female,A+,Tiruttani,8208969582
P05910,Ananya Nair,65,Female,O+,Vellore,7925346058
P05911,Rahul Mohan,30,Male,O+,Tirunelveli,9377534245
P05912,Karthik Mohan,33,Male,B+,Erode,7864331145
P05913,Prakash Babu,23,Male,O+,Thanjavur,6708395406
P05914,Rohan Sharma,45,Male,A+,Salem,9454830386
P05915,Harish Singh,37,Male,O+,Erode,9218407667
P05916,Harish Mohan,35,Male,A+,Chennai,6824336160
P05917,Keerthana Babu,67,Female,B-,Madurai,7836682406
P05918,Harish Rao,35,Male,B+,Tirunelveli,9174953876
P05919,Swathi Rao,85,Female,A+,Tirunelveli,7433125475
P05920,Priya Rao,8,Female,B+,Thanjavur,6622414198
P05921,Harish Kumar,50,Male,O+,Tiruppur,7373350206
P05922,Nithya Babu,52,Female,B+,Hosur,8781469676
P05923,Ananya Menon,33,Female,A+,Salem,6887381294
P05924,Divya Mohan,39,Female,O-,Chennai,8491246902
P05925,Swathi Krishnan,43,Female,O+,Tirunelveli,7017489090
P05926,Harish Iyer,3,Male,A-,Tiruppur,8320671467
P05927,Vikram Raj,9,Male,A+,Kanchipuram,9321475252
P05928,Keerthana Iyer,59,Female,O+,Tiruvallur,8221705075
P05929,Nithya Rao,8,Female,AB+,Thanjavur,7126428879
P05930,Priya Patel,53,Female,O+,Hosur,6679016861
P05931,Harish Menon,38,Male,AB+,Madurai,8147119526
P05932,Divya Iyer,19,Female,AB+,Tiruvallur,6395447556
P05933,Ganesh Patel,54,Male,O+,Thanjavur,6185516877
P05934,Arjun Sharma,54,Male,A+,Vellore,6480356761
P05935,Rohan Singh,13,Male,O+,Tiruppur,8422253861
P05936,Vivek Raj,17,Male,O-,Chennai,9206818369
P05937,Karthik Menon,40,Male,B+,Thanjavur,8738872400
P05938,Suresh Iyer,13,Male,AB+,Chennai,7911380818
P05939,Vikram Nair,80,Male,B+,Thanjavur,8417422654
P05940,Ananya Verma,1,Female,O-,Coimbatore,9334078142
P05941,Deepika Raj,73,Female,O+,Tiruppur,7934875535
P05942,Lakshmi Gupta,63,Female,B+,Thanjavur,6323866429
P05943,Deepika Mohan,15,Female,A-,Salem,7175396775
P05944,Aditya Reddy,46,Male,O+,Tiruttani,6358107902
P05945,Aishwarya Verma,41,Female,AB+,Thanjavur,9770214745
P05946,Keerthana Kumar,86,Female,O+,Erode,8347993184
P05947,Deepika Babu,35,Female,O+,Tiruppur,9678367606
P05948,Neha Mohan,89,Female,A+,Kanchipuram,8863082539
P05949,Arjun Patel,14,Male,A+,Tiruvallur,6040492224
P05950,Rakesh Mohan,59,Male,AB+,Tirunelveli,6064064627
P05951,Pooja Iyer,26,Female,O+,Coimbatore,8758780776
P05952,Aishwarya Krishnan,33,Female,B-,Trichy,9297855296
P05953,Neha Krishnan,32,Female,A+,Erode,6113955434
P05954,Rohan Menon,48,Male,A+,Thanjavur,8558081786
P05955,Aishwarya Mohan,63,Female,A+,Tiruppur,8605110353
P05956,Neha Iyer,85,Female,AB-,Vellore,8580009631
P05957,Manoj Raj,9,Male,B+,Tirunelveli,8316659373
P05958,Priya Sharma,4,Female,A+,Chennai,6195873019
P05959,Rakesh Menon,49,Male,B-,Erode,8348222471
P05960,Deepika Patel,56,Female,O+,Tiruttani,8854895987
P05961,Rahul Gupta,79,Male,B+,Kanchipuram,9213868611
P05962,Prakash Menon,61,Male,B+,Madurai,6129042408
P05963,Vivek Menon,45,Male,A+,Tirunelveli,7433730900
P05964,Aditya Reddy,28,Male,AB+,Trichy,9410406331
P05965,Aishwarya Verma,32,Female,O+,Dindigul,9646191585
P05966,Ganesh Kumar,39,Male,AB+,Tiruvallur,6463194523
P05967,Sneha Sharma,32,Female,A-,Coimbatore,6543844126
P05968,Karthik Krishnan,59,Male,O+,Tiruppur,6345962635
P05969,Rohan Raj,23,Male,AB+,Tiruppur,6480766609
P05970,Divya Mohan,44,Female,O+,Tiruttani,7449517642
P05971,Harini Gupta,20,Female,O+,Salem,6610059482
P05972,Lakshmi Kumar,65,Female,A-,Tiruttani,6131972858
P05973,Karthik Verma,62,Male,O+,Tiruttani,6460288368
P05974,Aishwarya Rao,28,Female,O+,Hosur,9439398818
P05975,Lakshmi Gupta,36,Female,AB+,Salem,7643077207
P05976,Ganesh Raj,15,Male,B+,Dindigul,8980998895
P05977,Vivek Nair,38,Male,B+,Chennai,7510583784
P05978,Priya Kumar,75,Female,O+,Coimbatore,6890550778
P05979,Meera Gupta,37,Female,B+,Thanjavur,9918149835
P05980,Rakesh Raj,25,Male,A+,Tiruttani,6905973077
P05981,Neha Sharma,12,Female,A+,Trichy,9575410031
P05982,Swathi Gupta,70,Female,O+,Dindigul,8923816514
P05983,Ashwin Menon,22,Male,O+,Tiruttani,8928406453
P05984,Naveen Menon,71,Male,B-,Tiruppur,7197357188
P05985,Ganesh Rao,33,Male,AB+,Trichy,9951215487
P05986,Priya Rao,38,Female,A+,Salem,9906143563
P05987,Arjun Rao,15,Male,B+,Coimbatore,9150824861
P05988,Suresh Sharma,37,Male,O+,Tiruvallur,7788414574
P05989,Meera Patel,40,Female,A+,Thanjavur,7767163447
P05990,Swathi Rao,32,Female,O+,Hosur,9975753045
P05991,Vivek Verma,8,Male,O+,Tiruvallur,6131439692
P05992,Ananya Gupta,62,Female,O-,Madurai,6930750475
P05993,Nithya Kumar,60,Female,O+,Hosur,9417450115
P05994,Harini Gupta,48,Female,AB+,Vellore,6197516447
P05995,Keerthana Mohan,35,Female,B+,Tiruttani,8976210897
P05996,Neha Raj,35,Female,O-,Madurai,9848139519
P05997,Suresh Nair,42,Male,A+,Tiruppur,8085626239
P05998,Suresh Sharma,68,Male,O+,Salem,9174971364
P05999,Karthik Patel,90,Male,B+,Salem,9895081648
P06000,Nithya Raj,45,Female,A+,Erode,6517938525
P06001,Ashwin Nair,60,Male,O+,Salem,6571737715
P06002,Harini Rao,31,Female,A+,Trichy,9608981920
P06003,Naveen Reddy,32,Male,AB+,Vellore,8258788702
P06004,Rahul Reddy,54,Male,B+,Hosur,6416166945
P06005,Neha Iyer,46,Female,A+,Coimbatore,8991454228
P06006,Kavya Iyer,61,Female,A+,Madurai,6117139608
P06007,Rakesh Rao,28,Male,A+,Dindigul,8241656738
P06008,Neha Babu,7,Female,O+,Tirunelveli,8175626923
P06009,Manoj Rao,25,Male,O+,Madurai,7676773798
P06010,Manoj Kumar,62,Male,O+,Thanjavur,8848515969
P06011,Vikram Verma,23,Male,O+,Salem,7432990325
P06012,Aditya Sharma,33,Male,AB+,Thanjavur,9515895277
P06013,Manoj Menon,5,Male,AB+,Tirunelveli,6504638282
P06014,Karthik Singh,27,Male,A+,Tirunelveli,8152717767
P06015,Pooja Singh,24,Female,B+,Chennai,8566094469
P06016,Neha Gupta,37,Female,O+,Salem,6962625789
P06017,Pooja Sharma,43,Female,O+,Tirunelveli,9928108717
P06018,Deepika Rao,14,Female,B-,Tirunelveli,7886802263
P06019,Aishwarya Verma,17,Female,B+,Dindigul,9363177626
P06020,Rahul Mohan,37,Male,B+,Hosur,7170870145
P06021,Rakesh Singh,57,Male,A+,Chennai,7695755526
P06022,Pooja Singh,14,Female,O+,Vellore,6099190798
P06023,Divya Krishnan,5,Female,O-,Trichy,9804009563
P06024,Harini Menon,53,Female,O+,Madurai,9784151661
P06025,Keerthana Patel,32,Female,A-,Coimbatore,8643962197
P06026,Kavya Kumar,25,Female,O-,Madurai,6275142145
P06027,Aishwarya Rao,9,Female,A+,Tirunelveli,7520862076
P06028,Swathi Raj,14,Female,A+,Chennai,9188947578
P06029,Sneha Sharma,26,Female,A+,Tiruvallur,6360209628
P06030,Neha Krishnan,47,Female,A-,Tiruvallur,7099975706
P06031,Ganesh Rao,38,Male,A+,Thanjavur,6204378815
P06032,Suresh Sharma,83,Male,B+,Madurai,6525756907
P06033,Vikram Gupta,55,Male,B+,Tiruvallur,9487340571
P06034,Swathi Babu,36,Female,A+,Dindigul,8946343152
P06035,Rakesh Rao,37,Male,AB+,Erode,9298251628
P06036,Rakesh Singh,31,Male,B+,Tiruppur,6641001283
P06037,Kavya Mohan,31,Female,O+,Tiruppur,8108370890
P06038,Lakshmi Iyer,45,Female,A-,Dindigul,7196528445
P06039,Lakshmi Kumar,45,Female,A+,Tiruppur,6897990323
P06040,Neha Sharma,26,Female,O+,Coimbatore,7969354198
P06041,Karthik Mohan,10,Male,A+,Kanchipuram,8659552366
P06042,Aditya Babu,16,Male,A+,Dindigul,6157899370
P06043,Rakesh Rao,38,Male,O+,Coimbatore,6882931448
P06044,Keerthana Babu,65,Female,O+,Tirunelveli,8257260449
P06045,Prakash Reddy,30,Male,B+,Madurai,9390988025
P06046,Ganesh Patel,17,Male,O-,Tiruvallur,7712449778
P06047,Deepika Raj,79,Female,A+,Tirunelveli,7505284304
P06048,Meera Krishnan,50,Female,O+,Salem,7220394805
P06049,Manoj Babu,23,Male,O-,Erode,7437826259
P06050,Harini Patel,32,Female,A+,Tiruvallur,7214957957
P06051,Aishwarya Singh,3,Female,B+,Hosur,7401143205
P06052,Neha Rao,4,Female,O-,Madurai,9788784415
P06053,Rohan Singh,30,Male,A+,Tiruttani,6074852986
P06054,Harini Patel,30,Female,O+,Erode,8924720817
P06055,Vivek Verma,37,Male,B+,Vellore,8942596237
P06056,Ananya Mohan,49,Female,AB+,Madurai,9395116737
P06057,Lakshmi Krishnan,61,Female,A+,Madurai,8021544238
P06058,Ashwin Menon,80,Male,O+,Salem,8740278062
P06059,Prakash Raj,20,Male,O+,Vellore,7523045142
P06060,Pooja Gupta,41,Female,O+,Kanchipuram,6412495688
P06061,Prakash Mohan,2,Male,B+,Kanchipuram,9974269411
P06062,Vivek Krishnan,25,Male,O+,Tirunelveli,6038090131
P06063,Ananya Rao,68,Female,A+,Trichy,6313479219
P06064,Vikram Babu,21,Male,B+,Hosur,9718560671
P06065,Neha Verma,45,Female,B+,Coimbatore,7320107355
P06066,Rakesh Raj,1,Male,A+,Tiruttani,9288916940
P06067,Swathi Singh,19,Female,O+,Dindigul,9882903118
P06068,Priya Mohan,47,Female,A+,Coimbatore,6666508562
P06069,Divya Patel,42,Female,O-,Coimbatore,9904298565
P06070,Ananya Mohan,20,Female,B-,Tiruvallur,6275458143
P06071,Ganesh Reddy,24,Male,AB+,Vellore,8746621678
P06072,Divya Patel,59,Female,O+,Erode,6891763902
P06073,Kavya Kumar,70,Female,O+,Salem,7806459963
P06074,Naveen Rao,29,Male,B+,Tiruttani,6988235196
P06075,Manoj Gupta,38,Male,O-,Vellore,9558147912
P06076,Rohan Sharma,36,Male,O+,Chennai,9588490289
P06077,Harish Kumar,24,Male,B+,Hosur,9979293625
P06078,Lakshmi Raj,88,Female,O+,Dindigul,8373260808
P06079,Naveen Nair,90,Male,O+,Erode,7656654862
P06080,Karthik Babu,78,Male,O+,Hosur,6958000489
P06081,Aditya Rao,63,Male,B+,Salem,9651163993
P06082,Prakash Nair,24,Male,O+,Tiruvallur,6893977704
P06083,Rohan Babu,49,Male,A+,Vellore,8903069569
P06084,Nithya Patel,35,Female,AB+,Tiruttani,9451873651
P06085,Keerthana Rao,35,Female,O-,Salem,7920213482
P06086,Karthik Menon,32,Male,A+,Trichy,8802873539
P06087,Ananya Sharma,40,Female,AB+,Tiruppur,7587586285
P06088,Kavya Iyer,25,Female,O+,Salem,6896105360
P06089,Kavya Babu,16,Female,A+,Kanchipuram,9907504331
P06090,Nithya Gupta,84,Female,B+,Tiruttani,6046281593
P06091,Manoj Verma,42,Male,B+,Dindigul,8011606416
P06092,Neha Raj,12,Female,O+,Dindigul,6631197921
P06093,Rakesh Sharma,47,Male,A+,Tiruppur,7535187863
P06094,Neha Menon,60,Female,B+,Hosur,6795035588
P06095,Ashwin Patel,15,Male,O+,Tiruppur,7974887697
P06096,Suresh Reddy,13,Male,O+,Salem,7890237024
P06097,Karthik Menon,69,Male,AB+,Tiruppur,6859286867
P06098,Suresh Mohan,39,Male,A+,Erode,9159885101
P06099,Naveen Raj,23,Male,O+,Thanjavur,8640517958
P06100,Rahul Gupta,20,Male,A+,Vellore,8146209759
P06101,Ganesh Raj,81,Male,A+,Tiruttani,6400720322
P06102,Harini Raj,57,Female,AB+,Tiruppur,8828597121
P06103,Aishwarya Rao,27,Female,B+,Erode,6804987509
P06104,Sneha Babu,24,Female,A+,Madurai,9776797717
P06105,Swathi Raj,67,Female,AB+,Chennai,6177894445
P06106,Ashwin Verma,61,Male,B+,Chennai,8036873391
P06107,Rohan Rao,52,Male,AB+,Chennai,9313487422
P06108,Kavya Raj,45,Female,AB+,Vellore,8414398401
P06109,Suresh Mohan,62,Male,O+,Salem,7880192763
P06110,Nithya Krishnan,31,Female,O-,Hosur,8509942414
P06111,Sneha Verma,84,Female,A+,Tiruvallur,9430040638
P06112,Lakshmi Babu,62,Female,B-,Tiruppur,7951865614
P06113,Rakesh Raj,18,Male,O+,Salem,9600532589
P06114,Keerthana Menon,78,Female,B-,Tiruppur,9210698357
P06115,Meera Gupta,63,Female,A-,Trichy,7127083457
P06116,Arjun Nair,13,Male,A-,Vellore,8965738733
P06117,Ananya Raj,30,Female,B+,Dindigul,9504657846
P06118,Keerthana Babu,70,Female,B+,Coimbatore,8124013265
P06119,Vivek Iyer,73,Male,O-,Tiruvallur,6850375233
P06120,Divya Raj,54,Female,B+,Thanjavur,8086750193
P06121,Ashwin Raj,55,Male,O+,Tirunelveli,7915327639
P06122,Pooja Krishnan,28,Female,O+,Madurai,8704855131
P06123,Ganesh Rao,73,Male,A-,Dindigul,6611358884
P06124,Aishwarya Mohan,36,Female,O+,Madurai,6599890011
P06125,Naveen Sharma,26,Male,A+,Erode,7893082107
P06126,Ashwin Kumar,41,Male,B-,Tiruppur,9874563473
P06127,Sneha Babu,73,Female,O+,Kanchipuram,8063386160
P06128,Karthik Reddy,34,Male,B+,Dindigul,9782771050
P06129,Harish Krishnan,33,Male,O+,Dindigul,7121383083
P06130,Prakash Mohan,17,Male,A+,Madurai,6424001742
P06131,Swathi Sharma,17,Female,B-,Trichy,8336707628
P06132,Ashwin Verma,65,Male,B+,Vellore,6052440847
P06133,Harini Babu,13,Female,O+,Vellore,6898687781
P06134,Aditya Menon,30,Male,A-,Salem,8896653676
P06135,Arjun Nair,21,Male,A+,Tiruppur,7731829131
P06136,Vikram Rao,27,Male,A+,Madurai,6462222544
P06137,Lakshmi Raj,53,Female,B+,Tiruvallur,8926691976
P06138,Meera Iyer,5,Female,B-,Vellore,7496794847
P06139,Ganesh Babu,61,Male,A+,Tirunelveli,7856483098
P06140,Naveen Sharma,27,Male,B+,Dindigul,7033562640
P06141,Nithya Mohan,36,Female,O+,Hosur,7722816059
P06142,Priya Patel,20,Female,O+,Tirunelveli,6781976731
P06143,Neha Sharma,25,Female,A+,Tiruvallur,7605020651
P06144,Aishwarya Mohan,13,Female,O+,Thanjavur,9905362639
P06145,Meera Rao,39,Female,B+,Vellore,8625665481
P06146,Rahul Raj,41,Male,O+,Tiruppur,8117643996
P06147,Aditya Nair,34,Male,A+,Dindigul,7071297258
P06148,Ananya Iyer,25,Female,O+,Hosur,6542890056
P06149,Kavya Sharma,50,Female,B+,Salem,8050448391
P06150,Lakshmi Iyer,47,Female,O+,Tirunelveli,7787970415
P06151,Kavya Reddy,34,Female,B-,Madurai,9596682927
P06152,Arjun Krishnan,61,Male,O+,Tiruvallur,8707348567
P06153,Neha Menon,86,Female,A+,Chennai,9974993757
P06154,Vivek Mohan,9,Male,A+,Trichy,9665043448
P06155,Pooja Singh,49,Female,B+,Tiruppur,6162302482
P06156,Vikram Babu,47,Male,O+,Tiruppur,8575226255
P06157,Neha Iyer,25,Female,B-,Dindigul,8930117968
P06158,Ananya Verma,13,Female,B+,Erode,7491248668
P06159,Harish Kumar,19,Male,O+,Salem,8770143892
P06160,Harish Menon,58,Male,O+,Erode,7211017992
P06161,Vivek Nair,8,Male,A+,Dindigul,8975333565
P06162,Meera Verma,17,Female,A+,Coimbatore,8884529693
P06163,Naveen Gupta,24,Male,O+,Tirunelveli,6072790873
P06164,Ashwin Babu,23,Male,O+,Tirunelveli,6507838865
P06165,Neha Gupta,29,Female,B+,Tiruvallur,7466522897
P06166,Lakshmi Iyer,65,Female,AB+,Hosur,6886010256
P06167,Prakash Gupta,59,Male,B+,Kanchipuram,6146898963
P06168,Vivek Nair,34,Male,A-,Tiruvallur,7550834840
P06169,Aditya Raj,22,Male,B+,Vellore,7447928970
P06170,Harish Singh,42,Male,A-,Madurai,9185885339
P06171,Rakesh Gupta,43,Male,A-,Tirunelveli,7095256308
P06172,Arjun Mohan,4,Male,B+,Coimbatore,9741260091
P06173,Vikram Sharma,13,Male,A+,Thanjavur,8994474622
P06174,Harini Gupta,27,Female,A+,Trichy,6318634555
P06175,Harini Nair,1,Female,B+,Erode,9540712989
P06176,Swathi Kumar,20,Female,B+,Madurai,9588731450
P06177,Harish Iyer,15,Male,O+,Vellore,8532208127
P06178,Swathi Gupta,14,Female,B+,Chennai,9112840172
P06179,Suresh Babu,24,Male,A+,Thanjavur,7268908268
P06180,Manoj Raj,30,Male,O+,Madurai,9969880491
P06181,Vivek Verma,1,Male,O+,Tiruttani,7919770744
P06182,Ashwin Krishnan,81,Male,B+,Erode,8173891455
P06183,Rohan Singh,35,Male,B+,Thanjavur,8024464285
P06184,Sneha Babu,44,Female,O+,Hosur,7209042584
P06185,Karthik Krishnan,28,Male,O+,Tiruttani,6807722441
P06186,Harini Singh,52,Female,O+,Tiruppur,7593050699
P06187,Divya Rao,50,Female,A-,Tiruppur,8492598764
P06188,Manoj Verma,12,Male,A+,Tirunelveli,7690164423
P06189,Priya Sharma,55,Female,O+,Tiruvallur,7105177578
P06190,Ananya Krishnan,18,Female,AB+,Thanjavur,6662690911
P06191,Meera Raj,19,Female,B+,Madurai,7378630701
P06192,Manoj Krishnan,49,Male,B+,Hosur,6889780332
P06193,Rahul Singh,36,Male,A+,Salem,9705803071
P06194,Lakshmi Verma,29,Female,O+,Kanchipuram,7872441113
P06195,Nithya Iyer,4,Female,AB+,Coimbatore,9519681469
P06196,Arjun Nair,78,Male,O+,Hosur,8631424382
P06197,Suresh Babu,15,Male,A+,Vellore,9538410240
P06198,Divya Reddy,78,Female,O+,Tirunelveli,6543113096
P06199,Vivek Nair,25,Male,B+,Tiruvallur,9942285220
P06200,Harini Iyer,13,Female,B+,Tirunelveli,8305047827
P06201,Meera Menon,60,Female,B+,Tiruvallur,8465267499
P06202,Ganesh Verma,28,Male,B+,Coimbatore,6737660625
P06203,Manoj Nair,35,Male,O+,Tiruvallur,7415396608
P06204,Priya Raj,45,Female,A+,Chennai,9851496873
P06205,Neha Verma,88,Female,B+,Vellore,6189134931
P06206,Keerthana Nair,26,Female,B+,Tiruttani,9093888295
P06207,Meera Nair,41,Female,O+,Hosur,6789880196
P06208,Karthik Iyer,3,Male,B-,Coimbatore,9253404444
P06209,Rakesh Nair,48,Male,AB+,Tiruvallur,9259667956
P06210,Rahul Iyer,37,Male,O+,Coimbatore,8633959757
P06211,Neha Gupta,61,Female,B+,Tirunelveli,9276514924
P06212,Arjun Kumar,59,Male,B+,Chennai,7181366206
P06213,Keerthana Singh,3,Female,B+,Coimbatore,9745188934
P06214,Aishwarya Iyer,2,Female,O+,Chennai,6003085973
P06215,Priya Singh,17,Female,O+,Vellore,9951322266
P06216,Priya Gupta,46,Female,O+,Thanjavur,9569490457
P06217,Aishwarya Sharma,16,Female,A+,Madurai,9045158284
P06218,Rakesh Singh,42,Male,B+,Dindigul,6974430278
P06219,Rahul Nair,55,Male,O+,Tirunelveli,9851205404
P06220,Manoj Menon,40,Male,A+,Tiruttani,8541321460
P06221,Aishwarya Rao,48,Female,AB+,Tiruvallur,7393957847
P06222,Keerthana Patel,5,Female,A+,Tiruppur,7453138678
P06223,Vikram Singh,23,Male,A+,Dindigul,7237405171
P06224,Divya Nair,73,Female,O+,Erode,8613814200
P06225,Naveen Nair,53,Male,B+,Dindigul,9362756295
P06226,Karthik Babu,55,Male,O+,Trichy,8674520826
P06227,Vivek Patel,42,Male,B+,Tiruppur,8116012403
P06228,Priya Iyer,43,Female,O+,Erode,9575849875
P06229,Harini Raj,42,Female,AB+,Hosur,9931993896
P06230,Rohan Patel,14,Male,O+,Tiruvallur,7862685038
P06231,Deepika Raj,5,Female,B-,Hosur,6010163290
P06232,Arjun Menon,51,Male,O+,Kanchipuram,8960733125
P06233,Nithya Babu,34,Female,O-,Chennai,6214024998
P06234,Rakesh Krishnan,15,Male,O+,Tiruppur,9152231284
P06235,Manoj Patel,31,Male,A+,Tirunelveli,7592532425
P06236,Nithya Raj,44,Female,O+,Tirunelveli,8492989618
P06237,Divya Reddy,31,Female,A+,Tiruppur,9262458522
P06238,Keerthana Krishnan,19,Female,AB+,Madurai,9838884610
P06239,Sneha Mohan,25,Female,B+,Vellore,9940669425
P06240,Rakesh Patel,30,Male,A+,Vellore,7933841962
P06241,Ganesh Gupta,29,Male,O+,Thanjavur,8884697538
P06242,Aishwarya Iyer,36,Female,A+,Madurai,6661131761
P06243,Nithya Mohan,42,Female,B+,Vellore,9487087284
P06244,Rahul Kumar,80,Male,B+,Tirunelveli,7540560201
P06245,Meera Reddy,56,Female,B+,Vellore,9905380534
P06246,Divya Kumar,72,Female,O+,Dindigul,9307030885
P06247,Nithya Krishnan,23,Female,O+,Erode,8763895608
P06248,Deepika Babu,23,Female,B+,Vellore,7774601108
P06249,Lakshmi Iyer,44,Female,O+,Coimbatore,6358751460
P06250,Karthik Patel,13,Male,B+,Vellore,7034499195
P06251,Priya Sharma,80,Female,O+,Kanchipuram,7035449253
P06252,Rohan Raj,28,Male,O+,Vellore,9264008938
P06253,Divya Patel,43,Female,B+,Tirunelveli,9666430673
P06254,Divya Kumar,21,Female,A+,Tiruvallur,8621848177
P06255,Divya Patel,55,Female,O-,Dindigul,9166173474
P06256,Karthik Raj,10,Male,O+,Trichy,9509707102
P06257,Manoj Reddy,32,Male,O+,Madurai,7096183038
P06258,Sneha Rao,29,Female,AB+,Erode,8284007826
P06259,Rahul Krishnan,25,Male,AB+,Salem,9910022591
P06260,Meera Iyer,54,Female,O+,Dindigul,7210558911
P06261,Rahul Kumar,73,Male,O+,Thanjavur,7270344184
P06262,Harini Kumar,52,Female,A+,Chennai,6554055586
P06263,Kavya Patel,17,Female,A+,Chennai,6231341916
P06264,Naveen Rao,21,Male,O+,Tiruvallur,6531480810
P06265,Manoj Singh,23,Male,O+,Madurai,6193002079
P06266,Aditya Verma,16,Male,AB+,Dindigul,7800817441
P06267,Vivek Kumar,51,Male,B+,Tiruttani,9894666298
P06268,Prakash Verma,42,Male,A+,Vellore,7341765036
P06269,Karthik Gupta,4,Male,O+,Thanjavur,9271981098
P06270,Harini Menon,59,Female,O+,Madurai,7882652343
P06271,Suresh Kumar,33,Male,O+,Dindigul,8956910352
P06272,Nithya Mohan,49,Female,A+,Salem,6995818501
P06273,Arjun Rao,22,Male,A-,Coimbatore,9634701654
P06274,Naveen Iyer,62,Male,O+,Kanchipuram,8631761973
P06275,Rahul Menon,29,Male,O+,Chennai,7989905679
P06276,Neha Mohan,45,Female,O+,Kanchipuram,6184042116
P06277,Vikram Menon,49,Male,A+,Trichy,8139337361
P06278,Swathi Rao,23,Female,A+,Kanchipuram,8587448531
P06279,Suresh Raj,12,Male,A+,Hosur,9648970464
P06280,Rakesh Kumar,24,Male,O+,Kanchipuram,9337094726
P06281,Rahul Verma,33,Male,O+,Tiruppur,6615743551
P06282,Aditya Menon,53,Male,B+,Coimbatore,6945296724
P06283,Suresh Krishnan,27,Male,O+,Kanchipuram,8791026974
P06284,Naveen Gupta,58,Male,A+,Kanchipuram,9463643044
P06285,Harini Raj,45,Female,A+,Tiruttani,6157606700
P06286,Karthik Krishnan,26,Male,O+,Trichy,9810098253
P06287,Suresh Iyer,45,Male,B+,Tiruppur,9281623659
P06288,Pooja Nair,64,Female,AB+,Coimbatore,7685749452
P06289,Rohan Raj,83,Male,B+,Tiruttani,8367809227
P06290,Rohan Patel,44,Male,A+,Madurai,6256937468
P06291,Meera Gupta,62,Female,O+,Chennai,7537285839
P06292,Ashwin Sharma,75,Male,AB+,Trichy,6073771506
P06293,Vikram Krishnan,38,Male,O-,Salem,9028807338
P06294,Ganesh Verma,55,Male,O+,Tiruppur,7161236528
P06295,Manoj Gupta,25,Male,B+,Tiruppur,7744582574
P06296,Vikram Nair,51,Male,O+,Tiruttani,8934530395
P06297,Prakash Menon,43,Male,A+,Tiruttani,6139503854
P06298,Vikram Singh,42,Male,B-,Dindigul,9932096672
P06299,Aditya Reddy,39,Male,A-,Tiruttani,7788434758
P06300,Priya Rao,82,Female,B+,Coimbatore,9572652846
P06301,Rohan Gupta,35,Male,O+,Coimbatore,9510656886
P06302,Meera Rao,50,Female,O+,Vellore,7999331299
P06303,Rahul Mohan,57,Male,O+,Tiruttani,9051665234
P06304,Rahul Gupta,18,Male,B+,Tiruppur,7998164846
P06305,Suresh Babu,49,Male,O+,Trichy,7603411462
P06306,Keerthana Mohan,36,Female,B+,Coimbatore,8809493055
P06307,Suresh Kumar,44,Male,O+,Tiruppur,7804114575
P06308,Vikram Gupta,28,Male,A+,Tiruppur,7606780831
P06309,Suresh Singh,86,Male,A+,Dindigul,9722995521
P06310,Aishwarya Reddy,73,Female,O+,Erode,6555968413
P06311,Rakesh Rao,40,Male,O+,Tiruttani,9856920283
P06312,Sneha Raj,38,Female,AB+,Tiruppur,7667315841
P06313,Ananya Verma,20,Female,B+,Tirunelveli,7199076515
P06314,Arjun Verma,56,Male,O+,Erode,8686067844
P06315,Kavya Sharma,16,Female,A+,Tiruttani,8700698219
P06316,Prakash Kumar,17,Male,O+,Tiruppur,6248644998
P06317,Rakesh Patel,36,Male,O+,Tiruvallur,6743402197
P06318,Ganesh Reddy,4,Male,O-,Erode,8234863415
P06319,Rahul Iyer,39,Male,A+,Salem,9714485907
P06320,Vikram Rao,25,Male,A+,Salem,7861624843
P06321,Harish Iyer,54,Male,O+,Dindigul,9895812386
P06322,Meera Gupta,38,Female,O+,Erode,6078049903
P06323,Karthik Babu,58,Male,O+,Madurai,7177698367
P06324,Ganesh Mohan,13,Male,O-,Erode,7085424012
P06325,Vivek Iyer,5,Male,O+,Tiruvallur,8588706570
P06326,Ashwin Mohan,74,Male,B+,Madurai,9981481854
P06327,Ashwin Patel,47,Male,O-,Kanchipuram,7168505293
P06328,Kavya Sharma,4,Female,A+,Madurai,9882257465
P06329,Deepika Menon,39,Female,O+,Thanjavur,7468023407
P06330,Karthik Singh,86,Male,A+,Dindigul,8601880381
P06331,Divya Gupta,10,Female,O-,Chennai,6824814944
P06332,Rahul Sharma,34,Male,A+,Tirunelveli,7948970964
P06333,Divya Menon,27,Female,O+,Chennai,9735015348
P06334,Sneha Gupta,63,Female,O+,Salem,6839090907
P06335,Vivek Kumar,13,Male,O+,Dindigul,9133278091
P06336,Ganesh Gupta,55,Male,A+,Trichy,6735671949
P06337,Lakshmi Patel,31,Female,O+,Dindigul,9690884038
P06338,Divya Iyer,64,Female,A+,Madurai,8546795383
P06339,Aishwarya Gupta,22,Female,O+,Salem,9579376028
P06340,Divya Babu,25,Female,B+,Erode,9024614122
P06341,Neha Kumar,23,Female,A+,Salem,7110559672
P06342,Neha Menon,9,Female,A-,Vellore,6788632162
P06343,Prakash Reddy,41,Male,B+,Hosur,7443807744
P06344,Rahul Menon,27,Male,B-,Thanjavur,6947644150
P06345,Swathi Krishnan,42,Female,O+,Madurai,6625287169
P06346,Kavya Mohan,23,Female,B+,Kanchipuram,6963578461
P06347,Manoj Mohan,17,Male,O+,Coimbatore,8029990303
P06348,Sneha Kumar,77,Female,A+,Madurai,7057521497
P06349,Keerthana Reddy,68,Female,O+,Thanjavur,6467637607
P06350,Harini Raj,12,Female,B+,Madurai,9222588523
P06351,Ananya Singh,64,Female,O-,Kanchipuram,7740180768
P06352,Vikram Kumar,48,Male,A-,Tiruttani,9356149492
P06353,Ganesh Singh,25,Male,B+,Tiruppur,6477313341
P06354,Vivek Raj,50,Male,AB+,Madurai,8559732868
P06355,Ananya Nair,56,Female,B+,Madurai,7839912061
P06356,Divya Mohan,44,Female,B+,Tiruttani,8775223565
P06357,Ananya Babu,29,Female,A+,Tiruppur,7410675858
P06358,Suresh Singh,18,Male,B+,Chennai,7191116880
P06359,Manoj Rao,18,Male,A+,Salem,8504344262
P06360,Suresh Nair,5,Male,AB+,Kanchipuram,9804947953
P06361,Meera Verma,19,Female,A+,Tirunelveli,9452369238
P06362,Manoj Reddy,6,Male,O+,Vellore,9289468305
P06363,Vivek Verma,85,Male,O+,Chennai,6681986486
P06364,Deepika Singh,44,Female,B+,Vellore,8385712122
P06365,Lakshmi Kumar,14,Female,A+,Thanjavur,8573739325
P06366,Rahul Verma,51,Male,O+,Thanjavur,9967031053
P06367,Ananya Raj,44,Female,A+,Chennai,7337753128
P06368,Keerthana Nair,54,Female,O+,Coimbatore,7216644450
P06369,Deepika Menon,14,Female,A+,Tiruppur,8005752575
P06370,Aditya Mohan,23,Male,B+,Erode,6681063007
P06371,Rahul Rao,58,Male,B+,Trichy,7382181088
P06372,Harini Verma,15,Female,B+,Salem,8214749354
P06373,Ananya Kumar,37,Female,A+,Tiruppur,6698796087
P06374,Prakash Gupta,32,Male,A+,Dindigul,8762931770
P06375,Aishwarya Reddy,53,Female,B+,Thanjavur,6694162031
P06376,Keerthana Gupta,20,Female,O+,Salem,8059616050
P06377,Deepika Kumar,14,Female,B+,Tiruvallur,8860400819
P06378,Karthik Krishnan,25,Male,O+,Tiruvallur,9065564245
P06379,Prakash Nair,16,Male,A+,Coimbatore,8422261673
P06380,Aditya Raj,37,Male,O+,Hosur,7452490541
P06381,Karthik Iyer,37,Male,O+,Tiruvallur,6953945592
P06382,Harish Patel,49,Male,B+,Salem,6365319336
P06383,Divya Reddy,53,Female,O+,Salem,6128054391
P06384,Ganesh Verma,18,Male,B+,Tirunelveli,9010145478
P06385,Aditya Menon,60,Male,O+,Hosur,8623298618
P06386,Naveen Verma,58,Male,O+,Hosur,9247043124
P06387,Karthik Krishnan,1,Male,B+,Coimbatore,7921417101
P06388,Manoj Raj,27,Male,O+,Madurai,7806420488
P06389,Meera Iyer,46,Female,B+,Dindigul,8683970073
P06390,Swathi Patel,23,Female,O+,Coimbatore,8611506475
P06391,Nithya Krishnan,32,Female,B+,Tirunelveli,9107647340
P06392,Aditya Sharma,62,Male,O+,Tirunelveli,9485460081
P06393,Naveen Menon,36,Male,O+,Tiruttani,8077261568
P06394,Swathi Iyer,49,Female,B+,Tiruttani,6684638834
P06395,Deepika Verma,13,Female,O+,Tiruttani,7450252843
P06396,Karthik Raj,57,Male,O+,Coimbatore,8035294723
P06397,Arjun Raj,60,Male,O+,Thanjavur,8524423311
P06398,Karthik Nair,52,Male,O+,Coimbatore,6697970998
P06399,Divya Reddy,50,Female,O+,Kanchipuram,6988455427
P06400,Arjun Patel,39,Male,O-,Dindigul,9818328159
P06401,Aishwarya Reddy,39,Female,B+,Tiruttani,6987605912
P06402,Swathi Raj,30,Female,A+,Madurai,7635859321
P06403,Prakash Rao,37,Male,A+,Tiruvallur,6680178292
P06404,Neha Rao,65,Female,A+,Coimbatore,7519657816
P06405,Manoj Nair,52,Male,O+,Dindigul,9415354813
P06406,Priya Reddy,42,Female,B-,Kanchipuram,8005820935
P06407,Kavya Mohan,68,Female,A+,Salem,6950714158
P06408,Rakesh Babu,18,Male,A+,Coimbatore,9872884359
P06409,Swathi Raj,47,Female,O+,Tirunelveli,7116998607
P06410,Deepika Rao,55,Female,B+,Chennai,8105953250
P06411,Neha Kumar,15,Female,A+,Tiruppur,8696682494
P06412,Kavya Singh,36,Female,B+,Tirunelveli,8465840352
P06413,Sneha Sharma,47,Female,O+,Tiruppur,7437100315
P06414,Prakash Sharma,17,Male,O+,Erode,9637631586
P06415,Suresh Mohan,33,Male,O+,Trichy,9137183483
P06416,Naveen Singh,61,Male,O+,Tiruttani,9267707941
P06417,Harini Reddy,51,Female,O+,Erode,8144682040
P06418,Ganesh Verma,41,Male,B+,Kanchipuram,9065953479
P06419,Nithya Nair,36,Female,O+,Trichy,6013132107
P06420,Harish Verma,15,Male,O+,Madurai,6122463948
P06421,Ananya Rao,21,Female,A+,Kanchipuram,8502850146
P06422,Aishwarya Verma,16,Female,B+,Tiruvallur,6669617027
P06423,Harini Mohan,44,Female,O+,Coimbatore,9724835167
P06424,Rahul Kumar,20,Male,A+,Tiruttani,6586959467
P06425,Ganesh Rao,56,Male,O+,Madurai,9976645807
P06426,Prakash Raj,67,Male,A+,Vellore,6002462956
P06427,Neha Mohan,2,Female,O+,Tiruvallur,7725948776
P06428,Ganesh Reddy,42,Male,O+,Coimbatore,7000237673
P06429,Priya Patel,2,Female,O+,Tirunelveli,7459236499
P06430,Nithya Gupta,28,Female,O+,Tirunelveli,9255956923
P06431,Naveen Raj,14,Male,O-,Dindigul,7256035183
P06432,Harini Mohan,22,Female,O+,Salem,6061504854
P06433,Kavya Verma,13,Female,B-,Chennai,8089140964
P06434,Pooja Menon,22,Female,O+,Coimbatore,8754307141
P06435,Kavya Nair,37,Female,A+,Kanchipuram,6472366117
P06436,Ananya Menon,31,Female,AB+,Kanchipuram,7049861117
P06437,Suresh Raj,43,Male,A-,Kanchipuram,9465346192
P06438,Keerthana Kumar,68,Female,B+,Chennai,8989554817
P06439,Aditya Nair,88,Male,O+,Thanjavur,8934047211
P06440,Kavya Patel,39,Female,AB+,Madurai,6714062096
P06441,Rahul Mohan,43,Male,A+,Erode,6143966009
P06442,Aishwarya Rao,1,Female,O+,Coimbatore,8303490257
P06443,Ananya Kumar,48,Female,A+,Thanjavur,8901540562
P06444,Swathi Krishnan,37,Female,O+,Tiruppur,7398954769
P06445,Prakash Menon,9,Male,A+,Trichy,9959035790
P06446,Sneha Krishnan,21,Female,B+,Trichy,8942872765
P06447,Harish Sharma,47,Male,O+,Chennai,9731065267
P06448,Pooja Nair,33,Female,A+,Hosur,9710434106
P06449,Naveen Singh,61,Male,B+,Madurai,8176114788
P06450,Suresh Verma,14,Male,AB+,Hosur,6426439694
P06451,Swathi Sharma,28,Female,A+,Trichy,9489719551
P06452,Pooja Reddy,13,Female,B+,Coimbatore,8718932766
P06453,Lakshmi Reddy,62,Female,A+,Chennai,6440143664
P06454,Nithya Mohan,26,Female,O+,Thanjavur,6664502997
P06455,Harish Rao,33,Male,O+,Salem,6235248807
P06456,Prakash Krishnan,58,Male,O+,Salem,8918516862
P06457,Ganesh Verma,50,Male,O+,Kanchipuram,9815973248
P06458,Ashwin Sharma,36,Male,A+,Tiruvallur,7296894572
P06459,Sneha Babu,46,Female,A+,Erode,6097528513
P06460,Prakash Kumar,40,Male,O+,Tiruppur,8884958343
P06461,Lakshmi Rao,20,Female,B+,Madurai,6791345094
P06462,Karthik Singh,8,Male,A+,Vellore,6879468576
P06463,Keerthana Babu,38,Female,B+,Trichy,7058290970
P06464,Deepika Singh,52,Female,O+,Tiruppur,8594714553
P06465,Deepika Kumar,22,Female,A+,Thanjavur,6647990737
P06466,Harish Raj,34,Male,AB+,Salem,6500298096
P06467,Lakshmi Patel,35,Female,O+,Coimbatore,6851635772
P06468,Naveen Gupta,45,Male,O+,Tiruttani,8616456939
P06469,Rahul Singh,10,Male,A+,Erode,8427810830
P06470,Manoj Kumar,37,Male,O+,Tiruttani,6142276903
P06471,Sneha Singh,54,Female,O+,Trichy,8788557492
P06472,Harini Reddy,40,Female,B+,Trichy,9236031650
P06473,Lakshmi Patel,28,Female,A+,Tiruvallur,8051771888
P06474,Kavya Gupta,24,Female,O+,Coimbatore,9140731919
P06475,Divya Raj,79,Female,B+,Trichy,8670456987
P06476,Meera Verma,19,Female,O+,Tiruppur,8230308593
P06477,Priya Patel,81,Female,A+,Chennai,8034723312
P06478,Vivek Mohan,42,Male,AB+,Chennai,6034448077
P06479,Manoj Rao,73,Male,AB+,Vellore,8653596856
P06480,Naveen Verma,37,Male,O+,Madurai,6866765640
P06481,Priya Kumar,84,Female,O+,Trichy,6400639249
P06482,Lakshmi Verma,34,Female,O+,Coimbatore,8383774284
P06483,Manoj Rao,48,Male,A+,Tiruppur,7656588469
P06484,Naveen Sharma,34,Male,AB+,Tiruvallur,6368052457
P06485,Ananya Nair,11,Female,O+,Vellore,8761655322
P06486,Pooja Menon,24,Female,B+,Vellore,9976212663
P06487,Priya Patel,61,Female,O+,Kanchipuram,9787663428
P06488,Vikram Reddy,24,Male,B+,Erode,8562737119
P06489,Rakesh Rao,46,Male,B-,Tirunelveli,9454096823
P06490,Rahul Raj,5,Male,A+,Madurai,6551287834
P06491,Ashwin Gupta,81,Male,O+,Hosur,6397090355
P06492,Ashwin Gupta,27,Male,A+,Vellore,9177273383
P06493,Prakash Babu,39,Male,AB+,Hosur,9131883365
P06494,Lakshmi Raj,60,Female,A+,Trichy,9645376614
P06495,Naveen Verma,48,Male,B-,Tiruppur,7258711671
P06496,Nithya Reddy,20,Female,A+,Coimbatore,9959756854
P06497,Arjun Singh,29,Male,O+,Kanchipuram,7434854209
P06498,Lakshmi Kumar,61,Female,A+,Dindigul,8893924281
P06499,Karthik Krishnan,19,Male,O+,Tiruttani,8828877787
P06500,Rahul Iyer,26,Male,O+,Tiruppur,7339503978
P06501,Meera Kumar,66,Female,A+,Coimbatore,6631836746
P06502,Vikram Krishnan,47,Male,O+,Tiruvallur,7670276806
P06503,Priya Menon,32,Female,A+,Salem,8069035564
P06504,Aditya Nair,67,Male,B+,Tirunelveli,9221898032
P06505,Meera Sharma,4,Female,B-,Erode,9862966292
P06506,Rahul Gupta,15,Male,O+,Tirunelveli,6555383735
P06507,Swathi Raj,65,Female,A+,Thanjavur,8468939185
P06508,Rahul Mohan,54,Male,AB+,Kanchipuram,7993869383
P06509,Manoj Iyer,63,Male,A+,Tiruvallur,7728959421
P06510,Manoj Menon,62,Male,O+,Coimbatore,6804818902
P06511,Rahul Rao,48,Male,A+,Tiruvallur,7072948831
P06512,Arjun Kumar,61,Male,B+,Tiruttani,7737733987
P06513,Suresh Verma,11,Male,A+,Kanchipuram,7322032544
P06514,Naveen Verma,20,Male,AB+,Dindigul,6763115136
P06515,Divya Sharma,53,Female,O+,Tiruppur,9338434631
P06516,Aishwarya Singh,15,Female,O+,Tirunelveli,8937895404
P06517,Deepika Verma,41,Female,A+,Tiruttani,8082841889
P06518,Lakshmi Singh,43,Female,O-,Salem,6136864368
P06519,Karthik Rao,2,Male,A+,Thanjavur,9052156278
P06520,Rahul Raj,25,Male,O+,Kanchipuram,8647696503
P06521,Rahul Raj,26,Male,A+,Tiruppur,8095597714
P06522,Ashwin Mohan,86,Male,O-,Tirunelveli,9715912046
P06523,Kavya Menon,41,Female,O+,Trichy,6466993464
P06524,Manoj Patel,56,Male,O+,Tiruppur,8486311343
P06525,Rakesh Krishnan,32,Male,O+,Thanjavur,9607626506
P06526,Keerthana Raj,46,Female,O+,Tirunelveli,7069722572
P06527,Ashwin Sharma,13,Male,A+,Hosur,6427251609
P06528,Kavya Nair,28,Female,A+,Vellore,8543469948
P06529,Rohan Mohan,42,Male,O+,Erode,6817709763
P06530,Prakash Babu,20,Male,O+,Hosur,8514235443
P06531,Suresh Kumar,38,Male,O+,Erode,8168268827
P06532,Manoj Rao,37,Male,O-,Dindigul,8136080608
P06533,Rakesh Krishnan,12,Male,A+,Thanjavur,8744899881
P06534,Nithya Babu,43,Female,O+,Salem,7262504118
P06535,Harini Verma,58,Female,O+,Tirunelveli,9082883469
P06536,Prakash Kumar,45,Male,O+,Salem,7633525261
P06537,Swathi Rao,58,Female,A+,Coimbatore,9562506680
P06538,Ashwin Singh,71,Male,A+,Coimbatore,6353732342
P06539,Arjun Kumar,74,Male,A+,Hosur,6945926808
P06540,Keerthana Mohan,47,Female,A-,Kanchipuram,9952336314
P06541,Kavya Krishnan,28,Female,A+,Madurai,7551967577
P06542,Ananya Singh,25,Female,B+,Erode,9421000621
P06543,Vikram Raj,39,Male,O+,Trichy,6893148904
P06544,Swathi Raj,31,Female,A+,Tirunelveli,7570269148
P06545,Suresh Kumar,29,Male,O+,Trichy,8450563538
P06546,Keerthana Nair,59,Female,O+,Tirunelveli,8288296071
P06547,Rohan Verma,38,Male,A+,Dindigul,7356951394
P06548,Lakshmi Patel,33,Female,O+,Tirunelveli,6787371527
P06549,Vikram Kumar,47,Male,AB+,Tirunelveli,8772711356
P06550,Keerthana Nair,48,Female,O+,Tiruppur,8650733140
P06551,Kavya Gupta,66,Female,O+,Erode,8262021230
P06552,Ganesh Rao,31,Male,O+,Erode,7830656335
P06553,Ganesh Singh,37,Male,B+,Chennai,8418657236
P06554,Keerthana Kumar,24,Female,B-,Tiruppur,7099197555
P06555,Nithya Krishnan,46,Female,O+,Tirunelveli,6390565295
P06556,Aditya Iyer,27,Male,O+,Tiruttani,7207577661
P06557,Arjun Iyer,7,Male,B+,Coimbatore,7677318842
P06558,Suresh Nair,32,Male,O+,Kanchipuram,8905543812
P06559,Nithya Rao,17,Female,O+,Erode,9024126035
P06560,Sneha Patel,43,Female,A+,Thanjavur,7801326447
P06561,Manoj Gupta,74,Male,A+,Kanchipuram,6486531285
P06562,Lakshmi Reddy,45,Female,B+,Tirunelveli,6254801031
P06563,Deepika Menon,82,Female,O-,Chennai,7187786307
P06564,Naveen Kumar,44,Male,A+,Trichy,9435973351
P06565,Rohan Patel,54,Male,O+,Dindigul,6792585309
P06566,Karthik Singh,78,Male,A+,Thanjavur,8381449328
P06567,Divya Nair,42,Female,B+,Vellore,8378512229
P06568,Deepika Gupta,18,Female,B+,Salem,6005614104
P06569,Neha Gupta,40,Female,O+,Salem,6847289630
P06570,Karthik Babu,48,Male,A+,Tiruppur,8971263772
P06571,Meera Kumar,49,Female,O+,Erode,7070851767
P06572,Nithya Sharma,58,Female,O+,Madurai,6798853396
P06573,Prakash Iyer,62,Male,O+,Chennai,6828367961
P06574,Harish Kumar,61,Male,A+,Kanchipuram,6093214181
P06575,Meera Raj,61,Female,B+,Chennai,9740397223
P06576,Sneha Krishnan,56,Female,O+,Erode,9072923657
P06577,Suresh Singh,39,Male,B+,Kanchipuram,8260421725
P06578,Nithya Raj,5,Female,AB-,Tiruvallur,6127139053
P06579,Sneha Singh,8,Female,B+,Thanjavur,8538990969
P06580,Swathi Menon,38,Female,A+,Madurai,8405807365
P06581,Ananya Sharma,40,Female,B+,Salem,9749911553
P06582,Rahul Patel,40,Male,O+,Tiruvallur,7350701929
P06583,Priya Krishnan,27,Female,AB+,Tirunelveli,6109165049
P06584,Prakash Krishnan,47,Male,B+,Chennai,7421851203
P06585,Keerthana Reddy,36,Female,B+,Trichy,8656436942
P06586,Vivek Patel,70,Male,AB+,Vellore,8349324156
P06587,Manoj Verma,60,Male,O+,Vellore,6007388950
P06588,Ganesh Rao,56,Male,O+,Chennai,7119314504
P06589,Rahul Krishnan,30,Male,O+,Madurai,7857702980
P06590,Nithya Verma,25,Female,B+,Tirunelveli,9528562558
P06591,Harish Raj,89,Male,A+,Tirunelveli,6188009724
P06592,Keerthana Raj,57,Female,O-,Madurai,9221556314
P06593,Deepika Kumar,23,Female,A+,Hosur,7775626914
P06594,Harish Reddy,44,Male,O+,Coimbatore,9697675583
P06595,Rahul Kumar,29,Male,O+,Salem,8236451186
P06596,Swathi Rao,40,Female,B+,Hosur,6080794661
P06597,Arjun Iyer,4,Male,AB+,Tirunelveli,8213506472
P06598,Ashwin Krishnan,77,Male,A+,Tirunelveli,9121330571
P06599,Ananya Gupta,65,Female,O+,Tiruppur,8513386399
P06600,Divya Menon,30,Female,B+,Erode,7731257334
P06601,Ganesh Verma,33,Male,A+,Kanchipuram,9265926650
P06602,Rakesh Nair,25,Male,O+,Coimbatore,6388177220
P06603,Arjun Krishnan,52,Male,AB+,Madurai,8111039747
P06604,Rakesh Raj,65,Male,O-,Tirunelveli,7694713072
P06605,Aditya Sharma,9,Male,B+,Salem,6061648312
P06606,Arjun Singh,31,Male,A-,Dindigul,6811025270
P06607,Keerthana Mohan,30,Female,O+,Tiruvallur,9614245864
P06608,Suresh Patel,62,Male,O+,Coimbatore,8842873330
P06609,Aishwarya Iyer,37,Female,O+,Tiruppur,7746402305
P06610,Deepika Menon,50,Female,O+,Salem,8835946106
P06611,Ganesh Raj,69,Male,O-,Chennai,8367691235
P06612,Swathi Sharma,46,Female,B+,Trichy,9675906207
P06613,Prakash Babu,40,Male,AB+,Kanchipuram,7143165855
P06614,Keerthana Krishnan,35,Female,O-,Salem,9607172156
P06615,Meera Gupta,71,Female,A+,Tiruttani,7493040648
P06616,Ananya Kumar,24,Female,O+,Kanchipuram,8964117744
P06617,Priya Sharma,58,Female,O+,Tiruvallur,9759911000
P06618,Manoj Reddy,63,Male,O+,Tiruppur,9256202835
P06619,Sneha Krishnan,4,Female,B+,Kanchipuram,7005413165
P06620,Harini Sharma,18,Female,O+,Madurai,8327132090
P06621,Keerthana Singh,29,Female,O+,Tirunelveli,8115697171
P06622,Sneha Singh,43,Female,O+,Tiruttani,9456747502
P06623,Ananya Krishnan,39,Female,O+,Thanjavur,6134717613
P06624,Lakshmi Gupta,43,Female,B+,Tirunelveli,6449597378
P06625,Deepika Reddy,44,Female,O+,Coimbatore,6996391179
P06626,Ashwin Mohan,21,Male,A+,Trichy,7025862638
P06627,Naveen Raj,31,Male,A+,Tiruttani,8108737742
P06628,Kavya Raj,18,Female,AB+,Tirunelveli,7807894062
P06629,Swathi Iyer,6,Female,A+,Hosur,6438873346
P06630,Karthik Menon,54,Male,O+,Erode,6223130400
P06631,Ananya Reddy,54,Female,A-,Tirunelveli,8504953640
P06632,Manoj Patel,13,Male,O+,Thanjavur,8036136263
P06633,Manoj Rao,24,Male,O+,Erode,9200895413
P06634,Keerthana Reddy,31,Female,A+,Dindigul,9085000919
P06635,Pooja Patel,35,Female,O+,Hosur,7031971117
P06636,Naveen Nair,89,Male,O+,Tiruvallur,8855476847
P06637,Aishwarya Patel,47,Female,B+,Tiruttani,6344709444
P06638,Vivek Menon,7,Male,A+,Salem,7106192084
P06639,Harish Reddy,13,Male,O-,Trichy,6673842918
P06640,Keerthana Singh,50,Female,O+,Kanchipuram,9824514065
P06641,Suresh Kumar,15,Male,A+,Tirunelveli,6316785043
P06642,Lakshmi Raj,16,Female,O+,Kanchipuram,6542397280
P06643,Harish Babu,61,Male,O+,Vellore,8845311587
P06644,Vivek Gupta,11,Male,O+,Dindigul,9398298108
P06645,Priya Menon,14,Female,O+,Kanchipuram,8850981814
P06646,Nithya Gupta,34,Female,B+,Trichy,8715974333
P06647,Meera Raj,14,Female,B+,Erode,8514864022
P06648,Deepika Rao,24,Female,B+,Thanjavur,8048728743
P06649,Meera Babu,38,Female,AB+,Madurai,9318418071
P06650,Neha Kumar,43,Female,A+,Vellore,7417323425
P06651,Ganesh Iyer,39,Male,O+,Vellore,7651739426
P06652,Harish Kumar,39,Male,O-,Coimbatore,7348520584
P06653,Nithya Babu,26,Female,A+,Salem,9244788430
P06654,Ashwin Raj,56,Male,B+,Tiruppur,8535324449
P06655,Prakash Krishnan,56,Male,B+,Tiruttani,6861286003
P06656,Sneha Babu,23,Female,O+,Tirunelveli,8467751666
P06657,Arjun Iyer,81,Male,B+,Coimbatore,9624421696
P06658,Ashwin Mohan,27,Male,O+,Tiruttani,9408393666
P06659,Pooja Raj,13,Female,A+,Kanchipuram,7588371035
P06660,Neha Menon,41,Female,A+,Kanchipuram,6341740471
P06661,Swathi Reddy,30,Female,B+,Trichy,7887043208
P06662,Harish Menon,79,Male,A+,Dindigul,9098865673
P06663,Harish Menon,77,Male,A+,Thanjavur,7071752476
P06664,Rakesh Rao,26,Male,O+,Chennai,7295642624
P06665,Neha Singh,17,Female,A+,Coimbatore,7400128801
P06666,Meera Menon,23,Female,O+,Vellore,8880677224
P06667,Vikram Gupta,10,Male,O+,Tiruvallur,7223101251
P06668,Naveen Iyer,25,Male,O+,Tiruppur,9030224279
P06669,Rahul Singh,30,Male,O-,Coimbatore,9814784152
P06670,Rohan Rao,42,Male,O+,Dindigul,8124387017
P06671,Swathi Iyer,13,Female,O+,Erode,7919293372
P06672,Kavya Patel,53,Female,O+,Chennai,6294204763
P06673,Arjun Verma,68,Male,O+,Chennai,7144984277
P06674,Aishwarya Sharma,3,Female,A+,Trichy,6864516788
P06675,Nithya Kumar,29,Female,A+,Tiruttani,6013150806
P06676,Harish Raj,44,Male,A+,Coimbatore,8782223423
P06677,Karthik Babu,22,Male,A-,Tiruppur,9126821334
P06678,Rakesh Iyer,33,Male,B+,Tirunelveli,8239827006
P06679,Sneha Gupta,25,Female,A+,Thanjavur,8422793462
P06680,Vivek Patel,50,Male,O+,Tiruppur,7888714365
P06681,Ashwin Gupta,20,Male,B+,Chennai,8288404465
P06682,Divya Gupta,63,Female,B+,Tiruvallur,6792089456
P06683,Harish Reddy,46,Male,A+,Vellore,6918826617
P06684,Rahul Krishnan,19,Male,O+,Vellore,8004652297
P06685,Naveen Kumar,36,Male,O+,Tiruvallur,7827168213
P06686,Naveen Patel,7,Male,A+,Hosur,9849834134
P06687,Keerthana Mohan,27,Female,A+,Coimbatore,6753433747
P06688,Harini Verma,57,Female,B+,Chennai,7276138005
P06689,Meera Menon,33,Female,A+,Tiruttani,8882599785
P06690,Divya Raj,26,Female,A-,Tiruvallur,9587904806
P06691,Manoj Singh,45,Male,AB-,Madurai,7493923182
P06692,Rohan Mohan,47,Male,O+,Tirunelveli,7089409434
P06693,Keerthana Menon,81,Female,B+,Dindigul,6978268624
P06694,Lakshmi Verma,28,Female,B+,Chennai,9714727039
P06695,Prakash Patel,23,Male,A+,Erode,8533622967
P06696,Divya Kumar,41,Female,B+,Kanchipuram,8255490418
P06697,Divya Rao,58,Female,O+,Kanchipuram,9396774341
P06698,Pooja Mohan,41,Female,B+,Coimbatore,6452735290
P06699,Vikram Iyer,24,Male,O+,Tirunelveli,7645944500
P06700,Priya Sharma,39,Female,AB+,Tiruvallur,7200349941
P06701,Rohan Reddy,31,Male,A+,Salem,9841086724
P06702,Ashwin Iyer,12,Male,B+,Salem,6587874768
P06703,Lakshmi Sharma,30,Female,A+,Tiruvallur,6327311298
P06704,Ashwin Gupta,62,Male,O+,Chennai,7169937697
P06705,Naveen Singh,22,Male,A+,Dindigul,6584931974
P06706,Aditya Reddy,29,Male,AB+,Tiruttani,9722283048
P06707,Keerthana Nair,50,Female,AB+,Erode,7378381496
P06708,Vikram Krishnan,23,Male,O+,Dindigul,8164667193
P06709,Keerthana Krishnan,70,Female,B+,Erode,6248292294
P06710,Karthik Reddy,60,Male,B+,Tiruttani,9523578148
P06711,Rakesh Rao,1,Male,A+,Tiruttani,7058279914
P06712,Suresh Sharma,59,Male,B+,Chennai,7638040045
P06713,Sneha Verma,30,Female,A+,Salem,6067926888
P06714,Vikram Menon,62,Male,O-,Kanchipuram,6963095675
P06715,Priya Krishnan,25,Female,A+,Hosur,7789133900
P06716,Kavya Singh,21,Female,A+,Coimbatore,9050683587
P06717,Pooja Singh,14,Female,O-,Coimbatore,6405376704
P06718,Rohan Sharma,2,Male,O-,Tiruvallur,7206057993
P06719,Keerthana Babu,24,Female,A-,Coimbatore,7885145795
P06720,Priya Patel,27,Female,A+,Tiruppur,6118824205
P06721,Karthik Patel,51,Male,O+,Tirunelveli,9941737144
P06722,Ganesh Sharma,13,Male,O+,Kanchipuram,8102834863
P06723,Divya Mohan,41,Female,B+,Salem,8729541252
P06724,Harish Sharma,69,Male,B+,Tiruttani,6973665408
P06725,Arjun Mohan,21,Male,A+,Vellore,8684186053
P06726,Rakesh Kumar,37,Male,A+,Salem,9369565656
P06727,Pooja Iyer,24,Female,A-,Chennai,8543731676
P06728,Divya Sharma,55,Female,B+,Salem,6062510482
P06729,Rahul Krishnan,35,Male,O+,Tirunelveli,6626489730
P06730,Karthik Iyer,65,Male,B+,Kanchipuram,7662697955
P06731,Harish Singh,59,Male,O+,Tirunelveli,8197658860
P06732,Harish Verma,57,Male,O-,Thanjavur,9339897727
P06733,Prakash Mohan,54,Male,O+,Erode,7061573635
P06734,Ananya Verma,47,Female,A+,Thanjavur,8600651168
P06735,Harish Iyer,2,Male,B-,Tiruttani,8759261264
P06736,Suresh Kumar,43,Male,O+,Tiruvallur,9633150679
P06737,Aditya Menon,46,Male,B+,Coimbatore,8113871270
P06738,Prakash Nair,69,Male,B+,Vellore,8487134083
P06739,Lakshmi Patel,48,Female,O+,Salem,7522576500
P06740,Kavya Menon,35,Female,O+,Madurai,8471905741
P06741,Swathi Verma,15,Female,O-,Thanjavur,7440987418
P06742,Aditya Sharma,42,Male,A+,Tiruttani,7269814887
P06743,Arjun Singh,38,Male,O+,Tiruvallur,9465892696
P06744,Rahul Nair,29,Male,A+,Trichy,9612126834
P06745,Vikram Babu,69,Male,O-,Hosur,6600587499
P06746,Keerthana Patel,69,Female,O+,Madurai,9366840741
P06747,Naveen Mohan,60,Male,AB-,Trichy,9879878111
P06748,Karthik Verma,43,Male,AB+,Thanjavur,7821062612
P06749,Sneha Menon,11,Female,B+,Madurai,6026249872
P06750,Swathi Patel,47,Female,A+,Hosur,7302033154
P06751,Vikram Gupta,62,Male,A+,Tiruvallur,8797035491
P06752,Lakshmi Babu,29,Female,AB-,Dindigul,9444537600
P06753,Aishwarya Nair,73,Female,O+,Tirunelveli,6556212613
P06754,Ananya Singh,33,Female,O+,Hosur,7873570007
P06755,Rahul Mohan,64,Male,AB+,Tiruppur,7187861487
P06756,Rahul Menon,59,Male,AB+,Coimbatore,9475753143
P06757,Ashwin Verma,8,Male,B+,Coimbatore,9658385277
P06758,Naveen Reddy,84,Male,A+,Hosur,7855122449
P06759,Lakshmi Rao,61,Female,O+,Dindigul,8467448469
P06760,Prakash Iyer,58,Male,B+,Tirunelveli,6205704278
P06761,Lakshmi Nair,48,Female,O+,Tiruppur,9613168881
P06762,Prakash Mohan,29,Male,B+,Erode,7566572007
P06763,Ashwin Verma,51,Male,B+,Erode,9332412549
P06764,Priya Sharma,53,Female,B-,Erode,7368190987
P06765,Keerthana Singh,44,Female,A+,Coimbatore,7712509370
P06766,Prakash Sharma,7,Male,B+,Trichy,6754628406
P06767,Aditya Krishnan,15,Male,B+,Dindigul,8967757298
P06768,Lakshmi Menon,11,Female,O+,Kanchipuram,9891621529
P06769,Naveen Krishnan,25,Male,B+,Tiruvallur,9410468715
P06770,Ananya Reddy,19,Female,A+,Tiruppur,9555650467
P06771,Divya Verma,37,Female,AB+,Chennai,7723647483
P06772,Prakash Reddy,41,Male,AB+,Tiruppur,9462351182
P06773,Karthik Menon,63,Male,O+,Vellore,9952771131
P06774,Ananya Babu,41,Female,A+,Erode,8355135327
P06775,Swathi Reddy,14,Female,B+,Kanchipuram,7038097878
P06776,Ananya Krishnan,18,Female,O+,Erode,7283866470
P06777,Meera Singh,80,Female,A+,Trichy,8959564223
P06778,Suresh Menon,27,Male,A+,Coimbatore,6225803972
P06779,Neha Sharma,31,Female,O+,Tirunelveli,7956917578
P06780,Nithya Kumar,12,Female,A+,Tirunelveli,8206336066
P06781,Karthik Mohan,45,Male,A-,Tiruttani,7425337980
P06782,Harini Iyer,11,Female,A+,Thanjavur,9695787230
P06783,Lakshmi Menon,45,Female,A+,Chennai,7122063870
P06784,Deepika Rao,10,Female,O+,Erode,9697752574
P06785,Keerthana Mohan,54,Female,O+,Vellore,6480866316
P06786,Neha Mohan,90,Female,B+,Vellore,8536103874
P06787,Ananya Singh,18,Female,B-,Thanjavur,9200533164
P06788,Harish Kumar,60,Male,AB+,Tiruttani,6589149765
P06789,Prakash Kumar,61,Male,O+,Kanchipuram,8837978570
P06790,Aishwarya Kumar,64,Female,A+,Dindigul,9042527695
P06791,Meera Babu,49,Female,O+,Hosur,7430320814
P06792,Rakesh Mohan,5,Male,O+,Erode,6422359605
P06793,Harish Verma,64,Male,A+,Dindigul,8489754829
P06794,Neha Verma,30,Female,A+,Trichy,7267243714
P06795,Naveen Reddy,59,Male,A-,Trichy,9892901544
P06796,Rahul Babu,14,Male,O+,Dindigul,7030064641
P06797,Keerthana Iyer,52,Female,O+,Chennai,7567268111
P06798,Suresh Sharma,24,Male,O+,Tiruttani,7906463511
P06799,Nithya Babu,10,Female,O+,Tiruvallur,7853931389
P06800,Divya Mohan,40,Female,B+,Dindigul,7365532327
P06801,Vikram Nair,42,Male,O+,Madurai,7022665282
P06802,Kavya Verma,33,Female,B+,Madurai,8430496856
P06803,Deepika Menon,48,Female,B+,Madurai,8071084256
P06804,Neha Gupta,83,Female,O+,Erode,9590619292
P06805,Rahul Menon,17,Male,A+,Dindigul,6641731410
P06806,Neha Iyer,78,Female,O-,Erode,7524345243
P06807,Neha Kumar,1,Female,A+,Erode,6970040853
P06808,Rahul Babu,40,Male,A+,Salem,6954607682
P06809,Rahul Krishnan,57,Male,A+,Coimbatore,9022514464
P06810,Keerthana Mohan,12,Female,AB-,Tirunelveli,6179328586
P06811,Sneha Nair,56,Female,AB+,Tiruppur,9163943665
P06812,Rahul Mohan,15,Male,A+,Tiruppur,8198740621
P06813,Sneha Krishnan,33,Female,B+,Tiruttani,9855695457
P06814,Manoj Nair,38,Male,O+,Salem,8207982730
P06815,Keerthana Reddy,13,Female,A+,Vellore,8420263496
P06816,Vivek Kumar,62,Male,B+,Vellore,9941210315
P06817,Meera Rao,19,Female,O+,Trichy,9830223779
P06818,Kavya Menon,52,Female,B+,Thanjavur,9209237170
P06819,Rohan Menon,41,Male,O+,Kanchipuram,8196407601
P06820,Deepika Kumar,5,Female,B+,Thanjavur,8852869141
P06821,Ganesh Reddy,61,Male,O+,Trichy,9798303231
P06822,Arjun Gupta,20,Male,A+,Tiruttani,9295656359
P06823,Sneha Gupta,14,Female,AB+,Tiruttani,8689297569
P06824,Kavya Nair,55,Female,B+,Salem,6469237601
P06825,Swathi Verma,34,Female,A-,Trichy,8780489072
P06826,Rahul Babu,15,Male,A+,Tirunelveli,8512042563
P06827,Kavya Iyer,51,Female,O+,Tiruvallur,6909079396
P06828,Ganesh Singh,63,Male,B+,Madurai,6007625996
P06829,Ganesh Sharma,15,Male,A+,Coimbatore,7251948675
P06830,Nithya Krishnan,38,Female,O+,Tiruttani,8319333824
P06831,Pooja Kumar,52,Female,A+,Trichy,8820155067
P06832,Deepika Reddy,2,Female,B+,Erode,6032144654
P06833,Swathi Gupta,88,Female,AB+,Kanchipuram,9652272043
P06834,Suresh Sharma,17,Male,O-,Vellore,7664457720
P06835,Naveen Kumar,46,Male,B-,Erode,9458954285
P06836,Vikram Sharma,44,Male,B+,Trichy,8242849738
P06837,Pooja Singh,1,Female,O+,Chennai,6945098549
P06838,Rohan Mohan,37,Male,A+,Tiruvallur,9957217894
P06839,Manoj Reddy,58,Male,B+,Tiruttani,6654388538
P06840,Rohan Iyer,54,Male,O+,Tirunelveli,7882768815
P06841,Manoj Krishnan,37,Male,O+,Chennai,8999077658
P06842,Ganesh Rao,8,Male,B+,Tiruppur,8586742805
P06843,Swathi Sharma,32,Female,O+,Hosur,9371283790
P06844,Arjun Reddy,32,Male,B+,Tirunelveli,8793589441
P06845,Meera Nair,22,Female,A+,Kanchipuram,7192289285
P06846,Ganesh Reddy,74,Male,B+,Kanchipuram,7060678370
P06847,Prakash Iyer,58,Male,B+,Tiruppur,6712237392
P06848,Arjun Iyer,40,Male,O-,Vellore,9570266079
P06849,Karthik Gupta,40,Male,A+,Coimbatore,8160490189
P06850,Manoj Singh,47,Male,O+,Kanchipuram,9568343471
P06851,Vikram Patel,52,Male,A+,Tiruvallur,8746816202
P06852,Neha Rao,52,Female,A+,Coimbatore,7714069247
P06853,Rahul Reddy,14,Male,A+,Vellore,7724493763
P06854,Harish Iyer,9,Male,A+,Vellore,6049917654
P06855,Ananya Nair,37,Female,A+,Trichy,9658647026
P06856,Rahul Raj,27,Male,B-,Tiruppur,7369468054
P06857,Meera Patel,54,Female,B+,Vellore,8053863772
P06858,Meera Babu,31,Female,B+,Kanchipuram,9469685126
P06859,Meera Gupta,9,Female,AB+,Tirunelveli,7383740255
P06860,Rakesh Raj,54,Male,B+,Thanjavur,9353244576
P06861,Vikram Patel,7,Male,O+,Tiruppur,8866737886
P06862,Aishwarya Sharma,40,Female,A-,Dindigul,8209232677
P06863,Karthik Nair,61,Male,O+,Madurai,8290756818
P06864,Prakash Patel,41,Male,A+,Tiruvallur,7769619016
P06865,Rakesh Sharma,11,Male,A+,Dindigul,9924500496
P06866,Keerthana Mohan,27,Female,A+,Trichy,6162227002
P06867,Ananya Singh,37,Female,O+,Salem,8295064600
P06868,Rakesh Patel,49,Male,A+,Chennai,6289865830
P06869,Ganesh Singh,35,Male,O-,Dindigul,9650765673
P06870,Aishwarya Patel,8,Female,O+,Salem,7224149109
P06871,Ashwin Patel,64,Male,AB+,Salem,9044418176
P06872,Rohan Kumar,32,Male,B+,Tiruttani,9065868923
P06873,Ganesh Verma,30,Male,O+,Trichy,9769697290
P06874,Aditya Menon,23,Male,B+,Tiruvallur,7282396391
P06875,Keerthana Babu,63,Female,AB-,Tiruvallur,6052768373
P06876,Kavya Verma,38,Female,A+,Tiruvallur,9425542555
P06877,Manoj Babu,62,Male,A-,Hosur,7338765758
P06878,Suresh Kumar,34,Male,O+,Erode,7839366055
P06879,Vivek Babu,44,Male,O+,Vellore,7071627854
P06880,Kavya Reddy,37,Female,A+,Tiruvallur,7842952496
P06881,Sneha Singh,28,Female,A+,Coimbatore,8380508335
P06882,Suresh Reddy,37,Male,B+,Trichy,6835119035
P06883,Vivek Raj,57,Male,A+,Erode,7685319355
P06884,Deepika Menon,51,Female,B+,Tiruppur,6823681314
P06885,Suresh Reddy,3,Male,B+,Kanchipuram,8976848490
P06886,Ganesh Mohan,11,Male,O-,Thanjavur,8229698931
P06887,Divya Singh,50,Female,O+,Tiruvallur,8516465301
P06888,Naveen Menon,46,Male,O-,Salem,6751525662
P06889,Keerthana Reddy,33,Female,B+,Madurai,9673804767
P06890,Harini Rao,45,Female,O+,Erode,8844039010
P06891,Ashwin Menon,31,Male,O+,Vellore,7906188722
P06892,Ashwin Krishnan,33,Male,B+,Trichy,8679832891
P06893,Pooja Raj,7,Female,AB+,Erode,9182493283
P06894,Rohan Patel,86,Male,O-,Salem,7569358354
P06895,Arjun Babu,24,Male,A+,Erode,6966113014
P06896,Kavya Menon,13,Female,O+,Erode,6890637661
P06897,Kavya Mohan,62,Female,A+,Tirunelveli,7937930131
P06898,Rohan Babu,49,Male,A+,Kanchipuram,7391856867
P06899,Deepika Rao,60,Female,AB-,Tiruttani,7862187540
P06900,Harini Patel,30,Female,AB+,Salem,7852771305
P06901,Pooja Sharma,47,Female,O+,Thanjavur,7133412315
P06902,Ashwin Verma,20,Male,AB+,Tiruppur,6474673896
P06903,Arjun Kumar,15,Male,O+,Tirunelveli,8177122804
P06904,Sneha Menon,49,Female,A+,Tiruvallur,9729989553
P06905,Divya Nair,42,Female,AB+,Trichy,7822778934
P06906,Deepika Iyer,16,Female,O+,Madurai,7890001909
P06907,Naveen Nair,59,Male,B+,Thanjavur,9473322063
P06908,Ganesh Gupta,33,Male,O+,Chennai,8455501453
P06909,Ashwin Raj,32,Male,B-,Chennai,9229007737
P06910,Divya Patel,35,Female,O-,Dindigul,6220369995
P06911,Nithya Patel,21,Female,O+,Thanjavur,8999120280
P06912,Rahul Iyer,19,Male,O+,Chennai,9166289279
P06913,Harish Kumar,83,Male,O+,Hosur,7550786130
P06914,Neha Babu,57,Female,O+,Chennai,9769209907
P06915,Ganesh Raj,43,Male,O-,Tiruttani,9852594630
P06916,Kavya Singh,31,Female,AB+,Tiruvallur,8413499925
P06917,Kavya Gupta,44,Female,A+,Madurai,8167223402
P06918,Swathi Krishnan,80,Female,O+,Tiruttani,8759953246
P06919,Neha Gupta,61,Female,A+,Hosur,9361736965
P06920,Priya Krishnan,76,Female,A+,Tiruttani,6429129304
P06921,Rahul Sharma,53,Male,O+,Coimbatore,8155001792
P06922,Rohan Verma,59,Male,A+,Salem,9874294880
P06923,Kavya Krishnan,47,Female,A+,Hosur,7806984349
P06924,Swathi Verma,37,Female,A+,Madurai,8247114627
P06925,Sneha Verma,83,Female,B+,Tiruppur,7835538106
P06926,Lakshmi Singh,9,Female,B+,Tiruvallur,6413209635
P06927,Harini Gupta,14,Female,O+,Vellore,9603998989
P06928,Rohan Krishnan,18,Male,AB-,Vellore,6419229153
P06929,Deepika Singh,2,Female,A+,Erode,6875827356
P06930,Vikram Reddy,27,Male,O+,Tiruppur,9314425101
P06931,Arjun Verma,26,Male,B+,Tiruvallur,7370986172
P06932,Ganesh Raj,32,Male,O+,Thanjavur,8746122070
P06933,Meera Sharma,81,Female,O+,Vellore,6628379675
P06934,Pooja Iyer,58,Female,O+,Tiruvallur,6335472401
P06935,Rohan Gupta,49,Male,O+,Erode,7688615553
P06936,Lakshmi Sharma,53,Female,O+,Dindigul,8076679889
P06937,Neha Menon,20,Female,O+,Tiruttani,7662344962
P06938,Vivek Rao,28,Male,B+,Dindigul,6057081091
P06939,Suresh Raj,17,Male,O+,Tirunelveli,6431218851
P06940,Rahul Babu,54,Male,B+,Chennai,9090987869
P06941,Sneha Rao,65,Female,B-,Vellore,6810103530
P06942,Neha Menon,44,Female,A+,Tiruvallur,8971647990
P06943,Kavya Reddy,50,Female,O+,Vellore,9291393023
P06944,Harish Verma,35,Male,A+,Tiruppur,8310600962
P06945,Rohan Gupta,86,Male,O+,Erode,9586919563
P06946,Manoj Krishnan,59,Male,O+,Tirunelveli,9486912906
P06947,Nithya Rao,15,Female,O+,Tiruttani,8591613657
P06948,Ganesh Patel,55,Male,B+,Madurai,8984783501
P06949,Lakshmi Gupta,23,Female,AB+,Trichy,6159072667
P06950,Aditya Reddy,56,Male,A+,Tirunelveli,6578165745
P06951,Karthik Rao,34,Male,O+,Tiruvallur,8101923702
P06952,Pooja Gupta,65,Female,B-,Tiruvallur,9572652136
P06953,Deepika Babu,71,Female,B+,Trichy,7356840065
P06954,Ananya Patel,54,Female,B+,Vellore,9491882436
P06955,Divya Babu,83,Female,O+,Tiruvallur,6622771210
P06956,Ganesh Kumar,35,Male,O+,Madurai,9056901716
P06957,Divya Menon,14,Female,B+,Hosur,7173841750
P06958,Manoj Reddy,43,Male,O+,Coimbatore,9695235939
P06959,Ashwin Reddy,1,Male,B-,Madurai,7007212187
P06960,Kavya Krishnan,13,Female,O+,Kanchipuram,7557463990
P06961,Harini Iyer,49,Female,B+,Erode,8077852753
P06962,Harish Kumar,29,Male,AB+,Salem,9927133974
P06963,Priya Reddy,17,Female,A+,Coimbatore,9597497866
P06964,Meera Gupta,15,Female,AB+,Coimbatore,7550925408
P06965,Suresh Mohan,30,Male,A+,Thanjavur,7870952636
P06966,Vivek Menon,18,Male,A+,Trichy,6350299835
P06967,Aishwarya Verma,9,Female,O-,Tiruppur,7765286838
P06968,Meera Reddy,81,Female,AB+,Hosur,6114343833
P06969,Priya Singh,41,Female,B+,Salem,7468717490
P06970,Keerthana Patel,25,Female,A+,Tiruppur,9796532170
P06971,Rahul Nair,63,Male,A+,Tiruvallur,7964658894
P06972,Rahul Krishnan,37,Male,A+,Tiruppur,9409926436
P06973,Karthik Babu,42,Male,O+,Vellore,8516129540
P06974,Vivek Gupta,57,Male,O-,Erode,8437024105
P06975,Naveen Mohan,22,Male,A+,Trichy,8003741727
P06976,Suresh Verma,60,Male,A+,Kanchipuram,6020158128
P06977,Priya Menon,44,Female,B+,Trichy,8002426363
P06978,Aditya Sharma,82,Male,O+,Tirunelveli,9693712183
P06979,Harini Babu,52,Female,A+,Coimbatore,8731063815
P06980,Naveen Raj,5,Male,A+,Tiruttani,6377027002
P06981,Manoj Verma,11,Male,AB-,Vellore,9998262665
P06982,Keerthana Rao,5,Female,O-,Erode,7038853671
P06983,Pooja Patel,17,Female,A+,Erode,8521418047
P06984,Naveen Rao,16,Male,B+,Coimbatore,9112747054
P06985,Ashwin Gupta,56,Male,B+,Tirunelveli,6062154464
P06986,Swathi Raj,78,Female,O+,Vellore,6438662502
P06987,Harini Patel,11,Female,B+,Erode,7381243831
P06988,Suresh Sharma,10,Male,B+,Tiruppur,8941997653
P06989,Ashwin Menon,31,Male,A+,Madurai,9550396801
P06990,Aditya Rao,21,Male,O-,Tiruppur,7064922073
P06991,Deepika Krishnan,30,Female,O+,Thanjavur,8949451319
P06992,Deepika Krishnan,55,Female,B+,Tiruttani,6071730215
P06993,Nithya Kumar,72,Female,B+,Kanchipuram,7765984576
P06994,Rahul Babu,36,Male,O+,Chennai,6810696138
P06995,Harini Iyer,55,Female,O+,Hosur,6110234770
P06996,Aishwarya Babu,22,Female,O+,Madurai,8881393729
P06997,Naveen Nair,31,Male,AB+,Tiruttani,9081440930
P06998,Lakshmi Raj,87,Female,O+,Madurai,6214846346
P06999,Vivek Raj,34,Male,B+,Madurai,7463307273
P07000,Karthik Babu,59,Male,A+,Hosur,6614695614
P07001,Ashwin Singh,47,Male,O-,Trichy,8920330098
P07002,Prakash Singh,56,Male,A+,Salem,8428811846
P07003,Prakash Rao,51,Male,O+,Chennai,6228711648
P07004,Neha Krishnan,33,Female,O+,Tiruppur,8202535396
P07005,Harini Krishnan,66,Female,O+,Tiruppur,6560741688
P07006,Ashwin Sharma,17,Male,B-,Kanchipuram,7198553893
P07007,Ashwin Raj,36,Male,A-,Chennai,9956148801
P07008,Prakash Menon,22,Male,O+,Dindigul,6134439159
P07009,Ashwin Verma,37,Male,O+,Kanchipuram,7645752621
P07010,Ganesh Iyer,63,Male,B+,Tiruppur,6020415583
P07011,Rahul Krishnan,29,Male,B+,Tiruvallur,6463121283
P07012,Ganesh Babu,66,Male,B+,Tiruvallur,9692951249
P07013,Prakash Reddy,28,Male,A+,Kanchipuram,9009132531
P07014,Karthik Verma,27,Male,B+,Tiruppur,8700318513
P07015,Rohan Krishnan,57,Male,O+,Chennai,8465855502
P07016,Meera Babu,35,Female,O+,Tiruvallur,9374086004
P07017,Ananya Reddy,88,Female,A+,Kanchipuram,6844376109
P07018,Rohan Raj,35,Male,A+,Erode,6914881341
P07019,Aishwarya Babu,45,Female,AB+,Kanchipuram,9268471671
P07020,Arjun Kumar,43,Male,A+,Tiruttani,8180439969
P07021,Ashwin Nair,60,Male,A+,Trichy,7317523035
P07022,Aditya Babu,5,Male,A+,Kanchipuram,6635734623
P07023,Manoj Mohan,48,Male,A+,Hosur,8419753328
P07024,Priya Gupta,85,Female,B+,Madurai,8503336564
P07025,Naveen Verma,58,Male,B-,Trichy,9927078689
P07026,Arjun Raj,63,Male,B+,Madurai,8429990639
P07027,Aishwarya Nair,15,Female,B+,Trichy,8511268331
P07028,Harini Babu,13,Female,O+,Coimbatore,9065174580
P07029,Kavya Verma,79,Female,O+,Kanchipuram,8730559319
P07030,Sneha Mohan,67,Female,B+,Coimbatore,9299578589
P07031,Arjun Krishnan,8,Male,A+,Tiruvallur,6395623812
P07032,Harini Krishnan,63,Female,O+,Hosur,9168897274
P07033,Pooja Sharma,19,Female,O+,Madurai,6344876219
P07034,Manoj Sharma,3,Male,O+,Tiruvallur,7901260253
P07035,Manoj Menon,75,Male,O+,Kanchipuram,9470926506
P07036,Harini Rao,50,Female,A-,Thanjavur,6961357826
P07037,Harish Mohan,83,Male,O+,Kanchipuram,7111686698
P07038,Prakash Menon,57,Male,B+,Dindigul,9680405092
P07039,Vivek Nair,19,Male,B-,Trichy,7530047031
P07040,Nithya Mohan,17,Female,B+,Salem,7335842467
P07041,Manoj Raj,34,Male,B-,Vellore,9437371256
P07042,Rahul Kumar,61,Male,B+,Hosur,7318246701
P07043,Neha Rao,6,Female,B+,Trichy,8181264150
P07044,Swathi Patel,37,Female,B+,Tiruppur,6912013583
P07045,Sneha Reddy,84,Female,A+,Tiruttani,6961952545
P07046,Sneha Rao,7,Female,O+,Madurai,6679279054
P07047,Ganesh Iyer,49,Male,A+,Dindigul,7623836369
P07048,Rohan Kumar,28,Male,O+,Dindigul,9204746395
P07049,Suresh Verma,38,Male,O+,Madurai,9603808073
P07050,Deepika Krishnan,49,Female,O+,Tiruttani,8327449750
P07051,Ganesh Menon,71,Male,B-,Hosur,9880979014
P07052,Rakesh Mohan,37,Male,A+,Chennai,9122633001
P07053,Prakash Babu,83,Male,O-,Erode,9928820055
P07054,Naveen Patel,85,Male,O+,Tiruppur,7946261322
P07055,Aditya Raj,43,Male,O+,Thanjavur,9621730027
P07056,Rakesh Iyer,25,Male,AB+,Tirunelveli,8538443665
P07057,Harish Kumar,13,Male,B+,Tirunelveli,9330769500
P07058,Sneha Babu,24,Female,A+,Vellore,9788014312
P07059,Karthik Verma,62,Male,O+,Erode,8642582624
P07060,Deepika Raj,32,Female,A+,Erode,6715651001
P07061,Manoj Babu,76,Male,A+,Dindigul,8152409383
P07062,Sneha Nair,58,Female,AB-,Tiruppur,9397967277
P07063,Ganesh Menon,3,Male,AB+,Tirunelveli,8487819935
P07064,Lakshmi Reddy,59,Female,B+,Tiruppur,9082512381
P07065,Sneha Raj,32,Female,B+,Tirunelveli,7384777336
P07066,Vikram Menon,18,Male,AB+,Hosur,8896606475
P07067,Karthik Patel,60,Male,O+,Madurai,7079365289
P07068,Lakshmi Krishnan,37,Female,B+,Madurai,9633706791
P07069,Suresh Reddy,36,Male,A-,Hosur,6987321628
P07070,Vikram Kumar,63,Male,B+,Tiruttani,8559887142
P07071,Prakash Reddy,25,Male,AB+,Tiruttani,6466604589
P07072,Divya Iyer,63,Female,O+,Tiruttani,8578847154
P07073,Rohan Gupta,37,Male,AB+,Salem,9345304533
P07074,Lakshmi Singh,37,Female,AB+,Hosur,8625626585
P07075,Harini Reddy,56,Female,A+,Chennai,9085788004
P07076,Lakshmi Gupta,42,Female,A+,Salem,9996176443
P07077,Prakash Kumar,36,Male,A+,Salem,7898774985
P07078,Nithya Rao,38,Female,B-,Thanjavur,9446494599
P07079,Suresh Rao,45,Male,B+,Dindigul,9061534336
P07080,Aishwarya Verma,15,Female,A+,Dindigul,9079108482
P07081,Ananya Nair,38,Female,B+,Vellore,8256629523
P07082,Harish Patel,66,Male,O+,Hosur,8270872546
P07083,Sneha Reddy,21,Female,A+,Hosur,9589250713
P07084,Vikram Gupta,56,Male,A+,Tiruppur,7235796593
P07085,Suresh Gupta,8,Male,O+,Tiruppur,7740936024
P07086,Arjun Sharma,8,Male,B+,Madurai,7623640638
P07087,Meera Singh,6,Female,A+,Tiruppur,9767031005
P07088,Rahul Sharma,51,Male,A+,Tiruppur,6138672938
P07089,Ashwin Krishnan,39,Male,O+,Erode,9284855056
P07090,Rohan Verma,53,Male,AB+,Dindigul,6787384110
P07091,Meera Krishnan,44,Female,O+,Tirunelveli,7117139386
P07092,Ganesh Kumar,82,Male,A-,Vellore,8592982812
P07093,Naveen Sharma,29,Male,B+,Madurai,8329419460
P07094,Rakesh Nair,36,Male,O+,Hosur,9577504119
P07095,Rohan Kumar,32,Male,O+,Tirunelveli,8239668729
P07096,Aditya Iyer,61,Male,A+,Erode,9888823900
P07097,Sneha Reddy,22,Female,O+,Salem,9256374762
P07098,Pooja Sharma,27,Female,B+,Tiruppur,9873711617
P07099,Ananya Iyer,30,Female,A+,Tiruvallur,9878032409
P07100,Lakshmi Raj,15,Female,A+,Salem,6548002914
P07101,Lakshmi Nair,13,Female,A+,Tirunelveli,9160722389
P07102,Priya Rao,85,Female,B+,Vellore,8098114900
P07103,Harish Raj,28,Male,O+,Kanchipuram,9267618182
P07104,Ashwin Sharma,4,Male,O+,Trichy,9035741231
P07105,Lakshmi Krishnan,26,Female,A+,Trichy,9192872913
P07106,Harish Kumar,14,Male,A+,Tiruttani,9984086309
P07107,Aditya Raj,18,Male,A+,Hosur,7693440788
P07108,Neha Singh,63,Female,B+,Hosur,9929319826
P07109,Arjun Iyer,44,Male,O-,Thanjavur,9123616603
P07110,Vikram Gupta,44,Male,AB-,Chennai,7886156531
P07111,Vikram Menon,8,Male,A+,Vellore,9144169930
P07112,Harini Nair,51,Female,O+,Coimbatore,8750924487
P07113,Vivek Reddy,80,Male,A+,Chennai,9559005376
P07114,Vikram Kumar,63,Male,O+,Tirunelveli,6720809649
P07115,Ashwin Mohan,29,Male,A+,Madurai,6913609539
P07116,Suresh Gupta,13,Male,B-,Tiruppur,7673316719
P07117,Pooja Singh,16,Female,O+,Kanchipuram,8628918378
P07118,Sneha Singh,15,Female,B-,Dindigul,7452524161
P07119,Harini Verma,53,Female,A+,Madurai,8951745184
P07120,Vikram Reddy,59,Male,A+,Tiruttani,8344168378
P07121,Aditya Patel,22,Male,A+,Tiruttani,8797132031
P07122,Ganesh Iyer,16,Male,O+,Trichy,8619134316
P07123,Harish Nair,52,Male,A+,Erode,8255011852
P07124,Harini Nair,87,Female,O+,Madurai,7307760132
P07125,Nithya Rao,14,Female,O+,Thanjavur,7906046793
P07126,Ganesh Mohan,20,Male,O+,Trichy,6105151349
P07127,Ganesh Nair,62,Male,O-,Vellore,7146906153
P07128,Harish Gupta,58,Male,O-,Trichy,8172533971
P07129,Karthik Mohan,50,Male,B+,Trichy,8348460060
P07130,Arjun Raj,83,Male,A+,Trichy,6499927924
P07131,Ashwin Rao,63,Male,O+,Vellore,6091894420
P07132,Swathi Reddy,37,Female,A+,Madurai,9930567514
P07133,Sneha Raj,41,Female,A+,Kanchipuram,9442209768
P07134,Neha Raj,12,Female,AB+,Trichy,8171803516
P07135,Lakshmi Verma,38,Female,AB+,Hosur,8399160373
P07136,Arjun Reddy,87,Male,O+,Dindigul,6353777124
P07137,Arjun Babu,56,Male,O+,Vellore,7595041810
P07138,Keerthana Patel,16,Female,A+,Tiruppur,9983783219
P07139,Arjun Gupta,16,Male,A+,Tiruvallur,9338371327
P07140,Ganesh Iyer,53,Male,O+,Madurai,7304910089
P07141,Suresh Krishnan,57,Male,A+,Dindigul,8308606427
P07142,Sneha Patel,41,Female,O+,Salem,9270229572
P07143,Divya Patel,31,Female,AB-,Dindigul,6716858084
P07144,Vivek Mohan,21,Male,A+,Salem,7518814313
P07145,Karthik Raj,45,Male,O+,Dindigul,9710730555
P07146,Lakshmi Verma,86,Female,AB+,Trichy,9714642139
P07147,Harini Menon,17,Female,A+,Tiruttani,8270734332
P07148,Deepika Verma,50,Female,O+,Chennai,8908767254
P07149,Swathi Sharma,64,Female,O+,Erode,9351458624
P07150,Keerthana Patel,54,Female,O+,Tiruvallur,6168627756
P07151,Lakshmi Iyer,21,Female,O+,Tiruppur,8510434684
P07152,Pooja Raj,63,Female,A+,Hosur,9427499861
P07153,Ashwin Iyer,46,Male,A+,Dindigul,9404506736
P07154,Karthik Verma,87,Male,B+,Dindigul,8036671482
P07155,Rahul Babu,79,Male,B+,Vellore,6628577738
P07156,Ashwin Iyer,49,Male,A+,Madurai,6165719328
P07157,Kavya Iyer,40,Female,A+,Thanjavur,6831748276
P07158,Ganesh Raj,5,Male,B+,Hosur,8022507895
P07159,Divya Sharma,63,Female,AB+,Vellore,9663425543
P07160,Ananya Nair,56,Female,O+,Erode,6301468212
P07161,Deepika Krishnan,50,Female,O+,Trichy,9738802227
P07162,Swathi Reddy,15,Female,O+,Chennai,9319102654
P07163,Rahul Menon,39,Male,O+,Thanjavur,7729539384
P07164,Aditya Mohan,75,Male,O+,Erode,6917420752
P07165,Pooja Babu,58,Female,O+,Erode,9310621309
P07166,Pooja Reddy,22,Female,O+,Trichy,7701363527
P07167,Harini Singh,25,Female,A+,Hosur,8907132975
P07168,Harish Babu,20,Male,O+,Tirunelveli,9050844068
P07169,Kavya Iyer,27,Female,A+,Thanjavur,8858512990
P07170,Divya Kumar,6,Female,AB+,Kanchipuram,7892886609
P07171,Lakshmi Singh,22,Female,A-,Trichy,7995666372
P07172,Meera Rao,6,Female,B+,Thanjavur,9376650783
P07173,Lakshmi Iyer,16,Female,A+,Trichy,7830371258
P07174,Nithya Patel,55,Female,B+,Coimbatore,8742028281
P07175,Naveen Krishnan,35,Male,O+,Tiruvallur,8213213191
P07176,Ashwin Raj,31,Male,B+,Tiruppur,6288478158
P07177,Neha Patel,30,Female,O-,Tiruppur,8608213591
P07178,Rakesh Mohan,31,Male,B+,Trichy,9078466956
P07179,Ganesh Nair,63,Male,AB-,Trichy,8738827974
P07180,Vikram Gupta,60,Male,O+,Coimbatore,6706756149
P07181,Suresh Krishnan,43,Male,O+,Thanjavur,8112944354
P07182,Arjun Singh,14,Male,B+,Dindigul,6488190960
P07183,Lakshmi Singh,47,Female,B+,Tiruvallur,7650163857
P07184,Rahul Gupta,43,Male,B+,Tiruppur,9814508237
P07185,Naveen Patel,58,Male,AB+,Dindigul,7325658993
P07186,Vivek Iyer,67,Male,A+,Coimbatore,9346800369
P07187,Rohan Patel,15,Male,B+,Chennai,8676151819
P07188,Vikram Sharma,54,Male,O+,Tiruvallur,7746591316
P07189,Naveen Verma,9,Male,B+,Erode,6149809248
P07190,Lakshmi Mohan,54,Female,A+,Hosur,7998947388
P07191,Ashwin Raj,17,Male,O+,Chennai,6991977555
P07192,Harini Nair,65,Female,O+,Chennai,7909095944
P07193,Kavya Verma,67,Female,A+,Vellore,7519717182
P07194,Harish Sharma,13,Male,O+,Erode,9527787022
P07195,Deepika Babu,62,Female,B+,Salem,9277234890
P07196,Aditya Krishnan,21,Male,O+,Kanchipuram,8407786538
P07197,Deepika Iyer,55,Female,O+,Thanjavur,7496716089
P07198,Aditya Raj,25,Male,O+,Salem,8213155090
P07199,Vikram Raj,80,Male,A-,Dindigul,7049168426
P07200,Suresh Kumar,45,Male,B+,Thanjavur,6533659896
P07201,Nithya Iyer,25,Female,AB+,Hosur,9179363547
P07202,Suresh Kumar,39,Male,O+,Tiruvallur,8823826646
P07203,Rahul Raj,71,Male,B+,Kanchipuram,7450784902
P07204,Divya Gupta,7,Female,O+,Madurai,9430028306
P07205,Deepika Rao,31,Female,B+,Trichy,9277584308
P07206,Manoj Menon,25,Male,AB-,Coimbatore,8699879045
P07207,Pooja Menon,61,Female,B+,Erode,9674742768
P07208,Nithya Patel,75,Female,B+,Dindigul,9244658086
P07209,Rahul Singh,29,Male,O+,Tiruvallur,7264259154
P07210,Vikram Gupta,43,Male,B+,Chennai,6700691843
P07211,Keerthana Patel,48,Female,A+,Thanjavur,8968772918
P07212,Kavya Iyer,58,Female,A+,Madurai,6728640932
P07213,Vikram Menon,30,Male,AB+,Hosur,9322411883
P07214,Suresh Patel,86,Male,A+,Tirunelveli,8840887647
P07215,Swathi Menon,45,Female,A-,Vellore,8006985887
P07216,Rakesh Mohan,14,Male,O+,Coimbatore,7492336550
P07217,Ganesh Patel,14,Male,O+,Dindigul,9672507393
P07218,Harish Rao,59,Male,O+,Coimbatore,7623870703
P07219,Aditya Gupta,15,Male,B+,Salem,7728650188
P07220,Priya Mohan,37,Female,O+,Madurai,7536228093
P07221,Divya Sharma,13,Female,O+,Erode,6254290743
P07222,Harish Babu,65,Male,O+,Tirunelveli,7623193992
P07223,Rahul Patel,47,Male,B+,Salem,9215068498
P07224,Harish Raj,49,Male,O+,Dindigul,7129422669
P07225,Prakash Verma,31,Male,AB+,Salem,9592826550
P07226,Manoj Menon,42,Male,O+,Coimbatore,7670727297
P07227,Deepika Menon,2,Female,O+,Coimbatore,6106065589
P07228,Lakshmi Kumar,58,Female,A+,Thanjavur,7221813410
P07229,Lakshmi Gupta,42,Female,A+,Madurai,8624527610
P07230,Deepika Patel,62,Female,A+,Erode,9088399344
P07231,Nithya Verma,24,Female,A+,Madurai,8353643861
P07232,Harish Iyer,15,Male,O+,Hosur,7836843716
P07233,Priya Singh,50,Female,A+,Hosur,7105517757
P07234,Sneha Raj,49,Female,O+,Vellore,6182228107
P07235,Vikram Singh,33,Male,O+,Coimbatore,8224627181
P07236,Arjun Kumar,61,Male,O+,Tiruppur,9707953687
P07237,Karthik Babu,43,Male,A+,Tiruppur,6976750567
P07238,Nithya Iyer,37,Female,O-,Tiruppur,7503635324
P07239,Naveen Menon,29,Male,O+,Tiruvallur,6370395483
P07240,Ganesh Krishnan,30,Male,O+,Tirunelveli,6908211272
P07241,Prakash Menon,17,Male,A+,Madurai,6602804306
P07242,Harini Iyer,28,Female,A+,Erode,9703145189
P07243,Aditya Rao,45,Male,A+,Coimbatore,8256292892
P07244,Ashwin Nair,1,Male,A+,Trichy,7925839180
P07245,Meera Mohan,22,Female,B+,Tiruttani,9714884660
P07246,Ananya Raj,54,Female,B+,Vellore,6876094742
P07247,Ashwin Kumar,37,Male,O+,Tiruvallur,6396097952
P07248,Lakshmi Patel,17,Female,AB+,Dindigul,6851259007
P07249,Arjun Gupta,31,Male,A+,Salem,9736280532
P07250,Meera Rao,5,Female,A+,Chennai,6571968617
P07251,Nithya Nair,4,Female,B+,Coimbatore,8246765817
P07252,Neha Gupta,34,Female,O+,Salem,6925314112
P07253,Aishwarya Rao,34,Female,A+,Erode,6723781141
P07254,Rahul Patel,17,Male,O+,Tiruttani,8508786878
P07255,Neha Verma,33,Female,B+,Vellore,7705933930
P07256,Aditya Nair,40,Male,A+,Hosur,8682940368
P07257,Suresh Singh,65,Male,O+,Madurai,6308312096
P07258,Ananya Mohan,15,Female,A+,Trichy,8619411236
P07259,Suresh Rao,72,Male,B-,Vellore,8706243365
P07260,Ganesh Iyer,85,Male,O+,Dindigul,8965146213
P07261,Aditya Verma,25,Male,A+,Kanchipuram,7855639033
P07262,Neha Reddy,36,Female,AB+,Tiruttani,8400573573
P07263,Swathi Patel,13,Female,B-,Kanchipuram,7152709823
P07264,Vivek Mohan,37,Male,A+,Dindigul,6775760188
P07265,Deepika Verma,31,Female,B+,Tiruvallur,6515058935
P07266,Prakash Raj,33,Male,B+,Tiruvallur,9147766845
P07267,Harini Krishnan,41,Female,A+,Tiruttani,8214443874
P07268,Divya Krishnan,38,Female,AB+,Madurai,7471299328
P07269,Suresh Gupta,31,Male,B+,Salem,6196041768
P07270,Ananya Patel,1,Female,O-,Chennai,6962685508
P07271,Kavya Sharma,49,Female,O-,Dindigul,6722216654
P07272,Neha Singh,58,Female,O+,Hosur,9596684927
P07273,Ganesh Mohan,57,Male,A+,Madurai,7470759835
P07274,Rakesh Patel,44,Male,O+,Tirunelveli,8595821430
P07275,Pooja Gupta,14,Female,A+,Hosur,8797925198
P07276,Nithya Reddy,80,Female,A+,Tiruvallur,8915814745
P07277,Meera Nair,15,Female,AB+,Vellore,9310101007
P07278,Aditya Iyer,4,Male,O+,Trichy,7677711332
P07279,Suresh Reddy,26,Male,O+,Tirunelveli,6332662052
P07280,Pooja Reddy,24,Female,A+,Tiruvallur,6515397280
P07281,Deepika Sharma,29,Female,A+,Tirunelveli,6128550294
P07282,Aditya Reddy,62,Male,B+,Tiruvallur,8404251497
P07283,Pooja Iyer,64,Female,A+,Trichy,7374952525
P07284,Priya Rao,41,Female,B+,Chennai,6117633661
P07285,Rohan Sharma,35,Male,A+,Erode,7129585530
P07286,Rahul Gupta,38,Male,O+,Tiruppur,6005894551
P07287,Priya Gupta,8,Female,AB-,Hosur,7938232871
P07288,Swathi Babu,57,Female,O+,Coimbatore,6584701978
P07289,Rahul Kumar,45,Male,O+,Thanjavur,7337061978
P07290,Sneha Rao,49,Female,A+,Tiruppur,6933676117
P07291,Ananya Singh,60,Female,A+,Tiruppur,9571871820
P07292,Vivek Rao,62,Male,A-,Tiruppur,7875459619
P07293,Karthik Reddy,45,Male,O+,Dindigul,6748851885
P07294,Vikram Singh,15,Male,O+,Tiruppur,6931177355
P07295,Harini Singh,22,Female,O+,Salem,6944033367
P07296,Karthik Singh,16,Male,A-,Tiruppur,6103523319
P07297,Vivek Babu,22,Male,A+,Coimbatore,9338948037
P07298,Aditya Sharma,9,Male,O+,Kanchipuram,6226081959
P07299,Ananya Rao,80,Female,B+,Tirunelveli,6495134985
P07300,Vivek Raj,53,Male,O+,Tiruppur,6683268862
P07301,Harish Gupta,54,Male,A+,Dindigul,9065082572
P07302,Swathi Singh,41,Female,O+,Tirunelveli,7899603356
P07303,Manoj Menon,40,Male,B+,Kanchipuram,7233699717
P07304,Divya Kumar,53,Female,AB+,Tiruppur,9772669164
P07305,Sneha Reddy,47,Female,O+,Tirunelveli,9599803752
P07306,Harish Verma,4,Male,B+,Kanchipuram,8110264317
P07307,Deepika Rao,57,Female,O-,Tiruvallur,8229911840
P07308,Manoj Reddy,50,Male,O+,Salem,8464818684
P07309,Rakesh Patel,32,Male,A+,Kanchipuram,6388052850
P07310,Divya Singh,36,Female,O+,Kanchipuram,9247232388
P07311,Aishwarya Singh,73,Female,A+,Kanchipuram,9682132551
P07312,Priya Gupta,69,Female,A+,Thanjavur,8164937808
P07313,Priya Nair,27,Female,AB+,Thanjavur,9894157221
P07314,Lakshmi Gupta,21,Female,O-,Thanjavur,9210251858
P07315,Manoj Mohan,53,Male,A+,Coimbatore,7846784272
P07316,Ashwin Nair,42,Male,AB+,Tiruttani,7075320815
P07317,Ashwin Nair,13,Male,O+,Tiruvallur,8357465365
P07318,Harish Kumar,53,Male,A+,Vellore,9458047092
P07319,Arjun Patel,45,Male,A+,Vellore,7121286982
P07320,Rakesh Reddy,31,Male,O+,Trichy,9507801561
P07321,Nithya Raj,87,Female,B+,Trichy,9848032821
P07322,Harini Mohan,20,Female,B-,Coimbatore,9846842516
P07323,Ganesh Babu,21,Male,O+,Tirunelveli,7642324545
P07324,Ananya Babu,65,Female,O+,Hosur,7454227261
P07325,Karthik Rao,43,Male,A+,Tiruvallur,8599851017
P07326,Ananya Sharma,20,Female,O+,Tirunelveli,7793721877
P07327,Rohan Gupta,26,Male,A+,Dindigul,8646696017
P07328,Priya Gupta,38,Female,A+,Madurai,8462979151
P07329,Meera Kumar,28,Female,B-,Tiruppur,6886009391
P07330,Ananya Nair,39,Female,O+,Tirunelveli,7954416923
P07331,Rakesh Reddy,27,Male,O+,Dindigul,9408017483
P07332,Aditya Sharma,21,Male,B-,Trichy,8748073046
P07333,Vivek Menon,32,Male,O+,Trichy,7760540150
P07334,Rohan Iyer,85,Male,O+,Dindigul,8384194956
P07335,Manoj Nair,67,Male,A+,Hosur,7159865731
P07336,Harini Gupta,37,Female,B+,Salem,6621228665
P07337,Aditya Sharma,27,Male,O+,Thanjavur,8063603048
P07338,Rahul Raj,4,Male,A+,Erode,9892775790
P07339,Priya Raj,15,Female,O+,Kanchipuram,9521595646
P07340,Rakesh Krishnan,30,Male,O+,Vellore,7328228644
P07341,Suresh Mohan,4,Male,A+,Dindigul,7669508418
P07342,Deepika Mohan,19,Female,B+,Tirunelveli,7380932743
P07343,Priya Rao,13,Female,A-,Tiruvallur,8083004098
P07344,Keerthana Singh,21,Female,B+,Salem,7455319055
P07345,Naveen Rao,35,Male,O+,Dindigul,7859007274
P07346,Swathi Sharma,39,Female,O+,Erode,7111440740
P07347,Sneha Mohan,20,Female,AB+,Vellore,9300037529
P07348,Harini Mohan,42,Female,O+,Vellore,8262371275
P07349,Ganesh Gupta,65,Male,B+,Trichy,6958416359
P07350,Aishwarya Verma,38,Female,O+,Coimbatore,9901022848
P07351,Harini Gupta,20,Female,O+,Erode,8776810324
P07352,Ananya Nair,18,Female,A+,Erode,6088223516
P07353,Priya Gupta,57,Female,B+,Tiruppur,6347589161
P07354,Sneha Iyer,61,Female,O-,Erode,8352809876
P07355,Vivek Menon,26,Male,A+,Madurai,6961242203
P07356,Ganesh Sharma,11,Male,A+,Salem,9176945276
P07357,Arjun Gupta,77,Male,O+,Tiruttani,7011645817
P07358,Keerthana Raj,30,Female,O+,Salem,9406123142
P07359,Lakshmi Sharma,53,Female,O-,Chennai,8897731265
P07360,Arjun Nair,76,Male,O+,Tirunelveli,8122555119
P07361,Sneha Singh,20,Female,B+,Dindigul,6206551949
P07362,Meera Rao,39,Female,O+,Chennai,8613867252
P07363,Rahul Babu,27,Male,AB+,Salem,7037403476
P07364,Vikram Babu,37,Male,B+,Kanchipuram,7933316965
P07365,Manoj Iyer,31,Male,B+,Vellore,8700086764
P07366,Ganesh Singh,34,Male,B+,Thanjavur,8595191106
P07367,Rahul Kumar,64,Male,AB+,Chennai,6830162988
P07368,Nithya Nair,35,Female,A+,Trichy,9755848592
P07369,Rahul Iyer,26,Male,O+,Thanjavur,8515870978
P07370,Sneha Krishnan,16,Female,O+,Kanchipuram,9409265119
P07371,Rakesh Kumar,32,Male,O-,Vellore,6033900464
P07372,Pooja Verma,61,Female,A+,Kanchipuram,6546403037
P07373,Vivek Singh,72,Male,A+,Vellore,7320689479
P07374,Naveen Krishnan,13,Male,A-,Erode,6737459120
P07375,Rahul Kumar,29,Male,O+,Coimbatore,6875749222
P07376,Arjun Mohan,34,Male,O+,Coimbatore,6864574667
P07377,Rakesh Gupta,6,Male,A+,Erode,6289246737
P07378,Nithya Raj,45,Female,B+,Salem,6508824621
P07379,Divya Krishnan,27,Female,B+,Trichy,9183272231
P07380,Divya Patel,49,Female,O+,Erode,8767699417
P07381,Vivek Verma,7,Male,A-,Kanchipuram,6640782993
P07382,Lakshmi Singh,28,Female,O+,Salem,9950264187
P07383,Rakesh Iyer,45,Male,A+,Kanchipuram,6861592064
P07384,Vikram Raj,14,Male,A+,Erode,9166809648
P07385,Priya Mohan,53,Female,B+,Thanjavur,8223497279
P07386,Naveen Raj,54,Male,B+,Tiruppur,9804298602
P07387,Rakesh Iyer,65,Male,O+,Madurai,8305682110
P07388,Vikram Sharma,4,Male,B+,Erode,9869193649
P07389,Vikram Raj,19,Male,AB+,Chennai,8208257910
P07390,Ashwin Reddy,33,Male,AB+,Tiruttani,9267536248
P07391,Neha Mohan,18,Female,A+,Madurai,6499176066
P07392,Rohan Raj,31,Male,O+,Coimbatore,9738992146
P07393,Rahul Gupta,25,Male,A+,Kanchipuram,9342315306
P07394,Arjun Rao,24,Male,O+,Tiruvallur,8312014873
P07395,Kavya Menon,50,Female,A+,Kanchipuram,6401517143
P07396,Pooja Reddy,37,Female,AB+,Vellore,7083563014
P07397,Ananya Singh,22,Female,A+,Tiruttani,6674684799
P07398,Aditya Verma,50,Male,A+,Hosur,9459309184
P07399,Suresh Reddy,12,Male,O+,Chennai,8883619563
P07400,Harish Singh,23,Male,O+,Hosur,7092431481
P07401,Kavya Patel,28,Female,B+,Madurai,7104122774
P07402,Suresh Verma,15,Male,O+,Tiruvallur,9081119215
P07403,Arjun Kumar,2,Male,B+,Tirunelveli,7685468344
P07404,Neha Babu,41,Female,O+,Tiruttani,6767271067
P07405,Meera Nair,32,Female,B+,Hosur,9688462207
P07406,Swathi Iyer,61,Female,A+,Vellore,7209972365
P07407,Neha Menon,43,Female,A+,Kanchipuram,9340822410
P07408,Karthik Sharma,7,Male,AB+,Tiruvallur,9057883850
P07409,Vivek Menon,46,Male,A+,Thanjavur,7087204765
P07410,Naveen Rao,63,Male,O+,Chennai,6609646782
P07411,Neha Kumar,20,Female,B+,Tiruvallur,7174553934
P07412,Neha Gupta,75,Female,O+,Hosur,6415728122
P07413,Kavya Nair,35,Female,AB+,Tiruttani,6632942474
P07414,Harish Rao,40,Male,B-,Tirunelveli,8101234354
P07415,Suresh Mohan,57,Male,O+,Madurai,6946946833
P07416,Nithya Sharma,14,Female,O+,Kanchipuram,9358816659
P07417,Naveen Menon,27,Male,A+,Coimbatore,9855540743
P07418,Neha Singh,28,Female,A+,Kanchipuram,6341627622
P07419,Aishwarya Verma,84,Female,B+,Tiruttani,9661898311
P07420,Deepika Menon,23,Female,O-,Salem,8392608622
P07421,Deepika Nair,41,Female,O+,Chennai,9081636005
P07422,Manoj Menon,44,Male,AB+,Erode,8509038215
P07423,Sneha Krishnan,27,Female,B+,Tiruttani,8215573279
P07424,Harish Krishnan,40,Male,O+,Hosur,7822337039
P07425,Prakash Patel,9,Male,O+,Hosur,6101595591
P07426,Swathi Nair,4,Female,A+,Coimbatore,7082959460
P07427,Harini Verma,14,Female,A+,Dindigul,8375521550
P07428,Vivek Nair,19,Male,O-,Thanjavur,6198495134
P07429,Vikram Kumar,32,Male,A+,Tiruvallur,8939630446
P07430,Rohan Patel,78,Male,O+,Dindigul,9277025381
P07431,Sneha Rao,60,Female,A+,Erode,7746127505
P07432,Manoj Krishnan,19,Male,A-,Hosur,8612301765
P07433,Rahul Mohan,62,Male,B+,Hosur,6721212276
P07434,Sneha Patel,5,Female,O+,Tiruppur,8904131224
P07435,Ananya Nair,19,Female,B+,Tiruttani,6716035696
P07436,Ananya Mohan,55,Female,A+,Madurai,7141292756
P07437,Aishwarya Sharma,65,Female,AB+,Hosur,7879013350
P07438,Aishwarya Rao,54,Female,B+,Hosur,8359135678
P07439,Lakshmi Mohan,35,Female,O+,Kanchipuram,6307157426
P07440,Swathi Iyer,18,Female,O-,Trichy,6105138101
P07441,Nithya Patel,58,Female,AB+,Salem,9555123422
P07442,Kavya Reddy,31,Female,O+,Vellore,9605074150
P07443,Sneha Iyer,44,Female,O+,Salem,8875829304
P07444,Manoj Krishnan,12,Male,O+,Trichy,9421065390
P07445,Prakash Sharma,45,Male,O+,Tirunelveli,9384457055
P07446,Harish Patel,8,Male,O+,Chennai,7561664873
P07447,Nithya Iyer,25,Female,O+,Madurai,8889250000
P07448,Pooja Iyer,40,Female,O+,Salem,7789632067
P07449,Ananya Patel,2,Female,A+,Madurai,6922255398
P07450,Rakesh Sharma,57,Male,O+,Chennai,6763120426
P07451,Rakesh Rao,40,Male,O+,Vellore,6846962512
P07452,Naveen Krishnan,70,Male,O+,Vellore,9624327195
P07453,Karthik Rao,13,Male,O-,Tiruvallur,7660287902
P07454,Rahul Menon,37,Male,O+,Tiruppur,6565702316
P07455,Naveen Iyer,65,Male,A+,Trichy,9235852081
P07456,Prakash Nair,36,Male,O+,Hosur,7808599735
P07457,Harish Menon,29,Male,A+,Dindigul,8981394053
P07458,Lakshmi Nair,18,Female,A+,Salem,8367580552
P07459,Ashwin Krishnan,74,Male,B+,Hosur,9979757601
P07460,Ashwin Kumar,82,Male,A+,Tiruttani,9946594021
P07461,Keerthana Sharma,16,Female,AB+,Dindigul,6091256952
P07462,Swathi Singh,14,Female,A+,Coimbatore,6741483157
P07463,Rakesh Babu,30,Male,A+,Tiruvallur,6449003891
P07464,Vivek Gupta,55,Male,O+,Tiruppur,7961477814
P07465,Harini Babu,26,Female,O+,Trichy,9521795832
P07466,Arjun Nair,41,Male,AB+,Dindigul,7821257026
P07467,Neha Kumar,49,Female,A+,Thanjavur,6387853980
P07468,Aishwarya Mohan,64,Female,O+,Tiruvallur,7819668429
P07469,Vikram Gupta,51,Male,O+,Vellore,6309755979
P07470,Aditya Raj,24,Male,O+,Tirunelveli,9733911983
P07471,Ganesh Reddy,42,Male,B+,Thanjavur,8368831288
P07472,Ashwin Babu,62,Male,O+,Madurai,9440834474
P07473,Neha Singh,39,Female,A+,Tiruvallur,8926713488
P07474,Manoj Babu,42,Male,B+,Salem,7234223893
P07475,Keerthana Nair,1,Female,O+,Kanchipuram,9426050572
P07476,Ananya Raj,34,Female,O+,Tiruppur,8146825706
P07477,Pooja Iyer,13,Female,O+,Salem,7209147908
P07478,Rohan Rao,65,Male,B+,Hosur,8092271724
P07479,Sneha Reddy,23,Female,B+,Vellore,8791600533
P07480,Harish Kumar,38,Male,O+,Chennai,8385099290
P07481,Arjun Babu,64,Male,O-,Tirunelveli,6880625291
P07482,Nithya Nair,15,Female,AB+,Hosur,9377032951
P07483,Keerthana Kumar,59,Female,A+,Dindigul,6595770483
P07484,Rahul Patel,32,Male,O+,Dindigul,8739126626
P07485,Vivek Mohan,25,Male,O+,Tiruttani,9068154444
P07486,Deepika Patel,52,Female,A+,Thanjavur,6468318971
P07487,Rohan Raj,18,Male,AB+,Tirunelveli,7344409230
P07488,Manoj Iyer,61,Male,A-,Erode,8007142447
P07489,Ananya Nair,46,Female,B+,Vellore,6592446026
P07490,Prakash Verma,52,Male,O+,Erode,8133470847
P07491,Lakshmi Rao,55,Female,A+,Erode,6474749267
P07492,Ashwin Iyer,13,Male,A+,Tiruvallur,7157183424
P07493,Rahul Kumar,57,Male,A+,Erode,8887248065
P07494,Deepika Singh,39,Female,A+,Salem,9938012660
P07495,Harish Rao,17,Male,O+,Tiruttani,8251450209
P07496,Ashwin Patel,17,Male,O+,Chennai,6014127809
P07497,Sneha Rao,22,Female,O+,Tirunelveli,8032730634
P07498,Meera Singh,64,Female,A+,Trichy,7811129764
P07499,Rakesh Nair,13,Male,B+,Coimbatore,7853315419
P07500,Lakshmi Menon,43,Female,B+,Erode,9301008308
P07501,Neha Gupta,47,Female,O-,Tirunelveli,8703616223
P07502,Swathi Iyer,38,Female,O+,Trichy,6408020852
P07503,Kavya Patel,62,Female,O+,Kanchipuram,9727802724
P07504,Manoj Gupta,40,Male,A+,Madurai,8567342142
P07505,Aishwarya Nair,21,Female,B+,Coimbatore,9057730858
P07506,Suresh Raj,18,Male,A+,Tiruvallur,9863825436
P07507,Lakshmi Gupta,29,Female,O+,Vellore,6269226842
P07508,Prakash Verma,25,Male,B-,Coimbatore,8605797927
P07509,Karthik Iyer,30,Male,B+,Trichy,7322047639
P07510,Kavya Patel,43,Female,O+,Tiruttani,9867967927
P07511,Rohan Gupta,42,Male,O+,Erode,6017755622
P07512,Harish Nair,7,Male,A+,Thanjavur,9880505838
P07513,Suresh Singh,23,Male,A+,Kanchipuram,7179575811
P07514,Meera Singh,87,Female,AB+,Tiruppur,6699361732
P07515,Ananya Menon,32,Female,A+,Coimbatore,6325145460
P07516,Deepika Kumar,79,Female,O+,Tiruttani,9379189449
P07517,Priya Nair,6,Female,O-,Dindigul,7821354975
P07518,Rohan Iyer,44,Male,AB+,Hosur,9255592214
P07519,Meera Krishnan,88,Female,O+,Tiruttani,6811625983
P07520,Vikram Patel,4,Male,O+,Thanjavur,8235916610
P07521,Lakshmi Menon,34,Female,O+,Hosur,8061104865
P07522,Neha Reddy,36,Female,A+,Tiruttani,6755071810
P07523,Rohan Patel,27,Male,A+,Hosur,8234497275
P07524,Divya Singh,27,Female,A+,Chennai,9617084609
P07525,Harini Patel,37,Female,A+,Hosur,7830133959
P07526,Vivek Krishnan,28,Male,O+,Erode,8241024640
P07527,Meera Menon,82,Female,AB+,Thanjavur,9419025119
P07528,Karthik Menon,68,Male,O+,Tirunelveli,9672687720
P07529,Lakshmi Babu,53,Female,B+,Salem,8561161733
P07530,Nithya Sharma,42,Female,A-,Trichy,6833268763
P07531,Aishwarya Iyer,1,Female,B+,Tirunelveli,9792860477
P07532,Ganesh Reddy,37,Male,O+,Thanjavur,8095097499
P07533,Rohan Rao,9,Male,B+,Chennai,6919158834
P07534,Sneha Menon,54,Female,A+,Dindigul,6521082191
P07535,Meera Raj,46,Female,O+,Erode,6719191609
P07536,Manoj Reddy,44,Male,A+,Hosur,7395322708
P07537,Keerthana Patel,40,Female,O+,Trichy,8676951949
P07538,Prakash Verma,39,Male,B+,Thanjavur,9915977814
P07539,Divya Raj,85,Female,A+,Trichy,6507007828
P07540,Prakash Babu,45,Male,A+,Thanjavur,8046588639
P07541,Rahul Reddy,63,Male,A+,Hosur,9972068814
P07542,Swathi Verma,75,Female,B+,Tiruvallur,9264738688
P07543,Naveen Sharma,24,Male,B+,Erode,9790077485
P07544,Manoj Krishnan,8,Male,B+,Vellore,9676834269
P07545,Vikram Patel,28,Male,O+,Salem,9520388292
P07546,Divya Nair,58,Female,O-,Coimbatore,8044048874
P07547,Swathi Singh,1,Female,B+,Kanchipuram,9237677270
P07548,Aishwarya Raj,39,Female,O+,Tiruvallur,8054837469
P07549,Aditya Raj,39,Male,O+,Vellore,9440833692
P07550,Rohan Verma,59,Male,O+,Thanjavur,6441622034
P07551,Neha Krishnan,21,Female,O-,Thanjavur,7477160480
P07552,Aishwarya Verma,73,Female,O+,Erode,7454812461
P07553,Aishwarya Kumar,30,Female,A+,Kanchipuram,9892903188
P07554,Vikram Patel,43,Male,B+,Coimbatore,9390988032
P07555,Lakshmi Menon,82,Female,A+,Dindigul,7449476614
P07556,Rohan Rao,45,Male,O-,Trichy,7709751241
P07557,Harini Raj,31,Female,AB+,Vellore,9920301952
P07558,Naveen Mohan,26,Male,B+,Madurai,7715276366
P07559,Priya Gupta,26,Female,O+,Chennai,8947207695
P07560,Manoj Verma,45,Male,O+,Madurai,6832697036
P07561,Divya Krishnan,28,Female,O+,Vellore,8859076595
P07562,Swathi Kumar,6,Female,O+,Dindigul,7970470340
P07563,Sneha Krishnan,74,Female,O+,Coimbatore,7589297082
P07564,Rakesh Singh,63,Male,O+,Hosur,6366213130
P07565,Ananya Babu,37,Female,O+,Vellore,6056987352
P07566,Swathi Kumar,27,Female,O+,Erode,6548411994
P07567,Divya Raj,33,Female,B+,Trichy,6933235699
P07568,Harish Raj,2,Male,O+,Madurai,6456292122
P07569,Arjun Singh,75,Male,O+,Kanchipuram,6270464878
P07570,Vivek Krishnan,80,Male,O+,Tiruvallur,6582363062
P07571,Aishwarya Nair,62,Female,A+,Erode,8881298562
P07572,Rahul Babu,6,Male,AB+,Tiruvallur,7022679699
P07573,Vivek Gupta,7,Male,B+,Salem,6948711256
P07574,Meera Krishnan,30,Female,A+,Salem,8576593962
P07575,Rakesh Rao,22,Male,B-,Tiruttani,8491616126
P07576,Neha Sharma,33,Female,B+,Tiruttani,7576492292
P07577,Rakesh Mohan,45,Male,AB+,Hosur,8857359405
P07578,Prakash Verma,39,Male,B+,Vellore,7106116389
P07579,Keerthana Krishnan,25,Female,AB+,Salem,9302493726
P07580,Karthik Krishnan,42,Male,O+,Tiruppur,7326261205
P07581,Swathi Kumar,60,Female,A+,Tiruppur,6722454846
P07582,Meera Kumar,42,Female,O+,Thanjavur,9321423345
P07583,Harish Nair,57,Male,O+,Dindigul,9903244133
P07584,Manoj Krishnan,25,Male,AB-,Dindigul,7778337937
P07585,Naveen Singh,24,Male,O+,Tiruvallur,7249672111
P07586,Karthik Kumar,36,Male,O+,Tirunelveli,7001968468
P07587,Meera Nair,59,Female,AB+,Tirunelveli,9437547401
P07588,Priya Patel,30,Female,O-,Salem,8263509263
P07589,Swathi Kumar,58,Female,A+,Chennai,6763032718
P07590,Meera Rao,50,Female,B-,Vellore,9708604429
P07591,Pooja Kumar,74,Female,A+,Thanjavur,9738635563
P07592,Rohan Patel,65,Male,O-,Trichy,9418610767
P07593,Naveen Kumar,36,Male,O+,Salem,8711290631
P07594,Deepika Nair,48,Female,O+,Kanchipuram,7257751382
P07595,Kavya Menon,85,Female,AB-,Salem,7462665754
P07596,Rahul Nair,47,Male,B+,Salem,9302055942
P07597,Suresh Sharma,8,Male,B+,Kanchipuram,7332031006
P07598,Sneha Verma,14,Female,O+,Madurai,8042441491
P07599,Ananya Nair,32,Female,O+,Kanchipuram,8992535816
P07600,Rakesh Gupta,46,Male,B+,Tirunelveli,7841075289
P07601,Harish Krishnan,59,Male,B+,Hosur,8611713223
P07602,Harish Sharma,43,Male,A+,Coimbatore,9632715492
P07603,Pooja Krishnan,38,Female,B+,Trichy,7008697446
P07604,Rohan Singh,30,Male,B+,Trichy,7354097434
P07605,Ananya Nair,83,Female,A+,Tiruvallur,9071921071
P07606,Keerthana Gupta,12,Female,O-,Madurai,8860420190
P07607,Aditya Raj,56,Male,B+,Salem,6394061648
P07608,Rakesh Rao,42,Male,B+,Salem,8157723852
P07609,Vikram Reddy,27,Male,AB+,Tiruttani,6994759377
P07610,Divya Nair,18,Female,A+,Hosur,8104771672
P07611,Nithya Iyer,15,Female,B+,Tiruvallur,7827210586
P07612,Arjun Rao,24,Male,O+,Tiruttani,7550155385
P07613,Rahul Mohan,32,Male,O+,Tirunelveli,7769634172
P07614,Prakash Sharma,43,Male,A+,Kanchipuram,8008687264
P07615,Prakash Babu,22,Male,A+,Salem,8627121371
P07616,Divya Gupta,65,Female,O+,Madurai,6985941661
P07617,Manoj Mohan,6,Male,B+,Tiruttani,9085119766
P07618,Swathi Singh,28,Female,A+,Coimbatore,7004568157
P07619,Harini Iyer,40,Female,B-,Thanjavur,9528326426
P07620,Karthik Singh,55,Male,O+,Kanchipuram,9417625632
P07621,Rahul Gupta,10,Male,O+,Thanjavur,7596765929
P07622,Pooja Nair,24,Female,A+,Tirunelveli,8976845749
P07623,Ananya Reddy,49,Female,B+,Trichy,9717853563
P07624,Arjun Gupta,27,Male,O+,Hosur,6501809905
P07625,Neha Krishnan,90,Female,O-,Vellore,6355387214
P07626,Aishwarya Mohan,66,Female,O+,Hosur,8863900036
P07627,Kavya Nair,21,Female,O+,Madurai,8797653017
P07628,Priya Kumar,85,Female,B+,Trichy,7574652320
P07629,Karthik Krishnan,29,Male,O+,Trichy,8657610405
P07630,Ananya Raj,29,Female,B+,Kanchipuram,8341868674
P07631,Suresh Patel,27,Male,O+,Hosur,7165057143
P07632,Kavya Rao,51,Female,O+,Tiruvallur,7453800694
P07633,Pooja Singh,26,Female,O+,Vellore,6188668926
P07634,Lakshmi Rao,36,Female,O+,Dindigul,8520236619
P07635,Ashwin Reddy,21,Male,AB+,Tirunelveli,6988264302
P07636,Vivek Mohan,20,Male,AB+,Thanjavur,9273364722
P07637,Rohan Iyer,65,Male,O+,Thanjavur,8883495387
P07638,Priya Verma,22,Female,A+,Tiruvallur,7890242395
P07639,Naveen Gupta,44,Male,A+,Tiruttani,7581324336
P07640,Aishwarya Sharma,41,Female,O+,Thanjavur,8273317841
P07641,Aditya Kumar,21,Male,O+,Kanchipuram,9313038899
P07642,Divya Patel,40,Female,A+,Tiruppur,9062036460
P07643,Ganesh Mohan,64,Male,B+,Tiruppur,6735644848
P07644,Nithya Krishnan,44,Female,B+,Erode,6039790645
P07645,Lakshmi Singh,26,Female,B+,Tirunelveli,7847451566
P07646,Harish Babu,8,Male,B-,Tiruvallur,6537389350
P07647,Harini Nair,34,Female,A+,Chennai,6378638691
P07648,Arjun Patel,65,Male,A+,Salem,8441143376
P07649,Pooja Raj,44,Female,O+,Hosur,6224397623
P07650,Neha Iyer,86,Female,O+,Coimbatore,7023818446
P07651,Keerthana Patel,17,Female,B+,Salem,7011285079
P07652,Swathi Sharma,19,Female,O+,Thanjavur,7928461788
P07653,Suresh Sharma,72,Male,A+,Tiruvallur,9143555095
P07654,Kavya Patel,44,Female,O+,Thanjavur,7986492449
P07655,Ashwin Gupta,15,Male,B+,Kanchipuram,8746648750
P07656,Harish Reddy,35,Male,O+,Salem,9575995596
P07657,Ananya Iyer,21,Female,O+,Coimbatore,7115385360
P07658,Naveen Menon,41,Male,A+,Tiruvallur,6419246594
P07659,Rohan Sharma,68,Male,O-,Madurai,8290957502
P07660,Vivek Raj,65,Male,B+,Hosur,7609337732
P07661,Kavya Nair,38,Female,O+,Kanchipuram,6128405554
P07662,Vikram Reddy,61,Male,O+,Kanchipuram,6027864913
P07663,Ganesh Sharma,58,Male,B+,Coimbatore,7538747155
P07664,Rakesh Mohan,27,Male,O+,Salem,8718641453
P07665,Lakshmi Iyer,21,Female,A+,Madurai,9402513457
P07666,Lakshmi Menon,42,Female,A+,Kanchipuram,9941101450
P07667,Ananya Singh,48,Female,O+,Tiruppur,8919606144
P07668,Nithya Rao,13,Female,O+,Tiruppur,6544109935
P07669,Sneha Reddy,29,Female,AB+,Salem,6199212818
P07670,Aishwarya Mohan,58,Female,O-,Tiruvallur,9030103399
P07671,Priya Iyer,90,Female,O+,Tiruttani,7579536421
P07672,Ashwin Nair,29,Male,B+,Vellore,6997150840
P07673,Pooja Singh,60,Female,B+,Hosur,9783746438
P07674,Vikram Mohan,40,Male,B+,Trichy,9079154606
P07675,Rahul Patel,23,Male,AB-,Hosur,8722006978
P07676,Harini Rao,22,Female,B+,Dindigul,9086467528
P07677,Vivek Patel,13,Male,B-,Coimbatore,7296998857
P07678,Naveen Krishnan,54,Male,O+,Erode,9391405456
P07679,Karthik Babu,65,Male,B+,Chennai,9898053882
P07680,Sneha Iyer,29,Female,O-,Vellore,6779512417
P07681,Meera Iyer,64,Female,A+,Coimbatore,9419224506
P07682,Kavya Reddy,23,Female,O+,Tirunelveli,6028116750
P07683,Karthik Kumar,65,Male,O+,Tirunelveli,9762632749
P07684,Harish Patel,31,Male,A+,Trichy,8311320082
P07685,Ganesh Babu,57,Male,A+,Chennai,6693813602
P07686,Manoj Verma,65,Male,A+,Tirunelveli,9857624727
P07687,Deepika Rao,65,Female,B+,Erode,9548500310
P07688,Vivek Babu,29,Male,A+,Tiruttani,9975563400
P07689,Vikram Menon,10,Male,O+,Erode,7489473197
P07690,Neha Verma,32,Female,A+,Tirunelveli,8371175763
P07691,Meera Krishnan,14,Female,O+,Dindigul,9302746649
P07692,Swathi Krishnan,30,Female,A+,Vellore,9434286619
P07693,Harish Mohan,49,Male,O+,Madurai,7722935533
P07694,Deepika Kumar,56,Female,O+,Thanjavur,7704302385
P07695,Divya Sharma,28,Female,A+,Hosur,9479221600
P07696,Harish Babu,12,Male,O+,Tiruppur,8087114125
P07697,Manoj Mohan,52,Male,A+,Tiruppur,7695962375
P07698,Neha Mohan,51,Female,O+,Trichy,7364830243
P07699,Prakash Krishnan,18,Male,B+,Tiruttani,8734791890
P07700,Karthik Menon,63,Male,O+,Tiruttani,8707744208
P07701,Kavya Menon,23,Female,O+,Tiruppur,9037957128
P07702,Rahul Nair,57,Male,O+,Salem,7811665792
P07703,Priya Rao,19,Female,O+,Trichy,7951236623
P07704,Kavya Kumar,24,Female,A+,Thanjavur,7575715877
P07705,Manoj Raj,47,Male,AB+,Kanchipuram,8517412683
P07706,Naveen Krishnan,70,Male,O+,Kanchipuram,7128353185
P07707,Aishwarya Nair,68,Female,B+,Tiruvallur,7473824843
P07708,Neha Krishnan,3,Female,B-,Hosur,9750401280
P07709,Aishwarya Gupta,73,Female,B+,Tiruttani,7205177852
P07710,Meera Nair,15,Female,O+,Vellore,8372315702
P07711,Ananya Patel,64,Female,O+,Madurai,6113373992
P07712,Rahul Singh,5,Male,B+,Salem,8044576232
P07713,Rakesh Mohan,24,Male,B+,Kanchipuram,9731080945
P07714,Karthik Patel,21,Male,O+,Tiruvallur,6461553741
P07715,Vikram Kumar,23,Male,B+,Tiruvallur,9359922715
P07716,Aishwarya Babu,39,Female,B+,Hosur,7403624089
P07717,Lakshmi Babu,53,Female,O+,Hosur,6143100822
P07718,Divya Kumar,18,Female,AB+,Hosur,9298738445
P07719,Suresh Gupta,53,Male,B-,Erode,7616971244
P07720,Meera Iyer,42,Female,A-,Salem,7826271588
P07721,Manoj Krishnan,39,Male,O+,Tiruvallur,9850217703
P07722,Rohan Menon,18,Male,B+,Salem,9645125814
P07723,Divya Menon,13,Female,A-,Salem,9401134997
P07724,Sneha Mohan,18,Female,AB+,Tirunelveli,6810540478
P07725,Deepika Iyer,42,Female,O+,Tiruvallur,8853870375
P07726,Ganesh Krishnan,61,Male,B+,Tiruppur,9881091176
P07727,Ashwin Singh,41,Male,O-,Kanchipuram,8001091940
P07728,Manoj Mohan,59,Male,B+,Erode,7134982734
P07729,Ashwin Gupta,54,Male,AB-,Hosur,7399449978
P07730,Rakesh Menon,28,Male,AB+,Kanchipuram,9565463641
P07731,Pooja Krishnan,57,Female,A+,Salem,8671077017
P07732,Priya Sharma,31,Female,O+,Thanjavur,7665891238
P07733,Ananya Gupta,40,Female,A+,Kanchipuram,6678412315
P07734,Ananya Sharma,33,Female,O+,Erode,7637004464
P07735,Manoj Gupta,26,Male,A+,Coimbatore,7643921192
P07736,Vikram Iyer,2,Male,A-,Kanchipuram,9677468039
P07737,Vivek Krishnan,79,Male,O-,Coimbatore,9389040626
P07738,Lakshmi Menon,48,Female,A+,Dindigul,7546815957
P07739,Swathi Singh,51,Female,A+,Tirunelveli,6630496618
P07740,Vikram Raj,13,Male,AB+,Trichy,9649085879
P07741,Lakshmi Sharma,62,Female,O+,Erode,8024887646
P07742,Rahul Iyer,22,Male,A+,Trichy,8361679007
P07743,Ganesh Sharma,61,Male,A+,Vellore,9218834290
P07744,Naveen Kumar,37,Male,B+,Trichy,9911769311
P07745,Vikram Sharma,46,Male,O+,Tiruttani,6799357017
P07746,Nithya Iyer,11,Female,A+,Tirunelveli,9386906017
P07747,Sneha Gupta,12,Female,AB+,Madurai,9451059625
P07748,Deepika Menon,66,Female,A+,Tiruppur,9158848014
P07749,Naveen Kumar,28,Male,O+,Vellore,9375450580
P07750,Rahul Patel,36,Male,O+,Coimbatore,7903479477
P07751,Kavya Singh,20,Female,AB+,Madurai,8745177630
P07752,Swathi Iyer,6,Female,O+,Coimbatore,7123317383
P07753,Deepika Menon,50,Female,B+,Erode,7515306337
P07754,Meera Verma,13,Female,AB+,Kanchipuram,8328138403
P07755,Ganesh Raj,31,Male,A+,Coimbatore,9790875777
P07756,Kavya Menon,26,Female,A+,Thanjavur,9100995850
P07757,Harish Sharma,32,Male,O+,Madurai,6603484788
P07758,Rakesh Raj,8,Male,O+,Dindigul,7571267728
P07759,Vivek Babu,71,Male,O+,Tiruvallur,9154668079
P07760,Lakshmi Rao,23,Female,A+,Trichy,6116847804
P07761,Rohan Nair,17,Male,B+,Thanjavur,7897419645
P07762,Vivek Patel,45,Male,AB+,Salem,8661099583
P07763,Arjun Patel,64,Male,A+,Thanjavur,8717599271
P07764,Ganesh Menon,44,Male,O+,Salem,8366594232
P07765,Aditya Sharma,60,Male,AB+,Erode,6141944664
P07766,Divya Iyer,80,Female,O+,Tiruppur,7221850932
P07767,Manoj Singh,40,Male,O+,Madurai,6376149981
P07768,Prakash Sharma,44,Male,A+,Kanchipuram,9883906767
P07769,Vivek Kumar,71,Male,O-,Kanchipuram,6161020145
P07770,Rohan Mohan,12,Male,O+,Kanchipuram,8289214155
P07771,Lakshmi Krishnan,18,Female,O+,Thanjavur,6470590856
P07772,Ananya Nair,26,Female,O+,Tirunelveli,7847514220
P07773,Rahul Mohan,51,Male,B+,Kanchipuram,9756162657
P07774,Ananya Reddy,71,Female,A+,Chennai,6002855823
P07775,Vikram Rao,29,Male,O-,Chennai,9903327176
P07776,Pooja Menon,59,Female,O+,Madurai,8097811945
P07777,Nithya Menon,27,Female,A+,Tiruttani,6361261263
P07778,Vikram Patel,12,Male,B+,Tirunelveli,6776398572
P07779,Sneha Singh,7,Female,O+,Coimbatore,8341119629
P07780,Naveen Krishnan,70,Male,O+,Erode,6639719103
P07781,Naveen Gupta,25,Male,O+,Kanchipuram,7197102451
P07782,Vivek Iyer,73,Male,O+,Kanchipuram,6462798877
P07783,Rakesh Gupta,48,Male,B+,Dindigul,8490676533
P07784,Meera Babu,13,Female,O+,Thanjavur,6572467468
P07785,Priya Babu,7,Female,O+,Tirunelveli,9481521380
P07786,Karthik Patel,48,Male,A+,Hosur,9942215057
P07787,Harini Menon,76,Female,O+,Chennai,6191880254
P07788,Rohan Nair,41,Male,O-,Tiruttani,9554960155
P07789,Vivek Mohan,57,Male,AB+,Tiruvallur,6433356559
P07790,Lakshmi Krishnan,34,Female,A+,Vellore,7413260494
P07791,Ganesh Raj,50,Male,B+,Trichy,9561152727
P07792,Meera Rao,13,Female,O+,Tiruvallur,6407655803
P07793,Nithya Rao,60,Female,O+,Chennai,9002341432
P07794,Rohan Iyer,77,Male,A+,Tiruppur,7514203383
P07795,Vivek Gupta,5,Male,A+,Kanchipuram,8675845769
P07796,Ananya Verma,63,Female,A+,Tiruppur,6511171181
P07797,Manoj Gupta,41,Male,O+,Kanchipuram,7555481244
P07798,Karthik Reddy,24,Male,B+,Tiruttani,9877546296
P07799,Rakesh Menon,28,Male,AB+,Vellore,9842145100
P07800,Nithya Mohan,15,Female,O+,Chennai,6333887000
P07801,Keerthana Gupta,48,Female,B+,Trichy,9985045205
P07802,Ananya Rao,35,Female,A-,Coimbatore,7195474684
P07803,Meera Raj,90,Female,O+,Tiruvallur,7098710428
P07804,Karthik Reddy,20,Male,B+,Tiruppur,6203348289
P07805,Rahul Babu,83,Male,AB+,Tiruppur,6972246019
P07806,Rakesh Kumar,34,Male,B+,Dindigul,9945225361
P07807,Aishwarya Singh,55,Female,O+,Trichy,8015433470
P07808,Sneha Menon,18,Female,O-,Madurai,8786321185
P07809,Manoj Verma,53,Male,B+,Dindigul,8983437845
P07810,Vivek Menon,82,Male,O+,Salem,7834599619
P07811,Nithya Kumar,20,Female,B+,Trichy,9721026989
P07812,Harini Patel,7,Female,A+,Tiruttani,7057685344
P07813,Suresh Singh,43,Male,A+,Chennai,8225962561
P07814,Aishwarya Singh,62,Female,A+,Thanjavur,8498267753
P07815,Prakash Iyer,1,Male,O+,Thanjavur,7464791142
P07816,Deepika Singh,23,Female,O+,Chennai,9561618464
P07817,Priya Raj,47,Female,A+,Erode,6085223296
P07818,Ashwin Iyer,13,Male,B+,Coimbatore,9462388506
P07819,Keerthana Kumar,33,Female,O+,Tirunelveli,9486935723
P07820,Aishwarya Gupta,58,Female,O+,Tirunelveli,9094785991
P07821,Vikram Verma,39,Male,A+,Tirunelveli,9933317361
P07822,Vikram Nair,41,Male,O+,Tirunelveli,9872249795
P07823,Sneha Babu,33,Female,A+,Madurai,8656754300
P07824,Deepika Iyer,37,Female,B+,Salem,7129772483
P07825,Vikram Mohan,44,Male,A+,Vellore,8412132914
P07826,Vikram Nair,22,Male,O+,Salem,6715658653
P07827,Pooja Gupta,50,Female,A+,Kanchipuram,8813683365
P07828,Ganesh Rao,5,Male,A+,Tiruvallur,7401726370
P07829,Rakesh Nair,53,Male,AB+,Coimbatore,9374959662
P07830,Meera Reddy,54,Female,O+,Kanchipuram,7967761615
P07831,Vikram Raj,87,Male,O-,Dindigul,8197245671
P07832,Aditya Krishnan,37,Male,O+,Erode,8178907091
P07833,Priya Menon,54,Female,O-,Salem,6461082808
P07834,Arjun Reddy,31,Male,B+,Dindigul,6992950398
P07835,Arjun Raj,51,Male,A+,Salem,8132047132
P07836,Lakshmi Iyer,38,Female,O+,Salem,6692706042
P07837,Pooja Sharma,17,Female,O-,Coimbatore,6697033944
P07838,Kavya Kumar,16,Female,A+,Thanjavur,8972821801
P07839,Sneha Rao,40,Female,AB+,Madurai,6381522882
P07840,Suresh Krishnan,41,Male,A+,Erode,9136846584
P07841,Arjun Singh,31,Male,A+,Tiruttani,7199119087
P07842,Ashwin Iyer,29,Male,A+,Kanchipuram,6305114960
P07843,Neha Iyer,28,Female,AB+,Vellore,7978214127
P07844,Swathi Reddy,40,Female,O+,Erode,8050445667
P07845,Prakash Menon,65,Male,A+,Chennai,8127271067
P07846,Ananya Raj,41,Female,O+,Tiruvallur,8580100791
P07847,Divya Singh,38,Female,A+,Hosur,7381159576
P07848,Sneha Sharma,2,Female,A+,Madurai,9650987128
P07849,Swathi Singh,18,Female,O+,Coimbatore,7068946491
P07850,Aishwarya Iyer,19,Female,O+,Tirunelveli,8743292201
P07851,Divya Krishnan,17,Female,O+,Thanjavur,9254364448
P07852,Karthik Menon,37,Male,O+,Tiruttani,8092644976
P07853,Rahul Sharma,7,Male,B+,Tiruvallur,7720207955
P07854,Suresh Raj,40,Male,O+,Tiruttani,8916520090
P07855,Keerthana Verma,47,Female,A+,Tiruttani,6670426470
P07856,Pooja Rao,7,Female,O+,Chennai,9218642364
P07857,Divya Singh,18,Female,AB+,Salem,8265063044
P07858,Ganesh Singh,60,Male,O-,Thanjavur,8849453525
P07859,Deepika Babu,47,Female,AB+,Trichy,6916288750
P07860,Keerthana Patel,47,Female,A+,Kanchipuram,7923297502
P07861,Arjun Singh,34,Male,O+,Tiruttani,7967731596
P07862,Karthik Menon,9,Male,O+,Erode,9315151947
P07863,Nithya Verma,82,Female,A+,Tiruttani,9006393992
P07864,Rahul Reddy,81,Male,A+,Tirunelveli,9234315759
P07865,Divya Babu,4,Female,O+,Trichy,6060771313
P07866,Suresh Mohan,19,Male,O+,Madurai,7633725926
P07867,Aishwarya Patel,52,Female,AB+,Coimbatore,7103007672
P07868,Manoj Kumar,8,Male,O+,Tiruppur,8342030951
P07869,Suresh Nair,48,Male,B+,Tiruppur,7436542699
P07870,Divya Kumar,52,Female,A+,Thanjavur,6698956092
P07871,Aishwarya Menon,49,Female,O+,Salem,8202158536
P07872,Keerthana Mohan,16,Female,O+,Tiruvallur,8965397642
P07873,Ashwin Iyer,49,Male,B+,Tiruppur,7397116114
P07874,Vikram Babu,28,Male,AB+,Hosur,8439838853
P07875,Sneha Singh,14,Female,A+,Tiruvallur,6940905969
P07876,Vikram Raj,80,Male,O+,Dindigul,9768384123
P07877,Ananya Krishnan,4,Female,A+,Thanjavur,6938061901
P07878,Harini Patel,56,Female,A+,Kanchipuram,6674885442
P07879,Vikram Sharma,67,Male,A+,Thanjavur,7366457762
P07880,Ganesh Kumar,27,Male,O+,Vellore,9000102532
P07881,Neha Sharma,19,Female,AB+,Tiruttani,8177633107
P07882,Ashwin Menon,32,Male,B+,Dindigul,9902544830
P07883,Sneha Babu,48,Female,A+,Thanjavur,8230651779
P07884,Suresh Mohan,49,Male,O+,Chennai,8848681747
P07885,Suresh Patel,15,Male,B+,Thanjavur,8193413581
P07886,Harish Raj,19,Male,O+,Coimbatore,6944059149
P07887,Meera Patel,37,Female,O+,Thanjavur,8274253242
P07888,Ganesh Iyer,70,Male,O+,Kanchipuram,9686008509
P07889,Manoj Iyer,49,Male,A+,Tirunelveli,8028418542
P07890,Rahul Rao,30,Male,A+,Kanchipuram,8767264940
P07891,Aditya Gupta,33,Male,O+,Thanjavur,9441189565
P07892,Arjun Babu,3,Male,B+,Tiruttani,8384438963
P07893,Suresh Raj,49,Male,AB+,Salem,9676450786
P07894,Priya Gupta,40,Female,A+,Hosur,7714227244
P07895,Rahul Gupta,38,Male,O+,Trichy,9813659467
P07896,Aishwarya Iyer,37,Female,B+,Salem,9927051417
P07897,Aditya Verma,49,Male,AB+,Madurai,7906907002
P07898,Deepika Reddy,56,Female,A+,Hosur,7785063158
P07899,Keerthana Reddy,33,Female,O+,Trichy,8191644677
P07900,Swathi Rao,15,Female,O+,Tirunelveli,7421202853
P07901,Vikram Rao,72,Male,AB+,Tiruvallur,8442546629
P07902,Neha Rao,19,Female,A-,Hosur,8245860488
P07903,Nithya Nair,34,Female,AB+,Thanjavur,7351109929
P07904,Swathi Rao,37,Female,A+,Tiruppur,8270908660
P07905,Rohan Babu,13,Male,O-,Vellore,6627961128
P07906,Swathi Reddy,15,Female,O+,Salem,8925778982
P07907,Pooja Krishnan,27,Female,A+,Salem,9681740638
P07908,Nithya Krishnan,56,Female,O+,Salem,7241411770
P07909,Swathi Sharma,59,Female,O+,Erode,7620186114
P07910,Ananya Babu,61,Female,O+,Tirunelveli,8659616350
P07911,Vikram Reddy,17,Male,O+,Trichy,7480149609
P07912,Ashwin Menon,21,Male,A+,Erode,9579411332
P07913,Suresh Rao,13,Male,A+,Tiruttani,8618482018
P07914,Pooja Patel,54,Female,A+,Tiruttani,7262570346
P07915,Ganesh Krishnan,30,Male,O-,Salem,6683121136
P07916,Rahul Menon,70,Male,B+,Tiruppur,8491053421
P07917,Karthik Babu,44,Male,B-,Hosur,8679346814
P07918,Swathi Iyer,13,Female,O+,Kanchipuram,8960651813
P07919,Naveen Reddy,51,Male,B+,Salem,8442491984
P07920,Lakshmi Iyer,79,Female,O-,Tiruppur,7626121362
P07921,Rahul Mohan,39,Male,O+,Thanjavur,8447728795
P07922,Harish Reddy,33,Male,AB+,Tirunelveli,8792301376
P07923,Neha Reddy,15,Female,A+,Salem,8364460113
P07924,Vikram Patel,46,Male,B-,Coimbatore,8512485990
P07925,Ganesh Nair,53,Male,B+,Tiruppur,6708694206
P07926,Karthik Krishnan,42,Male,A+,Chennai,7303165393
P07927,Manoj Sharma,90,Male,O+,Tirunelveli,9388532088
P07928,Divya Nair,35,Female,A+,Tirunelveli,6050068627
P07929,Vivek Patel,50,Male,O+,Dindigul,9641367975
P07930,Priya Verma,28,Female,B+,Chennai,6794959368
P07931,Suresh Krishnan,75,Male,AB+,Trichy,9802130925
P07932,Pooja Mohan,58,Female,B+,Coimbatore,6443860730
P07933,Rahul Mohan,53,Male,O-,Hosur,7911899618
P07934,Neha Iyer,20,Female,A+,Tiruttani,9783006653
P07935,Rohan Singh,50,Male,O+,Trichy,8988924091
P07936,Rahul Babu,66,Male,B+,Tiruttani,7530996543
P07937,Harish Nair,27,Male,O+,Tiruppur,6698500073
P07938,Nithya Mohan,46,Female,O+,Salem,9123666492
P07939,Divya Verma,62,Female,O+,Hosur,6366171878
P07940,Pooja Patel,22,Female,O+,Tiruvallur,8678206175
P07941,Deepika Gupta,42,Female,AB-,Tiruvallur,8670724133
P07942,Deepika Menon,32,Female,AB+,Tirunelveli,9775562292
P07943,Vivek Patel,71,Male,A-,Tiruppur,6588706449
P07944,Harish Babu,13,Male,B+,Thanjavur,8375587676
P07945,Rahul Nair,48,Male,B+,Madurai,9983962165
P07946,Keerthana Singh,42,Female,B+,Erode,8375761182
P07947,Ashwin Verma,87,Male,O+,Tiruppur,9538255346
P07948,Ashwin Singh,27,Male,O+,Salem,9252045794
P07949,Deepika Menon,28,Female,O-,Trichy,6172967178
P07950,Divya Mohan,34,Female,B+,Kanchipuram,7447724335
P07951,Kavya Rao,54,Female,B+,Trichy,9287985267
P07952,Aditya Mohan,30,Male,B+,Madurai,6134033597
P07953,Ashwin Gupta,82,Male,O+,Tiruppur,7571849620
P07954,Prakash Gupta,22,Male,A+,Salem,6964885139
P07955,Arjun Krishnan,31,Male,A+,Madurai,6027730546
P07956,Prakash Gupta,45,Male,B+,Tirunelveli,9905811337
P07957,Kavya Iyer,1,Female,O+,Coimbatore,9200908837
P07958,Keerthana Gupta,66,Female,O+,Tirunelveli,8537177501
P07959,Ganesh Gupta,41,Male,B-,Tiruppur,8486507363
P07960,Ananya Krishnan,66,Female,A+,Vellore,8408241699
P07961,Ananya Raj,37,Female,O+,Dindigul,7474138417
P07962,Kavya Sharma,9,Female,O-,Madurai,6738248775
P07963,Karthik Kumar,27,Male,O+,Coimbatore,6814718507
P07964,Meera Menon,30,Female,B+,Chennai,6273706854
P07965,Rohan Krishnan,17,Male,B+,Vellore,7373133228
P07966,Ananya Reddy,41,Female,B+,Tiruvallur,7354748847
P07967,Manoj Krishnan,28,Male,B+,Tiruppur,6622715811
P07968,Manoj Reddy,61,Male,O+,Tiruppur,9957146281
P07969,Ganesh Verma,63,Male,A+,Thanjavur,6192085010
P07970,Ashwin Babu,35,Male,B+,Kanchipuram,9565087079
P07971,Aishwarya Menon,56,Female,O+,Tiruvallur,9170759349
P07972,Keerthana Krishnan,42,Female,O+,Tiruppur,6654518307
P07973,Aditya Patel,3,Male,B+,Thanjavur,7854462556
P07974,Rohan Singh,43,Male,O+,Trichy,9520967337
P07975,Vikram Rao,30,Male,O+,Coimbatore,7569153444
P07976,Aishwarya Kumar,53,Female,AB+,Thanjavur,6305222523
P07977,Neha Sharma,13,Female,B+,Vellore,6826328207
P07978,Aditya Nair,67,Male,B+,Chennai,6816110948
P07979,Vivek Kumar,64,Male,O+,Coimbatore,8215921465
P07980,Neha Reddy,31,Female,A+,Salem,6031328239
P07981,Suresh Kumar,42,Male,O+,Coimbatore,7316491344
P07982,Suresh Gupta,52,Male,O+,Dindigul,6986676344
P07983,Sneha Rao,9,Female,B-,Tiruppur,7124768713
P07984,Rohan Gupta,11,Male,B+,Tiruppur,6294636772
P07985,Keerthana Reddy,15,Female,A+,Tiruvallur,7986830850
P07986,Aishwarya Reddy,44,Female,O+,Coimbatore,9337439924
P07987,Ganesh Kumar,23,Male,O+,Erode,6870448559
P07988,Deepika Singh,53,Female,B+,Erode,6469919303
P07989,Rohan Rao,30,Male,O+,Coimbatore,7293831159
P07990,Suresh Nair,2,Male,O+,Erode,9728547894
P07991,Arjun Verma,41,Male,AB+,Tiruvallur,6130666798
P07992,Karthik Mohan,59,Male,A+,Tiruvallur,8297160877
P07993,Neha Singh,56,Female,B+,Tiruttani,7866299818
P07994,Rohan Babu,31,Male,A+,Kanchipuram,8439359410
P07995,Naveen Iyer,61,Male,A+,Vellore,7799396833
P07996,Ganesh Krishnan,52,Male,O+,Trichy,8961091753
P07997,Manoj Nair,21,Male,B+,Thanjavur,8082764127
P07998,Neha Babu,36,Female,B+,Dindigul,7920985202
P07999,Swathi Kumar,15,Female,A+,Tirunelveli,9251031670
P08000,Ananya Babu,27,Female,A+,Erode,6719858866
P08001,Rohan Mohan,54,Male,A+,Chennai,7955017657
P08002,Deepika Gupta,44,Female,A+,Kanchipuram,8687287887
P08003,Pooja Menon,46,Female,AB+,Hosur,6189405676
P08004,Keerthana Raj,61,Female,B-,Tiruvallur,9961513359
P08005,Keerthana Singh,38,Female,B+,Vellore,7287528787
P08006,Keerthana Nair,19,Female,O+,Vellore,8471379151
P08007,Karthik Menon,37,Male,B+,Coimbatore,7704249931
P08008,Keerthana Rao,2,Female,O+,Erode,9591066844
P08009,Rahul Nair,40,Male,O-,Madurai,9292759602
P08010,Lakshmi Patel,11,Female,A+,Dindigul,7207812643
P08011,Rohan Nair,2,Male,A+,Coimbatore,7792319372
P08012,Vivek Kumar,43,Male,O+,Thanjavur,9641859033
P08013,Arjun Reddy,21,Male,AB+,Trichy,9142117734
P08014,Nithya Gupta,74,Female,O+,Erode,9715241050
P08015,Lakshmi Nair,35,Female,B+,Coimbatore,9750920686
P08016,Vivek Patel,20,Male,O-,Thanjavur,6200900366
P08017,Karthik Nair,58,Male,O+,Kanchipuram,9876275618
P08018,Ganesh Mohan,34,Male,B+,Trichy,6668863911
P08019,Rahul Menon,55,Male,A+,Vellore,8047470324
P08020,Aditya Menon,54,Male,B+,Tiruppur,6964768362
P08021,Harini Mohan,48,Female,AB+,Salem,9246765358
P08022,Naveen Gupta,66,Male,B+,Vellore,7043789420
P08023,Pooja Kumar,20,Female,A+,Trichy,6267455363
P08024,Naveen Reddy,50,Male,AB+,Hosur,9552611433
P08025,Sneha Raj,57,Female,O+,Kanchipuram,9606972582
P08026,Meera Raj,13,Female,O+,Hosur,7515091318
P08027,Arjun Rao,4,Male,O-,Thanjavur,9546542269
P08028,Aishwarya Patel,36,Female,A+,Vellore,6495018538
P08029,Meera Nair,72,Female,A+,Tiruppur,7873527940
P08030,Harini Krishnan,1,Female,A+,Tirunelveli,8754345397
P08031,Vivek Nair,44,Male,AB+,Vellore,8372619469
P08032,Lakshmi Rao,5,Female,A+,Trichy,6073150618
P08033,Arjun Verma,47,Male,A+,Madurai,7277781173
P08034,Ananya Babu,90,Female,B+,Madurai,8839180804
P08035,Harini Sharma,44,Female,O+,Dindigul,9536642774
P08036,Rahul Mohan,50,Male,AB+,Kanchipuram,7721601802
P08037,Rahul Rao,49,Male,O+,Salem,8363019642
P08038,Swathi Rao,22,Female,O+,Tiruppur,6563754068
P08039,Suresh Singh,18,Male,O+,Tirunelveli,7146829886
P08040,Lakshmi Rao,33,Female,O+,Salem,7125779119
P08041,Vivek Babu,11,Male,A+,Salem,9259770650
P08042,Lakshmi Gupta,63,Female,O-,Vellore,7181452731
P08043,Harish Krishnan,21,Male,B-,Tiruttani,8454211644
P08044,Neha Sharma,59,Female,AB+,Madurai,6339126578
P08045,Sneha Patel,14,Female,O+,Salem,9111714872
P08046,Rakesh Nair,48,Male,A+,Trichy,6759886422
P08047,Rahul Reddy,64,Male,A+,Trichy,6756973163
P08048,Swathi Sharma,14,Female,O-,Hosur,6841046795
P08049,Pooja Raj,16,Female,O+,Kanchipuram,9323642072
P08050,Priya Krishnan,44,Female,B+,Tiruppur,6477311712
P08051,Ananya Mohan,29,Female,B+,Kanchipuram,6689918624
P08052,Rahul Iyer,40,Male,AB+,Coimbatore,6771500921
P08053,Arjun Sharma,72,Male,B+,Trichy,7423896714
P08054,Ganesh Mohan,55,Male,O-,Chennai,6760886801
P08055,Rakesh Raj,80,Male,O+,Dindigul,6491245968
P08056,Manoj Rao,43,Male,A+,Kanchipuram,7632939905
P08057,Karthik Sharma,55,Male,A+,Madurai,8429981194
P08058,Ananya Reddy,62,Female,B+,Tiruppur,8062042517
P08059,Kavya Menon,78,Female,AB+,Tirunelveli,8445267889
P08060,Divya Iyer,62,Female,O+,Salem,8253204178
P08061,Arjun Patel,55,Male,A+,Salem,8947998288
P08062,Neha Krishnan,57,Female,A+,Dindigul,6429801481
P08063,Vivek Reddy,30,Male,A+,Chennai,6213787031
P08064,Prakash Babu,49,Male,A+,Tiruppur,8435180448
P08065,Keerthana Menon,21,Female,B+,Tirunelveli,7208358192
P08066,Karthik Singh,83,Male,A+,Erode,7840560686
P08067,Harini Reddy,23,Female,A+,Kanchipuram,8335866644
P08068,Rahul Menon,9,Male,O+,Vellore,6676664136
P08069,Aishwarya Raj,24,Female,A+,Madurai,8372406559
P08070,Harini Babu,40,Female,A+,Kanchipuram,9922995428
P08071,Prakash Rao,33,Male,A+,Tiruppur,7455092230
P08072,Meera Singh,75,Female,O+,Hosur,7492004357
P08073,Prakash Reddy,33,Male,B+,Thanjavur,8922862885
P08074,Meera Menon,35,Female,AB+,Hosur,7135296641
P08075,Pooja Nair,29,Female,O+,Coimbatore,7686153441
P08076,Meera Gupta,40,Female,O-,Tiruttani,8567684037
P08077,Suresh Sharma,61,Male,A+,Chennai,6348623388
P08078,Keerthana Kumar,47,Female,A+,Chennai,8982177769
P08079,Pooja Mohan,17,Female,B+,Thanjavur,8970635660
P08080,Deepika Menon,74,Female,O+,Vellore,8659049079
P08081,Rohan Menon,24,Male,O-,Hosur,6149777929
P08082,Ananya Iyer,73,Female,A+,Chennai,9075624275
P08083,Karthik Menon,83,Male,A+,Madurai,9858279346
P08084,Deepika Verma,55,Female,O+,Tiruttani,8165336309
P08085,Aishwarya Rao,29,Female,O+,Erode,6030533389
P08086,Harish Reddy,89,Male,O+,Tiruvallur,9494032489
P08087,Arjun Patel,31,Male,B+,Dindigul,6120973321
P08088,Kavya Kumar,79,Female,AB+,Vellore,6561673227
P08089,Harish Verma,35,Male,A+,Coimbatore,9302332959
P08090,Ashwin Nair,42,Male,B+,Kanchipuram,9155192509
P08091,Vivek Sharma,40,Male,A+,Coimbatore,6359272573
P08092,Arjun Kumar,36,Male,B+,Trichy,7902809956
P08093,Lakshmi Iyer,39,Female,O+,Coimbatore,8151664064
P08094,Ashwin Mohan,52,Male,A+,Tiruppur,6274351131
P08095,Harish Singh,17,Male,O+,Tiruttani,7373817837
P08096,Ganesh Nair,35,Male,O+,Madurai,9014938008
P08097,Harish Babu,79,Male,O+,Tirunelveli,7708841361
P08098,Rohan Gupta,46,Male,O+,Chennai,8401951589
P08099,Prakash Menon,81,Male,A+,Hosur,7063789525
P08100,Manoj Nair,41,Male,O+,Coimbatore,9654362473
P08101,Keerthana Patel,2,Female,O-,Trichy,8934233551
P08102,Pooja Rao,37,Female,B+,Chennai,8581553545
P08103,Aishwarya Sharma,54,Female,O+,Tiruvallur,6985922555
P08104,Karthik Gupta,11,Male,A+,Hosur,6690125816
P08105,Rohan Verma,34,Male,A+,Salem,6558867978
P08106,Swathi Verma,84,Female,O-,Salem,8097824904
P08107,Suresh Gupta,25,Male,O+,Madurai,9964186367
P08108,Vivek Mohan,32,Male,O+,Salem,8070900491
P08109,Suresh Sharma,21,Male,O+,Tiruvallur,7783169792
P08110,Vikram Kumar,56,Male,O+,Tirunelveli,7822806420
P08111,Harini Iyer,19,Female,O-,Madurai,9494069883
P08112,Sneha Kumar,8,Female,A+,Tirunelveli,6203214355
P08113,Ananya Gupta,30,Female,O+,Thanjavur,6726325032
P08114,Priya Nair,20,Female,O+,Chennai,7699793982
P08115,Karthik Patel,38,Male,O+,Dindigul,6629655817
P08116,Nithya Verma,50,Female,A-,Dindigul,7165863447
P08117,Karthik Singh,54,Male,B+,Coimbatore,7430143876
P08118,Manoj Raj,35,Male,A+,Salem,8905744592
P08119,Ashwin Iyer,24,Male,O+,Thanjavur,9909370305
P08120,Rahul Krishnan,7,Male,O-,Coimbatore,8895169781
P08121,Neha Singh,15,Female,O+,Erode,9722231568
P08122,Kavya Reddy,15,Female,A+,Madurai,8184456942
P08123,Harini Rao,70,Female,B+,Salem,6107142171
P08124,Rakesh Patel,24,Male,B+,Salem,9818478621
P08125,Vikram Patel,67,Male,A+,Madurai,7753365889
P08126,Deepika Singh,70,Female,O+,Chennai,9142747999
P08127,Meera Babu,26,Female,B+,Madurai,7932828990
P08128,Aishwarya Mohan,16,Female,O+,Kanchipuram,9560872575
P08129,Lakshmi Kumar,25,Female,B+,Thanjavur,9452427848
P08130,Prakash Reddy,37,Male,B+,Tiruvallur,7534997292
P08131,Aishwarya Gupta,37,Female,AB+,Madurai,9259495572
P08132,Karthik Mohan,26,Male,B+,Hosur,6532424942
P08133,Ashwin Gupta,51,Male,O+,Tiruvallur,6352413159
P08134,Pooja Singh,39,Female,B+,Kanchipuram,6637328886
P08135,Rohan Rao,26,Male,B+,Trichy,7244229917
P08136,Suresh Verma,14,Male,O-,Tiruttani,6222249304
P08137,Swathi Babu,29,Female,A+,Coimbatore,7049781346
P08138,Naveen Patel,30,Male,AB+,Erode,6239857942
P08139,Rahul Singh,18,Male,A+,Hosur,9006538167
P08140,Harini Reddy,45,Female,AB-,Tiruppur,6894510074
P08141,Ananya Singh,60,Female,A-,Chennai,8414247993
P08142,Lakshmi Singh,19,Female,A+,Tiruppur,7594958339
P08143,Prakash Verma,4,Male,O+,Erode,6535702267
P08144,Suresh Babu,17,Male,A+,Thanjavur,6747169568
P08145,Priya Sharma,43,Female,O+,Tiruttani,6742156739
P08146,Sneha Raj,79,Female,B-,Erode,8300746292
P08147,Kavya Kumar,49,Female,O+,Madurai,7214665188
P08148,Harish Reddy,51,Male,A+,Vellore,6696049522
P08149,Kavya Sharma,26,Female,A-,Hosur,7084323752
P08150,Rahul Gupta,32,Male,A-,Coimbatore,8106842658
P08151,Ashwin Verma,44,Male,A+,Kanchipuram,9530430041
P08152,Prakash Krishnan,45,Male,O+,Erode,9652674976
P08153,Vikram Mohan,55,Male,O+,Dindigul,6672017076
P08154,Harish Sharma,60,Male,O+,Coimbatore,9285630713
P08155,Pooja Rao,18,Female,A+,Chennai,9941667720
P08156,Deepika Raj,42,Female,O+,Chennai,6615611765
P08157,Pooja Iyer,54,Female,O+,Tiruttani,8847011548
P08158,Ashwin Krishnan,43,Male,A-,Coimbatore,7578003342
P08159,Ganesh Mohan,59,Male,A+,Erode,6409405222
P08160,Pooja Babu,21,Female,AB-,Dindigul,8526753490
P08161,Priya Sharma,20,Female,O+,Madurai,6011899719
P08162,Vivek Sharma,44,Male,B+,Salem,9843645507
P08163,Harish Reddy,42,Male,O-,Coimbatore,6417312743
P08164,Manoj Verma,12,Male,O+,Salem,9409731011
P08165,Neha Rao,31,Female,O+,Hosur,9130393353
P08166,Ananya Reddy,11,Female,B+,Salem,9132842864
P08167,Arjun Verma,6,Male,O+,Tirunelveli,8069275348
P08168,Vikram Babu,26,Male,O+,Hosur,7455025717
P08169,Nithya Babu,5,Female,A+,Coimbatore,7456969159
P08170,Suresh Krishnan,10,Male,AB+,Madurai,6795006254
P08171,Sneha Patel,68,Female,O+,Erode,8199643278
P08172,Karthik Rao,10,Male,B+,Tiruvallur,9454592088
P08173,Naveen Verma,24,Male,B+,Dindigul,7498598410
P08174,Pooja Mohan,27,Female,A+,Tiruttani,6806666320
P08175,Pooja Patel,38,Female,A+,Tiruttani,9652753836
P08176,Rohan Patel,43,Male,O+,Dindigul,6969361001
P08177,Ananya Reddy,38,Female,A+,Tiruvallur,9728757548
P08178,Ashwin Krishnan,55,Male,O+,Trichy,6415142562
P08179,Prakash Kumar,73,Male,O+,Madurai,6174428827
P08180,Nithya Krishnan,4,Female,O+,Tiruppur,7090800600
P08181,Priya Kumar,39,Female,B+,Trichy,8132255706
P08182,Keerthana Kumar,55,Female,AB+,Chennai,7895479264
P08183,Deepika Rao,63,Female,O-,Trichy,9336192519
P08184,Vivek Patel,54,Male,B+,Thanjavur,9629482382
P08185,Harini Mohan,24,Female,B-,Trichy,6392464933
P08186,Suresh Gupta,51,Male,AB+,Hosur,6014073878
P08187,Prakash Babu,48,Male,O+,Tiruvallur,9747914869
P08188,Priya Kumar,44,Female,A-,Tirunelveli,9732698796
P08189,Deepika Krishnan,54,Female,A+,Hosur,8604432569
P08190,Kavya Mohan,30,Female,A+,Tiruppur,7800144762
P08191,Vikram Rao,16,Male,A+,Tirunelveli,7084801985
P08192,Kavya Mohan,27,Female,B+,Trichy,7962285406
P08193,Neha Mohan,19,Female,B+,Trichy,6352734334
P08194,Deepika Babu,18,Female,A+,Thanjavur,9302080568
P08195,Karthik Rao,34,Male,A+,Coimbatore,6444491285
P08196,Suresh Raj,7,Male,B+,Erode,9471786156
P08197,Harish Krishnan,54,Male,O+,Vellore,7060437822
P08198,Manoj Nair,48,Male,A+,Madurai,9930590675
P08199,Rohan Krishnan,58,Male,O-,Tiruppur,8490900477
P08200,Nithya Mohan,58,Female,B+,Kanchipuram,6767817674
P08201,Lakshmi Singh,60,Female,B+,Tiruppur,6814367363
P08202,Vikram Iyer,68,Male,AB-,Kanchipuram,8091448965
P08203,Ananya Sharma,35,Female,O+,Chennai,8754187308
P08204,Divya Krishnan,34,Female,A-,Tiruvallur,6528651584
P08205,Harish Verma,36,Male,O+,Tiruttani,7172013530
P08206,Harish Nair,73,Male,O+,Chennai,7692696201
P08207,Arjun Reddy,30,Male,A+,Coimbatore,7055996973
P08208,Harini Menon,46,Female,A+,Dindigul,8512761286
P08209,Rohan Sharma,29,Male,B+,Salem,9556842962
P08210,Ganesh Patel,57,Male,A+,Vellore,8553969772
P08211,Karthik Raj,55,Male,O+,Thanjavur,9834700253
P08212,Keerthana Krishnan,45,Female,B+,Thanjavur,6089538772
P08213,Suresh Reddy,82,Male,O-,Thanjavur,7070801648
P08214,Deepika Singh,1,Female,A+,Vellore,6740439684
P08215,Priya Iyer,9,Female,O+,Chennai,9845143091
P08216,Ashwin Verma,38,Male,B+,Hosur,6614535905
P08217,Harini Krishnan,3,Female,O+,Dindigul,6178826960
P08218,Aditya Gupta,58,Male,O+,Dindigul,6723747843
P08219,Vivek Reddy,26,Male,AB+,Vellore,9201365488
P08220,Ashwin Krishnan,28,Male,B+,Kanchipuram,6308957871
P08221,Manoj Babu,27,Male,O+,Tiruvallur,8070300548
P08222,Harish Kumar,47,Male,AB+,Vellore,8326356443
P08223,Manoj Singh,27,Male,AB+,Kanchipuram,7141848124
P08224,Manoj Raj,8,Male,O+,Vellore,6567937706
P08225,Pooja Sharma,21,Female,B+,Kanchipuram,6994338545
P08226,Divya Babu,39,Female,O+,Tiruvallur,9494680104
P08227,Keerthana Nair,40,Female,A+,Kanchipuram,9933831834
P08228,Lakshmi Rao,78,Female,O+,Hosur,9503785857
P08229,Manoj Rao,74,Male,A-,Salem,8105666242
P08230,Vivek Menon,11,Male,A+,Dindigul,8081920578
P08231,Kavya Reddy,15,Female,O+,Madurai,7013498763
P08232,Karthik Rao,36,Male,O+,Hosur,7138779503
P08233,Ganesh Verma,29,Male,B-,Chennai,7094977254
P08234,Karthik Babu,64,Male,O-,Erode,8938232041
P08235,Divya Gupta,3,Female,B+,Salem,6524361696
P08236,Sneha Rao,26,Female,A+,Tirunelveli,8130998786
P08237,Harish Nair,65,Male,O+,Tiruttani,8130172373
P08238,Meera Mohan,15,Female,O+,Madurai,9625528018
P08239,Karthik Nair,1,Male,A+,Dindigul,9554491413
P08240,Swathi Rao,17,Female,O+,Kanchipuram,9533530334
P08241,Harini Singh,88,Female,AB-,Tiruppur,7662556180
P08242,Rahul Patel,33,Male,B-,Chennai,7599278938
P08243,Rahul Raj,26,Male,O+,Thanjavur,7487411167
P08244,Divya Reddy,52,Female,B+,Tirunelveli,7434674013
P08245,Sneha Rao,51,Female,B-,Madurai,9226112384
P08246,Pooja Mohan,85,Female,B+,Chennai,9374793243
P08247,Sneha Babu,53,Female,B+,Dindigul,6297734749
P08248,Naveen Patel,4,Male,A+,Tiruvallur,6838205322
P08249,Divya Mohan,60,Female,A+,Tiruttani,6079648733
P08250,Swathi Reddy,33,Female,O-,Kanchipuram,7199428870
P08251,Harish Singh,36,Male,A+,Chennai,9741961404
P08252,Priya Mohan,20,Female,O+,Tiruppur,7488920612
P08253,Harini Iyer,13,Female,A+,Trichy,6158456463
P08254,Keerthana Sharma,50,Female,A+,Tiruppur,6067070393
P08255,Aditya Babu,40,Male,O+,Thanjavur,6685741102
P08256,Naveen Singh,9,Male,O+,Trichy,7782503033
P08257,Keerthana Reddy,61,Female,A+,Tiruvallur,7090263800
P08258,Ashwin Krishnan,8,Male,O+,Chennai,6981900142
P08259,Keerthana Mohan,48,Female,A+,Salem,9891974591
P08260,Aishwarya Krishnan,17,Female,AB+,Madurai,9474841238
P08261,Suresh Mohan,20,Male,O+,Tiruttani,9509142236
P08262,Aditya Mohan,52,Male,A+,Hosur,8515369221
P08263,Manoj Patel,51,Male,AB+,Chennai,8748104430
P08264,Aishwarya Rao,18,Female,O+,Kanchipuram,7425842758
P08265,Harish Menon,29,Male,A+,Tiruttani,9599388864
P08266,Keerthana Singh,23,Female,A+,Hosur,8853402187
P08267,Vivek Singh,18,Male,O+,Madurai,8717821745
P08268,Vikram Raj,6,Male,O+,Dindigul,9580814832
P08269,Karthik Gupta,85,Male,A+,Salem,8609062013
P08270,Harish Patel,80,Male,O+,Thanjavur,9649369392
P08271,Neha Raj,31,Female,O+,Trichy,9087312807
P08272,Rakesh Nair,90,Male,B+,Tirunelveli,8502997167
P08273,Manoj Menon,55,Male,B+,Vellore,7056170564
P08274,Rakesh Raj,42,Male,B+,Erode,6700626356
P08275,Rahul Verma,22,Male,B+,Tirunelveli,7678874224
P08276,Suresh Raj,16,Male,O+,Tirunelveli,6978118750
P08277,Ashwin Singh,45,Male,B+,Vellore,9332453953
P08278,Harish Reddy,10,Male,B+,Thanjavur,9385255116
P08279,Vivek Raj,54,Male,A+,Tiruppur,8323685151
P08280,Kavya Verma,30,Female,O+,Chennai,7912104476
P08281,Naveen Patel,47,Male,B-,Vellore,9933427105
P08282,Prakash Kumar,65,Male,A+,Tiruppur,9356275424
P08283,Rahul Mohan,58,Male,O+,Vellore,7043651123
P08284,Priya Sharma,26,Female,O+,Trichy,7067791854
P08285,Naveen Krishnan,48,Male,B-,Vellore,9742091418
P08286,Divya Reddy,19,Female,B+,Tirunelveli,8047633985
P08287,Harish Menon,6,Male,A+,Tirunelveli,9313784326
P08288,Arjun Iyer,15,Male,A+,Erode,6149291752
P08289,Swathi Singh,11,Female,A+,Dindigul,7028870337
P08290,Aditya Iyer,30,Male,B+,Vellore,7696033140
P08291,Deepika Menon,7,Female,B+,Thanjavur,7192343856
P08292,Rakesh Krishnan,27,Male,B+,Tiruppur,7250377765
P08293,Priya Krishnan,19,Female,A+,Vellore,8844262154
P08294,Ganesh Rao,27,Male,O+,Erode,6117023392
P08295,Naveen Patel,24,Male,O-,Trichy,9742722880
P08296,Harini Krishnan,27,Female,A+,Vellore,8839263250
P08297,Naveen Verma,43,Male,B+,Tiruppur,6093980349
P08298,Harini Reddy,8,Female,O+,Tirunelveli,7771502732
P08299,Karthik Menon,24,Male,B+,Salem,7810858582
P08300,Meera Gupta,21,Female,O-,Coimbatore,7784993688
P08301,Manoj Mohan,31,Male,AB+,Tirunelveli,7076493972
P08302,Rakesh Gupta,71,Male,AB+,Tiruppur,9948545414
P08303,Rahul Singh,41,Male,A+,Erode,8040495583
P08304,Prakash Mohan,15,Male,A+,Trichy,9294578493
P08305,Harish Gupta,15,Male,AB+,Dindigul,6593153990
P08306,Arjun Verma,43,Male,O-,Coimbatore,9977650719
P08307,Kavya Mohan,31,Female,O-,Tiruvallur,7292175903
P08308,Rahul Iyer,74,Male,B+,Coimbatore,8845373263
P08309,Keerthana Nair,16,Female,O+,Tiruvallur,8544437755
P08310,Deepika Iyer,38,Female,A+,Vellore,7595961144
P08311,Priya Kumar,27,Female,B+,Tiruttani,8258566460
P08312,Karthik Rao,26,Male,O+,Tirunelveli,7529678249
P08313,Deepika Iyer,21,Female,O+,Tirunelveli,7280773451
P08314,Arjun Reddy,30,Male,A+,Tiruvallur,9835939944
P08315,Prakash Nair,22,Male,O+,Tiruttani,7953300506
P08316,Aditya Verma,16,Male,O+,Trichy,8277775763
P08317,Deepika Kumar,8,Female,AB+,Dindigul,9296135799
P08318,Kavya Kumar,46,Female,A+,Tiruvallur,8557850389
P08319,Kavya Babu,88,Female,A+,Coimbatore,8610254885
P08320,Harini Patel,15,Female,A+,Erode,7186195714
P08321,Ganesh Menon,34,Male,O+,Salem,8123022151
P08322,Divya Mohan,73,Female,A+,Madurai,7681209520
P08323,Swathi Krishnan,48,Female,B+,Tiruppur,7289487965
P08324,Divya Rao,20,Female,O+,Trichy,6139115576
P08325,Arjun Singh,40,Male,O+,Madurai,6198906738
P08326,Lakshmi Singh,33,Female,O+,Kanchipuram,8807222981
P08327,Harish Raj,24,Male,O-,Erode,7405353604
P08328,Harini Patel,61,Female,O-,Kanchipuram,7387464411
P08329,Manoj Raj,85,Male,B+,Trichy,6911755742
P08330,Vivek Iyer,43,Male,O+,Erode,6403563077
P08331,Rakesh Gupta,25,Male,O+,Tiruvallur,6652538630
P08332,Meera Raj,4,Female,B+,Tiruvallur,8101997379
P08333,Rohan Krishnan,35,Male,AB+,Tiruttani,8593632805
P08334,Rohan Krishnan,31,Male,O+,Vellore,9328994337
P08335,Sneha Rao,29,Female,O+,Dindigul,6723232167
P08336,Harini Verma,58,Female,B+,Thanjavur,9210745414
P08337,Ganesh Gupta,29,Male,B+,Dindigul,7637290992
P08338,Ashwin Sharma,42,Male,B+,Tiruttani,8610566283
P08339,Vivek Iyer,25,Male,O+,Dindigul,7840618252
P08340,Ashwin Krishnan,18,Male,B+,Madurai,8151831044
P08341,Vikram Rao,33,Male,A-,Coimbatore,7840759034
P08342,Harini Verma,40,Female,O-,Coimbatore,8489879017
P08343,Suresh Mohan,18,Male,B+,Coimbatore,7869844812
P08344,Suresh Iyer,12,Male,A+,Tiruvallur,8758855237
P08345,Manoj Singh,63,Male,O+,Thanjavur,7299037232
P08346,Arjun Iyer,48,Male,B+,Dindigul,8995526525
P08347,Priya Rao,30,Female,A+,Kanchipuram,7168730212
P08348,Prakash Reddy,23,Male,A+,Tiruppur,7552159783
P08349,Divya Patel,7,Female,O+,Hosur,6796941139
P08350,Manoj Verma,32,Male,A+,Thanjavur,8802207493
P08351,Manoj Raj,6,Male,O+,Vellore,9498422891
P08352,Harish Gupta,24,Male,B+,Madurai,9790783473
P08353,Keerthana Verma,15,Female,O+,Tiruppur,6932228074
P08354,Rakesh Reddy,54,Male,AB+,Hosur,6526813246
P08355,Nithya Menon,42,Female,AB+,Dindigul,7549838497
P08356,Arjun Reddy,30,Male,A+,Vellore,6313354927
P08357,Rakesh Patel,24,Male,B-,Trichy,6193681454
P08358,Karthik Iyer,16,Male,O+,Tiruppur,6122751345
P08359,Harish Menon,46,Male,O+,Erode,8261550976
P08360,Ganesh Reddy,63,Male,AB+,Salem,8732157162
P08361,Aditya Gupta,42,Male,O+,Tiruvallur,6084317034
P08362,Pooja Patel,46,Female,O+,Tirunelveli,9792737123
P08363,Harish Iyer,4,Male,O+,Coimbatore,8291854683
P08364,Keerthana Verma,29,Female,O+,Thanjavur,8777183164
P08365,Ashwin Nair,54,Male,O+,Erode,6270126806
P08366,Vikram Iyer,37,Male,B+,Chennai,6516043625
P08367,Manoj Reddy,30,Male,A+,Tiruvallur,9236923859
P08368,Aditya Nair,25,Male,A+,Erode,7756292721
P08369,Rahul Iyer,5,Male,AB+,Dindigul,9426348142
P08370,Rahul Verma,21,Male,O+,Kanchipuram,7619128989
P08371,Ashwin Krishnan,58,Male,O+,Thanjavur,9200033893
P08372,Arjun Singh,9,Male,AB+,Hosur,7233140829
P08373,Rahul Gupta,82,Male,B+,Coimbatore,7665481975
P08374,Naveen Patel,49,Male,A+,Erode,6151122510
P08375,Divya Rao,76,Female,A+,Erode,8352804657
P08376,Sneha Sharma,65,Female,A+,Tiruvallur,7131975290
P08377,Aishwarya Rao,26,Female,O+,Erode,9788953008
P08378,Ganesh Menon,58,Male,A-,Tirunelveli,7589507246
P08379,Meera Iyer,44,Female,O-,Tirunelveli,8334438543
P08380,Manoj Rao,74,Male,AB+,Tiruvallur,8356562543
P08381,Harini Kumar,1,Female,A+,Madurai,7059125810
P08382,Nithya Kumar,40,Female,B+,Vellore,8440079799
P08383,Karthik Sharma,35,Male,O+,Coimbatore,7199624462
P08384,Keerthana Mohan,20,Female,AB+,Thanjavur,7843509126
P08385,Ashwin Sharma,46,Male,A+,Tiruttani,6806793289
P08386,Ashwin Iyer,32,Male,AB+,Chennai,6036483668
P08387,Deepika Babu,30,Female,B+,Tiruvallur,8098557946
P08388,Priya Menon,40,Female,O+,Dindigul,8924978995
P08389,Suresh Rao,2,Male,B+,Tiruttani,7180236615
P08390,Priya Kumar,27,Female,O+,Trichy,9247975383
P08391,Divya Rao,22,Female,A+,Dindigul,6022940583
P08392,Rahul Patel,21,Male,O+,Thanjavur,7456965120
P08393,Ganesh Singh,24,Male,O+,Kanchipuram,8598634581
P08394,Aditya Krishnan,40,Male,B+,Coimbatore,9745005119
P08395,Ashwin Menon,30,Male,A+,Dindigul,6044217085
P08396,Naveen Menon,38,Male,O+,Vellore,8000301452
P08397,Manoj Krishnan,55,Male,O+,Salem,8551538657
P08398,Vikram Singh,40,Male,A+,Tiruvallur,6600594689
P08399,Rahul Rao,42,Male,O+,Tirunelveli,7641961772
P08400,Sneha Kumar,35,Female,AB+,Coimbatore,8304249779
P08401,Suresh Raj,48,Male,A-,Dindigul,6078210210
P08402,Suresh Rao,57,Male,B+,Kanchipuram,8171377443
P08403,Arjun Patel,15,Male,A+,Madurai,6558116692
P08404,Naveen Nair,24,Male,O+,Erode,8671535521
P08405,Manoj Krishnan,31,Male,B-,Vellore,9441852428
P08406,Aditya Gupta,25,Male,O+,Vellore,8712934145
P08407,Keerthana Krishnan,27,Female,AB+,Dindigul,9292391908
P08408,Ashwin Nair,57,Male,AB+,Chennai,8160488647
P08409,Swathi Patel,50,Female,A+,Vellore,8782910188
P08410,Deepika Sharma,71,Female,O-,Tirunelveli,7825072508
P08411,Keerthana Gupta,56,Female,A+,Dindigul,6177074817
P08412,Arjun Nair,84,Male,O+,Hosur,9012028587
P08413,Aishwarya Kumar,18,Female,O+,Madurai,6896928499
P08414,Meera Menon,42,Female,O+,Trichy,6336363154
P08415,Ananya Iyer,10,Female,B+,Tirunelveli,6524651099
P08416,Manoj Krishnan,3,Male,B+,Chennai,8558786503
P08417,Ashwin Mohan,24,Male,A-,Thanjavur,6726877206
P08418,Pooja Reddy,37,Female,O+,Erode,7924768428
P08419,Karthik Krishnan,83,Male,A+,Vellore,6213622949
P08420,Swathi Sharma,17,Female,O+,Thanjavur,8377853334
P08421,Vivek Kumar,67,Male,O+,Erode,9104369521
P08422,Rohan Rao,65,Male,A+,Chennai,9967763636
P08423,Rohan Krishnan,88,Male,B-,Tirunelveli,6006429273
P08424,Karthik Kumar,40,Male,A+,Dindigul,7207695290
P08425,Prakash Kumar,84,Male,O+,Tiruttani,8476767287
P08426,Ashwin Gupta,17,Male,AB+,Chennai,7483807362
P08427,Ganesh Rao,29,Male,O+,Salem,6432986212
P08428,Naveen Babu,16,Male,O-,Chennai,9564332842
P08429,Ashwin Reddy,12,Male,O+,Coimbatore,9410231356
P08430,Naveen Verma,33,Male,B+,Thanjavur,9538290327
P08431,Nithya Mohan,51,Female,B+,Hosur,6333659239
P08432,Ganesh Rao,14,Male,B+,Chennai,6410020942
P08433,Harini Rao,21,Female,A+,Chennai,7724708276
P08434,Sneha Babu,5,Female,O+,Dindigul,9917635558
P08435,Aishwarya Gupta,41,Female,O+,Coimbatore,7571126087
P08436,Harini Kumar,21,Female,B+,Thanjavur,9850336479
P08437,Vivek Sharma,49,Male,A+,Chennai,8805731285
P08438,Rakesh Sharma,63,Male,B+,Erode,7712197424
P08439,Nithya Reddy,57,Female,A+,Madurai,8756201038
P08440,Ananya Rao,20,Female,B+,Kanchipuram,9655164434
P08441,Kavya Gupta,25,Female,O+,Vellore,6738442773
P08442,Karthik Patel,15,Male,O+,Tiruppur,8488414694
P08443,Swathi Reddy,34,Female,B+,Tirunelveli,8894382032
P08444,Ganesh Mohan,17,Male,O+,Erode,9652289492
P08445,Sneha Iyer,38,Female,A+,Madurai,7460040458
P08446,Kavya Nair,9,Female,O+,Tiruvallur,6037490150
P08447,Harini Babu,68,Female,AB+,Tirunelveli,9175163307
P08448,Suresh Mohan,70,Male,O+,Tiruttani,8642073638
P08449,Pooja Singh,42,Female,O+,Erode,8630005918
P08450,Neha Krishnan,10,Female,B+,Kanchipuram,6962117251
P08451,Aishwarya Singh,36,Female,O+,Tiruvallur,6640116308
P08452,Ashwin Iyer,24,Male,O-,Thanjavur,8431150018
P08453,Naveen Verma,11,Male,B+,Vellore,9070237854
P08454,Meera Rao,36,Female,AB+,Tirunelveli,9191038890
P08455,Ashwin Reddy,65,Male,A+,Tiruvallur,6599823030
P08456,Naveen Mohan,56,Male,O+,Kanchipuram,6446418577
P08457,Prakash Reddy,55,Male,B+,Kanchipuram,8147042257
P08458,Manoj Patel,2,Male,O+,Hosur,9620169675
P08459,Harish Menon,20,Male,A+,Coimbatore,7317236146
P08460,Nithya Iyer,30,Female,B+,Thanjavur,8928368140
P08461,Nithya Mohan,45,Female,A+,Trichy,8003857597
P08462,Sneha Nair,35,Female,A+,Tiruppur,9327674447
P08463,Nithya Reddy,28,Female,B+,Trichy,9379154391
P08464,Rohan Rao,90,Male,O+,Tiruppur,7116134560
P08465,Rahul Mohan,33,Male,A+,Chennai,8212405646
P08466,Deepika Iyer,23,Female,A+,Salem,7537831021
P08467,Deepika Patel,21,Female,A+,Tirunelveli,8520462330
P08468,Kavya Raj,13,Female,A+,Vellore,7843757928
P08469,Sneha Babu,18,Female,B+,Vellore,6594187956
P08470,Vikram Gupta,1,Male,O+,Dindigul,6480281835
P08471,Ananya Kumar,32,Female,O+,Tiruppur,7222404631
P08472,Aishwarya Patel,16,Female,A-,Tiruppur,9117602170
P08473,Priya Mohan,42,Female,A+,Erode,6429584185
P08474,Neha Babu,81,Female,A+,Coimbatore,6471061252
P08475,Deepika Sharma,35,Female,O+,Salem,8949142916
P08476,Harini Krishnan,17,Female,O+,Salem,8850959661
P08477,Lakshmi Verma,26,Female,A+,Tirunelveli,6128446106
P08478,Rohan Reddy,27,Male,O-,Kanchipuram,7124684737
P08479,Ashwin Patel,63,Male,A-,Tiruppur,8132360821
P08480,Rakesh Gupta,2,Male,O+,Chennai,6416788638
P08481,Karthik Sharma,42,Male,O+,Chennai,9693967902
P08482,Rakesh Raj,23,Male,A-,Hosur,6379052968
P08483,Harini Mohan,47,Female,O+,Thanjavur,8146207174
P08484,Pooja Iyer,62,Female,B+,Erode,8964635479
P08485,Prakash Iyer,16,Male,B+,Coimbatore,9043696554
P08486,Arjun Krishnan,79,Male,A+,Chennai,9969664852
P08487,Pooja Nair,22,Female,O+,Kanchipuram,6699459976
P08488,Harish Krishnan,50,Male,A+,Chennai,9836272072
P08489,Vivek Gupta,60,Male,AB+,Madurai,7590248302
P08490,Ganesh Iyer,16,Male,A+,Erode,8853424455
P08491,Karthik Verma,34,Male,A+,Tirunelveli,9916136641
P08492,Vikram Singh,46,Male,B-,Trichy,9548414548
P08493,Naveen Rao,75,Male,B+,Tiruvallur,7517698485
P08494,Priya Rao,67,Female,A+,Tiruppur,8703084490
P08495,Pooja Kumar,36,Female,A-,Kanchipuram,8636633468
P08496,Harish Gupta,18,Male,O+,Dindigul,7235654759
P08497,Nithya Rao,21,Female,O+,Thanjavur,6973826877
P08498,Neha Gupta,17,Female,O+,Madurai,7773410946
P08499,Kavya Mohan,20,Female,O+,Chennai,7174977356
P08500,Neha Sharma,26,Female,O+,Hosur,6875563804
P08501,Aditya Menon,46,Male,O-,Coimbatore,7844499318
P08502,Lakshmi Rao,24,Female,O+,Kanchipuram,9465667471
P08503,Swathi Singh,60,Female,O+,Tiruvallur,9188023259
P08504,Meera Singh,41,Female,B+,Vellore,7567109273
P08505,Suresh Rao,27,Male,A-,Madurai,7163434577
P08506,Lakshmi Singh,23,Female,O-,Coimbatore,9302554746
P08507,Priya Iyer,51,Female,B+,Erode,9820397354
P08508,Arjun Babu,76,Male,A-,Tiruttani,8527929965
P08509,Vikram Reddy,24,Male,AB-,Vellore,9630908387
P08510,Meera Reddy,18,Female,B+,Tiruttani,8210808293
P08511,Nithya Kumar,14,Female,AB+,Tirunelveli,8130631420
P08512,Kavya Sharma,10,Female,O+,Salem,6900682290
P08513,Pooja Mohan,36,Female,O+,Kanchipuram,6980908456
P08514,Harish Sharma,73,Male,O+,Tirunelveli,9215420984
P08515,Kavya Kumar,24,Female,O+,Coimbatore,7609131825
P08516,Ananya Sharma,52,Female,O+,Kanchipuram,7191218216
P08517,Naveen Nair,44,Male,A+,Hosur,6803245269
P08518,Harish Sharma,57,Male,B+,Thanjavur,8377329641
P08519,Rohan Singh,27,Male,O+,Vellore,8731588619
P08520,Suresh Patel,23,Male,A+,Tiruvallur,7677819474
P08521,Aishwarya Iyer,19,Female,O+,Thanjavur,6209944940
P08522,Swathi Krishnan,15,Female,A+,Dindigul,9611137692
P08523,Prakash Verma,12,Male,O-,Kanchipuram,9541089283
P08524,Aditya Iyer,83,Male,O+,Erode,7855519717
P08525,Lakshmi Krishnan,18,Female,B-,Coimbatore,6663294772
P08526,Swathi Patel,32,Female,O+,Salem,7729396808
P08527,Rohan Menon,43,Male,A+,Hosur,8368556142
P08528,Manoj Patel,16,Male,O+,Erode,6839383983
P08529,Priya Krishnan,36,Female,A+,Thanjavur,9333027394
P08530,Neha Patel,40,Female,O+,Dindigul,6430150334
P08531,Rahul Menon,22,Male,AB-,Vellore,6195987345
P08532,Aditya Reddy,23,Male,AB+,Coimbatore,9631714548
P08533,Pooja Verma,17,Female,B+,Hosur,6687475672
P08534,Swathi Singh,44,Female,O+,Tiruvallur,7337497378
P08535,Suresh Kumar,24,Male,A-,Thanjavur,9319778444
P08536,Kavya Raj,58,Female,AB+,Kanchipuram,9372756461
P08537,Lakshmi Krishnan,54,Female,AB+,Thanjavur,6045514815
P08538,Swathi Mohan,49,Female,O+,Dindigul,6977682689
P08539,Deepika Mohan,57,Female,O-,Madurai,8861371343
P08540,Meera Verma,38,Female,O+,Trichy,9637074958
P08541,Harish Patel,28,Male,O+,Vellore,8406993117
P08542,Deepika Singh,34,Female,B+,Chennai,7228881574
P08543,Kavya Iyer,4,Female,AB+,Chennai,9513448384
P08544,Ashwin Verma,61,Male,AB+,Salem,8701171359
P08545,Neha Krishnan,42,Female,A+,Salem,9964995054
P08546,Harish Raj,65,Male,O+,Coimbatore,9355862552
P08547,Aditya Reddy,28,Male,B+,Hosur,7978596390
P08548,Aishwarya Singh,41,Female,O+,Tiruvallur,8606728338
P08549,Rakesh Patel,29,Male,B+,Tiruttani,8442630082
P08550,Prakash Verma,29,Male,AB+,Tiruttani,8075040731
P08551,Rakesh Verma,38,Male,O+,Dindigul,7715892660
P08552,Harish Kumar,4,Male,A+,Thanjavur,7780280128
P08553,Karthik Menon,33,Male,B+,Tiruvallur,7873782378
P08554,Ashwin Babu,19,Male,O+,Tiruttani,9621115674
P08555,Arjun Patel,62,Male,B+,Erode,9146365119
P08556,Ganesh Singh,41,Male,O+,Salem,9364062470
P08557,Aditya Raj,59,Male,AB+,Tiruttani,9031494968
P08558,Divya Mohan,27,Female,O+,Tiruvallur,8258368314
P08559,Prakash Reddy,12,Male,A+,Chennai,7587682133
P08560,Karthik Singh,22,Male,A+,Tiruttani,6332351156
P08561,Suresh Menon,34,Male,A+,Dindigul,6961402085
P08562,Neha Rao,21,Female,B+,Dindigul,7488375185
P08563,Lakshmi Singh,40,Female,O+,Coimbatore,6288958704
P08564,Kavya Nair,23,Female,O+,Thanjavur,8445211953
P08565,Aishwarya Krishnan,33,Female,O+,Chennai,6822075844
P08566,Sneha Sharma,32,Female,B+,Tiruvallur,7345249963
P08567,Rohan Patel,28,Male,O-,Tiruvallur,8797629466
P08568,Ashwin Raj,44,Male,O+,Tiruttani,8445628373
P08569,Aditya Menon,29,Male,B+,Madurai,7449706346
P08570,Prakash Gupta,29,Male,A+,Hosur,8909058291
P08571,Keerthana Mohan,68,Female,AB+,Salem,8650350496
P08572,Prakash Patel,24,Male,A-,Tirunelveli,7580737547
P08573,Harini Krishnan,53,Female,A+,Tiruvallur,9456653311
P08574,Karthik Gupta,18,Male,B+,Thanjavur,8081213153
P08575,Divya Sharma,44,Female,B+,Kanchipuram,9451210141
P08576,Aishwarya Gupta,12,Female,B+,Vellore,7079059737
P08577,Karthik Iyer,11,Male,O+,Trichy,6361043416
P08578,Aishwarya Patel,52,Female,A-,Trichy,8237185662
P08579,Nithya Krishnan,37,Female,O+,Madurai,8476323850
P08580,Keerthana Menon,21,Female,O+,Thanjavur,7316972593
P08581,Vikram Rao,7,Male,A+,Erode,8557903107
P08582,Naveen Mohan,70,Male,O+,Erode,8417357820
P08583,Vivek Rao,64,Male,A+,Erode,8397875772
P08584,Rohan Sharma,56,Male,A+,Tiruppur,7664896017
P08585,Aditya Iyer,89,Male,B+,Tirunelveli,9461102174
P08586,Swathi Raj,61,Female,AB+,Kanchipuram,7940512303
P08587,Rohan Babu,18,Male,O+,Hosur,7550339858
P08588,Suresh Menon,38,Male,O+,Chennai,9418587157
P08589,Ashwin Babu,48,Male,O-,Coimbatore,8199830827
P08590,Keerthana Reddy,24,Female,B+,Dindigul,9357324696
P08591,Aishwarya Patel,52,Female,O+,Erode,9041467010
P08592,Harish Sharma,27,Male,AB+,Trichy,7185278750
P08593,Meera Gupta,21,Female,A+,Salem,6727600220
P08594,Divya Iyer,44,Female,A+,Salem,8562842787
P08595,Nithya Nair,37,Female,A+,Tirunelveli,9461704854
P08596,Rakesh Raj,49,Male,O+,Tiruvallur,7879162752
P08597,Suresh Reddy,77,Male,A+,Tiruttani,7214976726
P08598,Ashwin Reddy,58,Male,AB+,Kanchipuram,6013541627
P08599,Rahul Sharma,21,Male,A+,Hosur,8401855297
P08600,Kavya Patel,27,Female,AB-,Tiruttani,6588376308
P08601,Deepika Verma,47,Female,AB-,Tiruppur,9431454945
P08602,Priya Sharma,30,Female,A+,Hosur,8885971203
P08603,Pooja Iyer,27,Female,O+,Tiruppur,6347377429
P08604,Priya Singh,43,Female,B+,Tirunelveli,6698819808
P08605,Divya Sharma,32,Female,A+,Thanjavur,7007658341
P08606,Ashwin Singh,52,Male,AB+,Thanjavur,9209876941
P08607,Rohan Krishnan,18,Male,O+,Tiruttani,6819142438
P08608,Lakshmi Menon,43,Female,B+,Hosur,6863303722
P08609,Naveen Reddy,3,Male,O+,Trichy,6142877488
P08610,Aditya Iyer,1,Male,O+,Tiruppur,8995585412
P08611,Arjun Sharma,29,Male,A+,Erode,6643739184
P08612,Keerthana Patel,44,Female,AB+,Tiruttani,7799543921
P08613,Priya Menon,52,Female,O+,Dindigul,7826848054
P08614,Rohan Babu,48,Male,O+,Coimbatore,9327928251
P08615,Rohan Sharma,42,Male,O+,Dindigul,8578424871
P08616,Harini Krishnan,7,Female,B+,Hosur,9714839705
P08617,Vikram Rao,56,Male,A+,Tiruttani,6265559239
P08618,Vikram Singh,27,Male,O+,Erode,7587899552
P08619,Harish Patel,43,Male,O+,Tiruvallur,6972468984
P08620,Suresh Raj,40,Male,O+,Kanchipuram,9822013702
P08621,Aishwarya Rao,86,Female,O+,Coimbatore,9265720482
P08622,Naveen Krishnan,81,Male,B+,Chennai,8177919941
P08623,Prakash Patel,42,Male,A+,Vellore,8621088705
P08624,Ananya Nair,8,Female,A+,Tiruttani,6347623959
P08625,Swathi Krishnan,23,Female,B+,Kanchipuram,7051684347
P08626,Pooja Reddy,43,Female,A+,Salem,9862661686
P08627,Keerthana Verma,13,Female,O+,Tiruvallur,7423336753
P08628,Swathi Nair,16,Female,A+,Thanjavur,8907730522
P08629,Aditya Raj,87,Male,AB+,Thanjavur,7277956354
P08630,Pooja Menon,5,Female,O+,Trichy,6924574949
P08631,Arjun Reddy,58,Male,O+,Salem,9519036542
P08632,Vivek Menon,27,Male,O+,Salem,6243929787
P08633,Nithya Gupta,14,Female,O+,Madurai,8361567397
P08634,Lakshmi Rao,29,Female,B+,Hosur,9091825612
P08635,Prakash Patel,28,Male,O+,Dindigul,6990673719
P08636,Lakshmi Mohan,37,Female,B+,Kanchipuram,6770938202
P08637,Harish Nair,9,Male,B+,Vellore,8458994797
P08638,Aditya Kumar,36,Male,A+,Chennai,6201046637
P08639,Manoj Krishnan,37,Male,O+,Hosur,7161684103
P08640,Vivek Rao,47,Male,O+,Chennai,9476482202
P08641,Divya Reddy,20,Female,A+,Chennai,9197896588
P08642,Nithya Mohan,15,Female,O+,Thanjavur,6379090596
P08643,Manoj Mohan,42,Male,B+,Hosur,8704653873
P08644,Kavya Nair,21,Female,B+,Tiruppur,9675538347
P08645,Naveen Kumar,36,Male,B+,Tirunelveli,7002972779
P08646,Rahul Babu,44,Male,O-,Dindigul,6616546345
P08647,Vikram Rao,24,Male,O+,Tiruttani,6526078132
P08648,Lakshmi Nair,60,Female,A+,Madurai,9466045096
P08649,Nithya Singh,39,Female,B+,Erode,6518638187
P08650,Ashwin Kumar,21,Male,A+,Trichy,6944376626
P08651,Aishwarya Babu,22,Female,A+,Chennai,7885868662
P08652,Nithya Sharma,16,Female,O-,Chennai,7544545714
P08653,Manoj Mohan,33,Male,B+,Tiruvallur,7372288116
P08654,Swathi Iyer,26,Female,O+,Hosur,9476341908
P08655,Aditya Krishnan,43,Male,O+,Salem,8062592148
P08656,Arjun Kumar,33,Male,B+,Trichy,8875318968
P08657,Keerthana Verma,68,Female,B+,Vellore,7819356280
P08658,Ashwin Sharma,50,Male,O+,Vellore,8244247256
P08659,Aditya Gupta,87,Male,A+,Chennai,9084048209
P08660,Rakesh Krishnan,46,Male,O+,Trichy,7213565367
P08661,Neha Verma,23,Female,AB+,Trichy,6883566140
P08662,Vivek Rao,14,Male,O+,Tiruttani,7135047408
P08663,Arjun Rao,48,Male,B+,Trichy,8411949492
P08664,Vivek Raj,44,Male,B+,Salem,8051168416
P08665,Arjun Mohan,37,Male,A+,Tiruttani,9861189179
P08666,Sneha Raj,22,Female,AB+,Coimbatore,7644021946
P08667,Nithya Krishnan,42,Female,A+,Coimbatore,7040804137
P08668,Lakshmi Babu,25,Female,O+,Madurai,8211432430
P08669,Meera Mohan,43,Female,O+,Salem,9530783003
P08670,Rakesh Verma,44,Male,B+,Coimbatore,9386182436
P08671,Ananya Verma,29,Female,AB+,Chennai,7611723914
P08672,Lakshmi Rao,47,Female,AB+,Tiruvallur,9574941769
P08673,Manoj Verma,6,Male,AB+,Chennai,6761544933
P08674,Vikram Gupta,15,Male,B+,Hosur,9751752407
P08675,Rahul Krishnan,40,Male,A+,Hosur,7490065791
P08676,Ganesh Babu,18,Male,O+,Thanjavur,7460544296
P08677,Rohan Rao,9,Male,O-,Vellore,6782689721
P08678,Prakash Patel,26,Male,O+,Trichy,7990048765
P08679,Arjun Mohan,24,Male,O-,Tiruppur,7517230301
P08680,Vikram Nair,42,Male,A+,Coimbatore,7664667913
P08681,Rakesh Verma,48,Male,O+,Erode,9419260378
P08682,Harish Nair,87,Male,A+,Chennai,8917932776
P08683,Naveen Reddy,45,Male,A+,Coimbatore,6106451304
P08684,Deepika Mohan,26,Female,O-,Tirunelveli,6258339303
P08685,Nithya Patel,18,Female,A-,Madurai,7575093692
P08686,Nithya Gupta,54,Female,O+,Tiruvallur,9251433831
P08687,Rahul Kumar,36,Male,B+,Tiruppur,9030000180
P08688,Pooja Menon,36,Female,O+,Erode,9512088190
P08689,Aishwarya Singh,9,Female,A+,Vellore,7580918622
P08690,Karthik Gupta,55,Male,A+,Tiruppur,6687496154
P08691,Manoj Verma,30,Male,AB+,Tiruppur,7853120803
P08692,Suresh Rao,33,Male,AB+,Tiruttani,8893177137
P08693,Swathi Raj,49,Female,O+,Tirunelveli,8422384860
P08694,Manoj Reddy,39,Male,O+,Chennai,8048743918
P08695,Vivek Verma,8,Male,AB+,Madurai,7548148100
P08696,Ganesh Reddy,43,Male,O+,Hosur,9299804294
P08697,Pooja Reddy,62,Female,B+,Erode,8762434045
P08698,Suresh Menon,49,Male,O+,Tiruttani,8789567538
P08699,Swathi Sharma,49,Female,O+,Chennai,9600347464
P08700,Ashwin Gupta,33,Male,O+,Vellore,6384803216
P08701,Rahul Patel,88,Male,B+,Tiruppur,7903302423
P08702,Arjun Gupta,65,Male,B+,Madurai,6487104856
P08703,Harish Singh,55,Male,A-,Tirunelveli,6731881912
P08704,Nithya Mohan,15,Female,O+,Salem,7245324441
P08705,Ganesh Rao,58,Male,O+,Vellore,6433190690
P08706,Aditya Sharma,42,Male,O+,Tiruvallur,6118471070
P08707,Kavya Krishnan,53,Female,B+,Trichy,6432753171
P08708,Nithya Sharma,40,Female,O+,Tiruvallur,6427065510
P08709,Nithya Patel,24,Female,O+,Tiruvallur,8995264933
P08710,Aditya Singh,11,Male,O+,Tiruvallur,7992464712
P08711,Karthik Iyer,39,Male,O-,Tirunelveli,8017918091
P08712,Ashwin Iyer,28,Male,AB+,Erode,6627482188
P08713,Arjun Menon,25,Male,B-,Tiruppur,6206612681
P08714,Vikram Nair,88,Male,A+,Coimbatore,6933495037
P08715,Kavya Nair,36,Female,B+,Chennai,9484521661
P08716,Harish Krishnan,15,Male,A-,Erode,6862206141
P08717,Rakesh Sharma,31,Male,O+,Tiruvallur,6917110630
P08718,Harini Raj,46,Female,A+,Tirunelveli,8858389833
P08719,Suresh Sharma,60,Male,A+,Tiruvallur,7357140173
P08720,Ganesh Mohan,80,Male,O+,Salem,9469299244
P08721,Rahul Singh,34,Male,O-,Coimbatore,8248640939
P08722,Sneha Patel,5,Female,O+,Chennai,7763455738
P08723,Kavya Reddy,49,Female,A+,Vellore,9056896672
P08724,Swathi Rao,78,Female,B+,Trichy,8796456412
P08725,Karthik Mohan,21,Male,A+,Tiruttani,6098870344
P08726,Vivek Sharma,69,Male,B+,Tiruttani,6959413273
P08727,Prakash Iyer,14,Male,AB+,Thanjavur,7799459559
P08728,Priya Rao,24,Female,O+,Coimbatore,9700131260
P08729,Meera Menon,24,Female,O+,Dindigul,8115686838
P08730,Swathi Kumar,28,Female,A+,Dindigul,9606360777
P08731,Ganesh Babu,63,Male,O+,Madurai,9467045444
P08732,Manoj Rao,18,Male,AB+,Tiruppur,8635316240
P08733,Meera Krishnan,27,Female,A+,Hosur,7972888597
P08734,Naveen Singh,34,Male,A-,Dindigul,7827212527
P08735,Priya Kumar,22,Female,A+,Chennai,9622535303
P08736,Kavya Patel,44,Female,B-,Hosur,7942422588
P08737,Harini Reddy,59,Female,AB+,Salem,9860849251
P08738,Neha Mohan,26,Female,AB+,Tiruvallur,8384831321
P08739,Lakshmi Verma,3,Female,A+,Dindigul,6813519069
P08740,Arjun Nair,45,Male,O-,Dindigul,7701270881
P08741,Harini Gupta,28,Female,B+,Hosur,8085140701
P08742,Keerthana Krishnan,3,Female,B+,Dindigul,8571001787
P08743,Karthik Mohan,51,Male,A+,Tiruttani,6351997747
P08744,Vivek Gupta,22,Male,O+,Chennai,8732392394
P08745,Deepika Iyer,46,Female,B+,Erode,8861429008
P08746,Harish Singh,42,Male,AB+,Chennai,7553530243
P08747,Suresh Reddy,64,Male,O+,Coimbatore,6597455383
P08748,Prakash Kumar,42,Male,AB+,Dindigul,6314124904
P08749,Suresh Gupta,55,Male,O+,Dindigul,9770871559
P08750,Keerthana Iyer,72,Female,A+,Tiruttani,9086115164
P08751,Sneha Kumar,36,Female,A+,Thanjavur,9879850211
P08752,Prakash Verma,10,Male,B+,Kanchipuram,8246340006
P08753,Prakash Menon,59,Male,AB+,Tiruvallur,8528094982
P08754,Vivek Iyer,23,Male,O+,Tiruttani,6627076774
P08755,Aditya Rao,21,Male,A+,Salem,6034884224
P08756,Suresh Kumar,48,Male,O+,Vellore,8888999047
P08757,Ashwin Iyer,39,Male,O-,Salem,6672735107
P08758,Ashwin Rao,47,Male,B+,Kanchipuram,7256902448
P08759,Nithya Raj,12,Female,O+,Tirunelveli,7212181685
P08760,Meera Reddy,15,Female,AB+,Erode,6916336552
P08761,Keerthana Rao,53,Female,O+,Salem,6219316537
P08762,Ashwin Gupta,13,Male,A+,Tiruttani,6526456001
P08763,Nithya Reddy,39,Female,O+,Salem,7023489515
P08764,Suresh Menon,21,Male,A+,Chennai,8076021931
P08765,Harish Menon,41,Male,O+,Coimbatore,6074080936
P08766,Neha Nair,56,Female,A+,Vellore,6628680040
P08767,Lakshmi Menon,43,Female,B+,Erode,9126288753
P08768,Sneha Reddy,40,Female,A+,Tirunelveli,6849192602
P08769,Prakash Gupta,32,Male,B+,Hosur,9211642818
P08770,Rahul Menon,16,Male,B-,Erode,7833269331
P08771,Ananya Menon,27,Female,A+,Kanchipuram,7816144440
P08772,Keerthana Krishnan,61,Female,B+,Tiruppur,6822201127
P08773,Ashwin Reddy,35,Male,O+,Tirunelveli,9066974815
P08774,Divya Menon,47,Female,O+,Hosur,7382599519
P08775,Sneha Verma,23,Female,O+,Madurai,6185936344
P08776,Pooja Singh,25,Female,O+,Tirunelveli,9907486970
P08777,Ashwin Singh,31,Male,O+,Vellore,6090710845
P08778,Neha Raj,35,Female,O+,Salem,9675687364
P08779,Manoj Gupta,44,Male,O+,Erode,8838324973
P08780,Pooja Mohan,71,Female,B+,Thanjavur,6665677792
P08781,Karthik Rao,30,Male,O+,Coimbatore,8944010704
P08782,Rakesh Raj,40,Male,A+,Kanchipuram,9182785087
P08783,Neha Reddy,65,Female,A+,Coimbatore,8030233480
P08784,Aishwarya Nair,41,Female,O+,Thanjavur,9230477866
P08785,Pooja Krishnan,52,Female,AB+,Kanchipuram,7406828304
P08786,Rohan Verma,3,Male,O+,Erode,8802784921
P08787,Keerthana Iyer,7,Female,A+,Hosur,8952155180
P08788,Prakash Krishnan,59,Male,B-,Tiruttani,8837400641
P08789,Nithya Rao,26,Female,B+,Tirunelveli,9242428038
P08790,Ananya Singh,64,Female,A+,Chennai,9169068548
P08791,Aishwarya Sharma,19,Female,A+,Madurai,6043971623
P08792,Aishwarya Verma,13,Female,O+,Dindigul,8524209862
P08793,Rakesh Gupta,41,Male,O+,Tiruppur,7903687856
P08794,Prakash Patel,84,Male,A+,Tiruttani,8259843632
P08795,Swathi Mohan,45,Female,AB+,Trichy,7401279205
P08796,Divya Kumar,19,Female,O+,Tiruvallur,7773545715
P08797,Prakash Gupta,36,Male,A+,Thanjavur,9290630722
P08798,Manoj Krishnan,44,Male,O+,Thanjavur,8103545512
P08799,Harish Kumar,6,Male,O+,Coimbatore,9103389828
P08800,Karthik Verma,20,Male,O+,Thanjavur,8343132162
P08801,Aditya Krishnan,18,Male,B+,Erode,9102714164
P08802,Lakshmi Babu,28,Female,A+,Erode,8785732948
P08803,Keerthana Gupta,36,Female,B+,Thanjavur,8812058080
P08804,Kavya Kumar,3,Female,B+,Kanchipuram,6031089810
P08805,Aditya Iyer,55,Male,O+,Dindigul,9442582325
P08806,Divya Singh,51,Female,B-,Salem,9758447821
P08807,Vivek Kumar,15,Male,O+,Dindigul,7821191600
P08808,Aishwarya Krishnan,5,Female,A+,Tirunelveli,8684151915
P08809,Ganesh Raj,38,Male,A+,Dindigul,8765344736
P08810,Manoj Gupta,62,Male,B+,Vellore,8749738978
P08811,Aditya Patel,30,Male,A+,Trichy,9149364877
P08812,Nithya Singh,33,Female,B+,Dindigul,7612858113
P08813,Nithya Raj,24,Female,AB+,Erode,9625043090
P08814,Kavya Verma,32,Female,B+,Tiruttani,6612651655
P08815,Karthik Kumar,19,Male,A+,Trichy,7556486772
P08816,Naveen Singh,58,Male,O+,Vellore,7522997012
P08817,Harini Patel,63,Female,B+,Hosur,6192762337
P08818,Priya Rao,45,Female,A-,Hosur,8352680401
P08819,Naveen Nair,44,Male,O+,Dindigul,6628598340
P08820,Vikram Iyer,90,Male,A+,Chennai,6726397365
P08821,Ashwin Raj,23,Male,B+,Hosur,7473074242
P08822,Prakash Patel,43,Male,O+,Tiruvallur,9224139942
P08823,Ananya Mohan,48,Female,O+,Chennai,7300051793
P08824,Lakshmi Reddy,3,Female,B+,Trichy,6785489528
P08825,Harini Krishnan,51,Female,AB+,Dindigul,8504004922
P08826,Aditya Krishnan,28,Male,A+,Tiruvallur,8091259651
P08827,Harish Verma,20,Male,A+,Tiruppur,8975107838
P08828,Aditya Reddy,65,Male,O+,Tirunelveli,9952613253
P08829,Naveen Raj,60,Male,AB+,Erode,9462706132
P08830,Ashwin Kumar,74,Male,O+,Tiruppur,9848615997
P08831,Vivek Kumar,32,Male,O+,Madurai,6105260610
P08832,Aishwarya Babu,21,Female,O+,Salem,9332770566
P08833,Vivek Nair,49,Male,O+,Tiruppur,7439981466
P08834,Harish Krishnan,23,Male,A+,Trichy,9953079693
P08835,Harish Verma,76,Male,AB+,Salem,9649185988
P08836,Ashwin Singh,44,Male,O+,Tiruppur,9604908315
P08837,Rakesh Raj,24,Male,O-,Tiruppur,8769768550
P08838,Aditya Raj,7,Male,B+,Kanchipuram,6062906387
P08839,Keerthana Verma,39,Female,AB+,Chennai,7758064318
P08840,Harish Gupta,73,Male,B+,Trichy,6433701573
P08841,Aditya Raj,50,Male,A+,Salem,9624945216
P08842,Divya Kumar,10,Female,O+,Tiruppur,9043770474
P08843,Ashwin Krishnan,87,Male,B+,Thanjavur,8689571592
P08844,Sneha Singh,26,Female,B+,Trichy,9008494452
P08845,Manoj Menon,17,Male,AB+,Trichy,7405561788
P08846,Harini Patel,29,Female,B+,Trichy,8941884643
P08847,Rahul Kumar,10,Male,AB+,Dindigul,8809142374
P08848,Karthik Reddy,13,Male,A+,Tiruppur,8472145061
P08849,Deepika Menon,38,Female,O-,Trichy,8880882831
P08850,Vikram Singh,49,Male,AB+,Thanjavur,6982878379
P08851,Neha Krishnan,72,Female,B+,Erode,9931934220
P08852,Priya Gupta,54,Female,B+,Tirunelveli,9176277657
P08853,Ashwin Reddy,13,Male,A-,Madurai,8321453385
P08854,Priya Gupta,45,Female,O+,Tiruppur,8776347169
P08855,Nithya Babu,47,Female,B+,Trichy,9426073593
P08856,Ananya Singh,25,Female,B+,Hosur,7425092743
P08857,Manoj Mohan,11,Male,O+,Tiruppur,9818506802
P08858,Naveen Sharma,29,Male,A+,Trichy,8554818093
P08859,Lakshmi Krishnan,41,Female,B+,Tiruppur,6518519161
P08860,Sneha Verma,65,Female,O+,Tiruttani,7339867748
P08861,Divya Singh,2,Female,O+,Salem,9161625021
P08862,Kavya Mohan,39,Female,O+,Kanchipuram,8004717558
P08863,Ganesh Singh,2,Male,A+,Trichy,7846843811
P08864,Ganesh Kumar,37,Male,B+,Tiruvallur,9065667598
P08865,Keerthana Nair,64,Female,A+,Erode,7309620972
P08866,Vivek Kumar,30,Male,B+,Vellore,8604838061
P08867,Manoj Menon,52,Male,O-,Tiruttani,6312588683
P08868,Rahul Babu,59,Male,AB+,Trichy,7909725924
P08869,Kavya Reddy,44,Female,A+,Erode,6892227312
P08870,Nithya Gupta,6,Female,AB+,Tirunelveli,8934931906
P08871,Vikram Mohan,62,Male,O+,Trichy,6504526182
P08872,Ganesh Rao,72,Male,B-,Erode,7354876263
P08873,Pooja Gupta,48,Female,B+,Kanchipuram,9994047270
P08874,Sneha Raj,7,Female,O+,Hosur,6883337401
P08875,Vivek Rao,27,Male,O+,Thanjavur,8656112740
P08876,Ananya Patel,40,Female,B+,Erode,7877534697
P08877,Nithya Raj,48,Female,O+,Trichy,6481533755
P08878,Suresh Krishnan,24,Male,A+,Tiruvallur,6995989490
P08879,Prakash Iyer,3,Male,B+,Tiruvallur,6502521022
P08880,Deepika Reddy,5,Female,B-,Tiruppur,7573650388
P08881,Neha Raj,25,Female,B+,Thanjavur,6038474134
P08882,Meera Babu,47,Female,A+,Erode,6130747370
P08883,Ganesh Menon,4,Male,O-,Coimbatore,7469536412
P08884,Vivek Singh,18,Male,A-,Tiruttani,8936556958
P08885,Keerthana Mohan,17,Female,AB+,Madurai,9973275825
P08886,Suresh Mohan,34,Male,B+,Coimbatore,6335018836
P08887,Harish Patel,47,Male,A+,Hosur,8573696872
P08888,Kavya Nair,43,Female,B-,Erode,6611297943
P08889,Rohan Patel,35,Male,O+,Salem,8603448387
P08890,Manoj Raj,26,Male,O+,Kanchipuram,8516413171
P08891,Rahul Rao,36,Male,B+,Salem,6329146362
P08892,Vikram Kumar,41,Male,A+,Tiruvallur,6297598796
P08893,Prakash Mohan,18,Male,A+,Coimbatore,7975749925
P08894,Priya Krishnan,18,Female,B+,Salem,8085967398
P08895,Sneha Singh,35,Female,O+,Coimbatore,7698036584
P08896,Neha Menon,57,Female,A+,Tiruvallur,7980712360
P08897,Keerthana Rao,12,Female,A-,Hosur,8493229060
P08898,Prakash Sharma,35,Male,A+,Dindigul,7638221361
P08899,Prakash Raj,43,Male,AB+,Thanjavur,9041499907
P08900,Nithya Rao,32,Female,A-,Kanchipuram,8376136791
P08901,Priya Rao,15,Female,AB+,Coimbatore,7310753957
P08902,Kavya Mohan,83,Female,A+,Vellore,7825982377
P08903,Rahul Menon,30,Male,O+,Tiruttani,8828896124
P08904,Rahul Mohan,36,Male,AB+,Coimbatore,9628009567
P08905,Priya Krishnan,35,Female,O-,Thanjavur,8134795513
P08906,Ganesh Reddy,13,Male,O+,Erode,8074407762
P08907,Rakesh Nair,57,Male,O+,Salem,6894751977
P08908,Rohan Reddy,50,Male,O+,Dindigul,9351330055
P08909,Harish Singh,69,Male,O-,Tiruppur,8334688036
P08910,Prakash Verma,13,Male,A+,Vellore,6107691549
P08911,Ganesh Sharma,55,Male,B+,Dindigul,6840526400
P08912,Harini Babu,31,Female,B+,Tiruvallur,9310965172
P08913,Deepika Nair,16,Female,B+,Thanjavur,7976524034
P08914,Meera Nair,33,Female,A-,Erode,8720525118
P08915,Manoj Rao,47,Male,A-,Tiruttani,9057241877
P08916,Pooja Menon,49,Female,O+,Tiruppur,6134483518
P08917,Suresh Raj,70,Male,O+,Kanchipuram,9028224051
P08918,Kavya Verma,84,Female,A+,Hosur,6420372254
P08919,Vivek Gupta,41,Male,B+,Tiruppur,7687877991
P08920,Prakash Menon,6,Male,B+,Tiruttani,8421229750
P08921,Swathi Gupta,14,Female,AB+,Trichy,6929448333
P08922,Deepika Nair,15,Female,B+,Tirunelveli,9481637113
P08923,Harini Patel,54,Female,O+,Chennai,6301048765
P08924,Priya Patel,53,Female,B+,Hosur,6325251187
P08925,Aditya Patel,2,Male,A+,Trichy,6540074331
P08926,Arjun Verma,19,Male,AB+,Coimbatore,9595812978
P08927,Neha Verma,37,Female,A+,Tiruppur,9452607505
P08928,Rahul Verma,57,Male,O+,Trichy,8116090916
P08929,Ganesh Krishnan,62,Male,B+,Dindigul,9000746546
P08930,Ganesh Reddy,36,Male,O-,Chennai,9965750969
P08931,Harish Singh,38,Male,O+,Salem,8675695096
P08932,Rahul Singh,14,Male,A+,Trichy,6237359190
P08933,Aditya Singh,4,Male,A+,Thanjavur,6628467080
P08934,Prakash Gupta,59,Male,A+,Tirunelveli,8262577265
P08935,Rahul Verma,57,Male,B+,Tiruppur,7003445819
P08936,Rohan Verma,48,Male,B+,Tiruppur,7960295946
P08937,Pooja Singh,4,Female,O+,Thanjavur,7075576150
P08938,Sneha Patel,36,Female,A+,Madurai,9045888299
P08939,Vivek Singh,15,Male,O+,Coimbatore,7770244047
P08940,Ganesh Gupta,40,Male,O+,Dindigul,8741062769
P08941,Suresh Verma,79,Male,O+,Tiruvallur,8546775139
P08942,Arjun Patel,53,Male,O+,Vellore,9096917802
P08943,Ganesh Krishnan,21,Male,A+,Salem,6507933167
P08944,Kavya Sharma,40,Female,O+,Kanchipuram,8066684577
P08945,Prakash Reddy,39,Male,O+,Kanchipuram,7692734472
P08946,Karthik Singh,27,Male,B+,Erode,7555432054
P08947,Aishwarya Kumar,21,Female,A+,Tiruttani,6882985764
P08948,Priya Iyer,6,Female,A+,Thanjavur,6609363174
P08949,Rohan Kumar,60,Male,B+,Coimbatore,8936673271
P08950,Divya Krishnan,27,Female,B+,Tiruvallur,9492476930
P08951,Swathi Kumar,4,Female,B+,Dindigul,8897922700
P08952,Kavya Sharma,38,Female,O+,Salem,9699052597
P08953,Divya Raj,75,Female,O+,Salem,6678631204
P08954,Harini Singh,61,Female,O+,Tiruppur,8390378441
P08955,Aditya Sharma,13,Male,A+,Vellore,9218943849
P08956,Priya Reddy,74,Female,B+,Tiruvallur,6013534529
P08957,Swathi Nair,33,Female,O+,Trichy,6380292776
P08958,Arjun Kumar,19,Male,O+,Tiruvallur,7976944656
P08959,Meera Verma,26,Female,A+,Salem,8443558571
P08960,Swathi Menon,42,Female,A+,Hosur,9085393166
P08961,Rakesh Sharma,1,Male,O+,Erode,8258650680
P08962,Manoj Iyer,36,Male,B+,Dindigul,9110175846
P08963,Aditya Iyer,26,Male,O+,Vellore,6588576927
P08964,Naveen Mohan,35,Male,O+,Coimbatore,8711648414
P08965,Vivek Nair,11,Male,B+,Trichy,7292605610
P08966,Kavya Verma,87,Female,O+,Coimbatore,8364506125
P08967,Rakesh Kumar,59,Male,AB+,Kanchipuram,9700628219
P08968,Aishwarya Raj,22,Female,O+,Dindigul,7089369898
P08969,Rohan Verma,64,Male,O+,Tiruttani,8133598897
P08970,Manoj Mohan,50,Male,O-,Dindigul,7810191477
P08971,Sneha Raj,83,Female,B-,Trichy,9430832864
P08972,Rahul Menon,52,Male,B+,Tiruvallur,8951756302
P08973,Karthik Menon,17,Male,A+,Tiruvallur,6286295141
P08974,Ananya Kumar,53,Female,A+,Erode,9167007968
P08975,Ananya Patel,22,Female,A-,Salem,7507014561
P08976,Prakash Reddy,56,Male,A+,Coimbatore,7619838900
P08977,Deepika Kumar,37,Female,O+,Chennai,8597750793
P08978,Lakshmi Singh,42,Female,O+,Trichy,7597265234
P08979,Prakash Gupta,18,Male,B+,Salem,7931750831
P08980,Harish Singh,13,Male,B+,Tirunelveli,9692427919
P08981,Ashwin Verma,69,Male,A+,Dindigul,7828155572
P08982,Rakesh Singh,43,Male,B+,Tiruttani,9738621524
P08983,Deepika Reddy,28,Female,O-,Kanchipuram,7011467144
P08984,Suresh Verma,25,Male,A+,Coimbatore,7296997819
P08985,Manoj Iyer,25,Male,B+,Tiruppur,8100187940
P08986,Naveen Menon,42,Male,B+,Hosur,7364888763
P08987,Arjun Patel,50,Male,A+,Vellore,8679130995
P08988,Kavya Gupta,76,Female,A+,Coimbatore,9751528220
P08989,Ananya Patel,28,Female,O-,Thanjavur,7609189476
P08990,Meera Sharma,18,Female,O+,Tirunelveli,8438229682
P08991,Keerthana Iyer,59,Female,A+,Salem,9484448353
P08992,Nithya Mohan,26,Female,A+,Dindigul,8209411762
P08993,Karthik Kumar,27,Male,A+,Tiruppur,9758815799
P08994,Pooja Babu,89,Female,O+,Chennai,9461776685
P08995,Harini Reddy,57,Female,B+,Erode,8131841783
P08996,Ganesh Verma,60,Male,O+,Tirunelveli,6115402318
P08997,Harish Rao,9,Male,A+,Hosur,6091284878
P08998,Aishwarya Patel,28,Female,O+,Coimbatore,9374377154
P08999,Manoj Babu,1,Male,O+,Madurai,6772912636
P09000,Vikram Patel,19,Male,A+,Dindigul,7123978329
P09001,Pooja Kumar,67,Female,B+,Madurai,6559467267
P09002,Lakshmi Kumar,56,Female,A+,Hosur,6478077295
P09003,Divya Reddy,21,Female,B+,Tirunelveli,7841817434
P09004,Vikram Krishnan,35,Male,O-,Trichy,8428719605
P09005,Naveen Rao,14,Male,AB-,Kanchipuram,9106170365
P09006,Rakesh Krishnan,24,Male,O+,Tiruttani,7217955252
P09007,Rahul Verma,62,Male,O+,Madurai,9036828879
P09008,Ananya Babu,17,Female,O+,Tirunelveli,7037691768
P09009,Sneha Iyer,39,Female,O-,Trichy,8501410898
P09010,Aditya Babu,28,Male,B+,Coimbatore,8838298274
P09011,Vikram Krishnan,24,Male,O+,Thanjavur,9700520477
P09012,Sneha Sharma,45,Female,B+,Dindigul,9028573864
P09013,Rahul Babu,64,Male,O+,Erode,8631782313
P09014,Harish Rao,38,Male,B+,Trichy,8781525679
P09015,Harish Patel,81,Male,A+,Hosur,6491599390
P09016,Nithya Verma,19,Female,O+,Chennai,6493546936
P09017,Ashwin Singh,45,Male,A+,Thanjavur,9837316084
P09018,Vikram Menon,45,Male,A+,Tirunelveli,7644499583
P09019,Lakshmi Kumar,45,Female,A+,Tiruttani,6902092334
P09020,Harini Raj,30,Female,AB+,Tiruppur,8069570111
P09021,Rakesh Singh,54,Male,AB+,Chennai,6456381637
P09022,Deepika Iyer,71,Female,O+,Tirunelveli,9988479812
P09023,Vivek Singh,43,Male,B+,Vellore,6217481969
P09024,Vivek Kumar,58,Male,A+,Tiruttani,6127646851
P09025,Harish Nair,61,Male,A+,Kanchipuram,6078141357
P09026,Ashwin Iyer,61,Male,A-,Madurai,7879707247
P09027,Neha Verma,32,Female,A+,Erode,9077311496
P09028,Aditya Verma,47,Male,B+,Salem,7001479273
P09029,Rohan Nair,61,Male,A+,Hosur,8316141903
P09030,Aishwarya Sharma,27,Female,B+,Kanchipuram,8955332517
P09031,Rahul Krishnan,59,Male,A+,Chennai,7509050689
P09032,Prakash Singh,79,Male,B+,Coimbatore,9512100087
P09033,Harish Kumar,70,Male,B+,Tiruppur,8316699846
P09034,Ashwin Krishnan,29,Male,B+,Erode,7958948352
P09035,Swathi Kumar,18,Female,B+,Vellore,7451260307
P09036,Aditya Mohan,64,Male,O+,Kanchipuram,9843442942
P09037,Rohan Iyer,87,Male,O+,Erode,7327586559
P09038,Naveen Krishnan,62,Male,O-,Tiruppur,7360011389
P09039,Kavya Verma,40,Female,B-,Tiruttani,8654564975
P09040,Aishwarya Singh,40,Female,O+,Dindigul,7939567997
P09041,Suresh Sharma,4,Male,AB+,Erode,6712572348
P09042,Pooja Sharma,41,Female,O+,Dindigul,9471725949
P09043,Meera Reddy,64,Female,A+,Chennai,7725748228
P09044,Rahul Rao,42,Male,B+,Madurai,8124290158
P09045,Rakesh Rao,18,Male,O+,Trichy,7661831947
P09046,Aishwarya Babu,61,Female,AB+,Thanjavur,7131139840
P09047,Nithya Raj,68,Female,O-,Kanchipuram,6716800642
P09048,Karthik Kumar,5,Male,B+,Chennai,7506016561
P09049,Vivek Kumar,90,Male,B+,Hosur,7155488983
P09050,Karthik Menon,78,Male,A+,Erode,7050469443
P09051,Deepika Krishnan,36,Female,AB+,Tiruvallur,6168956670
P09052,Naveen Rao,72,Male,O+,Tiruttani,7046360588
P09053,Divya Singh,50,Female,A+,Tiruppur,9815211507
P09054,Karthik Mohan,23,Male,A+,Tiruvallur,7504526580
P09055,Prakash Kumar,25,Male,B+,Hosur,6857584970
P09056,Kavya Menon,4,Female,AB+,Hosur,8958977457
P09057,Rakesh Raj,57,Male,O+,Tiruttani,9182859586
P09058,Swathi Rao,20,Female,AB+,Madurai,8009867686
P09059,Arjun Reddy,34,Male,O+,Hosur,6503337514
P09060,Lakshmi Iyer,48,Female,O-,Hosur,8714426840
P09061,Vivek Rao,28,Male,O+,Tirunelveli,7906603175
P09062,Rakesh Iyer,55,Male,O+,Tiruppur,6337922325
P09063,Manoj Reddy,34,Male,AB+,Tiruttani,7218927210
P09064,Sneha Iyer,10,Female,B+,Vellore,7969093002
P09065,Rakesh Babu,65,Male,O+,Thanjavur,6949900074
P09066,Harish Mohan,12,Male,O+,Salem,8363234581
P09067,Vivek Kumar,28,Male,AB+,Hosur,8815718610
P09068,Nithya Raj,15,Female,B+,Tiruvallur,7161269989
P09069,Meera Reddy,60,Female,A+,Tirunelveli,8379534066
P09070,Aditya Menon,35,Male,A+,Tiruppur,8158525208
P09071,Deepika Patel,65,Female,O+,Kanchipuram,9029121379
P09072,Priya Krishnan,20,Female,O+,Hosur,9095965670
P09073,Vikram Krishnan,40,Male,O+,Tiruvallur,6216244835
P09074,Harish Menon,47,Male,B+,Salem,7802339694
P09075,Vikram Raj,6,Male,B+,Thanjavur,6877761499
P09076,Ananya Singh,48,Female,A+,Coimbatore,9555309468
P09077,Arjun Menon,1,Male,O+,Salem,9200786550
P09078,Suresh Menon,38,Male,AB+,Vellore,9665562515
P09079,Deepika Verma,40,Female,A+,Tirunelveli,7405848981
P09080,Sneha Krishnan,5,Female,A+,Dindigul,7118077250
P09081,Keerthana Patel,63,Female,A+,Tiruttani,8591146000
P09082,Aditya Reddy,32,Male,O+,Tiruttani,8741406211
P09083,Aditya Patel,85,Male,O+,Tiruppur,7607091727
P09084,Ananya Krishnan,50,Female,O+,Hosur,9925794060
P09085,Vikram Verma,16,Male,A+,Salem,9327852170
P09086,Ganesh Babu,33,Male,A+,Salem,7710747423
P09087,Keerthana Nair,40,Female,A+,Tiruppur,8732663202
P09088,Aishwarya Iyer,18,Female,A+,Tiruttani,9262276171
P09089,Aditya Patel,61,Male,O-,Salem,7500713576
P09090,Manoj Krishnan,54,Male,B+,Tiruttani,9102368086
P09091,Sneha Gupta,38,Female,O+,Vellore,6435624190
P09092,Harish Patel,14,Male,O+,Hosur,7506745827
P09093,Sneha Gupta,18,Female,A-,Madurai,8758202410
P09094,Manoj Krishnan,36,Male,AB+,Tiruvallur,8448273710
P09095,Harini Babu,50,Female,A+,Trichy,6475176941
P09096,Priya Reddy,90,Female,O+,Thanjavur,6554734552
P09097,Deepika Iyer,52,Female,B-,Tirunelveli,8418470663
P09098,Swathi Rao,18,Female,O+,Tirunelveli,8804070793
P09099,Swathi Patel,17,Female,O+,Tiruvallur,9131615299
P09100,Aditya Reddy,76,Male,B+,Tirunelveli,6655033469
P09101,Lakshmi Rao,16,Female,B+,Hosur,7267800206
P09102,Karthik Gupta,2,Male,O+,Thanjavur,8903749400
P09103,Rahul Verma,29,Male,O+,Tiruvallur,6252534673
P09104,Naveen Raj,18,Male,O+,Kanchipuram,9582924176
P09105,Kavya Reddy,54,Female,O+,Vellore,9035886315
P09106,Aditya Reddy,38,Male,B+,Erode,8611722178
P09107,Deepika Mohan,14,Female,O+,Dindigul,9112603220
P09108,Meera Rao,52,Female,A+,Chennai,7647592319
P09109,Lakshmi Sharma,8,Female,A+,Tiruvallur,9123559260
P09110,Lakshmi Sharma,20,Female,O+,Hosur,6701577282
P09111,Sneha Sharma,5,Female,AB+,Kanchipuram,8089861595
P09112,Vivek Sharma,60,Male,A-,Thanjavur,9643588911
P09113,Divya Krishnan,82,Female,O+,Hosur,6446882059
P09114,Vivek Rao,51,Male,B+,Kanchipuram,7349651582
P09115,Vivek Reddy,32,Male,O+,Tiruppur,9477877103
P09116,Divya Krishnan,11,Female,B+,Hosur,6996193807
P09117,Aditya Menon,29,Male,O+,Coimbatore,6859754348
P09118,Prakash Mohan,50,Male,AB+,Coimbatore,6456542526
P09119,Rakesh Raj,50,Male,O+,Tirunelveli,8099065762
P09120,Suresh Iyer,8,Male,AB+,Tirunelveli,6096597583
P09121,Neha Singh,31,Female,AB+,Tiruppur,8096449171
P09122,Swathi Singh,68,Female,A+,Salem,9546911883
P09123,Ashwin Iyer,56,Male,O+,Salem,7058655753
P09124,Vivek Reddy,41,Male,B+,Vellore,6920452227
P09125,Harini Gupta,20,Female,O+,Erode,7426642521
P09126,Lakshmi Patel,54,Female,O+,Tiruvallur,7896882943
P09127,Ananya Kumar,73,Female,A+,Thanjavur,7873863825
P09128,Aditya Sharma,59,Male,A+,Hosur,7897573123
P09129,Naveen Menon,53,Male,A+,Salem,7906849210
P09130,Ashwin Patel,39,Male,O+,Trichy,8728535768
P09131,Rohan Mohan,43,Male,A+,Kanchipuram,9577930760
P09132,Prakash Patel,30,Male,B+,Vellore,9201610690
P09133,Ananya Patel,35,Female,A-,Thanjavur,9289566767
P09134,Harish Babu,47,Male,A-,Madurai,6599670162
P09135,Meera Nair,59,Female,A-,Tiruttani,7024469336
P09136,Neha Verma,34,Female,AB+,Dindigul,6543604063
P09137,Sneha Patel,75,Female,B+,Coimbatore,9255361231
P09138,Aditya Babu,19,Male,A+,Vellore,8836078433
P09139,Keerthana Mohan,55,Female,A+,Coimbatore,7687058654
P09140,Nithya Krishnan,23,Female,A+,Tirunelveli,6371304951
P09141,Suresh Reddy,62,Male,O-,Tirunelveli,8928708185
P09142,Rohan Sharma,53,Male,B+,Salem,9517782799
P09143,Sneha Krishnan,24,Female,O+,Kanchipuram,8769463352
P09144,Kavya Menon,22,Female,O+,Tirunelveli,7730748324
P09145,Swathi Iyer,51,Female,A+,Dindigul,8897023565
P09146,Vivek Patel,64,Male,A+,Thanjavur,9924455613
P09147,Rakesh Rao,35,Male,O+,Trichy,7160620127
P09148,Lakshmi Verma,5,Female,A+,Chennai,8874339570
P09149,Neha Kumar,55,Female,O+,Thanjavur,7691319115
P09150,Ganesh Reddy,29,Male,B+,Salem,6421473196
P09151,Divya Nair,6,Female,B+,Tiruttani,7736530569
P09152,Manoj Iyer,51,Male,B+,Dindigul,6666195280
P09153,Rakesh Menon,49,Male,O+,Hosur,7661469944
P09154,Sneha Babu,18,Female,A+,Tiruvallur,7367965408
P09155,Harini Sharma,37,Female,A+,Tiruvallur,7200846888
P09156,Aishwarya Sharma,53,Female,A-,Tiruvallur,9808238340
P09157,Pooja Krishnan,51,Female,O+,Salem,8303198376
P09158,Vivek Menon,21,Male,O+,Tiruppur,6845538199
P09159,Divya Raj,58,Female,AB+,Dindigul,9115796235
P09160,Rahul Iyer,33,Male,B+,Dindigul,6862459284
P09161,Keerthana Iyer,29,Female,O+,Salem,7614078672
P09162,Aishwarya Kumar,61,Female,A+,Chennai,9054110490
P09163,Prakash Babu,23,Male,O+,Tiruppur,8940012543
P09164,Divya Patel,8,Female,O+,Tiruttani,9977432647
P09165,Harini Iyer,76,Female,AB+,Dindigul,9055672746
P09166,Suresh Verma,6,Male,O+,Chennai,7966021275
P09167,Deepika Raj,16,Female,B+,Coimbatore,9002883540
P09168,Prakash Nair,40,Male,B+,Coimbatore,8324876681
P09169,Priya Kumar,34,Female,AB+,Thanjavur,9774634716
P09170,Pooja Reddy,46,Female,A+,Tiruttani,6228307637
P09171,Ananya Reddy,7,Female,O+,Vellore,7420116608
P09172,Suresh Iyer,37,Male,A+,Dindigul,8010017483
P09173,Rahul Gupta,59,Male,B+,Tiruttani,6189549318
P09174,Rahul Raj,7,Male,B+,Vellore,6862153552
P09175,Divya Reddy,39,Female,B+,Trichy,6133614391
P09176,Vivek Raj,50,Male,AB+,Thanjavur,7416084204
P09177,Manoj Kumar,60,Male,AB+,Kanchipuram,7259865417
P09178,Pooja Krishnan,9,Female,O+,Erode,6692913859
P09179,Ganesh Kumar,16,Male,B+,Tiruvallur,7309607328
P09180,Keerthana Gupta,69,Female,A+,Hosur,7329395303
P09181,Rahul Krishnan,11,Male,B+,Hosur,9009017150
P09182,Rohan Gupta,60,Male,A+,Erode,9060426676
P09183,Manoj Nair,4,Male,O-,Tiruvallur,9029234253
P09184,Karthik Menon,63,Male,A-,Tiruvallur,6616457015
P09185,Rakesh Patel,65,Male,A-,Chennai,6274614224
P09186,Aishwarya Mohan,28,Female,O+,Chennai,9977650775
P09187,Priya Reddy,51,Female,B+,Hosur,9051327948
P09188,Divya Verma,20,Female,O+,Chennai,6676618056
P09189,Rakesh Patel,44,Male,O+,Dindigul,6245809753
P09190,Suresh Raj,19,Male,O+,Tiruppur,6521510968
P09191,Harish Verma,81,Male,A+,Coimbatore,8764431653
P09192,Aditya Sharma,64,Male,O+,Vellore,6665600861
P09193,Rohan Reddy,65,Male,O+,Tiruttani,8743871793
P09194,Ananya Krishnan,30,Female,B+,Vellore,9050971749
P09195,Prakash Nair,8,Male,B+,Trichy,8049822835
P09196,Swathi Gupta,30,Female,A+,Kanchipuram,9408356981
P09197,Nithya Babu,47,Female,A+,Tiruppur,9882027534
P09198,Sneha Singh,34,Female,B+,Tirunelveli,6016910330
P09199,Keerthana Krishnan,32,Female,B+,Erode,9696978820
P09200,Rahul Kumar,55,Male,A+,Tiruvallur,7126354436
P09201,Harish Mohan,26,Male,A+,Trichy,9759217098
P09202,Divya Verma,32,Female,O+,Tiruvallur,7666282046
P09203,Rohan Reddy,63,Male,B+,Thanjavur,8929212533
P09204,Rahul Verma,40,Male,A+,Hosur,6545605569
P09205,Vikram Nair,17,Male,A+,Chennai,9734676828
P09206,Harini Gupta,68,Female,O+,Vellore,6318676335
P09207,Karthik Patel,54,Male,A+,Tiruttani,6872797833
P09208,Lakshmi Menon,76,Female,A+,Kanchipuram,8065769217
P09209,Ashwin Patel,37,Male,O+,Thanjavur,7362857078
P09210,Sneha Krishnan,16,Female,A+,Chennai,7395611302
P09211,Swathi Sharma,57,Female,AB+,Thanjavur,7201216956
P09212,Lakshmi Iyer,41,Female,A+,Tiruppur,8903789728
P09213,Harini Rao,51,Female,A+,Trichy,8197666294
P09214,Rakesh Verma,30,Male,O+,Thanjavur,8024563273
P09215,Aditya Reddy,58,Male,A+,Coimbatore,7854409779
P09216,Swathi Mohan,11,Female,O+,Thanjavur,8046349750
P09217,Vivek Sharma,18,Male,A+,Coimbatore,8049956400
P09218,Harini Kumar,27,Female,O+,Hosur,9225243382
P09219,Sneha Kumar,34,Female,AB+,Tiruttani,6339123894
P09220,Rohan Kumar,22,Male,O+,Erode,9596015935
P09221,Pooja Gupta,21,Female,B+,Tirunelveli,9806173307
P09222,Arjun Singh,44,Male,A-,Tiruppur,7412230394
P09223,Nithya Kumar,32,Female,B+,Hosur,7955872011
P09224,Arjun Patel,17,Male,O+,Tiruppur,6468926280
P09225,Ashwin Patel,38,Male,O+,Coimbatore,7755845983
P09226,Lakshmi Rao,22,Female,B+,Chennai,6498500936
P09227,Ananya Babu,52,Female,O+,Coimbatore,6152366436
P09228,Naveen Mohan,43,Male,AB+,Chennai,8340333242
P09229,Divya Menon,58,Female,O+,Thanjavur,8579533517
P09230,Naveen Singh,57,Male,O+,Vellore,8042215669
P09231,Swathi Nair,29,Female,O+,Coimbatore,8915987315
P09232,Arjun Mohan,65,Male,O+,Salem,8557251589
P09233,Rakesh Nair,71,Male,A+,Kanchipuram,6268041001
P09234,Divya Babu,49,Female,A+,Tiruvallur,9505516003
P09235,Sneha Krishnan,21,Female,O+,Erode,6289006721
P09236,Keerthana Singh,71,Female,B+,Tiruppur,9702993979
P09237,Vikram Gupta,42,Male,O-,Tiruppur,9577472399
P09238,Ashwin Mohan,39,Male,O+,Tirunelveli,6901892926
P09239,Aishwarya Iyer,44,Female,O+,Tiruttani,7985902367
P09240,Lakshmi Raj,56,Female,O+,Salem,8355233001
P09241,Harish Singh,13,Male,A+,Vellore,6337037550
P09242,Manoj Rao,53,Male,A+,Trichy,6825184140
P09243,Kavya Raj,53,Female,B+,Madurai,6816066625
P09244,Prakash Reddy,30,Male,B+,Salem,9483103129
P09245,Harini Iyer,5,Female,A+,Salem,7539738460
P09246,Harini Gupta,38,Female,A+,Trichy,7747945993
P09247,Harini Verma,71,Female,O+,Dindigul,7931413962
P09248,Harish Singh,48,Male,A+,Trichy,6231960188
P09249,Prakash Verma,52,Male,AB+,Kanchipuram,6401140930
P09250,Ganesh Mohan,1,Male,A+,Tirunelveli,9327790489
P09251,Ananya Babu,13,Female,O+,Tiruppur,6777920175
P09252,Manoj Iyer,31,Male,A+,Kanchipuram,8165065375
P09253,Priya Babu,74,Female,O+,Tiruttani,6131372590
P09254,Aditya Patel,24,Male,A+,Erode,9856107895
P09255,Rahul Rao,90,Male,A-,Tiruvallur,7829463754
P09256,Divya Nair,28,Female,B+,Tiruppur,7741590911
P09257,Rakesh Sharma,44,Male,A+,Tirunelveli,9489801285
P09258,Arjun Iyer,14,Male,B-,Dindigul,8709123635
P09259,Ganesh Nair,35,Male,B+,Vellore,7646774922
P09260,Rahul Iyer,28,Male,B+,Coimbatore,9379384921
P09261,Vivek Iyer,51,Male,A+,Trichy,9785699892
P09262,Neha Nair,2,Female,A+,Salem,7841273654
P09263,Kavya Babu,58,Female,O+,Tiruppur,9682054362
P09264,Rohan Rao,27,Male,O+,Tiruttani,9138630065
P09265,Harish Raj,20,Male,B+,Hosur,7372492851
P09266,Rahul Nair,48,Male,O+,Kanchipuram,9236163406
P09267,Harini Sharma,29,Female,B+,Dindigul,8145990498
P09268,Prakash Raj,54,Male,A+,Coimbatore,6323247648
P09269,Divya Patel,40,Female,B+,Kanchipuram,6397632875
P09270,Vikram Raj,26,Male,B-,Kanchipuram,6561155702
P09271,Suresh Sharma,38,Male,O+,Vellore,7398794568
P09272,Deepika Babu,26,Female,B+,Tiruppur,7332115714
P09273,Nithya Kumar,52,Female,O+,Trichy,8135928715
P09274,Pooja Iyer,49,Female,B-,Tirunelveli,9897095719
P09275,Prakash Mohan,34,Male,AB+,Hosur,6080051464
P09276,Ganesh Menon,1,Male,O+,Vellore,9100015314
P09277,Suresh Sharma,10,Male,O+,Erode,8929169357
P09278,Deepika Babu,90,Female,A+,Dindigul,8428230324
P09279,Pooja Menon,50,Female,O+,Tiruttani,8393120897
P09280,Ganesh Iyer,40,Male,B+,Erode,9517256051
P09281,Aishwarya Singh,28,Female,O+,Trichy,8955972917
P09282,Vikram Krishnan,45,Male,A+,Dindigul,7168997668
P09283,Suresh Krishnan,36,Male,O+,Trichy,8714471316
P09284,Divya Verma,21,Female,A+,Thanjavur,6524342328
P09285,Rohan Nair,51,Male,O+,Tirunelveli,8417878486
P09286,Prakash Verma,34,Male,O+,Tiruppur,7553075927
P09287,Deepika Raj,26,Female,B+,Erode,9915821445
P09288,Rakesh Sharma,13,Male,B+,Erode,8573827571
P09289,Sneha Rao,19,Female,B+,Kanchipuram,9555822925
P09290,Arjun Patel,50,Male,A+,Tiruppur,9176939150
P09291,Lakshmi Babu,65,Female,B+,Vellore,8394996575
P09292,Nithya Patel,39,Female,AB+,Tiruvallur,8922012233
P09293,Meera Singh,27,Female,B+,Erode,7906804805
P09294,Arjun Singh,33,Male,O+,Thanjavur,9193338180
P09295,Harini Mohan,87,Female,O-,Madurai,7681315083
P09296,Deepika Krishnan,52,Female,O-,Tiruppur,7967240166
P09297,Pooja Menon,20,Female,A+,Tiruttani,6473448049
P09298,Aishwarya Reddy,65,Female,A+,Vellore,8548780216
P09299,Kavya Raj,8,Female,B+,Chennai,7475023309
P09300,Naveen Raj,61,Male,A+,Trichy,6884197364
P09301,Pooja Nair,70,Female,B+,Tiruttani,6732058157
P09302,Naveen Patel,72,Male,A+,Tirunelveli,8244924438
P09303,Suresh Babu,32,Male,A+,Salem,8689337891
P09304,Ganesh Menon,27,Male,O+,Madurai,6209370164
P09305,Ashwin Kumar,48,Male,O+,Kanchipuram,8741792513
P09306,Rakesh Singh,40,Male,A+,Chennai,7866900213
P09307,Karthik Nair,12,Male,A+,Hosur,7215872457
P09308,Arjun Iyer,41,Male,O+,Salem,7016549092
P09309,Rakesh Gupta,50,Male,O+,Thanjavur,9526647629
P09310,Lakshmi Raj,6,Female,O+,Hosur,7856920308
P09311,Ganesh Menon,26,Male,O+,Thanjavur,6258782667
P09312,Sneha Iyer,18,Female,B-,Dindigul,7474749097
P09313,Priya Patel,48,Female,O+,Erode,8519991386
P09314,Kavya Nair,49,Female,AB+,Vellore,8808590419
P09315,Divya Raj,32,Female,A+,Tiruttani,6180186071
P09316,Ashwin Rao,30,Male,O+,Tiruppur,6229757962
P09317,Ganesh Menon,37,Male,B+,Tiruvallur,8998564191
P09318,Vikram Gupta,17,Male,O+,Erode,6042398991
P09319,Meera Raj,13,Female,A+,Vellore,7515658438
P09320,Ananya Kumar,35,Female,A-,Chennai,6674599902
P09321,Priya Verma,23,Female,O-,Tirunelveli,8259263497
P09322,Rohan Patel,52,Male,O+,Tiruvallur,7180761779
P09323,Neha Krishnan,1,Female,O+,Tiruttani,8226649798
P09324,Keerthana Babu,30,Female,O+,Vellore,6456001558
P09325,Rohan Patel,26,Male,O+,Kanchipuram,9669969578
P09326,Rakesh Gupta,32,Male,O+,Kanchipuram,9685388280
P09327,Rahul Menon,19,Male,A+,Thanjavur,7883763672
P09328,Ganesh Patel,20,Male,O+,Dindigul,8110770139
P09329,Arjun Sharma,17,Male,O-,Thanjavur,8484602382
P09330,Divya Reddy,53,Female,AB+,Erode,6900555537
P09331,Neha Krishnan,39,Female,A+,Kanchipuram,8056882168
P09332,Manoj Rao,11,Male,O+,Tirunelveli,7810167822
P09333,Manoj Gupta,40,Male,O+,Tiruttani,6436651225
P09334,Aditya Singh,35,Male,O+,Tiruppur,8444213671
P09335,Priya Sharma,33,Female,AB+,Tirunelveli,6609683901
P09336,Deepika Nair,46,Female,A+,Erode,8903203743
P09337,Harini Iyer,42,Female,O+,Salem,6678722977
P09338,Ananya Rao,18,Female,O+,Thanjavur,7395870998
P09339,Arjun Mohan,65,Male,A-,Kanchipuram,6128094551
P09340,Sneha Iyer,41,Female,B+,Chennai,7452532848
P09341,Lakshmi Babu,53,Female,B+,Kanchipuram,7743824525
P09342,Harish Nair,6,Male,A+,Kanchipuram,8881221552
P09343,Lakshmi Iyer,28,Female,A+,Vellore,6915959184
P09344,Manoj Rao,40,Male,O+,Vellore,7928636043
P09345,Suresh Nair,33,Male,A+,Kanchipuram,9486627177
P09346,Harini Verma,9,Female,O+,Tirunelveli,7423777937
P09347,Ananya Menon,42,Female,B+,Madurai,8350424248
P09348,Harish Patel,2,Male,O+,Kanchipuram,7449529349
P09349,Harini Mohan,42,Female,O+,Tiruvallur,9141340061
P09350,Aditya Mohan,39,Male,A+,Tiruvallur,9751062857
P09351,Keerthana Nair,36,Female,B+,Chennai,7325260233
P09352,Sneha Iyer,51,Female,O+,Chennai,6753546203
P09353,Rahul Krishnan,46,Male,B+,Coimbatore,6669695764
P09354,Keerthana Raj,26,Female,AB+,Dindigul,8510563254
P09355,Prakash Iyer,22,Male,O+,Hosur,7131084573
P09356,Prakash Singh,25,Male,AB+,Coimbatore,9866121209
P09357,Aishwarya Singh,50,Female,O+,Chennai,7994089797
P09358,Kavya Nair,46,Female,B+,Coimbatore,8168183266
P09359,Deepika Patel,55,Female,A+,Kanchipuram,6023865372
P09360,Rakesh Sharma,55,Male,O+,Tiruvallur,6394542986
P09361,Neha Singh,80,Female,A+,Tiruppur,6496557655
P09362,Rohan Sharma,64,Male,B+,Coimbatore,8243853500
P09363,Kavya Menon,38,Female,B+,Thanjavur,8417460976
P09364,Meera Verma,6,Female,O+,Vellore,6619410147
P09365,Karthik Babu,24,Male,B+,Dindigul,9182634363
P09366,Manoj Singh,43,Male,A+,Tiruvallur,9437367918
P09367,Rakesh Sharma,1,Male,O+,Hosur,7848847796
P09368,Rakesh Raj,44,Male,O+,Erode,7878618154
P09369,Meera Babu,22,Female,O+,Hosur,7884760799
P09370,Vivek Mohan,57,Male,A+,Thanjavur,7683336828
P09371,Priya Sharma,1,Female,O+,Tiruvallur,8474141891
P09372,Vivek Rao,52,Male,A+,Salem,9621933596
P09373,Ganesh Nair,6,Male,O+,Tirunelveli,8984925221
P09374,Suresh Babu,9,Male,B+,Trichy,8067004005
P09375,Ashwin Verma,40,Male,B-,Thanjavur,6785875334
P09376,Deepika Verma,80,Female,B+,Dindigul,9479809836
P09377,Arjun Krishnan,65,Male,AB+,Tiruppur,8047647458
P09378,Ashwin Verma,18,Male,A+,Tiruppur,8732747461
P09379,Arjun Mohan,3,Male,O+,Salem,7678950028
P09380,Vikram Iyer,56,Male,O+,Kanchipuram,9642567360
P09381,Vikram Patel,53,Male,O-,Dindigul,8060415002
P09382,Ananya Iyer,26,Female,O+,Thanjavur,9191360812
P09383,Sneha Nair,23,Female,O+,Tirunelveli,6738225305
P09384,Divya Reddy,55,Female,O+,Tiruvallur,7840473731
P09385,Deepika Singh,11,Female,AB+,Salem,9118030580
P09386,Vikram Gupta,31,Male,O+,Dindigul,6035682559
P09387,Harish Rao,36,Male,O+,Kanchipuram,8337716437
P09388,Ananya Iyer,50,Female,B-,Chennai,9395384864
P09389,Arjun Reddy,46,Male,A+,Madurai,9348250406
P09390,Harini Babu,35,Female,O+,Tiruvallur,6008237333
P09391,Arjun Kumar,71,Male,B+,Hosur,6817424963
P09392,Vikram Babu,16,Male,O-,Kanchipuram,7223499367
P09393,Naveen Verma,37,Male,A+,Tirunelveli,7725294266
P09394,Suresh Rao,3,Male,O+,Chennai,8159708820
P09395,Vivek Rao,66,Male,A+,Dindigul,6312590828
P09396,Ganesh Kumar,39,Male,O+,Tirunelveli,6300782734
P09397,Ashwin Sharma,15,Male,AB+,Madurai,6150743281
P09398,Arjun Verma,26,Male,B+,Madurai,6247395231
P09399,Nithya Nair,69,Female,O+,Tiruttani,6917866337
P09400,Deepika Reddy,3,Female,O+,Madurai,7919349784
P09401,Neha Kumar,58,Female,O+,Erode,6850478078
P09402,Arjun Gupta,38,Male,O+,Tiruppur,7166090883
P09403,Nithya Sharma,9,Female,O+,Tirunelveli,8503483914
P09404,Suresh Iyer,46,Male,O+,Chennai,7267804041
P09405,Karthik Babu,22,Male,B+,Tirunelveli,9939731447
P09406,Aditya Kumar,38,Male,O+,Tiruppur,8985108076
P09407,Meera Verma,34,Female,A+,Tirunelveli,8935931855
P09408,Karthik Babu,89,Male,O+,Tiruppur,6233757542
P09409,Naveen Raj,3,Male,A+,Thanjavur,6831983335
P09410,Prakash Gupta,33,Male,O+,Hosur,7337690386
P09411,Keerthana Kumar,55,Female,A+,Salem,8864043178
P09412,Ashwin Reddy,4,Male,A+,Erode,6946095673
P09413,Sneha Babu,36,Female,O+,Dindigul,9254308316
P09414,Priya Gupta,75,Female,O+,Hosur,6481491359
P09415,Ashwin Mohan,19,Male,O-,Coimbatore,7114379457
P09416,Ashwin Raj,13,Male,B+,Coimbatore,9343775716
P09417,Aishwarya Krishnan,30,Female,O+,Thanjavur,7987643070
P09418,Ananya Sharma,46,Female,O+,Trichy,9465754921
P09419,Aditya Patel,33,Male,B+,Tiruppur,7619213175
P09420,Ashwin Verma,2,Male,A+,Madurai,8510750860
P09421,Divya Raj,43,Female,A+,Tirunelveli,9283989185
P09422,Karthik Menon,34,Male,A+,Salem,9305035996
P09423,Priya Krishnan,27,Female,O+,Erode,7495854896
P09424,Rahul Nair,26,Male,A+,Tiruppur,9646666301
P09425,Aditya Rao,24,Male,O+,Madurai,7456938854
P09426,Keerthana Nair,86,Female,AB+,Coimbatore,7255492301
P09427,Rohan Patel,37,Male,B+,Tiruppur,7788684472
P09428,Vivek Gupta,41,Male,AB+,Tirunelveli,6215692215
P09429,Keerthana Krishnan,42,Female,B+,Salem,6025402901
P09430,Neha Patel,50,Female,A+,Thanjavur,9942278782
P09431,Arjun Raj,4,Male,B+,Vellore,8146181077
P09432,Aishwarya Rao,17,Female,O+,Dindigul,9365461836
P09433,Vivek Singh,41,Male,B+,Trichy,7639516626
P09434,Sneha Iyer,56,Female,B+,Vellore,9646033387
P09435,Ashwin Babu,34,Male,A+,Tiruvallur,9650777816
P09436,Vikram Mohan,17,Male,A+,Madurai,7628596343
P09437,Arjun Verma,40,Male,O+,Vellore,8272256992
P09438,Manoj Raj,45,Male,O-,Madurai,6785900125
P09439,Harish Singh,80,Male,B+,Tirunelveli,8067710201
P09440,Harish Gupta,25,Male,B+,Tiruttani,9606929851
P09441,Divya Reddy,32,Female,A+,Tiruppur,6073706852
P09442,Divya Nair,28,Female,O+,Tirunelveli,9299910880
P09443,Lakshmi Babu,64,Female,A+,Tirunelveli,7022351340
P09444,Arjun Nair,52,Male,O+,Kanchipuram,6112565865
P09445,Aishwarya Sharma,61,Female,O+,Tiruvallur,7266805065
P09446,Priya Nair,7,Female,B-,Madurai,8815055779
P09447,Priya Verma,60,Female,O+,Kanchipuram,9702747441
P09448,Aditya Menon,17,Male,A-,Tirunelveli,8192859514
P09449,Swathi Rao,1,Female,O+,Coimbatore,9383032246
P09450,Deepika Nair,62,Female,A+,Vellore,9911780694
P09451,Divya Gupta,42,Female,A+,Madurai,7834610434
P09452,Ananya Babu,38,Female,A+,Erode,8326186986
P09453,Keerthana Reddy,77,Female,B-,Chennai,7030682812
P09454,Neha Reddy,35,Female,O+,Coimbatore,6185464394
P09455,Naveen Patel,50,Male,B+,Tiruttani,6311964880
P09456,Aditya Patel,42,Male,O+,Tiruppur,6062230313
P09457,Vikram Kumar,29,Male,B+,Tiruvallur,9128873471
P09458,Harish Mohan,37,Male,A+,Salem,9009360965
P09459,Aditya Raj,17,Male,O+,Erode,8018495077
P09460,Priya Reddy,55,Female,AB+,Dindigul,6914844540
P09461,Vivek Mohan,55,Male,O+,Kanchipuram,9019249210
P09462,Ganesh Gupta,26,Male,B+,Dindigul,6556333871
P09463,Rahul Patel,30,Male,O+,Hosur,6482020830
P09464,Deepika Raj,35,Female,B+,Hosur,9817575308
P09465,Ganesh Gupta,48,Male,AB+,Tiruttani,6537763142
P09466,Divya Rao,43,Female,O+,Kanchipuram,8261213341
P09467,Manoj Reddy,22,Male,B-,Thanjavur,7565160732
P09468,Ananya Reddy,11,Female,A+,Tirunelveli,6742390441
P09469,Ganesh Babu,25,Male,AB+,Chennai,6853185385
P09470,Pooja Krishnan,10,Female,B+,Hosur,6465496273
P09471,Naveen Nair,69,Male,B+,Trichy,8709744662
P09472,Nithya Gupta,29,Female,A-,Tiruvallur,7458137344
P09473,Pooja Iyer,37,Female,A+,Hosur,9505733807
P09474,Rohan Krishnan,33,Male,A+,Tiruppur,7431599589
P09475,Lakshmi Krishnan,80,Female,B-,Dindigul,9103621036
P09476,Priya Raj,37,Female,B+,Erode,8576493110
P09477,Sneha Babu,18,Female,B+,Tiruppur,8844993971
P09478,Ashwin Babu,60,Male,B+,Erode,9652473583
P09479,Karthik Nair,54,Male,O+,Tiruppur,6102281834
P09480,Ashwin Sharma,24,Male,B+,Thanjavur,8751879323
P09481,Vivek Verma,47,Male,O+,Erode,9071898424
P09482,Lakshmi Iyer,9,Female,B+,Thanjavur,9214278817
P09483,Karthik Babu,60,Male,O+,Erode,6181966799
P09484,Manoj Krishnan,65,Male,O+,Dindigul,8839506350
P09485,Aditya Mohan,76,Male,A+,Kanchipuram,7883250520
P09486,Naveen Patel,18,Male,AB-,Hosur,8449028409
P09487,Lakshmi Menon,51,Female,O+,Madurai,6783203427
P09488,Harish Patel,36,Male,O+,Trichy,9166800365
P09489,Aditya Rao,37,Male,A+,Trichy,9449734161
P09490,Naveen Reddy,63,Male,A+,Hosur,6310883968
P09491,Naveen Raj,43,Male,B+,Tirunelveli,6920670974
P09492,Sneha Sharma,48,Female,O-,Chennai,6729142863
P09493,Lakshmi Raj,23,Female,B+,Trichy,6176472502
P09494,Vivek Reddy,21,Male,AB+,Salem,9510808722
P09495,Nithya Gupta,52,Female,B+,Vellore,7446466457
P09496,Arjun Krishnan,66,Male,A+,Dindigul,8057728477
P09497,Meera Babu,40,Female,A+,Erode,7060415491
P09498,Vikram Krishnan,45,Male,A+,Madurai,9550399524
P09499,Naveen Babu,64,Male,O+,Madurai,6080214718
P09500,Nithya Gupta,45,Female,AB+,Trichy,7196716510
P09501,Vikram Singh,62,Male,B+,Madurai,9553376727
P09502,Aditya Gupta,26,Male,O+,Thanjavur,8032324359
P09503,Lakshmi Reddy,40,Female,O+,Thanjavur,7057488966
P09504,Vikram Iyer,17,Male,A+,Erode,9389408593
P09505,Ganesh Krishnan,39,Male,O+,Madurai,7609145873
P09506,Swathi Mohan,29,Female,B+,Tiruttani,7761804187
P09507,Nithya Kumar,47,Female,B+,Hosur,8289514104
P09508,Ashwin Menon,38,Male,A-,Hosur,9210637176
P09509,Harish Babu,79,Male,A+,Dindigul,8136386269
P09510,Ashwin Babu,41,Male,A+,Tiruttani,9834766740
P09511,Aishwarya Rao,2,Female,O+,Tiruppur,8632254945
P09512,Vikram Patel,15,Male,AB+,Vellore,6352089037
P09513,Neha Mohan,7,Female,A+,Salem,8085766493
P09514,Harish Nair,51,Male,B+,Thanjavur,6374537932
P09515,Deepika Verma,19,Female,A+,Tirunelveli,8977750466
P09516,Swathi Gupta,44,Female,O+,Coimbatore,6550935600
P09517,Vikram Kumar,45,Male,A+,Tiruvallur,9937287650
P09518,Rakesh Raj,62,Male,A+,Coimbatore,7523283849
P09519,Ashwin Raj,36,Male,O+,Salem,9236721667
P09520,Rohan Sharma,55,Male,AB-,Dindigul,9250543567
P09521,Deepika Reddy,64,Female,A+,Vellore,7723430214
P09522,Harish Iyer,13,Male,A+,Tiruppur,6610906967
P09523,Rahul Krishnan,17,Male,B+,Thanjavur,7562841672
P09524,Ashwin Nair,40,Male,O+,Tiruppur,8194752029
P09525,Arjun Verma,2,Male,A+,Coimbatore,6782723882
P09526,Manoj Sharma,74,Male,AB+,Thanjavur,6935168520
P09527,Rohan Singh,55,Male,A+,Tirunelveli,8812263115
P09528,Deepika Mohan,33,Female,O+,Kanchipuram,7529641713
P09529,Ananya Nair,27,Female,A+,Tiruttani,8531338123
P09530,Meera Sharma,57,Female,B-,Coimbatore,8940891262
P09531,Ananya Krishnan,23,Female,O+,Trichy,9119171827
P09532,Karthik Sharma,50,Male,O+,Salem,9010925893
P09533,Harini Kumar,56,Female,O+,Trichy,8787426077
P09534,Lakshmi Menon,43,Female,A+,Madurai,9453858309
P09535,Naveen Reddy,22,Male,B+,Tiruppur,8287369212
P09536,Prakash Reddy,64,Male,B+,Hosur,8407101663
P09537,Rakesh Gupta,35,Male,A+,Madurai,8203249826
P09538,Naveen Mohan,32,Male,A+,Coimbatore,9176752546
P09539,Nithya Patel,59,Female,A-,Salem,8548647759
P09540,Ananya Kumar,20,Female,A+,Kanchipuram,8807907120
P09541,Rahul Patel,85,Male,O+,Salem,9012666179
P09542,Vivek Gupta,59,Male,O+,Coimbatore,6121149276
P09543,Harini Menon,42,Female,O-,Salem,6943261810
P09544,Harish Reddy,33,Male,B+,Erode,7732615683
P09545,Arjun Babu,59,Male,B+,Tiruvallur,7466155715
P09546,Neha Mohan,32,Female,O+,Hosur,6649145464
P09547,Pooja Iyer,31,Female,A+,Vellore,7212708788
P09548,Deepika Verma,64,Female,O+,Dindigul,6586224189
P09549,Naveen Rao,36,Male,AB+,Tirunelveli,6463915990
P09550,Rakesh Mohan,58,Male,B+,Hosur,8343209678
P09551,Swathi Raj,35,Female,A+,Dindigul,9148030164
P09552,Kavya Iyer,41,Female,O+,Thanjavur,6142417001
P09553,Vivek Iyer,15,Male,O+,Erode,9546836748
P09554,Harini Verma,27,Female,A+,Madurai,7586438264
P09555,Aishwarya Babu,81,Female,A+,Chennai,8564166571
P09556,Aditya Babu,19,Male,AB+,Salem,7859760735
P09557,Harish Mohan,44,Male,A+,Vellore,9256873499
P09558,Vivek Nair,32,Male,O+,Chennai,9377468945
P09559,Naveen Krishnan,44,Male,O+,Madurai,9897281962
P09560,Ananya Raj,2,Female,A+,Tirunelveli,9418945030
P09561,Sneha Mohan,16,Female,A-,Tiruttani,9508227787
P09562,Ganesh Kumar,28,Male,B+,Coimbatore,9405336891
P09563,Priya Raj,34,Female,O+,Madurai,9178827038
P09564,Pooja Verma,51,Female,O+,Coimbatore,7707697911
P09565,Lakshmi Mohan,27,Female,O+,Trichy,7532088891
P09566,Manoj Raj,44,Male,O+,Vellore,6268700158
P09567,Aditya Mohan,86,Male,O+,Tirunelveli,8806202751
P09568,Arjun Raj,44,Male,AB+,Thanjavur,8416567002
P09569,Aditya Kumar,20,Male,B-,Tiruttani,8338318435
P09570,Vivek Singh,48,Male,O+,Tiruppur,6234082638
P09571,Harini Raj,15,Female,O+,Tiruttani,6214357243
P09572,Suresh Gupta,13,Male,O+,Salem,7531086992
P09573,Suresh Reddy,35,Male,A+,Coimbatore,9772596522
P09574,Manoj Menon,24,Male,O+,Vellore,9949000253
P09575,Pooja Verma,35,Female,O+,Kanchipuram,8285545697
P09576,Rakesh Menon,59,Male,A+,Coimbatore,8437069357
P09577,Manoj Reddy,32,Male,A+,Tiruttani,7220576732
P09578,Harini Patel,52,Female,B+,Kanchipuram,6579019182
P09579,Vikram Menon,11,Male,O+,Tiruttani,6768349872
P09580,Deepika Iyer,61,Female,B+,Hosur,8259635873
P09581,Rahul Verma,58,Male,O+,Tirunelveli,8205726303
P09582,Rakesh Rao,52,Male,A-,Dindigul,9175953233
P09583,Vivek Krishnan,18,Male,AB+,Thanjavur,6448178200
P09584,Deepika Sharma,31,Female,A+,Coimbatore,7938757810
P09585,Ananya Reddy,44,Female,O+,Madurai,9395907492
P09586,Lakshmi Iyer,68,Female,A+,Tiruppur,7856366788
P09587,Ananya Gupta,6,Female,AB+,Tiruvallur,8174876152
P09588,Prakash Iyer,14,Male,A+,Coimbatore,8264539350
P09589,Prakash Raj,8,Male,B+,Tirunelveli,6280540406
P09590,Divya Sharma,86,Female,O+,Chennai,9957623210
P09591,Deepika Nair,15,Female,A+,Madurai,8567308409
P09592,Aishwarya Babu,48,Female,B+,Coimbatore,9697080990
P09593,Manoj Iyer,60,Male,B-,Tiruppur,8529015629
P09594,Naveen Kumar,2,Male,A+,Chennai,7179891230
P09595,Vikram Kumar,26,Male,A+,Salem,7493087450
P09596,Sneha Kumar,40,Female,O+,Trichy,9980944261
P09597,Meera Sharma,16,Female,O+,Erode,7778380188
P09598,Neha Iyer,62,Female,O-,Hosur,6032568374
P09599,Lakshmi Gupta,25,Female,A+,Vellore,8427225890
P09600,Karthik Reddy,83,Male,O+,Chennai,7768161901
P09601,Meera Nair,34,Female,A+,Erode,7821781051
P09602,Swathi Menon,51,Female,O-,Chennai,7670427688
P09603,Prakash Reddy,27,Male,B+,Thanjavur,8803088004
P09604,Sneha Reddy,45,Female,O-,Erode,7341189827
P09605,Suresh Sharma,27,Male,B+,Thanjavur,9619085802
P09606,Priya Iyer,25,Female,A-,Tiruttani,7705219476
P09607,Vikram Reddy,82,Male,B+,Coimbatore,9757499036
P09608,Suresh Babu,16,Male,B+,Salem,9377497396
P09609,Neha Sharma,10,Female,A+,Tiruvallur,9919155353
P09610,Prakash Babu,55,Male,O+,Salem,7962804717
P09611,Vikram Menon,13,Male,O+,Dindigul,7382978229
P09612,Manoj Rao,28,Male,O+,Dindigul,7943746436
P09613,Keerthana Rao,57,Female,A+,Trichy,7990511713
P09614,Aditya Menon,31,Male,AB+,Salem,8886597953
P09615,Vikram Iyer,41,Male,AB-,Coimbatore,7715496213
P09616,Aditya Krishnan,34,Male,A+,Salem,7853679289
P09617,Naveen Raj,84,Male,O+,Dindigul,9470935454
P09618,Naveen Rao,32,Male,O+,Hosur,7747214770
P09619,Nithya Babu,46,Female,B+,Erode,9616881483
P09620,Aditya Krishnan,28,Male,B-,Tiruppur,8052239352
P09621,Vivek Raj,19,Male,O+,Salem,9123949953
P09622,Rohan Sharma,68,Male,A+,Erode,9585851920
P09623,Rakesh Babu,80,Male,AB+,Hosur,6233841735
P09624,Kavya Patel,80,Female,O+,Chennai,9155619456
P09625,Harini Verma,41,Female,B+,Kanchipuram,6068930073
P09626,Keerthana Mohan,24,Female,O+,Salem,9280482420
P09627,Rahul Babu,41,Male,A+,Trichy,7751521959
P09628,Keerthana Menon,36,Female,O+,Chennai,9606287886
P09629,Lakshmi Patel,40,Female,AB+,Tiruppur,8431220073
P09630,Vivek Babu,62,Male,B+,Thanjavur,9506767857
P09631,Naveen Menon,47,Male,A+,Madurai,6564433072
P09632,Swathi Singh,73,Female,B+,Tiruppur,7605210217
P09633,Keerthana Nair,27,Female,B+,Erode,6673981778
P09634,Suresh Gupta,59,Male,A+,Hosur,9696187594
P09635,Meera Patel,52,Female,B+,Thanjavur,9366381087
P09636,Deepika Verma,22,Female,B+,Kanchipuram,7815217600
P09637,Aditya Gupta,27,Male,B+,Chennai,7640239289
P09638,Manoj Gupta,17,Male,A+,Tirunelveli,6647655383
P09639,Karthik Reddy,57,Male,B+,Tiruttani,7695231362
P09640,Suresh Verma,48,Male,A+,Thanjavur,8163880989
P09641,Rakesh Nair,29,Male,O+,Kanchipuram,6258308695
P09642,Meera Iyer,57,Female,O+,Salem,9546361890
P09643,Rohan Raj,36,Male,A+,Dindigul,9286329719
P09644,Naveen Patel,11,Male,O+,Vellore,6576249063
P09645,Keerthana Patel,45,Female,O+,Dindigul,9281906233
P09646,Harish Rao,53,Male,AB+,Tiruttani,6961749406
P09647,Keerthana Patel,30,Female,O+,Vellore,8973872090
P09648,Vivek Raj,13,Male,AB+,Tiruvallur,7436235641
P09649,Pooja Patel,17,Female,A+,Thanjavur,6846913804
P09650,Divya Krishnan,17,Female,A+,Erode,6744664355
P09651,Arjun Gupta,30,Male,AB+,Trichy,7846553617
P09652,Vikram Rao,50,Male,O+,Thanjavur,7435252158
P09653,Rohan Menon,11,Male,AB+,Dindigul,6759129747
P09654,Meera Verma,25,Female,A+,Tiruttani,7315808088
P09655,Ananya Krishnan,34,Female,A+,Trichy,6690251899
P09656,Arjun Raj,45,Male,A+,Trichy,7692258776
P09657,Nithya Rao,67,Female,O+,Salem,9502829071
P09658,Rahul Sharma,29,Male,O-,Chennai,6352319769
P09659,Kavya Mohan,86,Female,A+,Tiruttani,9978755515
P09660,Ananya Kumar,60,Female,A+,Tirunelveli,9239173760
P09661,Aishwarya Raj,54,Female,A+,Tiruppur,6407244880
P09662,Vivek Kumar,38,Male,B+,Erode,6183991043
P09663,Ganesh Verma,72,Male,O+,Tiruppur,6102283849
P09664,Naveen Patel,25,Male,O+,Trichy,7629968863
P09665,Pooja Sharma,16,Female,B+,Tiruttani,8345774774
P09666,Suresh Krishnan,67,Male,B-,Kanchipuram,6171912373
P09667,Naveen Nair,14,Male,O-,Chennai,7483122977
P09668,Rohan Babu,43,Male,AB+,Kanchipuram,6338999959
P09669,Deepika Iyer,82,Female,O+,Trichy,9134076109
P09670,Meera Gupta,15,Female,A+,Tiruppur,8063435330
P09671,Rakesh Kumar,79,Male,O-,Tirunelveli,9644508116
P09672,Vivek Patel,64,Male,A+,Erode,9814033441
P09673,Priya Raj,88,Female,O+,Erode,6367240353
P09674,Karthik Reddy,30,Male,B+,Thanjavur,9351203745
P09675,Manoj Menon,1,Male,A-,Tiruvallur,8949044575
P09676,Lakshmi Nair,15,Female,A+,Dindigul,6712855700
P09677,Sneha Babu,52,Female,O+,Hosur,9875163670
P09678,Manoj Mohan,38,Male,A+,Dindigul,7499497177
P09679,Arjun Menon,18,Male,O+,Trichy,8435613571
P09680,Nithya Krishnan,59,Female,O+,Chennai,9885197463
P09681,Priya Reddy,28,Female,AB+,Tiruttani,6607785005
P09682,Rakesh Mohan,54,Male,O+,Kanchipuram,6958253021
P09683,Pooja Singh,53,Female,O+,Trichy,7786556481
P09684,Swathi Singh,57,Female,B+,Trichy,9410983351
P09685,Nithya Kumar,12,Female,O+,Vellore,9467274293
P09686,Rahul Krishnan,14,Male,A+,Trichy,6808003146
P09687,Pooja Reddy,47,Female,O-,Kanchipuram,8956759243
P09688,Ashwin Sharma,70,Male,O+,Coimbatore,7637626508
P09689,Ananya Singh,1,Female,O+,Trichy,6819798005
P09690,Rakesh Krishnan,18,Male,B+,Dindigul,6462499952
P09691,Naveen Krishnan,7,Male,O-,Coimbatore,7675781489
P09692,Aditya Iyer,49,Male,A+,Dindigul,8773228096
P09693,Harini Reddy,13,Female,B+,Erode,9520781911
P09694,Meera Iyer,52,Female,A+,Dindigul,8154724926
P09695,Priya Gupta,19,Female,A-,Tiruvallur,8877639539
P09696,Rahul Raj,32,Male,O-,Vellore,8572033751
P09697,Lakshmi Sharma,47,Female,A+,Coimbatore,8421015044
P09698,Swathi Singh,57,Female,B+,Chennai,8588952251
P09699,Naveen Patel,12,Male,A+,Vellore,9220876431
P09700,Arjun Babu,26,Male,A+,Trichy,6353190956
P09701,Harini Babu,17,Female,O+,Erode,6564247633
P09702,Swathi Patel,50,Female,O+,Kanchipuram,6784225331
P09703,Divya Reddy,15,Female,A+,Tiruttani,9908465012
P09704,Keerthana Reddy,36,Female,B+,Erode,8965294232
P09705,Vivek Singh,61,Male,O+,Hosur,8549726077
P09706,Pooja Babu,56,Female,O+,Salem,7776065418
P09707,Prakash Nair,31,Male,O+,Chennai,8500445256
P09708,Swathi Menon,40,Female,B+,Chennai,7194985531
P09709,Karthik Nair,34,Male,O-,Tiruppur,6289415575
P09710,Lakshmi Gupta,21,Female,A-,Vellore,6809502685
P09711,Keerthana Krishnan,59,Female,B+,Hosur,7754965298
P09712,Naveen Gupta,30,Male,A+,Chennai,9025996727
P09713,Prakash Reddy,28,Male,O+,Trichy,6040464045
P09714,Swathi Gupta,24,Female,B+,Chennai,6071785141
P09715,Priya Babu,58,Female,O-,Coimbatore,6142548727
P09716,Vivek Krishnan,18,Male,O+,Thanjavur,6380697384
P09717,Harini Verma,6,Female,B+,Dindigul,7830637442
P09718,Lakshmi Singh,4,Female,A+,Salem,6715539049
P09719,Karthik Raj,50,Male,O+,Trichy,9621994773
P09720,Harini Menon,17,Female,A+,Trichy,9346319271
P09721,Manoj Raj,18,Male,A+,Vellore,8971323274
P09722,Keerthana Raj,38,Female,B+,Chennai,7131456775
P09723,Ashwin Kumar,15,Male,B+,Tiruvallur,6510625580
P09724,Manoj Raj,59,Male,O+,Tiruppur,8059111425
P09725,Deepika Nair,45,Female,B+,Tirunelveli,9027152090
P09726,Swathi Iyer,36,Female,O+,Tiruppur,9356846934
P09727,Rahul Reddy,40,Male,A+,Erode,7375030143
P09728,Rahul Krishnan,22,Male,A+,Chennai,9763570286
P09729,Vivek Krishnan,29,Male,B+,Kanchipuram,6789709070
P09730,Harish Sharma,40,Male,A+,Tirunelveli,9606145738
P09731,Aditya Gupta,72,Male,AB+,Erode,9750094266
P09732,Naveen Raj,36,Male,B+,Tiruttani,9699508230
P09733,Prakash Babu,36,Male,O+,Tirunelveli,8078293867
P09734,Prakash Verma,30,Male,A+,Coimbatore,7996863940
P09735,Naveen Singh,20,Male,O-,Trichy,6617508314
P09736,Sneha Babu,14,Female,A+,Dindigul,6775249981
P09737,Vikram Iyer,44,Male,B+,Trichy,8250972567
P09738,Aditya Rao,59,Male,O+,Coimbatore,6920745128
P09739,Neha Singh,16,Female,B+,Trichy,6565666392
P09740,Rakesh Krishnan,29,Male,A+,Erode,6611935997
P09741,Suresh Rao,14,Male,B+,Salem,8681533813
P09742,Arjun Gupta,43,Male,A+,Tirunelveli,7718937220
P09743,Arjun Babu,7,Male,O+,Chennai,8840816982
P09744,Priya Raj,57,Female,O-,Tirunelveli,7239459406
P09745,Prakash Sharma,44,Male,A+,Vellore,7578896792
P09746,Keerthana Nair,70,Female,B+,Tirunelveli,8671872046
P09747,Swathi Raj,22,Female,A+,Chennai,8964063016
P09748,Pooja Krishnan,21,Female,B+,Tiruttani,7469220966
P09749,Priya Verma,40,Female,O-,Tiruttani,8525133732
P09750,Prakash Menon,70,Male,O+,Madurai,6297682744
P09751,Ashwin Menon,50,Male,O+,Tiruvallur,7522359164
P09752,Ashwin Gupta,35,Male,B-,Kanchipuram,8167424848
P09753,Aishwarya Babu,23,Female,B+,Hosur,8128284783
P09754,Arjun Nair,52,Male,AB+,Salem,8719441708
P09755,Karthik Iyer,38,Male,O+,Coimbatore,6306505231
P09756,Vikram Mohan,20,Male,B+,Tiruvallur,8033283614
P09757,Vivek Gupta,51,Male,AB+,Hosur,7904382423
P09758,Sneha Iyer,45,Female,O+,Tiruttani,9049572363
P09759,Keerthana Mohan,61,Female,O+,Hosur,7702887228
P09760,Sneha Gupta,36,Female,B+,Madurai,6563353112
P09761,Naveen Babu,35,Male,A+,Tiruppur,7201690985
P09762,Vikram Kumar,43,Male,O+,Hosur,7849716183
P09763,Deepika Mohan,26,Female,O+,Hosur,6634531632
P09764,Prakash Sharma,56,Male,O+,Erode,8289745543
P09765,Priya Singh,30,Female,B-,Dindigul,6692517848
P09766,Sneha Krishnan,34,Female,A+,Chennai,8149709153
P09767,Ganesh Raj,21,Male,O+,Erode,8701012553
P09768,Nithya Mohan,85,Female,AB+,Hosur,6881600024
P09769,Ashwin Kumar,39,Male,AB-,Kanchipuram,9328902317
P09770,Harish Verma,11,Male,O+,Tiruvallur,6416958524
P09771,Nithya Kumar,21,Female,AB+,Erode,7118078586
P09772,Deepika Reddy,87,Female,A+,Thanjavur,6189613729
P09773,Aishwarya Kumar,46,Female,O+,Tirunelveli,8650356724
P09774,Meera Sharma,61,Female,O-,Coimbatore,9480458667
P09775,Harish Gupta,55,Male,O+,Tiruppur,6578254143
P09776,Swathi Gupta,83,Female,AB+,Vellore,8147218021
P09777,Harini Iyer,15,Female,A+,Coimbatore,8131386503
P09778,Harish Menon,59,Male,O+,Tirunelveli,8639966049
P09779,Vikram Verma,37,Male,A+,Dindigul,7911935098
P09780,Sneha Kumar,68,Female,A+,Tiruppur,9298200497
P09781,Arjun Raj,27,Male,O+,Kanchipuram,8656541681
P09782,Kavya Kumar,59,Female,O+,Vellore,7775380157
P09783,Ashwin Rao,28,Male,A+,Tiruvallur,9039068752
P09784,Divya Babu,41,Female,A+,Vellore,6465314007
P09785,Neha Singh,13,Female,O+,Coimbatore,7610532765
P09786,Swathi Singh,15,Female,A+,Kanchipuram,8510806327
P09787,Rahul Rao,32,Male,O-,Chennai,9363618820
P09788,Deepika Iyer,47,Female,O+,Dindigul,6762726038
P09789,Manoj Verma,73,Male,A+,Madurai,7321735186
P09790,Vivek Verma,19,Male,O+,Coimbatore,6394828007
P09791,Naveen Babu,62,Male,B+,Thanjavur,7873828875
P09792,Swathi Patel,57,Female,A+,Coimbatore,9072003717
P09793,Deepika Iyer,40,Female,AB+,Erode,6169104384
P09794,Sneha Menon,85,Female,A+,Madurai,9779129852
P09795,Rohan Gupta,54,Male,A+,Kanchipuram,8645776787
P09796,Harini Sharma,16,Female,O+,Kanchipuram,6389918766
P09797,Harini Sharma,6,Female,AB+,Tiruvallur,7947028155
P09798,Harish Rao,52,Male,A+,Tiruvallur,7485290080
P09799,Kavya Verma,19,Female,O+,Madurai,8567802890
P09800,Sneha Iyer,22,Female,A+,Thanjavur,6833071494
P09801,Priya Reddy,33,Female,O+,Madurai,6404000510
P09802,Pooja Krishnan,17,Female,O+,Tiruvallur,9716732167
P09803,Karthik Iyer,52,Male,AB+,Tiruttani,6381005777
P09804,Naveen Babu,37,Male,B+,Tirunelveli,7073665594
P09805,Prakash Gupta,37,Male,A+,Coimbatore,9187462670
P09806,Suresh Reddy,26,Male,O-,Madurai,9606224007
P09807,Ganesh Sharma,45,Male,A+,Salem,6918762674
P09808,Swathi Iyer,65,Female,O-,Vellore,9328622496
P09809,Vivek Sharma,22,Male,A+,Tiruttani,7774027192
P09810,Deepika Raj,52,Female,A+,Coimbatore,9555894388
P09811,Naveen Patel,49,Male,B+,Kanchipuram,8367051112
P09812,Harish Singh,28,Male,AB+,Chennai,9584240515
P09813,Manoj Mohan,39,Male,O+,Tiruvallur,7080979766
P09814,Rakesh Babu,31,Male,A+,Hosur,8392595367
P09815,Pooja Nair,73,Female,O+,Erode,6109486817
P09816,Harini Rao,30,Female,A+,Salem,8000228082
P09817,Suresh Patel,41,Male,B+,Tiruvallur,8221167884
P09818,Rohan Nair,85,Male,O+,Kanchipuram,8443243450
P09819,Arjun Krishnan,38,Male,O-,Dindigul,9380807892
P09820,Deepika Krishnan,41,Female,O+,Thanjavur,8678870135
P09821,Priya Nair,17,Female,O-,Chennai,7522699334
P09822,Naveen Krishnan,64,Male,O-,Hosur,9902254466
P09823,Pooja Raj,52,Female,O+,Erode,7564568942
P09824,Swathi Gupta,13,Female,A+,Kanchipuram,9823453219
P09825,Vivek Menon,42,Male,B+,Hosur,8947426771
P09826,Pooja Raj,41,Female,O+,Chennai,6742396423
P09827,Deepika Krishnan,90,Female,A+,Dindigul,9630056693
P09828,Nithya Gupta,36,Female,B+,Erode,8242148585
P09829,Rahul Verma,35,Male,A+,Salem,7060282230
P09830,Karthik Babu,25,Male,O+,Trichy,8084642415
P09831,Divya Gupta,57,Female,B+,Chennai,6138012307
P09832,Kavya Menon,27,Female,O+,Tiruppur,8391194949
P09833,Aditya Babu,44,Male,A+,Tiruttani,8002986919
P09834,Aditya Mohan,15,Male,AB+,Vellore,8286512386
P09835,Rahul Iyer,28,Male,AB-,Erode,6387524349
P09836,Ashwin Rao,34,Male,AB+,Tirunelveli,9355801280
P09837,Lakshmi Iyer,13,Female,A+,Dindigul,7694303919
P09838,Priya Krishnan,15,Female,O+,Tiruppur,8145014065
P09839,Arjun Sharma,41,Male,O+,Trichy,6327823269
P09840,Swathi Verma,33,Female,O+,Tirunelveli,8510505481
P09841,Manoj Raj,43,Male,O+,Tirunelveli,6418178106
P09842,Rakesh Nair,27,Male,O+,Madurai,8534725427
P09843,Manoj Menon,35,Male,A+,Thanjavur,9472487777
P09844,Harini Iyer,32,Female,A+,Tiruppur,8877988574
P09845,Rakesh Raj,41,Male,B+,Coimbatore,8709100495
P09846,Keerthana Mohan,36,Female,O+,Coimbatore,8126296806
P09847,Suresh Kumar,4,Male,AB+,Kanchipuram,6012792754
P09848,Harish Rao,54,Male,B+,Tiruppur,8763173704
P09849,Harini Nair,62,Female,O+,Salem,9587903504
P09850,Priya Raj,37,Female,B+,Dindigul,9070910938
P09851,Harini Iyer,14,Female,B+,Salem,9776497789
P09852,Meera Verma,31,Female,O-,Vellore,6748655985
P09853,Priya Menon,58,Female,B+,Tiruppur,9410203874
P09854,Swathi Iyer,6,Female,AB+,Tiruttani,8461196953
P09855,Harini Iyer,61,Female,O+,Kanchipuram,6200773083
P09856,Nithya Mohan,58,Female,B+,Erode,7502712852
P09857,Ananya Menon,18,Female,AB+,Madurai,9578769294
P09858,Naveen Krishnan,31,Male,B+,Trichy,7126950582
P09859,Meera Krishnan,33,Female,O+,Tiruppur,6983218749
P09860,Priya Nair,78,Female,A+,Thanjavur,9277384492
P09861,Nithya Raj,33,Female,O+,Vellore,8243058874
P09862,Nithya Krishnan,90,Female,A+,Dindigul,8964482486
P09863,Priya Nair,27,Female,B+,Tiruvallur,8270198432
P09864,Harini Nair,29,Female,B-,Chennai,8634560273
P09865,Ganesh Iyer,43,Male,B+,Vellore,9561882506
P09866,Nithya Reddy,43,Female,O+,Erode,6924122746
P09867,Rahul Iyer,23,Male,B+,Kanchipuram,7038155957
P09868,Ashwin Singh,54,Male,AB+,Chennai,7602155787
P09869,Meera Singh,7,Female,AB+,Salem,9325550138
P09870,Ashwin Singh,31,Male,B+,Tiruttani,9000718666
P09871,Harini Mohan,17,Female,O+,Madurai,7183382371
P09872,Suresh Verma,64,Male,B+,Tiruvallur,9648234261
P09873,Pooja Iyer,42,Female,B+,Chennai,8901593860
P09874,Pooja Singh,19,Female,B+,Salem,7139126908
P09875,Aditya Menon,63,Male,B+,Madurai,7492951154
P09876,Meera Gupta,54,Female,A+,Vellore,8506896591
P09877,Harini Patel,24,Female,AB+,Tirunelveli,9455398621
P09878,Harini Babu,52,Female,O+,Salem,6107931841
P09879,Kavya Reddy,56,Female,O+,Vellore,9199948465
P09880,Suresh Reddy,68,Male,O+,Vellore,8372622937
P09881,Manoj Menon,48,Male,O+,Dindigul,9723193945
P09882,Sneha Nair,14,Female,O+,Erode,9334370982
P09883,Meera Verma,31,Female,O+,Kanchipuram,7260114310
P09884,Ganesh Krishnan,25,Male,A-,Chennai,8973497914
P09885,Lakshmi Krishnan,37,Female,O+,Erode,6950160414
P09886,Priya Sharma,31,Female,B+,Dindigul,6212039355
P09887,Arjun Rao,14,Male,A+,Thanjavur,8621007994
P09888,Rakesh Rao,41,Male,A+,Kanchipuram,8237689004
P09889,Keerthana Raj,51,Female,B+,Thanjavur,8269633510
P09890,Aditya Krishnan,88,Male,O+,Dindigul,7520772971
P09891,Neha Rao,51,Female,B-,Tiruppur,7064469661
P09892,Pooja Nair,66,Female,B-,Dindigul,9086238898
P09893,Vivek Menon,42,Male,B+,Tiruppur,7149195257
P09894,Ganesh Krishnan,34,Male,B+,Tiruvallur,9082915573
P09895,Nithya Krishnan,28,Female,A+,Tiruttani,8728832277
P09896,Rahul Raj,60,Male,B+,Kanchipuram,6677964465
P09897,Priya Rao,27,Female,A+,Chennai,9331762004
P09898,Sneha Verma,72,Female,A+,Kanchipuram,7937969675
P09899,Priya Mohan,4,Female,O+,Coimbatore,8554476890
P09900,Sneha Raj,7,Female,O+,Tiruvallur,9391659530
P09901,Swathi Babu,33,Female,AB+,Madurai,6609735069
P09902,Rahul Iyer,14,Male,O+,Salem,7099043982
P09903,Aishwarya Sharma,15,Female,B-,Tiruttani,7923940282
P09904,Swathi Babu,41,Female,O+,Hosur,9168178658
P09905,Meera Babu,29,Female,O+,Thanjavur,8256579628
P09906,Divya Menon,19,Female,O+,Tiruttani,7477550862
P09907,Lakshmi Sharma,27,Female,O+,Erode,7021545030
P09908,Rakesh Raj,52,Male,O-,Tiruvallur,9971051086
P09909,Vikram Iyer,18,Male,A+,Erode,8801055444
P09910,Ananya Nair,74,Female,A+,Salem,8656080091
P09911,Ashwin Nair,19,Male,B+,Thanjavur,9369760254
P09912,Priya Menon,11,Female,O+,Tiruvallur,6777296371
P09913,Sneha Gupta,58,Female,B+,Madurai,7735184077
P09914,Manoj Singh,29,Male,O+,Tiruttani,7605763574
P09915,Rahul Raj,39,Male,A+,Dindigul,6596912394
P09916,Arjun Sharma,28,Male,O+,Tiruvallur,7866083704
P09917,Arjun Menon,6,Male,O-,Tirunelveli,9486298998
P09918,Deepika Mohan,29,Female,B+,Coimbatore,9766330161
P09919,Manoj Babu,45,Male,B+,Salem,7614561722
P09920,Prakash Singh,48,Male,B+,Dindigul,9889366847
P09921,Meera Mohan,86,Female,A+,Chennai,9222812998
P09922,Ashwin Raj,18,Male,A+,Hosur,6031236381
P09923,Prakash Babu,44,Male,O+,Kanchipuram,7913824883
P09924,Vivek Sharma,22,Male,AB+,Vellore,6614006796
P09925,Rohan Rao,33,Male,O+,Salem,8998088514
P09926,Sneha Nair,27,Female,B+,Kanchipuram,7837996547
P09927,Sneha Singh,17,Female,A+,Chennai,9687967455
P09928,Prakash Babu,61,Male,B+,Tiruttani,9527237242
P09929,Sneha Kumar,13,Female,A+,Hosur,7397613587
P09930,Rohan Krishnan,24,Male,O+,Madurai,6628265095
P09931,Ashwin Singh,28,Male,A+,Trichy,9790194148
P09932,Naveen Krishnan,10,Male,AB-,Vellore,6231107452
P09933,Ganesh Patel,37,Male,O+,Chennai,6679987855
P09934,Rakesh Iyer,65,Male,O+,Dindigul,8799365513
P09935,Lakshmi Krishnan,40,Female,AB+,Tiruvallur,6750241851
P09936,Naveen Rao,3,Male,A+,Chennai,9532657459
P09937,Aditya Verma,36,Male,B+,Kanchipuram,9623432177
P09938,Sneha Raj,36,Female,B+,Vellore,7687486803
P09939,Nithya Patel,5,Female,B+,Thanjavur,6336776996
P09940,Vikram Babu,55,Male,A+,Madurai,9792601572
P09941,Vikram Gupta,29,Male,O+,Hosur,7011512016
P09942,Pooja Sharma,17,Female,B+,Tiruppur,9506407415
P09943,Divya Menon,44,Female,A-,Tiruvallur,8510171012
P09944,Rohan Reddy,14,Male,O+,Dindigul,9145692764
P09945,Rakesh Kumar,59,Male,O+,Chennai,7095761065
P09946,Manoj Patel,60,Male,B+,Chennai,8673033364
P09947,Suresh Raj,44,Male,O+,Dindigul,8835806049
P09948,Rohan Reddy,24,Male,B-,Salem,6784031755
P09949,Manoj Raj,32,Male,O-,Tirunelveli,8189840504
P09950,Suresh Patel,8,Male,AB+,Tiruttani,7902448434
P09951,Deepika Krishnan,38,Female,A+,Chennai,7939940967
P09952,Suresh Verma,37,Male,O-,Tiruppur,8588487507
P09953,Manoj Raj,59,Male,O+,Tiruttani,8594548946
P09954,Nithya Kumar,77,Female,A+,Kanchipuram,6171733676
P09955,Kavya Nair,70,Female,O+,Hosur,7335774539
P09956,Pooja Rao,55,Female,O-,Erode,8190914135
P09957,Aditya Mohan,40,Male,B+,Kanchipuram,9916056194
P09958,Aishwarya Gupta,27,Female,AB+,Tiruppur,9580935853
P09959,Aditya Sharma,60,Male,B+,Thanjavur,8157759810
P09960,Deepika Rao,40,Female,B+,Kanchipuram,6085289637
P09961,Pooja Menon,19,Female,A+,Coimbatore,6254543606
P09962,Vivek Sharma,88,Male,B+,Thanjavur,8755206843
P09963,Divya Sharma,29,Female,AB+,Tiruppur,8725592239
P09964,Meera Patel,20,Female,O+,Coimbatore,6656870403
P09965,Aditya Raj,26,Male,O-,Madurai,9820576007
P09966,Priya Kumar,31,Female,A+,Tirunelveli,8232600878
P09967,Arjun Babu,39,Male,B+,Trichy,6324449990
P09968,Meera Iyer,60,Female,B+,Trichy,8309431866
P09969,Sneha Sharma,55,Female,B+,Salem,9244962649
P09970,Sneha Patel,39,Female,O+,Tiruppur,7762786537
P09971,Ananya Sharma,57,Female,O+,Erode,6023022975
P09972,Lakshmi Sharma,25,Female,AB+,Erode,6530126353
P09973,Pooja Sharma,6,Female,AB+,Trichy,6860147423
P09974,Sneha Krishnan,64,Female,A-,Kanchipuram,9813180102
P09975,Rohan Menon,34,Male,O+,Thanjavur,7306300856
P09976,Divya Raj,38,Female,A+,Madurai,9778155089
P09977,Lakshmi Sharma,25,Female,A+,Kanchipuram,9381151943
P09978,Vikram Babu,84,Male,B+,Chennai,6242817966
P09979,Keerthana Raj,26,Female,O+,Tiruttani,7406185859
P09980,Meera Kumar,3,Female,B+,Tiruttani,7666769365
P09981,Suresh Mohan,45,Male,O+,Dindigul,9436241764
P09982,Swathi Singh,7,Female,O+,Salem,7308386912
P09983,Deepika Gupta,39,Female,O+,Madurai,8768853290
P09984,Naveen Singh,49,Male,AB+,Salem,9629565452
P09985,Divya Reddy,38,Female,O+,Kanchipuram,6902347670
P09986,Arjun Babu,49,Male,A+,Coimbatore,6984129061
P09987,Deepika Nair,7,Female,B+,Chennai,8423638293
P09988,Deepika Nair,64,Female,A+,Erode,6104255868
P09989,Harish Raj,35,Male,O+,Thanjavur,6577333706
P09990,Rohan Iyer,55,Male,O-,Dindigul,8862698519
P09991,Neha Patel,59,Female,O+,Coimbatore,9354936354
P09992,Lakshmi Nair,43,Female,A+,Madurai,6078999634
P09993,Divya Patel,47,Female,O+,Madurai,7898294113
P09994,Karthik Rao,57,Male,O+,Vellore,7619569727
P09995,Prakash Babu,15,Male,AB+,Salem,6513440883
P09996,Vivek Mohan,4,Male,B+,Tiruppur,8399815973
P09997,Prakash Patel,21,Male,A+,Coimbatore,6378996421
P09998,Deepika Raj,6,Female,O+,Erode,8360229983
P09999,Vivek Mohan,27,Male,B+,Erode,6620029793
P10000,Neha Gupta,54,Female,A+,Tiruttani,6010953172
P10001,Keerthana Iyer,43,Female,A+,Hosur,7793033622
P10002,Naveen Rao,42,Male,O+,Madurai,6754047065
P10003,Ananya Iyer,80,Female,O+,Trichy,6759120634
P10004,Suresh Nair,38,Male,A+,Trichy,7715076371
P10005,Swathi Gupta,36,Female,A+,Coimbatore,8130719783
P10006,Priya Verma,44,Female,A+,Tiruvallur,7221117286
P10007,Ganesh Iyer,61,Male,O+,Kanchipuram,9414714662
P10008,Meera Raj,74,Female,B+,Hosur,7120328862
P10009,Lakshmi Krishnan,5,Female,O-,Thanjavur,9129582023
P10010,Vivek Verma,36,Male,O+,Kanchipuram,9579748072
P10011,Deepika Raj,20,Female,A+,Kanchipuram,6640497741
P10012,Pooja Verma,55,Female,B+,Erode,7157166299
P10013,Rohan Singh,37,Male,A+,Vellore,6146792614
P10014,Ganesh Krishnan,29,Male,A+,Madurai,6000361212
P10015,Keerthana Gupta,62,Female,O-,Kanchipuram,6870511162
P10016,Deepika Reddy,45,Female,AB+,Vellore,9900204911
P10017,Nithya Nair,33,Female,B+,Kanchipuram,6849323120
P10018,Arjun Nair,60,Male,A+,Erode,6842130971
P10019,Ashwin Babu,7,Male,O+,Tiruppur,6989162334
P10020,Ananya Rao,25,Female,B+,Trichy,7633103123
P10021,Ganesh Singh,18,Male,A+,Tiruppur,7772590890
P10022,Arjun Sharma,42,Male,B+,Thanjavur,9893376011
P10023,Priya Menon,7,Female,A+,Chennai,8682121144
P10024,Arjun Babu,23,Male,O+,Erode,9035443732
P10025,Sneha Patel,21,Female,A+,Hosur,9488266139
P10026,Pooja Iyer,52,Female,A+,Trichy,7344813435
P10027,Manoj Menon,19,Male,A-,Tiruppur,7271286872
P10028,Deepika Iyer,37,Female,B+,Hosur,9393573090
P10029,Keerthana Iyer,62,Female,B+,Tiruvallur,9355506886
P10030,Rahul Mohan,29,Male,O+,Chennai,9160944963
P10031,Meera Raj,72,Female,A+,Vellore,9132634597
P10032,Rakesh Patel,54,Male,O+,Kanchipuram,7942635971
P10033,Swathi Reddy,40,Female,A+,Tiruvallur,7951591320
P10034,Swathi Gupta,33,Female,B+,Dindigul,6215180986
P10035,Divya Babu,35,Female,O+,Coimbatore,7319980984
P10036,Deepika Nair,42,Female,B+,Hosur,9916202313
P10037,Nithya Mohan,51,Female,B-,Tiruvallur,7009130925
P10038,Sneha Sharma,50,Female,A-,Trichy,8798037891
P10039,Nithya Krishnan,55,Female,A+,Tiruvallur,7623419835
P10040,Ashwin Iyer,23,Male,B+,Chennai,9843437974
P10041,Divya Babu,48,Female,O+,Coimbatore,8418002824
P10042,Vikram Patel,51,Male,O-,Tiruvallur,8277255512
P10043,Nithya Iyer,39,Female,A+,Erode,8740694357
P10044,Harini Iyer,51,Female,O+,Kanchipuram,7958081944
P10045,Divya Nair,37,Female,O+,Erode,9847387098
P10046,Neha Iyer,63,Female,O+,Madurai,7098194444
P10047,Sneha Reddy,51,Female,B+,Dindigul,7888301393
P10048,Harini Krishnan,66,Female,O+,Tiruttani,6535082021
P10049,Priya Gupta,59,Female,B+,Erode,7564551038
P10050,Rakesh Mohan,32,Male,AB+,Chennai,8472794859
P10051,Pooja Nair,39,Female,A+,Tiruppur,8224478844
P10052,Swathi Singh,53,Female,B+,Chennai,8031306434
P10053,Vivek Reddy,88,Male,B+,Thanjavur,8556460510
P10054,Divya Iyer,79,Female,O-,Vellore,8927537515
P10055,Pooja Mohan,21,Female,B+,Chennai,8733288003
P10056,Manoj Reddy,34,Male,B+,Madurai,9800908043
P10057,Harini Sharma,45,Female,O+,Tiruttani,8277898800
P10058,Deepika Gupta,10,Female,O+,Tiruttani,8238306955
P10059,Harish Sharma,34,Male,B+,Hosur,6690304112
P10060,Aditya Raj,15,Male,AB+,Tiruttani,6673848762
P10061,Vikram Nair,41,Male,O+,Salem,9932611132
P10062,Neha Babu,37,Female,O+,Dindigul,9236927895
P10063,Lakshmi Rao,20,Female,AB+,Salem,7869298531
P10064,Ganesh Sharma,26,Male,O+,Tiruppur,7410545161
P10065,Arjun Gupta,20,Male,A+,Madurai,6892049057
P10066,Lakshmi Krishnan,17,Female,B+,Erode,9980293205
P10067,Vivek Singh,22,Male,AB+,Dindigul,6830448803
P10068,Divya Menon,42,Female,A+,Thanjavur,9236052578
P10069,Pooja Nair,31,Female,O-,Dindigul,8199164447
P10070,Suresh Verma,54,Male,AB+,Chennai,8502193117
P10071,Sneha Mohan,60,Female,O+,Salem,9093026487
P10072,Ashwin Krishnan,23,Male,O+,Tirunelveli,8161291141
P10073,Karthik Kumar,38,Male,A+,Erode,6922348907
P10074,Harish Rao,65,Male,O-,Coimbatore,6851932303
P10075,Kavya Nair,20,Female,A+,Thanjavur,8886873888
P10076,Karthik Singh,20,Male,A+,Tiruppur,6843980294
P10077,Naveen Iyer,11,Male,O+,Salem,7660856067
P10078,Arjun Verma,26,Male,B+,Trichy,9210785850
P10079,Neha Singh,22,Female,A+,Tiruttani,7638202762
P10080,Suresh Raj,53,Male,A+,Chennai,8530113183
P10081,Ganesh Gupta,4,Male,O+,Tiruvallur,7050773554
P10082,Prakash Nair,11,Male,O+,Tiruppur,9203700342
P10083,Vikram Gupta,79,Male,O+,Tiruvallur,6548364177
P10084,Vikram Mohan,51,Male,O+,Coimbatore,9136890471
P10085,Kavya Nair,20,Female,A+,Chennai,8285340512
P10086,Ashwin Mohan,51,Male,A+,Madurai,7896980668
P10087,Harini Nair,20,Female,O+,Vellore,8154256192
P10088,Deepika Iyer,27,Female,O-,Hosur,6633731408
P10089,Suresh Kumar,35,Male,O+,Salem,8039190897
P10090,Neha Reddy,54,Female,O-,Tiruppur,8633249331
P10091,Deepika Sharma,22,Female,O+,Trichy,9184855944
P10092,Deepika Kumar,23,Female,O+,Hosur,7809805615
P10093,Manoj Gupta,14,Male,O+,Thanjavur,8672631732
P10094,Harini Menon,55,Female,B+,Tiruppur,9945629876
P10095,Aditya Reddy,32,Male,O+,Erode,6445950751
P10096,Ananya Patel,52,Female,AB-,Tirunelveli,9104184066
P10097,Kavya Menon,26,Female,B+,Coimbatore,6591327845
P10098,Rakesh Raj,24,Male,A-,Trichy,9680264906
P10099,Harish Mohan,22,Male,A+,Tiruttani,9669619810
P10100,Aditya Rao,16,Male,O+,Tiruppur,8042265316
P10101,Neha Raj,23,Female,B+,Hosur,8222915325
P10102,Meera Gupta,43,Female,O-,Dindigul,9945293261
P10103,Deepika Rao,19,Female,O+,Tiruttani,9080890971
P10104,Aditya Krishnan,5,Male,O+,Salem,8515019201
P10105,Rakesh Rao,48,Male,A+,Coimbatore,6907003978
P10106,Divya Mohan,48,Female,A+,Vellore,9228611124
P10107,Pooja Patel,42,Female,B+,Erode,9022200688
P10108,Kavya Babu,36,Female,B+,Coimbatore,8624377630
P10109,Aishwarya Rao,44,Female,O+,Tiruttani,9474741861
P10110,Vikram Menon,75,Male,A+,Thanjavur,9846503186
P10111,Ganesh Mohan,33,Male,A+,Tirunelveli,6462286655
P10112,Deepika Verma,57,Female,A+,Madurai,6919029904
P10113,Harish Verma,27,Male,O+,Madurai,7942599081
P10114,Arjun Menon,1,Male,AB+,Hosur,6763657316
P10115,Ashwin Gupta,58,Male,O+,Coimbatore,7140554992
P10116,Divya Babu,32,Female,O-,Tiruppur,8005396393
P10117,Aditya Reddy,23,Male,AB+,Trichy,7872500662
P10118,Divya Iyer,62,Female,A+,Salem,7592582237
P10119,Karthik Krishnan,42,Male,B+,Tiruvallur,7118135411
P10120,Deepika Babu,27,Female,B+,Kanchipuram,6727073756
P10121,Rakesh Verma,87,Male,O+,Coimbatore,8252997946
P10122,Aditya Mohan,30,Male,O+,Tiruttani,8151147482
P10123,Neha Menon,44,Female,A+,Vellore,7522096813
P10124,Ganesh Raj,21,Male,A+,Coimbatore,7683128204
P10125,Priya Krishnan,41,Female,A+,Coimbatore,9244565868
P10126,Suresh Raj,33,Male,A+,Hosur,8292172354
P10127,Suresh Verma,53,Male,O+,Madurai,9362979157
P10128,Nithya Mohan,11,Female,A+,Madurai,7496379781
P10129,Sneha Nair,41,Female,B+,Tirunelveli,8045461550
P10130,Keerthana Nair,26,Female,O+,Tirunelveli,6321926036
P10131,Vikram Mohan,36,Male,A+,Tiruvallur,6124748346
P10132,Aditya Mohan,7,Male,O+,Erode,6390258061
P10133,Ananya Babu,59,Female,A+,Tiruttani,6472795207
P10134,Meera Mohan,43,Female,A+,Kanchipuram,8453413309
P10135,Kavya Reddy,41,Female,B+,Kanchipuram,7726906849
P10136,Swathi Sharma,75,Female,A+,Salem,9374588208
P10137,Keerthana Gupta,29,Female,O+,Tirunelveli,7801822624
P10138,Vikram Krishnan,16,Male,B+,Salem,8892564817
P10139,Ganesh Reddy,16,Male,A+,Tiruppur,9949234948
P10140,Aditya Kumar,64,Male,B+,Tiruvallur,9425645491
P10141,Aishwarya Verma,26,Female,B+,Madurai,7330026387
P10142,Nithya Singh,44,Female,A+,Erode,7705110194
P10143,Keerthana Singh,70,Female,O+,Hosur,8943775094
P10144,Ganesh Gupta,15,Male,A+,Hosur,8521970530
P10145,Swathi Kumar,28,Female,AB+,Dindigul,8594472251
P10146,Ananya Iyer,63,Female,A+,Dindigul,6274857675
P10147,Harini Verma,43,Female,O+,Dindigul,6026286760
P10148,Suresh Kumar,45,Male,A+,Tirunelveli,8750621502
P10149,Rohan Patel,48,Male,B+,Trichy,6199294824
P10150,Rohan Menon,55,Male,B+,Tiruppur,7508249560
P10151,Sneha Iyer,3,Female,AB+,Tiruppur,6936766026
P10152,Karthik Mohan,65,Male,O+,Tiruvallur,8501478139
P10153,Vikram Iyer,13,Male,B-,Hosur,8705716356
P10154,Neha Mohan,45,Female,A-,Vellore,8704052393
P10155,Ashwin Singh,32,Male,A+,Vellore,7745563416
P10156,Kavya Reddy,23,Female,O+,Coimbatore,8800085300
P10157,Pooja Babu,71,Female,B+,Thanjavur,6629179743
P10158,Keerthana Gupta,51,Female,O+,Madurai,7822017598
P10159,Harini Verma,28,Female,O+,Thanjavur,7625831017
P10160,Rahul Menon,50,Male,O+,Salem,8183703447
P10161,Aditya Nair,61,Male,A-,Tirunelveli,8528816210
P10162,Rakesh Raj,60,Male,A+,Salem,8483997043
P10163,Swathi Verma,46,Female,A+,Dindigul,8928490625
P10164,Prakash Krishnan,63,Male,O+,Tirunelveli,6665544130
P10165,Naveen Patel,47,Male,O+,Dindigul,7447782374
P10166,Rahul Iyer,61,Male,B+,Tiruvallur,6363739993
P10167,Nithya Patel,65,Female,O+,Thanjavur,7603204430
P10168,Meera Iyer,4,Female,B+,Hosur,6922002582
P10169,Rahul Raj,31,Male,A+,Coimbatore,9815586614
P10170,Manoj Sharma,35,Male,O+,Dindigul,8610341928
P10171,Priya Krishnan,26,Female,O+,Coimbatore,8368513184
P10172,Prakash Patel,51,Male,A+,Kanchipuram,9164260625
P10173,Ganesh Nair,41,Male,A+,Kanchipuram,6083696042
P10174,Keerthana Menon,58,Female,B+,Thanjavur,6476277425
P10175,Priya Singh,9,Female,O+,Chennai,9273117879
P10176,Arjun Gupta,46,Male,A+,Tiruvallur,9282514036
P10177,Nithya Rao,28,Female,A+,Erode,7595377043
P10178,Rohan Verma,24,Male,O+,Coimbatore,8907913945
P10179,Harish Kumar,38,Male,B+,Coimbatore,8824617349
P10180,Harish Gupta,23,Male,B+,Kanchipuram,7417029973
P10181,Swathi Reddy,58,Female,A+,Hosur,7893781122
P10182,Naveen Patel,52,Male,A-,Vellore,9452853582
P10183,Prakash Babu,28,Male,A+,Salem,9902103253
P10184,Lakshmi Menon,70,Female,B+,Coimbatore,8124787657
P10185,Ananya Babu,42,Female,O+,Vellore,9885757662
P10186,Naveen Gupta,76,Male,B+,Tirunelveli,7761208778
P10187,Karthik Babu,7,Male,O+,Hosur,9743876810
P10188,Rohan Rao,2,Male,AB+,Tiruttani,7581903297
P10189,Priya Verma,63,Female,O+,Kanchipuram,6726212881
P10190,Swathi Rao,63,Female,O-,Tiruttani,9965894562
P10191,Rahul Reddy,83,Male,O-,Dindigul,9458868423
P10192,Harish Reddy,13,Male,A+,Hosur,9306701321
P10193,Neha Babu,25,Female,O+,Tirunelveli,8463930253
P10194,Ganesh Sharma,61,Male,O+,Hosur,6632944628
P10195,Neha Sharma,52,Female,B+,Dindigul,8709481025
P10196,Rakesh Gupta,65,Male,AB+,Thanjavur,7168887821
P10197,Aditya Gupta,40,Male,O+,Tirunelveli,8795388209
P10198,Lakshmi Krishnan,30,Female,O+,Coimbatore,6372107078
P10199,Ashwin Singh,59,Male,O-,Chennai,9470397069
P10200,Arjun Babu,49,Male,B+,Trichy,7307827991
P10201,Vikram Krishnan,17,Male,A+,Tiruttani,8306138334
P10202,Vivek Kumar,26,Male,B+,Tiruppur,6485419232
P10203,Naveen Verma,57,Male,O+,Trichy,6868881410
P10204,Rohan Mohan,78,Male,O+,Coimbatore,7266895578
P10205,Lakshmi Menon,55,Female,B+,Vellore,9197997257
P10206,Arjun Gupta,45,Male,A+,Salem,6895571637
P10207,Vikram Gupta,20,Male,A+,Dindigul,7642398764
P10208,Harini Verma,31,Female,O+,Salem,6107842490
P10209,Karthik Nair,42,Male,A+,Kanchipuram,6078254958
P10210,Meera Verma,16,Female,O-,Thanjavur,8503385860
P10211,Suresh Gupta,33,Male,A+,Vellore,9871871364
P10212,Rahul Gupta,15,Male,B+,Chennai,9527052479
P10213,Keerthana Verma,60,Female,O+,Vellore,7244250910
P10214,Prakash Patel,84,Male,AB+,Tiruppur,8113649536
P10215,Lakshmi Krishnan,67,Female,B+,Coimbatore,7826864540
P10216,Priya Nair,52,Female,A+,Kanchipuram,7678136939
P10217,Rakesh Menon,44,Male,B+,Tiruvallur,9155442281
P10218,Naveen Kumar,44,Male,O+,Vellore,8899180201
P10219,Sneha Reddy,29,Female,A+,Trichy,9200303989
P10220,Divya Iyer,51,Female,B+,Thanjavur,6539312411
P10221,Neha Rao,62,Female,A+,Erode,8313864349
P10222,Naveen Iyer,29,Male,B+,Tiruttani,7985571518
P10223,Ananya Iyer,43,Female,O-,Hosur,6992027505
P10224,Vikram Babu,40,Male,O+,Dindigul,6298669965
P10225,Harish Rao,40,Male,O+,Tirunelveli,6245678022
P10226,Rahul Singh,49,Male,A+,Hosur,7107588433
P10227,Meera Rao,51,Female,B+,Madurai,9200378741
P10228,Naveen Raj,63,Male,O+,Tiruvallur,9736451143
P10229,Aishwarya Singh,37,Female,O+,Salem,7855220620
P10230,Nithya Nair,30,Female,A+,Coimbatore,6864085805
P10231,Aishwarya Raj,8,Female,O+,Thanjavur,6895411874
P10232,Harish Verma,29,Male,A-,Kanchipuram,8635223525
P10233,Nithya Krishnan,72,Female,A-,Tiruppur,8666457358
P10234,Harini Raj,53,Female,B+,Chennai,9913633167
P10235,Keerthana Nair,26,Female,A+,Erode,8666846519
P10236,Manoj Reddy,14,Male,AB+,Tiruppur,7828628993
P10237,Neha Reddy,29,Female,O+,Erode,6292348517
P10238,Rahul Rao,34,Male,O+,Dindigul,7420865167
P10239,Keerthana Nair,26,Female,B+,Chennai,9059625900
P10240,Deepika Menon,36,Female,O+,Salem,7107903542
P10241,Vivek Nair,19,Male,O+,Tiruvallur,7876048626
P10242,Sneha Sharma,15,Female,O+,Dindigul,7123047346
P10243,Vikram Singh,36,Male,AB+,Salem,7342800271
P10244,Pooja Singh,76,Female,B-,Vellore,9103719244
P10245,Ganesh Singh,62,Male,O+,Tiruppur,9656711168
P10246,Keerthana Kumar,90,Female,O+,Hosur,6062191767
P10247,Neha Mohan,47,Female,O+,Tiruvallur,8134494416
P10248,Karthik Rao,48,Male,A+,Kanchipuram,6054377045
P10249,Priya Gupta,35,Female,O-,Dindigul,8326853488
P10250,Lakshmi Patel,32,Female,O+,Vellore,8481604188
P10251,Neha Iyer,30,Female,O+,Tirunelveli,9760533508
P10252,Karthik Babu,29,Male,O+,Vellore,8965444205
P10253,Aishwarya Kumar,79,Female,B+,Salem,6514673885
P10254,Neha Verma,45,Female,B+,Dindigul,9486356230
P10255,Suresh Verma,16,Male,O+,Thanjavur,8062749578
P10256,Arjun Reddy,45,Male,O-,Coimbatore,9342631362
P10257,Naveen Reddy,39,Male,AB-,Vellore,7972227772
P10258,Meera Menon,41,Female,A+,Tiruttani,6404969595
P10259,Ananya Menon,32,Female,A+,Thanjavur,8097578063
P10260,Vivek Rao,42,Male,O+,Tiruttani,7639242913
P10261,Deepika Menon,12,Female,A+,Tirunelveli,9890510491
P10262,Rahul Reddy,60,Male,A+,Coimbatore,8975436203
P10263,Nithya Raj,25,Female,A+,Hosur,7224905096
P10264,Rakesh Kumar,58,Male,B+,Coimbatore,8123080196
P10265,Vikram Verma,59,Male,O-,Tiruttani,7228379692
P10266,Priya Reddy,60,Female,O+,Tirunelveli,6296033287
P10267,Pooja Reddy,61,Female,B+,Tiruttani,8714016801
P10268,Naveen Kumar,60,Male,A+,Tiruppur,9167100709
P10269,Kavya Iyer,31,Female,A+,Vellore,7122709578
P10270,Harini Mohan,19,Female,B+,Vellore,7434151579
P10271,Meera Rao,43,Female,B+,Salem,6524870395
P10272,Harini Krishnan,16,Female,A+,Madurai,8172183960
P10273,Nithya Rao,21,Female,O+,Salem,7000483505
P10274,Nithya Mohan,39,Female,O+,Hosur,7702910958
P10275,Arjun Verma,53,Male,AB+,Tirunelveli,8002573291
P10276,Rohan Raj,70,Male,O-,Erode,6058603281
P10277,Priya Gupta,50,Female,AB+,Kanchipuram,9694499516
P10278,Swathi Gupta,4,Female,A+,Thanjavur,8884406191
P10279,Keerthana Rao,32,Female,O-,Salem,6550646486
P10280,Aishwarya Rao,19,Female,O-,Dindigul,7287104345
P10281,Ganesh Krishnan,1,Male,O+,Kanchipuram,6151760289
P10282,Sneha Menon,53,Female,O+,Tiruppur,8946722156
P10283,Rakesh Singh,77,Male,AB+,Vellore,7539064815
P10284,Pooja Patel,16,Female,A+,Kanchipuram,6783238409
P10285,Ganesh Patel,19,Male,O+,Vellore,8672796589
P10286,Kavya Singh,41,Female,AB+,Hosur,8088951372
P10287,Harini Mohan,86,Female,AB+,Erode,6715623347
P10288,Priya Gupta,31,Female,O+,Salem,6572671206
P10289,Rohan Menon,12,Male,O+,Tiruppur,7283198784
P10290,Naveen Mohan,25,Male,O+,Chennai,9359744937
P10291,Vikram Krishnan,8,Male,O-,Hosur,6271845231
P10292,Manoj Verma,24,Male,A+,Erode,9937158094
P10293,Rohan Babu,50,Male,B+,Erode,8603272487
P10294,Divya Iyer,74,Female,A+,Vellore,9366953190
P10295,Rohan Singh,61,Male,A+,Tiruppur,8112015053
P10296,Aishwarya Mohan,19,Female,O+,Hosur,9198016507
P10297,Lakshmi Singh,46,Female,B+,Tiruppur,7882967820
P10298,Prakash Gupta,15,Male,O+,Tiruvallur,6695980585
P10299,Lakshmi Krishnan,57,Female,A+,Kanchipuram,8909475392
P10300,Sneha Verma,23,Female,B+,Tiruvallur,6855459769
P10301,Prakash Verma,34,Male,O+,Madurai,9881024283
P10302,Lakshmi Sharma,22,Female,O+,Chennai,7617363773
P10303,Divya Nair,1,Female,O+,Vellore,9627660017
P10304,Keerthana Babu,37,Female,O+,Salem,9934221371
P10305,Neha Patel,25,Female,O+,Madurai,9205083302
P10306,Deepika Menon,32,Female,AB+,Vellore,6307441166
P10307,Deepika Raj,47,Female,O+,Tiruttani,6568811096
P10308,Karthik Nair,25,Male,A+,Tiruttani,8473711451
P10309,Prakash Menon,58,Male,O+,Trichy,6836907457
P10310,Prakash Reddy,58,Male,A+,Tiruttani,9632463415
P10311,Nithya Patel,24,Female,A+,Kanchipuram,8330672714
P10312,Vivek Nair,19,Male,B+,Salem,9849455167
P10313,Meera Krishnan,11,Female,AB+,Salem,7392854286
P10314,Lakshmi Iyer,72,Female,AB+,Coimbatore,8795475617
P10315,Swathi Iyer,43,Female,O+,Vellore,6810319836
P10316,Aditya Gupta,3,Male,B+,Chennai,7845833957
P10317,Swathi Mohan,52,Female,A+,Kanchipuram,7960399747
P10318,Swathi Babu,13,Female,A+,Tirunelveli,8474272011
P10319,Meera Singh,1,Female,O+,Chennai,8956286771
P10320,Keerthana Menon,30,Female,A+,Vellore,6738533137
P10321,Sneha Reddy,26,Female,O+,Tiruvallur,8407373583
P10322,Sneha Babu,46,Female,A+,Madurai,7514806825
P10323,Nithya Reddy,21,Female,A+,Hosur,8593908535
P10324,Ananya Mohan,13,Female,A+,Salem,6434171377
P10325,Karthik Raj,33,Male,AB+,Vellore,6465677938
P10326,Pooja Reddy,27,Female,A+,Tirunelveli,9378427629
P10327,Ashwin Krishnan,32,Male,A+,Trichy,7996775343
P10328,Meera Gupta,15,Female,A+,Chennai,6699009260
P10329,Rakesh Krishnan,33,Male,AB+,Tiruttani,7906020947
P10330,Ganesh Iyer,2,Male,A+,Tirunelveli,8716099182
P10331,Karthik Gupta,19,Male,B-,Thanjavur,6321740505
P10332,Karthik Rao,40,Male,O-,Tiruppur,7846159973
P10333,Priya Reddy,84,Female,B+,Hosur,8038922732
P10334,Vikram Raj,42,Male,A+,Kanchipuram,8065592125
P10335,Karthik Singh,34,Male,A+,Thanjavur,8178438371
P10336,Pooja Menon,61,Female,O+,Chennai,7671973541
P10337,Arjun Kumar,50,Male,B+,Tiruttani,8675479851
P10338,Sneha Patel,28,Female,O+,Tiruppur,7700265523
P10339,Ganesh Gupta,47,Male,O+,Tiruppur,6377988155
P10340,Harini Sharma,46,Female,O+,Tiruppur,9479564707
P10341,Rahul Mohan,26,Male,A+,Tiruppur,7991806638
P10342,Karthik Patel,11,Male,A+,Trichy,9755528272
P10343,Pooja Singh,22,Female,O+,Vellore,8328630279
P10344,Ananya Babu,28,Female,O+,Tiruvallur,9758066542
P10345,Meera Sharma,32,Female,O+,Vellore,7085041735
P10346,Pooja Babu,18,Female,A+,Tiruvallur,7852591445
P10347,Ganesh Gupta,22,Male,A+,Vellore,7307503585
P10348,Keerthana Sharma,50,Female,B+,Erode,8727573252
P10349,Rakesh Menon,23,Male,B+,Tiruvallur,9755046123
P10350,Arjun Iyer,68,Male,A+,Thanjavur,9064833078
P10351,Divya Krishnan,66,Female,O+,Chennai,7358818449
P10352,Vikram Iyer,48,Male,A+,Tiruvallur,7250836625
P10353,Meera Iyer,36,Female,B+,Madurai,9878657834
P10354,Priya Verma,33,Female,A+,Vellore,8230071238
P10355,Ashwin Iyer,64,Male,O+,Tirunelveli,7956904792
P10356,Ashwin Reddy,26,Male,B+,Dindigul,9084543541
P10357,Naveen Gupta,46,Male,B+,Tiruppur,6694116050
P10358,Deepika Sharma,64,Female,A+,Salem,9847961986
P10359,Suresh Menon,46,Male,O+,Hosur,6626973229
P10360,Prakash Verma,27,Male,O+,Tiruvallur,8970429745
P10361,Harish Krishnan,38,Male,B+,Tiruvallur,9611364100
P10362,Karthik Gupta,44,Male,B+,Tiruppur,8479089111
P10363,Sneha Babu,25,Female,A+,Tiruttani,9511130383
P10364,Vikram Raj,46,Male,B-,Hosur,7732166431
P10365,Nithya Verma,17,Female,A+,Coimbatore,8788541413
P10366,Deepika Patel,24,Female,B+,Thanjavur,6003722755
P10367,Vivek Iyer,26,Male,O+,Salem,9418222130
P10368,Priya Iyer,64,Female,A+,Tiruttani,9021900014
P10369,Naveen Kumar,33,Male,A+,Dindigul,9596719220
P10370,Nithya Iyer,66,Female,O+,Madurai,9867843735
P10371,Pooja Babu,4,Female,O+,Trichy,8838742143
P10372,Keerthana Raj,80,Female,AB+,Salem,6587485746
P10373,Harish Patel,60,Male,B+,Kanchipuram,6610904897
P10374,Ashwin Kumar,24,Male,A+,Trichy,9911218143
P10375,Deepika Mohan,45,Female,O+,Tirunelveli,8230003188
P10376,Vivek Babu,30,Male,O+,Tiruttani,8876084722
P10377,Karthik Gupta,16,Male,O+,Thanjavur,8653632633
P10378,Divya Reddy,19,Female,AB+,Tiruvallur,6143026708
P10379,Harish Babu,54,Male,O+,Thanjavur,7121652578
P10380,Deepika Kumar,69,Female,O+,Hosur,8096056688
P10381,Deepika Mohan,30,Female,B+,Vellore,8418523699
P10382,Vikram Rao,53,Male,A+,Hosur,9368537919
P10383,Rakesh Menon,42,Male,O+,Salem,8035509574
P10384,Harini Babu,64,Female,O+,Hosur,8010316442
P10385,Naveen Iyer,17,Male,A+,Tiruttani,6936393092
P10386,Lakshmi Krishnan,90,Female,O+,Dindigul,6565988805
P10387,Priya Gupta,48,Female,O+,Erode,8021605179
P10388,Harish Nair,16,Male,O+,Tiruvallur,7311447770
P10389,Vikram Iyer,55,Male,A+,Tiruttani,7198134613
P10390,Karthik Singh,43,Male,A+,Dindigul,7095557141
P10391,Manoj Kumar,43,Male,A+,Vellore,9065834756
P10392,Swathi Sharma,5,Female,A+,Coimbatore,6173602992
P10393,Deepika Babu,24,Female,B+,Salem,9205341961
P10394,Ganesh Menon,16,Male,B+,Tiruppur,9193227093
P10395,Harish Menon,70,Male,O+,Tirunelveli,9120902058
P10396,Ganesh Krishnan,24,Male,A+,Coimbatore,7641221063
P10397,Aditya Krishnan,53,Male,AB+,Vellore,7259931708
P10398,Divya Sharma,14,Female,A+,Kanchipuram,9444693853
P10399,Priya Mohan,50,Female,A+,Tiruttani,8258001521
P10400,Harish Reddy,37,Male,O+,Kanchipuram,6140484153
P10401,Arjun Iyer,19,Male,B+,Madurai,7495069588
P10402,Swathi Gupta,70,Female,O+,Madurai,8939780230
P10403,Rakesh Iyer,64,Male,A+,Coimbatore,7078886814
P10404,Arjun Rao,39,Male,A+,Tiruvallur,6239044279
P10405,Sneha Verma,82,Female,O+,Tirunelveli,6371385825
P10406,Pooja Sharma,6,Female,B+,Erode,8136441294
P10407,Neha Rao,60,Female,O+,Thanjavur,6114115027
P10408,Rahul Menon,37,Male,O+,Tirunelveli,9440015391
P10409,Vivek Sharma,13,Male,O+,Madurai,8926388017
P10410,Suresh Gupta,15,Male,B-,Tiruppur,8837655224
P10411,Prakash Patel,25,Male,A+,Thanjavur,9693652677
P10412,Divya Iyer,47,Female,B+,Kanchipuram,8266914199
P10413,Manoj Nair,13,Male,O+,Hosur,8768348849
P10414,Ganesh Krishnan,34,Male,AB+,Madurai,8420269475
P10415,Sneha Kumar,58,Female,B+,Chennai,7580128921
P10416,Prakash Krishnan,63,Male,O+,Hosur,7592546887
P10417,Manoj Mohan,79,Male,A+,Madurai,6186652103
P10418,Rohan Menon,49,Male,A+,Tiruppur,7004732951
P10419,Naveen Rao,60,Male,A+,Tiruvallur,7311829387
P10420,Vikram Rao,9,Male,B+,Chennai,9819742453
P10421,Divya Gupta,51,Female,B+,Kanchipuram,7061283860
P10422,Naveen Singh,64,Male,A+,Vellore,6709678949
P10423,Suresh Gupta,19,Male,A+,Kanchipuram,9289053878
P10424,Vivek Gupta,14,Male,O+,Salem,7731490247
P10425,Ashwin Nair,36,Male,A+,Dindigul,6790555885
P10426,Aditya Patel,67,Male,O+,Tiruttani,8655783753
P10427,Ganesh Verma,60,Male,A-,Dindigul,7125208751
P10428,Ashwin Reddy,39,Male,AB+,Coimbatore,8228310872
P10429,Ganesh Sharma,9,Male,O+,Coimbatore,7412065328
P10430,Pooja Mohan,45,Female,A+,Salem,8088842054
P10431,Swathi Patel,20,Female,B+,Tirunelveli,7391449510
P10432,Keerthana Raj,17,Female,B-,Tiruppur,9577191465
P10433,Karthik Babu,9,Male,A+,Madurai,7286535418
P10434,Ananya Babu,39,Female,O+,Thanjavur,6282520771
P10435,Manoj Gupta,77,Male,AB+,Salem,6448165432
P10436,Harish Mohan,44,Male,A+,Erode,7027386381
P10437,Swathi Sharma,6,Female,A-,Coimbatore,6994874935
P10438,Harini Krishnan,27,Female,O+,Madurai,9219951279
P10439,Vikram Nair,37,Male,A+,Salem,9143135427
P10440,Kavya Patel,2,Female,O+,Thanjavur,7932587266
P10441,Lakshmi Patel,34,Female,A+,Hosur,7249299520
P10442,Manoj Iyer,41,Male,O-,Erode,9590158278
P10443,Kavya Gupta,39,Female,O+,Vellore,8256042510
P10444,Ananya Kumar,49,Female,B+,Vellore,9856038384
P10445,Divya Gupta,72,Female,O+,Hosur,9302550228
P10446,Nithya Rao,17,Female,A+,Vellore,9358707290
P10447,Rakesh Rao,64,Male,A+,Vellore,8505191504
P10448,Swathi Sharma,22,Female,B+,Madurai,8349749135
P10449,Sneha Gupta,19,Female,O+,Tirunelveli,9010577327
P10450,Lakshmi Menon,86,Female,A+,Tirunelveli,6242162628
P10451,Prakash Nair,40,Male,A+,Tiruvallur,6381948606
P10452,Ananya Reddy,20,Female,O+,Tiruvallur,7200859120
P10453,Prakash Patel,23,Male,B+,Dindigul,6450416731
P10454,Karthik Gupta,48,Male,O+,Hosur,7907018608
P10455,Rahul Rao,63,Male,A+,Erode,9249983262
P10456,Rakesh Nair,24,Male,B+,Coimbatore,7999567024
P10457,Ashwin Mohan,19,Male,O+,Salem,9199630288
P10458,Manoj Patel,32,Male,AB+,Salem,6576830947
P10459,Aishwarya Patel,13,Female,A+,Dindigul,7855223615
P10460,Manoj Babu,67,Male,A+,Kanchipuram,8839373345
P10461,Pooja Nair,50,Female,A+,Vellore,8233771062
P10462,Swathi Patel,56,Female,A-,Chennai,6732077883
P10463,Harini Nair,45,Female,A+,Erode,7250094404
P10464,Ashwin Gupta,54,Male,AB+,Hosur,9687805834
P10465,Swathi Reddy,44,Female,B+,Salem,8604551045
P10466,Sneha Rao,3,Female,A-,Coimbatore,8960132467
P10467,Neha Kumar,44,Female,O+,Tiruvallur,6998584064
P10468,Karthik Sharma,17,Male,O-,Kanchipuram,7500715796
P10469,Ananya Reddy,68,Female,A+,Chennai,7601978134
P10470,Manoj Mohan,38,Male,A+,Salem,6227168922
P10471,Ganesh Kumar,62,Male,B+,Madurai,8014842413
P10472,Ananya Nair,57,Female,B+,Dindigul,7760771813
P10473,Aditya Nair,24,Male,A+,Madurai,6704077668
P10474,Lakshmi Reddy,24,Female,B+,Thanjavur,8522591006
P10475,Swathi Menon,33,Female,AB+,Dindigul,9326682040
P10476,Sneha Krishnan,90,Female,A+,Erode,8616759032
P10477,Neha Verma,16,Female,B+,Tiruppur,6096563236
P10478,Deepika Nair,29,Female,A+,Dindigul,9191644093
P10479,Arjun Nair,26,Male,B+,Trichy,6969952134
P10480,Swathi Rao,58,Female,B+,Tiruppur,7968043804
P10481,Rahul Raj,22,Male,O+,Kanchipuram,7507674485
P10482,Suresh Kumar,25,Male,O+,Chennai,9338979048
P10483,Divya Nair,38,Female,A+,Chennai,7035335430
P10484,Ganesh Singh,49,Male,B+,Tiruvallur,7928355826
P10485,Manoj Singh,61,Male,O+,Trichy,6326031971
P10486,Nithya Reddy,9,Female,O+,Coimbatore,9637996617
P10487,Rahul Mohan,27,Male,O+,Erode,7211774988
P10488,Vivek Reddy,30,Male,O+,Hosur,7729030825
P10489,Naveen Reddy,4,Male,A+,Erode,9602315943
P10490,Prakash Raj,17,Male,B-,Kanchipuram,6835791292
P10491,Rohan Rao,51,Male,A+,Coimbatore,8567072197
P10492,Suresh Gupta,26,Male,O+,Chennai,7424622369
P10493,Swathi Verma,14,Female,B+,Tiruttani,9230604069
P10494,Neha Patel,47,Female,O+,Madurai,6066373616
P10495,Aishwarya Menon,45,Female,O+,Erode,6479056290
P10496,Aditya Nair,44,Male,A+,Madurai,6624634146
P10497,Suresh Krishnan,34,Male,A+,Salem,6401722974
P10498,Sneha Verma,44,Female,A+,Hosur,7802221133
P10499,Naveen Mohan,44,Male,O+,Tirunelveli,7320331889
P10500,Keerthana Singh,30,Female,B+,Madurai,8469839834
P10501,Rakesh Kumar,60,Male,O+,Coimbatore,9398515497
P10502,Harish Raj,44,Male,AB+,Dindigul,7011991226
P10503,Pooja Singh,7,Female,O+,Kanchipuram,8427569908
P10504,Vikram Reddy,88,Male,O+,Vellore,6720577803
P10505,Rohan Kumar,51,Male,O+,Kanchipuram,8456250380
P10506,Ananya Sharma,40,Female,O-,Dindigul,8321328949
P10507,Meera Babu,32,Female,O-,Vellore,7241838143
P10508,Aishwarya Menon,12,Female,AB+,Chennai,9966318364
P10509,Kavya Babu,31,Female,O+,Dindigul,8871994091
P10510,Aditya Sharma,39,Male,O+,Trichy,7325880323
P10511,Ganesh Patel,59,Male,O+,Tiruttani,8018928111
P10512,Pooja Nair,39,Female,A-,Trichy,9992579972
P10513,Keerthana Reddy,33,Female,B+,Madurai,9953808920
P10514,Meera Iyer,30,Female,AB-,Tiruppur,6989741396
P10515,Meera Gupta,61,Female,O+,Chennai,9311940415
P10516,Vikram Verma,63,Male,O+,Tiruttani,7116404896
P10517,Naveen Krishnan,84,Male,O+,Thanjavur,9845352360
P10518,Harini Nair,14,Female,O+,Thanjavur,9910476358
P10519,Sneha Krishnan,42,Female,B+,Thanjavur,6524674674
P10520,Naveen Mohan,75,Male,B+,Tirunelveli,7864758002
P10521,Lakshmi Verma,76,Female,O-,Dindigul,6849010055
P10522,Ashwin Iyer,42,Male,B-,Tiruvallur,9638526193
P10523,Keerthana Babu,47,Female,B+,Tirunelveli,6195008115
P10524,Harini Reddy,32,Female,AB-,Dindigul,9656590567
P10525,Ganesh Krishnan,63,Male,O+,Thanjavur,7149287610
P10526,Pooja Menon,16,Female,B+,Dindigul,7294055447
P10527,Arjun Gupta,26,Male,O-,Madurai,8975265230
P10528,Divya Menon,14,Female,A-,Tiruvallur,9119683876
P10529,Ganesh Iyer,20,Male,O+,Tirunelveli,6635906679
P10530,Ganesh Babu,2,Male,O+,Tiruttani,7408199655
P10531,Harini Iyer,17,Female,B+,Hosur,6323827223
P10532,Neha Babu,65,Female,O+,Hosur,9826377573
P10533,Manoj Sharma,52,Male,O-,Salem,8244843012
P10534,Pooja Kumar,47,Female,AB+,Hosur,6201686797
P10535,Harish Verma,20,Male,A+,Erode,7218083248
P10536,Neha Reddy,52,Female,AB+,Kanchipuram,7967618993
P10537,Rahul Singh,19,Male,A+,Dindigul,6527442780
P10538,Lakshmi Iyer,62,Female,AB+,Dindigul,8612569746
P10539,Harini Raj,62,Female,O+,Thanjavur,7934467015
P10540,Kavya Kumar,35,Female,O-,Kanchipuram,6680112808
P10541,Arjun Raj,13,Male,O+,Dindigul,7728328453
P10542,Harini Iyer,39,Female,O+,Tirunelveli,6750799227
P10543,Divya Gupta,33,Female,O+,Tirunelveli,9891615995
P10544,Ashwin Gupta,43,Male,A+,Erode,6388452955
P10545,Rohan Patel,24,Male,B-,Erode,7908454778
P10546,Lakshmi Rao,48,Female,B+,Dindigul,8866645981
P10547,Naveen Singh,29,Male,O+,Tiruppur,8057164080
P10548,Manoj Iyer,29,Male,AB+,Coimbatore,7049125425
P10549,Karthik Kumar,17,Male,A+,Coimbatore,8701555152
P10550,Pooja Iyer,32,Female,O-,Kanchipuram,8303864945
P10551,Vikram Kumar,45,Male,B+,Kanchipuram,6014967375
P10552,Rahul Raj,38,Male,B+,Trichy,6905070759
P10553,Aditya Raj,41,Male,A+,Salem,8200303614
P10554,Neha Reddy,50,Female,A+,Hosur,8882247871
P10555,Ganesh Reddy,10,Male,AB+,Madurai,7155641184
P10556,Divya Singh,82,Female,O+,Vellore,9470859139
P10557,Priya Patel,11,Female,A+,Coimbatore,9864106459
P10558,Ashwin Gupta,59,Male,O+,Trichy,7029474830
P10559,Lakshmi Patel,80,Female,B+,Hosur,7076766369
P10560,Priya Krishnan,15,Female,O+,Kanchipuram,9102586150
P10561,Rohan Iyer,35,Male,O+,Tiruttani,7016111680
P10562,Harini Kumar,49,Female,A+,Salem,6766158422
P10563,Vikram Reddy,14,Male,B-,Madurai,6008325457
P10564,Deepika Mohan,17,Female,A+,Tiruttani,6931355097
P10565,Ananya Sharma,13,Female,B+,Tirunelveli,8884957790
P10566,Harini Nair,44,Female,O+,Tiruppur,9386922218
P10567,Arjun Nair,21,Male,O+,Tiruppur,9009025820
P10568,Manoj Krishnan,16,Male,O+,Coimbatore,6602487632
P10569,Deepika Menon,20,Female,O+,Tiruvallur,8226254297
P10570,Rakesh Mohan,34,Male,A+,Madurai,8805108643
P10571,Swathi Menon,80,Female,B-,Hosur,7339817131
P10572,Rahul Raj,36,Male,A+,Tiruppur,8605458284
P10573,Sneha Krishnan,62,Female,A+,Tirunelveli,8437916814
P10574,Rakesh Verma,53,Male,O+,Thanjavur,9619354289
P10575,Arjun Mohan,8,Male,B+,Coimbatore,6986376720
P10576,Ashwin Kumar,17,Male,O+,Vellore,9687596817
P10577,Ashwin Patel,26,Male,A+,Hosur,7354441229
P10578,Aditya Kumar,23,Male,O+,Madurai,9881924630
P10579,Neha Babu,45,Female,O-,Dindigul,6170614642
P10580,Nithya Verma,55,Female,O+,Tiruttani,8767698497
P10581,Suresh Verma,35,Male,A+,Tirunelveli,9166659841
P10582,Rahul Menon,33,Male,A+,Salem,9685488781
P10583,Priya Krishnan,8,Female,B+,Tiruttani,9730192383
P10584,Lakshmi Iyer,9,Female,O-,Tiruttani,7803037174
P10585,Divya Sharma,23,Female,O+,Tirunelveli,8557139592
P10586,Harish Raj,48,Male,A-,Tiruvallur,8508968001
P10587,Deepika Rao,31,Female,A+,Erode,7371325443
P10588,Rahul Reddy,49,Male,O+,Tiruttani,8374194278
P10589,Rahul Krishnan,44,Male,A+,Dindigul,7158839803
P10590,Pooja Reddy,54,Female,AB-,Tirunelveli,8739400354
P10591,Deepika Iyer,86,Female,A+,Tiruttani,8344330337
P10592,Meera Verma,9,Female,B+,Tirunelveli,6798500774
P10593,Kavya Raj,28,Female,AB+,Salem,9423360212
P10594,Harish Menon,64,Male,B+,Kanchipuram,8809634209
P10595,Harini Babu,8,Female,A+,Dindigul,9699281701
P10596,Harini Nair,23,Female,B+,Tiruttani,9878309650
P10597,Lakshmi Singh,17,Female,B+,Tiruvallur,8145158983
P10598,Aditya Sharma,42,Male,A+,Vellore,9427460923
P10599,Harish Raj,53,Male,A+,Tiruppur,8288126151
P10600,Rahul Reddy,84,Male,A-,Tiruppur,7982198837
P10601,Divya Singh,36,Female,O+,Tirunelveli,6710768007
P10602,Lakshmi Menon,81,Female,O+,Vellore,8305150571
P10603,Nithya Sharma,33,Female,B+,Salem,9213002205
P10604,Vikram Mohan,7,Male,O+,Chennai,9727458029
P10605,Deepika Sharma,1,Female,A+,Chennai,9567613622
P10606,Priya Singh,80,Female,B+,Hosur,8831590809
P10607,Ganesh Sharma,13,Male,O+,Tirunelveli,6113509742
P10608,Swathi Raj,78,Female,B+,Tiruvallur,6997821353
P10609,Rahul Patel,19,Male,A-,Chennai,9822819594
P10610,Karthik Nair,36,Male,A+,Hosur,6675407997
P10611,Keerthana Verma,68,Female,B+,Coimbatore,9367614896
P10612,Manoj Rao,49,Male,O+,Tiruvallur,8328956444
P10613,Keerthana Verma,37,Female,B+,Trichy,8641597006
P10614,Manoj Rao,37,Male,A+,Trichy,9516335981
P10615,Naveen Verma,59,Male,A+,Tiruvallur,6108800702
P10616,Karthik Mohan,57,Male,AB+,Tiruttani,8562042103
P10617,Aditya Patel,25,Male,A+,Kanchipuram,9778653935
P10618,Harini Verma,32,Female,O+,Trichy,6738795256
P10619,Pooja Kumar,45,Female,B+,Vellore,8731471911
P10620,Naveen Sharma,39,Male,O+,Hosur,6697233363
P10621,Arjun Iyer,34,Male,A+,Trichy,6062542815
P10622,Prakash Mohan,29,Male,O-,Tiruppur,9039532527
P10623,Keerthana Raj,5,Female,B+,Hosur,8618633366
P10624,Neha Verma,37,Female,A+,Thanjavur,9577862553
P10625,Manoj Singh,26,Male,B+,Dindigul,9296857598
P10626,Deepika Nair,37,Female,AB+,Chennai,9703673108
P10627,Rakesh Gupta,35,Male,O-,Tiruvallur,6873223546
P10628,Vikram Menon,30,Male,O+,Hosur,9040426837
P10629,Sneha Patel,40,Female,O+,Hosur,7929285515
P10630,Vivek Patel,48,Male,B+,Chennai,7768664958
P10631,Harish Sharma,20,Male,A+,Kanchipuram,6404993289
P10632,Aditya Reddy,13,Male,O+,Thanjavur,8340099150
P10633,Naveen Mohan,78,Male,B+,Tirunelveli,8181443482
P10634,Pooja Menon,84,Female,A+,Tiruppur,9034306085
P10635,Harish Gupta,52,Male,B+,Tiruttani,7291166792
P10636,Ananya Gupta,44,Female,O+,Hosur,9296808342
P10637,Harini Mohan,68,Female,O+,Thanjavur,9544833202
P10638,Suresh Nair,27,Male,AB+,Hosur,9067903985
P10639,Harish Nair,60,Male,A+,Erode,8213706036
P10640,Ashwin Sharma,82,Male,O+,Kanchipuram,9529229549
P10641,Aishwarya Iyer,32,Female,B+,Tirunelveli,8393245366
P10642,Naveen Verma,31,Male,AB+,Coimbatore,6409830758
P10643,Vikram Babu,17,Male,O+,Tiruvallur,7646059095
P10644,Harish Mohan,57,Male,B+,Erode,6063093808
P10645,Aishwarya Patel,61,Female,B-,Chennai,8270394596
P10646,Meera Singh,58,Female,O-,Tiruppur,8542581208
P10647,Ashwin Sharma,22,Male,O+,Tiruppur,6087098501
P10648,Harini Raj,35,Female,O-,Tiruvallur,7808908310
P10649,Ananya Mohan,6,Female,O+,Thanjavur,9061008197
P10650,Pooja Mohan,10,Female,O+,Tiruvallur,9321545433
P10651,Divya Mohan,28,Female,O+,Dindigul,8142225140
P10652,Naveen Krishnan,50,Male,A+,Hosur,7742159201
P10653,Divya Singh,41,Female,A+,Madurai,7507165010
P10654,Lakshmi Raj,38,Female,A+,Vellore,9941856170
P10655,Naveen Singh,26,Male,AB-,Tiruppur,8690145359
P10656,Aditya Menon,15,Male,O+,Coimbatore,6308562924
P10657,Vikram Singh,30,Male,AB+,Tirunelveli,9523343012
P10658,Ganesh Sharma,23,Male,O+,Vellore,9817728592
P10659,Ashwin Verma,70,Male,A-,Madurai,6424533628
P10660,Harish Raj,6,Male,B+,Salem,6774337756
P10661,Suresh Gupta,24,Male,O+,Coimbatore,8900468290
P10662,Rakesh Babu,59,Male,O+,Trichy,6480762092
P10663,Ashwin Menon,66,Male,O+,Tiruppur,8388731677
P10664,Sneha Sharma,67,Female,B+,Erode,9687070721
P10665,Lakshmi Mohan,76,Female,O+,Hosur,9684877863
P10666,Priya Krishnan,12,Female,A+,Thanjavur,7921275323
P10667,Prakash Rao,32,Male,A+,Dindigul,9114097127
P10668,Arjun Rao,52,Male,AB+,Madurai,6558241408
P10669,Naveen Singh,20,Male,O+,Salem,8306153112
P10670,Aishwarya Menon,73,Female,O+,Tiruttani,9261421851
P10671,Lakshmi Menon,48,Female,B+,Hosur,9478735304
P10672,Karthik Krishnan,34,Male,O+,Tiruppur,8502946246
P10673,Ananya Kumar,46,Female,A+,Coimbatore,7603834145
P10674,Manoj Menon,13,Male,O+,Trichy,9745978003
P10675,Deepika Nair,33,Female,O+,Tiruppur,9505292850
P10676,Nithya Menon,51,Female,A+,Chennai,6108784147
P10677,Keerthana Kumar,31,Female,A+,Coimbatore,7811232236
P10678,Kavya Patel,74,Female,AB+,Thanjavur,6782301235
P10679,Prakash Patel,22,Male,AB+,Tiruvallur,8149514827
P10680,Harini Raj,59,Female,B-,Tiruttani,9088643049
P10681,Nithya Babu,44,Female,A-,Tiruttani,7220022559
P10682,Prakash Babu,30,Male,AB+,Tiruvallur,7444685175
P10683,Swathi Patel,64,Female,A+,Tirunelveli,6433433897
P10684,Priya Gupta,30,Female,B+,Tiruppur,7217526668
P10685,Harini Raj,44,Female,O+,Vellore,6218172160
P10686,Harish Nair,35,Male,O+,Chennai,9585268389
P10687,Priya Babu,49,Female,AB+,Chennai,8795337875
P10688,Nithya Reddy,22,Female,O+,Vellore,8084241741
P10689,Prakash Gupta,58,Male,O+,Tirunelveli,9333819800
P10690,Aishwarya Verma,82,Female,O+,Vellore,6008777092
P10691,Suresh Gupta,46,Male,A+,Salem,7011282828
P10692,Deepika Raj,15,Female,B+,Vellore,8283567569
P10693,Divya Reddy,66,Female,B+,Erode,9542770459
P10694,Aishwarya Patel,19,Female,O+,Salem,7952710500
P10695,Aditya Krishnan,44,Male,AB+,Tiruvallur,8677626968
P10696,Aditya Gupta,41,Male,A+,Tirunelveli,8455579358
P10697,Sneha Mohan,6,Female,O+,Madurai,7890340074
P10698,Priya Kumar,59,Female,A+,Erode,6547909564
P10699,Harish Babu,24,Male,AB+,Kanchipuram,9449405500
P10700,Arjun Iyer,86,Male,B+,Dindigul,8931415981
P10701,Harish Krishnan,14,Male,B+,Trichy,7474683329
P10702,Aishwarya Singh,30,Female,A+,Erode,7513342385
P10703,Harish Sharma,5,Male,B+,Chennai,9638281819
P10704,Aditya Raj,87,Male,O+,Hosur,6126681678
P10705,Suresh Menon,35,Male,O+,Tiruppur,9410149748
P10706,Aditya Gupta,60,Male,A+,Thanjavur,7353909086
P10707,Aditya Singh,52,Male,O-,Salem,7368875636
P10708,Deepika Singh,64,Female,O+,Kanchipuram,6978821439
P10709,Rakesh Kumar,21,Male,B+,Chennai,7447203749
P10710,Kavya Babu,70,Female,O+,Thanjavur,8289299058
P10711,Naveen Menon,23,Male,A+,Trichy,9334662387
P10712,Rakesh Gupta,12,Male,AB+,Chennai,9382776313
P10713,Vivek Menon,76,Male,A+,Erode,6972006051
P10714,Keerthana Reddy,26,Female,B+,Madurai,8351443438
P10715,Manoj Nair,46,Male,A+,Dindigul,9483623097
P10716,Ganesh Gupta,37,Male,O+,Madurai,6902459115
P10717,Ganesh Iyer,37,Male,O+,Tiruppur,9882562540
P10718,Rohan Verma,21,Male,B+,Trichy,7868127807
P10719,Divya Gupta,40,Female,O+,Trichy,9821503150
P10720,Sneha Verma,63,Female,B+,Vellore,8266769660
P10721,Neha Gupta,37,Female,O+,Thanjavur,6870762012
P10722,Swathi Patel,26,Female,A+,Madurai,8611364212
P10723,Prakash Nair,59,Male,O+,Coimbatore,7953127757
P10724,Swathi Raj,18,Female,O+,Tiruvallur,9319921202
P10725,Nithya Mohan,44,Female,A-,Madurai,9643885645
P10726,Keerthana Verma,32,Female,O+,Coimbatore,9561178529
P10727,Pooja Menon,19,Female,B+,Kanchipuram,9188863602
P10728,Aditya Reddy,41,Male,O+,Coimbatore,8895277474
P10729,Swathi Mohan,33,Female,O+,Coimbatore,8501174733
P10730,Meera Gupta,48,Female,B+,Tiruppur,7789569313
P10731,Arjun Iyer,36,Male,AB+,Trichy,6882102397
P10732,Prakash Gupta,43,Male,O-,Hosur,9695891317
P10733,Divya Kumar,16,Female,O+,Salem,6704183490
P10734,Aditya Raj,38,Male,A-,Tirunelveli,6267206426
P10735,Karthik Babu,22,Male,O+,Tiruttani,9479113267
P10736,Arjun Verma,63,Male,A+,Erode,8744738313
P10737,Ashwin Mohan,59,Male,O+,Thanjavur,9581873062
P10738,Sneha Krishnan,16,Female,AB+,Tiruvallur,9452214510
P10739,Arjun Krishnan,30,Male,A+,Dindigul,6515325470
P10740,Rahul Patel,84,Male,B+,Erode,9629714679
P10741,Ashwin Reddy,10,Male,O+,Kanchipuram,6632280102
P10742,Rohan Krishnan,50,Male,O+,Tiruvallur,8607206737
P10743,Vivek Raj,89,Male,A+,Tiruttani,7108895837
P10744,Rahul Raj,63,Male,O+,Tiruppur,7185256712
P10745,Deepika Patel,71,Female,B+,Hosur,7059077957
P10746,Meera Patel,15,Female,A+,Vellore,6030357692
P10747,Lakshmi Raj,76,Female,AB+,Tiruvallur,7257821016
P10748,Suresh Sharma,32,Male,A-,Thanjavur,6964401785
P10749,Neha Krishnan,3,Female,A+,Tiruppur,8176208925
P10750,Deepika Singh,22,Female,A+,Madurai,7982780995
P10751,Neha Verma,29,Female,O+,Tiruttani,8965215546
P10752,Ashwin Mohan,40,Male,B+,Coimbatore,9060094614
P10753,Sneha Iyer,44,Female,B+,Kanchipuram,9877724356
P10754,Sneha Raj,37,Female,O+,Vellore,9685396827
P10755,Deepika Gupta,46,Female,O+,Dindigul,7125092776
P10756,Swathi Verma,13,Female,AB-,Chennai,8962408736
P10757,Swathi Nair,48,Female,O+,Tirunelveli,8142042598
P10758,Swathi Babu,27,Female,A+,Hosur,9183199250
P10759,Nithya Raj,38,Female,B+,Thanjavur,6966222929
P10760,Ananya Babu,31,Female,B+,Thanjavur,8265737469
P10761,Harish Reddy,7,Male,B+,Thanjavur,7401745982
P10762,Keerthana Raj,46,Female,O+,Salem,8896021298
P10763,Prakash Iyer,18,Male,A+,Tiruvallur,8946155642
P10764,Karthik Raj,37,Male,A+,Trichy,9881865188
P10765,Harini Nair,27,Female,A+,Erode,8922644427
P10766,Priya Mohan,15,Female,AB+,Erode,9459610092
P10767,Aditya Mohan,30,Male,A-,Madurai,9210864442
P10768,Kavya Babu,56,Female,AB+,Trichy,6313959001
P10769,Ashwin Iyer,57,Male,O+,Kanchipuram,6265128793
P10770,Pooja Menon,17,Female,B+,Dindigul,9959665910
P10771,Prakash Iyer,23,Male,AB+,Thanjavur,8909512528
P10772,Lakshmi Reddy,2,Female,O+,Kanchipuram,9708561353
P10773,Vivek Reddy,22,Male,O+,Tiruppur,9164407252
P10774,Naveen Krishnan,46,Male,O+,Dindigul,8577814603
P10775,Naveen Iyer,65,Male,A-,Tiruppur,8737741076
P10776,Rahul Kumar,6,Male,B+,Dindigul,7176869198
P10777,Nithya Krishnan,45,Female,O-,Hosur,7975297715
P10778,Rahul Nair,61,Male,O+,Tiruppur,8006389395
P10779,Rakesh Menon,33,Male,A+,Kanchipuram,6537231636
P10780,Priya Menon,27,Female,B-,Tiruttani,7542777190
P10781,Arjun Krishnan,30,Male,A+,Salem,7438773055
P10782,Rakesh Babu,46,Male,AB+,Dindigul,6694567397
P10783,Rahul Singh,3,Male,B-,Chennai,8648762477
P10784,Sneha Nair,12,Female,B+,Vellore,9634280534
P10785,Kavya Babu,55,Female,O+,Chennai,8107122014
P10786,Deepika Raj,38,Female,A+,Salem,7270691571
P10787,Ashwin Raj,34,Male,B+,Tiruppur,9664836955
P10788,Priya Gupta,31,Female,O+,Dindigul,9213018974
P10789,Suresh Mohan,23,Male,O+,Madurai,7009693159
P10790,Sneha Kumar,60,Female,B+,Tiruttani,7313272880
P10791,Pooja Mohan,36,Female,B+,Hosur,8094975333
P10792,Divya Kumar,59,Female,B+,Tiruppur,7773706811
P10793,Aishwarya Verma,15,Female,O+,Hosur,9695831286
P10794,Kavya Sharma,22,Female,A+,Madurai,7571592093
P10795,Vikram Reddy,28,Male,A+,Dindigul,8137638810
P10796,Rakesh Sharma,21,Male,O+,Coimbatore,8689157199
P10797,Sneha Raj,11,Female,AB+,Tiruppur,6085266495
P10798,Prakash Rao,33,Male,A+,Coimbatore,9405148367
P10799,Aishwarya Kumar,2,Female,B-,Tirunelveli,6191324150
P10800,Swathi Kumar,29,Female,AB+,Kanchipuram,7716201970
P10801,Rahul Gupta,13,Male,A+,Tirunelveli,7737933872
P10802,Sneha Verma,26,Female,O+,Thanjavur,9182346776
P10803,Lakshmi Babu,37,Female,A+,Erode,7821512364
P10804,Deepika Raj,45,Female,B+,Tiruttani,7950662080
P10805,Harish Kumar,11,Male,O+,Trichy,9165689128
P10806,Prakash Sharma,76,Male,O+,Dindigul,9330257777
P10807,Meera Iyer,46,Female,A+,Coimbatore,9715258804
P10808,Ganesh Babu,18,Male,AB+,Coimbatore,8811336519
P10809,Ganesh Babu,69,Male,O+,Tiruvallur,6701953171
P10810,Nithya Reddy,24,Female,A-,Erode,8079150857
P10811,Nithya Gupta,13,Female,O+,Thanjavur,7592749268
P10812,Harini Reddy,40,Female,O+,Tirunelveli,6667701540
P10813,Keerthana Babu,32,Female,B+,Coimbatore,6828002986
P10814,Keerthana Raj,54,Female,O+,Tiruppur,7052723532
P10815,Manoj Mohan,65,Male,AB-,Coimbatore,7341211398
P10816,Deepika Sharma,54,Female,O+,Trichy,8953061576
P10817,Rahul Mohan,18,Male,O+,Erode,7955907026
P10818,Swathi Mohan,51,Female,O+,Tiruttani,7034528509
P10819,Karthik Nair,33,Male,O+,Coimbatore,6980977498
P10820,Pooja Iyer,80,Female,O+,Salem,8140888903
P10821,Rakesh Menon,41,Male,B+,Tiruttani,8835766800
P10822,Nithya Verma,57,Female,AB+,Tiruvallur,7745069891
P10823,Rohan Verma,18,Male,A-,Erode,7920557058
P10824,Karthik Verma,69,Male,O+,Salem,6941373145
P10825,Rahul Mohan,59,Male,O+,Dindigul,8126014718
P10826,Kavya Singh,48,Female,O+,Tirunelveli,9955940995
P10827,Pooja Kumar,87,Female,A+,Erode,8634016984
P10828,Divya Nair,53,Female,A+,Erode,8163099242
P10829,Rohan Raj,37,Male,O+,Dindigul,6798911652
P10830,Lakshmi Patel,33,Female,O+,Tiruppur,8738287102
P10831,Sneha Reddy,32,Female,O+,Tiruvallur,8099439692
P10832,Ashwin Mohan,16,Male,A+,Chennai,8518439163
P10833,Naveen Raj,72,Male,B+,Thanjavur,9232300981
P10834,Ananya Babu,42,Female,B-,Tiruppur,9845567289
P10835,Nithya Nair,46,Female,A+,Hosur,6922798067
P10836,Sneha Rao,28,Female,B+,Madurai,8921926945
P10837,Ananya Patel,62,Female,A+,Hosur,9017576809
P10838,Deepika Krishnan,71,Female,AB+,Vellore,6527903291
P10839,Aditya Gupta,27,Male,A+,Coimbatore,8856015869
P10840,Pooja Menon,13,Female,A+,Vellore,9230573165
P10841,Deepika Patel,16,Female,A-,Trichy,7470534750
P10842,Naveen Singh,55,Male,B+,Tiruvallur,6421307952
P10843,Naveen Patel,20,Male,A+,Tiruttani,6877056599
P10844,Manoj Mohan,45,Male,O+,Tiruvallur,7704396922
P10845,Sneha Singh,33,Female,B+,Madurai,9305133915
P10846,Rahul Babu,57,Male,O+,Dindigul,9654711540
P10847,Harish Iyer,19,Male,B+,Hosur,7447727180
P10848,Nithya Patel,71,Female,O+,Chennai,6037492829
P10849,Keerthana Verma,52,Female,AB+,Hosur,8763604836
P10850,Rahul Menon,12,Male,O+,Salem,9160074219
P10851,Karthik Reddy,51,Male,O+,Coimbatore,7175462341
P10852,Aishwarya Krishnan,39,Female,O+,Tirunelveli,6354544097
P10853,Naveen Kumar,25,Male,O+,Coimbatore,7371007647
P10854,Keerthana Babu,62,Female,O+,Trichy,7175441619
P10855,Suresh Kumar,31,Male,O+,Chennai,9001224764
P10856,Vikram Nair,21,Male,O+,Coimbatore,9680875573
P10857,Ganesh Iyer,37,Male,A+,Salem,8630478142
P10858,Suresh Patel,65,Male,O+,Tiruttani,9756290936
P10859,Naveen Mohan,14,Male,O+,Tirunelveli,6975826453
P10860,Keerthana Reddy,33,Female,O-,Dindigul,6935552125
P10861,Prakash Kumar,42,Male,O+,Hosur,8732596984
P10862,Meera Iyer,1,Female,O+,Kanchipuram,9741982802
P10863,Ananya Babu,31,Female,B+,Erode,7884805499
P10864,Neha Nair,52,Female,AB+,Hosur,7097666309
P10865,Neha Reddy,29,Female,O+,Thanjavur,9042624601
P10866,Pooja Gupta,21,Female,O+,Kanchipuram,7495635003
P10867,Lakshmi Iyer,23,Female,B+,Vellore,8155608322
P10868,Neha Raj,19,Female,B+,Salem,7707053048
P10869,Divya Reddy,24,Female,B+,Hosur,7552577407
P10870,Swathi Patel,34,Female,B+,Coimbatore,8567103987
P10871,Nithya Rao,27,Female,O+,Dindigul,9990107930
P10872,Ananya Babu,31,Female,A+,Trichy,7069853310
P10873,Rohan Babu,25,Male,A+,Tiruvallur,9331090377
P10874,Manoj Reddy,32,Male,B+,Erode,9366436802
P10875,Swathi Verma,15,Female,O+,Kanchipuram,8019950309
P10876,Naveen Krishnan,1,Male,A+,Vellore,8946181437
P10877,Suresh Singh,60,Male,A+,Salem,8249411929
P10878,Harini Verma,46,Female,B+,Dindigul,6727632485
P10879,Nithya Rao,17,Female,B+,Trichy,8379994402
P10880,Naveen Sharma,25,Male,O-,Salem,9788121139
P10881,Rahul Mohan,12,Male,O+,Erode,7796169351
P10882,Swathi Sharma,32,Female,O-,Tiruvallur,7531896112
P10883,Suresh Krishnan,26,Male,A+,Kanchipuram,9709706323
P10884,Aditya Singh,45,Male,AB+,Tiruvallur,9738427033
P10885,Manoj Raj,40,Male,A+,Dindigul,6532958644
P10886,Karthik Babu,29,Male,A+,Tiruppur,6081537604
P10887,Ganesh Verma,37,Male,AB+,Dindigul,7713331632
P10888,Priya Raj,22,Female,AB+,Dindigul,8067380974
P10889,Keerthana Iyer,50,Female,O+,Dindigul,7563970881
P10890,Karthik Sharma,58,Male,A+,Tiruvallur,8729819441
P10891,Harish Mohan,57,Male,A+,Dindigul,7043532087
P10892,Nithya Verma,46,Female,B+,Tiruttani,6317922612
P10893,Aishwarya Kumar,61,Female,A+,Madurai,8570554714
P10894,Rakesh Verma,57,Male,AB+,Kanchipuram,6804324478
P10895,Priya Krishnan,34,Female,A+,Kanchipuram,6056746299
P10896,Naveen Iyer,52,Male,A-,Hosur,8448064468
P10897,Naveen Babu,38,Male,AB+,Kanchipuram,9649877222
P10898,Aditya Menon,56,Male,AB+,Madurai,9323183226
P10899,Kavya Mohan,5,Female,B+,Thanjavur,6917422055
P10900,Ananya Verma,8,Female,B+,Thanjavur,9379931726
P10901,Vikram Rao,24,Male,O-,Coimbatore,7756863421
P10902,Nithya Reddy,73,Female,O+,Tiruttani,8475455387
P10903,Harish Nair,48,Male,O+,Vellore,8301155967
P10904,Kavya Reddy,52,Female,O-,Dindigul,8024742115
P10905,Naveen Patel,14,Male,O+,Salem,9744341395
P10906,Deepika Nair,28,Female,A+,Erode,6395823495
P10907,Deepika Gupta,52,Female,O+,Tirunelveli,9899119222
P10908,Sneha Sharma,17,Female,B+,Dindigul,8572840526
P10909,Ganesh Gupta,88,Male,O-,Tiruttani,7776763419
P10910,Naveen Singh,31,Male,AB+,Tiruvallur,6185280700
P10911,Manoj Sharma,58,Male,A-,Coimbatore,9851959264
P10912,Harini Krishnan,16,Female,O+,Madurai,6623710035
P10913,Naveen Menon,26,Male,AB+,Tirunelveli,9991409339
P10914,Vivek Kumar,13,Male,B+,Kanchipuram,7874782225
P10915,Harish Iyer,26,Male,A+,Tiruppur,8354825177
P10916,Prakash Rao,32,Male,O+,Trichy,6655748871
P10917,Ashwin Mohan,40,Male,O+,Hosur,9397610815
P10918,Neha Krishnan,58,Female,A+,Tiruttani,6924198383
P10919,Swathi Patel,5,Female,O+,Tiruttani,8303621491
P10920,Pooja Nair,88,Female,A+,Hosur,8850006262
P10921,Priya Sharma,17,Female,B+,Erode,7725547883
P10922,Arjun Iyer,49,Male,B+,Tirunelveli,7345202904
P10923,Lakshmi Reddy,54,Female,A+,Tiruppur,6159868980
P10924,Aishwarya Iyer,59,Female,B-,Coimbatore,8770529736
P10925,Vikram Gupta,47,Male,O+,Erode,8864230159
P10926,Prakash Reddy,29,Male,AB+,Vellore,7102070326
P10927,Meera Mohan,36,Female,O+,Erode,6989498767
P10928,Swathi Mohan,26,Female,B+,Tiruppur,7430079572
P10929,Rahul Mohan,27,Male,B+,Tiruttani,9732420043
P10930,Ganesh Krishnan,34,Male,B+,Chennai,6135463122
P10931,Vivek Gupta,82,Male,B+,Trichy,6272431538
P10932,Ashwin Raj,47,Male,B+,Vellore,7484476350
P10933,Sneha Nair,29,Female,AB+,Trichy,9347465931
P10934,Sneha Rao,21,Female,A-,Tiruttani,6595895412
P10935,Ganesh Verma,65,Male,O+,Trichy,6826048362
P10936,Aishwarya Babu,8,Female,O+,Erode,6660414275
P10937,Karthik Nair,29,Male,B+,Trichy,8849797874
P10938,Pooja Babu,3,Female,A+,Kanchipuram,9558833050
P10939,Vikram Singh,31,Male,AB+,Vellore,9360388161
P10940,Keerthana Singh,84,Female,O+,Hosur,8004574044
P10941,Arjun Reddy,13,Male,B+,Tiruvallur,7613037525
P10942,Prakash Sharma,25,Male,O+,Salem,7377491694
P10943,Meera Menon,63,Female,B+,Trichy,9880944083
P10944,Nithya Sharma,54,Female,A-,Madurai,6268911191
P10945,Pooja Nair,36,Female,AB+,Thanjavur,9406232567
P10946,Harini Verma,17,Female,B-,Thanjavur,9952588112
P10947,Nithya Reddy,39,Female,A+,Erode,7997628944
P10948,Karthik Mohan,18,Male,A+,Thanjavur,6787563882
P10949,Prakash Krishnan,17,Male,O-,Salem,6842976006
P10950,Priya Patel,42,Female,B+,Kanchipuram,9319300913
P10951,Prakash Babu,49,Male,A+,Hosur,6316540987
P10952,Manoj Verma,25,Male,A+,Trichy,7715106974
P10953,Vikram Menon,43,Male,A+,Trichy,7266662560
P10954,Meera Singh,42,Female,A+,Tiruppur,8614587518
P10955,Meera Nair,64,Female,O-,Coimbatore,9579039158
P10956,Ashwin Nair,5,Male,O+,Vellore,9310140574
P10957,Pooja Raj,70,Female,A+,Madurai,7095519103
P10958,Sneha Kumar,16,Female,O+,Tiruvallur,8368163986
P10959,Suresh Gupta,16,Male,B+,Kanchipuram,9198871256
P10960,Priya Rao,47,Female,O-,Chennai,8148277975
P10961,Harini Iyer,38,Female,B+,Dindigul,6915959423
P10962,Ananya Gupta,20,Female,AB+,Vellore,9140215016
P10963,Divya Nair,40,Female,O+,Tiruvallur,9981932664
P10964,Meera Krishnan,28,Female,O+,Tirunelveli,7491048783
P10965,Prakash Reddy,16,Male,B+,Hosur,6024419486
P10966,Naveen Sharma,54,Male,O+,Tiruppur,9290176983
P10967,Vivek Gupta,15,Male,AB+,Chennai,7113111898
P10968,Aditya Sharma,25,Male,A+,Tiruppur,7704914594
P10969,Pooja Rao,11,Female,A+,Trichy,6674063701
P10970,Priya Rao,42,Female,O+,Tiruppur,6128591195
P10971,Pooja Gupta,44,Female,A+,Tiruvallur,7114236330
P10972,Ananya Menon,49,Female,A+,Coimbatore,8564546298
P10973,Priya Mohan,35,Female,AB+,Tiruttani,9849911083
P10974,Rakesh Rao,32,Male,B+,Vellore,7730139257
P10975,Lakshmi Verma,7,Female,O+,Erode,9474284968
P10976,Neha Iyer,62,Female,A+,Tiruvallur,8252179596
P10977,Ganesh Krishnan,59,Male,A+,Tirunelveli,6581122932
P10978,Rohan Kumar,11,Male,O+,Tiruttani,6055612923
P10979,Arjun Verma,16,Male,A+,Tiruvallur,6178535930
P10980,Pooja Kumar,19,Female,B+,Kanchipuram,6499782333
P10981,Manoj Nair,22,Male,O+,Madurai,6647719858
P10982,Prakash Gupta,61,Male,A+,Madurai,6445560444
P10983,Meera Menon,46,Female,A+,Tirunelveli,6955281011
P10984,Kavya Iyer,21,Female,B+,Madurai,9437246498
P10985,Kavya Mohan,28,Female,O+,Madurai,7762680679
P10986,Keerthana Menon,14,Female,O+,Trichy,8409421505
P10987,Naveen Kumar,38,Male,O+,Coimbatore,9666128776
P10988,Rahul Sharma,27,Male,O+,Tiruvallur,6670588564
P10989,Ashwin Kumar,35,Male,B-,Erode,8305875638
P10990,Pooja Sharma,49,Female,B+,Tiruvallur,6440829980
P10991,Aishwarya Mohan,57,Female,O+,Coimbatore,7979653464
P10992,Neha Babu,8,Female,O+,Erode,9262658494
P10993,Pooja Gupta,48,Female,A+,Dindigul,7453234873
P10994,Rohan Kumar,78,Male,A+,Dindigul,7048986990
P10995,Naveen Raj,31,Male,A+,Tiruppur,9709185771
P10996,Ananya Mohan,48,Female,O+,Madurai,7418377438
P10997,Swathi Nair,43,Female,O+,Chennai,8507744581
P10998,Rohan Krishnan,62,Male,O+,Vellore,9055734608
P10999,Rahul Mohan,41,Male,A+,Chennai,7468680030
P11000,Harish Iyer,39,Male,B+,Trichy,8035663974
P11001,Arjun Raj,25,Male,AB+,Vellore,9434321655
P11002,Prakash Nair,57,Male,O+,Trichy,8347765535
P11003,Vivek Menon,37,Male,O+,Tiruvallur,9443376197
P11004,Divya Menon,3,Female,A+,Tiruppur,7735029904
P11005,Divya Rao,30,Female,B+,Coimbatore,6204076947
P11006,Ashwin Iyer,14,Male,B+,Madurai,7290706265
P11007,Lakshmi Krishnan,82,Female,O+,Salem,9611175313
P11008,Harish Kumar,20,Male,O+,Tiruttani,6017245562
P11009,Neha Menon,44,Female,O-,Tiruttani,6384778901
P11010,Lakshmi Krishnan,2,Female,A+,Vellore,8399158269
P11011,Sneha Mohan,19,Female,A+,Hosur,9403022764
P11012,Aditya Patel,5,Male,B+,Madurai,7340611258
P11013,Deepika Patel,20,Female,O+,Tirunelveli,6590161133
P11014,Pooja Verma,37,Female,AB+,Tirunelveli,7598061763
P11015,Ganesh Singh,21,Male,B+,Erode,8304251504
P11016,Priya Rao,43,Female,A+,Coimbatore,8981734100
P11017,Lakshmi Singh,39,Female,AB+,Madurai,6247314245
P11018,Manoj Kumar,64,Male,B+,Madurai,6678146562
P11019,Ashwin Verma,61,Male,A+,Tiruvallur,9244332315
P11020,Harini Menon,55,Female,O+,Hosur,8689404878
P11021,Ganesh Raj,20,Male,A+,Madurai,7271116951
P11022,Harini Krishnan,88,Female,O+,Tiruttani,6818041120
P11023,Rakesh Gupta,55,Male,O+,Madurai,7256678313
P11024,Aditya Menon,21,Male,A+,Tiruvallur,8958773550
P11025,Ashwin Singh,12,Male,O+,Erode,9474179154
P11026,Arjun Rao,89,Male,AB+,Madurai,9545776846
P11027,Kavya Reddy,76,Female,A+,Kanchipuram,8201860868
P11028,Keerthana Mohan,73,Female,A-,Hosur,7495932840
P11029,Prakash Menon,47,Male,A+,Coimbatore,9765245160
P11030,Swathi Iyer,14,Female,A+,Madurai,9253930734
P11031,Sneha Patel,19,Female,O+,Dindigul,9503595605
P11032,Meera Patel,33,Female,O+,Thanjavur,9041066495
P11033,Ashwin Rao,54,Male,A+,Chennai,8176518065
P11034,Swathi Patel,30,Female,B+,Coimbatore,7753470205
P11035,Lakshmi Gupta,35,Female,A+,Salem,6676580539
P11036,Naveen Patel,40,Male,O+,Tiruttani,8882734424
P11037,Rahul Iyer,65,Male,A+,Coimbatore,6998074167
P11038,Sneha Raj,19,Female,A+,Tiruvallur,6759643499
P11039,Vikram Patel,23,Male,A-,Hosur,9854646751
P11040,Naveen Patel,17,Male,O+,Tiruvallur,6049007917
P11041,Lakshmi Nair,25,Female,B+,Hosur,8529098145
P11042,Vivek Babu,38,Male,B+,Coimbatore,6358354937
P11043,Divya Gupta,38,Female,A+,Madurai,7549161558
P11044,Neha Reddy,28,Female,B-,Coimbatore,9175609925
P11045,Manoj Mohan,46,Male,O-,Tiruvallur,9905150727
P11046,Arjun Kumar,34,Male,A+,Chennai,6454259465
P11047,Deepika Gupta,39,Female,A+,Erode,7469140127
P11048,Ashwin Babu,24,Male,B+,Erode,8676260022
P11049,Suresh Mohan,3,Male,O+,Coimbatore,7866432654
P11050,Naveen Rao,33,Male,O+,Hosur,7078368673
P11051,Vivek Reddy,82,Male,O-,Tiruppur,6309742735
P11052,Arjun Mohan,17,Male,O+,Tiruttani,7099187751
P11053,Karthik Mohan,46,Male,O+,Trichy,8401784538
P11054,Meera Patel,15,Female,AB+,Dindigul,6928520651
P11055,Rahul Krishnan,13,Male,B-,Kanchipuram,6306510237
P11056,Ananya Gupta,9,Female,A+,Coimbatore,6758686932
P11057,Ashwin Rao,68,Male,O+,Coimbatore,9188542779
P11058,Harini Gupta,68,Female,O-,Dindigul,7219169832
P11059,Priya Kumar,21,Female,AB+,Chennai,6344101211
P11060,Rohan Nair,43,Male,O-,Madurai,7026128934
P11061,Aditya Verma,2,Male,O+,Erode,9548135077
P11062,Manoj Patel,21,Male,O+,Kanchipuram,9081689021
P11063,Sneha Mohan,8,Female,A+,Tirunelveli,9787916964
P11064,Kavya Iyer,43,Female,O+,Vellore,7179287008
P11065,Manoj Verma,32,Male,O+,Kanchipuram,6305785607
P11066,Deepika Sharma,41,Female,O+,Madurai,8834434845
P11067,Karthik Gupta,19,Male,B+,Erode,6125943703
P11068,Ananya Patel,71,Female,O+,Tiruppur,8680009880
P11069,Aditya Singh,49,Male,A+,Tiruppur,6556593170
P11070,Vikram Reddy,73,Male,O+,Erode,9902299039
P11071,Meera Iyer,26,Female,A+,Erode,7119545124
P11072,Aishwarya Rao,50,Female,B+,Tiruvallur,7356622700
P11073,Ashwin Krishnan,43,Male,A+,Tiruttani,6724595379
P11074,Manoj Rao,69,Male,O+,Chennai,8392531860
P11075,Rakesh Reddy,47,Male,O-,Tiruttani,7986081224
P11076,Neha Nair,45,Female,O+,Tiruppur,7135676399
P11077,Vivek Raj,25,Male,B-,Dindigul,6850576302
P11078,Rohan Mohan,22,Male,O+,Trichy,8005967692
P11079,Rohan Rao,17,Male,O+,Thanjavur,6913065306
P11080,Keerthana Raj,49,Female,O+,Erode,9656895614
P11081,Vikram Rao,49,Male,O+,Tirunelveli,9775937807
P11082,Arjun Krishnan,40,Male,AB+,Tirunelveli,9681684035
P11083,Karthik Verma,32,Male,A+,Chennai,8144213039
P11084,Naveen Gupta,14,Male,A-,Madurai,9681331843
P11085,Prakash Kumar,40,Male,A+,Chennai,9855765255
P11086,Kavya Singh,19,Female,B+,Tiruttani,8422403792
P11087,Lakshmi Patel,53,Female,O+,Tiruvallur,7513932808
P11088,Lakshmi Nair,18,Female,O-,Tiruvallur,7323858820
P11089,Aditya Kumar,41,Male,O+,Madurai,8309788627
P11090,Naveen Menon,14,Male,A+,Coimbatore,9383107554
P11091,Prakash Patel,40,Male,B+,Thanjavur,8992144020
P11092,Vivek Verma,31,Male,A+,Tirunelveli,9415264436
P11093,Rohan Sharma,24,Male,A-,Salem,7094274809
P11094,Deepika Menon,3,Female,A+,Tiruvallur,8460714667
P11095,Rakesh Reddy,17,Male,A-,Vellore,9481339463
P11096,Meera Krishnan,46,Female,A+,Dindigul,7696425141
P11097,Rakesh Raj,28,Male,AB+,Madurai,7551807317
P11098,Rohan Menon,53,Male,O+,Thanjavur,9461185587
P11099,Manoj Raj,42,Male,A-,Chennai,6754187001
P11100,Harish Singh,38,Male,A+,Erode,9166715561
P11101,Ananya Verma,58,Female,O+,Tiruvallur,6425717261
P11102,Suresh Rao,59,Male,O+,Salem,6139076433
P11103,Vivek Sharma,21,Male,AB+,Vellore,6723561925
P11104,Karthik Verma,40,Male,O+,Hosur,6721707637
P11105,Rahul Raj,38,Male,B+,Vellore,7208832336
P11106,Aditya Krishnan,54,Male,A-,Erode,9599265305
P11107,Aditya Reddy,14,Male,A+,Chennai,8404491475
P11108,Ananya Verma,19,Female,O+,Tiruttani,8626566030
P11109,Divya Kumar,75,Female,A+,Chennai,9431052687
P11110,Aditya Gupta,12,Male,O+,Coimbatore,9121908125
P11111,Suresh Singh,43,Male,O+,Erode,9713691538
P11112,Harini Rao,30,Female,A+,Madurai,9156739577
P11113,Karthik Reddy,15,Male,A+,Thanjavur,8556895348
P11114,Ashwin Menon,68,Male,A+,Madurai,9356442497
P11115,Naveen Singh,49,Male,AB+,Coimbatore,9149350088
P11116,Rohan Nair,76,Male,O+,Trichy,9536030873
P11117,Aditya Iyer,18,Male,AB+,Tiruttani,9469655408
P11118,Suresh Raj,32,Male,O+,Coimbatore,6013192780
P11119,Priya Rao,56,Female,A+,Trichy,6656710711
P11120,Prakash Krishnan,18,Male,O-,Hosur,9747939891
P11121,Pooja Nair,2,Female,O+,Tirunelveli,8727643489
P11122,Aditya Verma,53,Male,A-,Tiruvallur,8145522860
P11123,Naveen Verma,45,Male,AB+,Dindigul,7962428540
P11124,Aditya Rao,58,Male,AB+,Erode,7863493895
P11125,Sneha Raj,61,Female,A+,Kanchipuram,9881392791
P11126,Priya Babu,38,Female,A-,Trichy,8468797318
P11127,Pooja Rao,51,Female,B-,Coimbatore,9981763048
P11128,Harini Menon,66,Female,A+,Dindigul,7565730578
P11129,Aishwarya Menon,20,Female,AB+,Vellore,9727264548
P11130,Meera Raj,43,Female,B+,Tiruvallur,9372424797
P11131,Rohan Raj,44,Male,O-,Trichy,6406744187
P11132,Aishwarya Menon,8,Female,A+,Madurai,8968988529
P11133,Arjun Mohan,81,Male,O+,Hosur,7978293819
P11134,Suresh Reddy,83,Male,O+,Hosur,8355632240
P11135,Rohan Babu,7,Male,AB+,Trichy,8463048913
P11136,Priya Raj,34,Female,O+,Tiruttani,7677504099
P11137,Vivek Krishnan,54,Male,O+,Coimbatore,6326253921
P11138,Suresh Reddy,42,Male,O+,Erode,6408618259
P11139,Keerthana Krishnan,45,Female,O+,Thanjavur,9052669030
P11140,Nithya Kumar,63,Female,B+,Salem,7607688999
P11141,Aditya Mohan,9,Male,B+,Salem,6964592916
P11142,Naveen Sharma,86,Male,AB-,Tiruttani,9683447463
P11143,Rahul Iyer,56,Male,A-,Erode,7565311144
P11144,Vikram Patel,5,Male,A-,Trichy,6384764922
P11145,Harini Singh,31,Female,O+,Chennai,7200993295
P11146,Harish Babu,39,Male,AB-,Hosur,8913680987
P11147,Nithya Raj,30,Female,A+,Erode,6743576175
P11148,Priya Raj,14,Female,A+,Vellore,9382775425
P11149,Harish Rao,9,Male,AB+,Coimbatore,7928771109
P11150,Harini Patel,87,Female,AB+,Chennai,9453358809
P11151,Sneha Mohan,58,Female,O+,Vellore,8434252138
P11152,Karthik Patel,43,Male,O+,Hosur,9280876116
P11153,Pooja Mohan,35,Female,B+,Thanjavur,9266214581
P11154,Swathi Patel,18,Female,O-,Vellore,8338921816
P11155,Kavya Krishnan,30,Female,A+,Coimbatore,7424957740
P11156,Swathi Mohan,26,Female,O+,Vellore,9247209383
P11157,Vivek Raj,47,Male,O+,Tiruttani,9023323902
P11158,Keerthana Reddy,42,Female,O+,Hosur,9732144670
P11159,Aishwarya Raj,36,Female,O+,Vellore,8394892030
P11160,Pooja Nair,19,Female,O-,Dindigul,7528596629
P11161,Priya Kumar,4,Female,A+,Salem,8016383862
P11162,Rakesh Gupta,50,Male,B+,Tiruvallur,7567522467
P11163,Swathi Iyer,38,Female,A+,Kanchipuram,9533180890
P11164,Meera Verma,61,Female,O+,Trichy,7081140756
P11165,Ganesh Babu,55,Male,AB+,Vellore,6838945973
P11166,Ananya Menon,26,Female,O+,Vellore,6356196526
P11167,Vikram Kumar,29,Male,O+,Chennai,8786579873
P11168,Priya Gupta,59,Female,O+,Erode,9856034376
P11169,Meera Verma,28,Female,B+,Tiruvallur,6179431715
P11170,Rakesh Babu,46,Male,AB+,Trichy,9389764385
P11171,Vivek Iyer,38,Male,B-,Chennai,6268440124
P11172,Lakshmi Rao,25,Female,O+,Dindigul,6170357657
P11173,Ganesh Reddy,8,Male,A+,Tirunelveli,7550139665
P11174,Ashwin Kumar,6,Male,A+,Tirunelveli,9806613877
P11175,Divya Raj,7,Female,O-,Erode,6876736583
P11176,Neha Nair,35,Female,A+,Coimbatore,9081035691
P11177,Aishwarya Iyer,52,Female,B+,Trichy,9720440339
P11178,Vivek Menon,30,Male,O+,Tiruttani,8198340473
P11179,Aditya Rao,35,Male,B+,Tiruttani,7896617923
P11180,Rohan Iyer,27,Male,A+,Chennai,6275302883
P11181,Priya Menon,16,Female,O+,Madurai,6007796666
P11182,Harini Gupta,65,Female,A+,Vellore,9254915772
P11183,Aditya Kumar,36,Male,O+,Madurai,7012934160
P11184,Keerthana Reddy,35,Female,AB+,Chennai,6237427424
P11185,Deepika Krishnan,61,Female,A+,Erode,8571953142
P11186,Divya Krishnan,28,Female,B+,Dindigul,8127519384
P11187,Neha Babu,52,Female,A+,Trichy,9854487134
P11188,Suresh Singh,63,Male,O+,Trichy,9876355142
P11189,Lakshmi Sharma,40,Female,A+,Dindigul,6232378006
P11190,Lakshmi Menon,67,Female,O+,Tiruppur,8827270294
P11191,Prakash Rao,2,Male,B+,Kanchipuram,8944119042
P11192,Keerthana Singh,12,Female,O+,Hosur,9827155649
P11193,Prakash Iyer,27,Male,B+,Trichy,7435271201
P11194,Rohan Rao,49,Male,AB+,Erode,8078529056
P11195,Divya Krishnan,74,Female,O+,Tirunelveli,7518033631
P11196,Rahul Singh,48,Male,B+,Salem,8365920361
P11197,Kavya Gupta,82,Female,A+,Dindigul,7550567844
P11198,Vikram Singh,18,Male,A+,Tiruppur,8375218319
P11199,Aditya Reddy,29,Male,A+,Tiruvallur,8356741702
P11200,Rahul Nair,56,Male,O-,Chennai,8951305270
P11201,Arjun Babu,27,Male,O+,Tirunelveli,8472905315
P11202,Lakshmi Sharma,31,Female,O+,Kanchipuram,6435427355
P11203,Lakshmi Verma,79,Female,B+,Vellore,6319262067
P11204,Rohan Raj,20,Male,O+,Tiruttani,7188562577
P11205,Karthik Patel,47,Male,O+,Vellore,9967713335
P11206,Meera Patel,14,Female,A+,Thanjavur,9953472463
P11207,Naveen Verma,21,Male,O+,Salem,6133507573
P11208,Vikram Kumar,2,Male,O-,Dindigul,9397340902
P11209,Divya Verma,73,Female,A+,Kanchipuram,9370785221
P11210,Rakesh Babu,24,Male,B+,Tiruttani,7285519053
P11211,Rakesh Rao,38,Male,B+,Tirunelveli,9476893662
P11212,Kavya Rao,50,Female,O+,Kanchipuram,7608809804
P11213,Meera Nair,44,Female,AB+,Kanchipuram,7393394658
P11214,Nithya Kumar,13,Female,AB+,Salem,9636607127
P11215,Vikram Nair,53,Male,B+,Chennai,7446356633
P11216,Pooja Kumar,37,Female,O+,Tirunelveli,8319131080
P11217,Arjun Patel,35,Male,A+,Thanjavur,6456156707
P11218,Deepika Mohan,26,Female,B+,Erode,6228701155
P11219,Deepika Reddy,46,Female,AB-,Hosur,8778992623
P11220,Rohan Krishnan,85,Male,A+,Chennai,6002045267
P11221,Rakesh Rao,16,Male,AB+,Tiruttani,6801083447
P11222,Aditya Verma,36,Male,B+,Tirunelveli,7477994906
P11223,Manoj Singh,32,Male,A-,Hosur,7624971068
P11224,Nithya Patel,44,Female,AB+,Madurai,8701576656
P11225,Ananya Kumar,53,Female,O+,Vellore,8547304803
P11226,Aditya Babu,60,Male,O+,Vellore,6110443111
P11227,Suresh Raj,36,Male,A+,Coimbatore,7436686464
P11228,Naveen Gupta,68,Male,O+,Trichy,8026443080
P11229,Keerthana Nair,32,Female,B+,Madurai,9561447540
P11230,Sneha Sharma,81,Female,AB+,Tiruppur,6291227818
P11231,Arjun Sharma,22,Male,O-,Coimbatore,6055457571
P11232,Arjun Raj,25,Male,A+,Trichy,6467086412
P11233,Rahul Rao,30,Male,AB+,Trichy,6461009440
P11234,Ashwin Menon,13,Male,O+,Tiruttani,8058585899
P11235,Ananya Menon,6,Female,B+,Tiruttani,7628399043
P11236,Sneha Singh,66,Female,O+,Vellore,8442643995
P11237,Manoj Rao,24,Male,AB+,Coimbatore,7543080612
P11238,Pooja Patel,36,Female,AB+,Coimbatore,6501450196
P11239,Vikram Krishnan,14,Male,A+,Tiruppur,7936768613
P11240,Karthik Patel,62,Male,B+,Salem,8820852643
P11241,Pooja Reddy,8,Female,B+,Tirunelveli,8441476754
P11242,Keerthana Krishnan,22,Female,A+,Tiruppur,8898182864
P11243,Arjun Mohan,79,Male,O+,Dindigul,8425813675
P11244,Rahul Reddy,48,Male,O+,Coimbatore,9020265307
P11245,Vivek Iyer,14,Male,O-,Chennai,8703793537
P11246,Ganesh Raj,62,Male,O+,Hosur,9920779253
P11247,Pooja Patel,10,Female,AB+,Chennai,8688088259
P11248,Ananya Singh,16,Female,O+,Chennai,9400322062
P11249,Harish Nair,17,Male,O-,Erode,6890766475
P11250,Sneha Rao,24,Female,A+,Erode,8310224258
P11251,Prakash Raj,51,Male,A+,Tiruttani,7749910971
P11252,Pooja Krishnan,13,Female,B+,Kanchipuram,7123422554
P11253,Harish Reddy,69,Male,O-,Madurai,8974745261
P11254,Aishwarya Patel,31,Female,O+,Kanchipuram,6805161848
P11255,Naveen Singh,27,Male,A+,Thanjavur,9631805956
P11256,Aishwarya Sharma,40,Female,O+,Tiruttani,7040109718
P11257,Ganesh Kumar,71,Male,O+,Chennai,6684497887
P11258,Lakshmi Rao,54,Female,A-,Tiruvallur,7589317269
P11259,Ganesh Raj,71,Male,O+,Coimbatore,7530561745
P11260,Harini Verma,15,Female,B+,Tirunelveli,7816095908
P11261,Prakash Iyer,20,Male,A+,Hosur,9119697530
P11262,Meera Kumar,15,Female,A+,Dindigul,7721576938
P11263,Deepika Iyer,2,Female,A+,Trichy,7578201740
P11264,Nithya Patel,35,Female,B+,Chennai,6449550797
P11265,Rakesh Babu,16,Male,O+,Tirunelveli,7418288580
P11266,Priya Rao,20,Female,O+,Hosur,9619872426
P11267,Aditya Verma,18,Male,A+,Erode,9179248078
P11268,Harini Gupta,63,Female,O+,Erode,8464131851
P11269,Karthik Sharma,40,Male,O+,Madurai,9785481227
P11270,Harish Rao,65,Male,O+,Erode,9629969538
P11271,Arjun Nair,42,Male,O+,Tiruvallur,8888904113
P11272,Aditya Reddy,33,Male,B+,Chennai,9074880349
P11273,Rakesh Babu,23,Male,O+,Tiruppur,6052028687
P11274,Rohan Verma,76,Male,O+,Madurai,7250237642
P11275,Swathi Babu,37,Female,B+,Trichy,7134188091
P11276,Ananya Raj,85,Female,B+,Thanjavur,8833752647
P11277,Prakash Raj,20,Male,B+,Tiruppur,9679753110
P11278,Vikram Singh,15,Male,O+,Chennai,8402907380
P11279,Pooja Kumar,4,Female,O+,Coimbatore,6346904450
P11280,Lakshmi Krishnan,51,Female,A+,Coimbatore,6516076694
P11281,Swathi Singh,4,Female,B-,Kanchipuram,8223731797
P11282,Kavya Babu,61,Female,A+,Tirunelveli,9034634661
P11283,Rohan Rao,72,Male,B+,Kanchipuram,6533917038
P11284,Ananya Singh,62,Female,O+,Tiruppur,6647157149
P11285,Rahul Verma,22,Male,AB+,Vellore,9292923110
P11286,Aditya Patel,22,Male,O+,Hosur,6678234763
P11287,Ganesh Menon,4,Male,O+,Vellore,6082322635
P11288,Kavya Rao,40,Female,B+,Tirunelveli,7828859630
P11289,Pooja Reddy,20,Female,A+,Tiruttani,7132602552
P11290,Deepika Singh,2,Female,B+,Chennai,7530637032
P11291,Neha Singh,59,Female,AB+,Thanjavur,9646303551
P11292,Vikram Krishnan,44,Male,A-,Coimbatore,6201292530
P11293,Aishwarya Iyer,28,Female,O+,Chennai,9900318695
P11294,Swathi Patel,88,Female,B+,Tirunelveli,9403895151
P11295,Rakesh Menon,27,Male,O+,Salem,6385349748
P11296,Keerthana Gupta,16,Female,A+,Salem,8008237166
P11297,Divya Reddy,35,Female,AB+,Trichy,6503719528
P11298,Sneha Reddy,5,Female,A+,Tiruvallur,7706058734
P11299,Divya Menon,12,Female,O+,Chennai,7070979280
P11300,Rakesh Nair,44,Male,O-,Hosur,9422716407
P11301,Ananya Singh,6,Female,AB+,Tiruttani,6929666862
P11302,Rahul Raj,34,Male,A+,Trichy,9578641970
P11303,Harish Sharma,33,Male,AB+,Tiruvallur,7182762167
P11304,Harini Raj,22,Female,O+,Coimbatore,9971333143
P11305,Vivek Gupta,80,Male,B+,Salem,9024391216
P11306,Harini Singh,20,Female,B+,Tiruvallur,7256529860
P11307,Rohan Menon,20,Male,A+,Tiruvallur,9430325235
P11308,Ashwin Gupta,5,Male,B+,Tiruvallur,9888152393
P11309,Prakash Kumar,52,Male,B+,Hosur,8807556350
P11310,Rohan Iyer,64,Male,O+,Vellore,8111171562
P11311,Keerthana Iyer,24,Female,AB+,Madurai,8396831915
P11312,Sneha Menon,71,Female,O-,Salem,8406783584
P11313,Ananya Rao,24,Female,A+,Tirunelveli,8141449389
P11314,Divya Gupta,35,Female,A+,Madurai,6201254216
P11315,Rakesh Menon,23,Male,AB-,Erode,9929177544
P11316,Harini Nair,35,Female,B+,Kanchipuram,7016722392
P11317,Naveen Kumar,3,Male,A+,Vellore,8408975738
P11318,Ananya Iyer,49,Female,B+,Tirunelveli,6344550859
P11319,Divya Reddy,21,Female,B-,Vellore,9753123428
P11320,Aditya Kumar,26,Male,O+,Tiruppur,9859219062
P11321,Harish Sharma,45,Male,A+,Trichy,9920515831
P11322,Ananya Babu,31,Female,O+,Tiruvallur,6066788072
P11323,Vikram Reddy,20,Male,A+,Salem,9112487155
P11324,Keerthana Verma,21,Female,B+,Dindigul,9151667316
P11325,Rahul Sharma,35,Male,B+,Coimbatore,8818399600
P11326,Kavya Gupta,60,Female,B-,Madurai,9107257062
P11327,Arjun Menon,38,Male,AB+,Kanchipuram,7246876545
P11328,Arjun Raj,40,Male,AB+,Salem,7993251616
P11329,Keerthana Reddy,26,Female,O+,Salem,9495009317
P11330,Neha Menon,45,Female,A+,Tiruppur,7403925336
P11331,Keerthana Verma,42,Female,O+,Salem,7802643482
P11332,Keerthana Iyer,23,Female,O+,Hosur,9906926549
P11333,Nithya Verma,44,Female,B+,Tiruvallur,9228931845
P11334,Ganesh Sharma,38,Male,O+,Trichy,9065144871
P11335,Swathi Krishnan,13,Female,B+,Dindigul,6746210803
P11336,Harini Nair,34,Female,O+,Tiruppur,9557957783
P11337,Harish Raj,1,Male,B+,Salem,9875527925
P11338,Naveen Gupta,61,Male,AB+,Kanchipuram,9047882014
P11339,Meera Menon,85,Female,O+,Trichy,9908351748
P11340,Kavya Singh,20,Female,O+,Salem,7353326167
P11341,Karthik Sharma,49,Male,O+,Coimbatore,9513021732
P11342,Divya Sharma,30,Female,O+,Tiruttani,8674968101
P11343,Aditya Gupta,67,Male,O+,Tirunelveli,9225584451
P11344,Harini Reddy,37,Female,AB+,Chennai,8843537855
P11345,Vivek Reddy,35,Male,O+,Dindigul,6068650001
P11346,Ananya Raj,76,Female,B-,Kanchipuram,6939065452
P11347,Priya Nair,35,Female,B+,Coimbatore,9988884295
P11348,Priya Sharma,28,Female,A+,Madurai,8406213210
P11349,Harini Reddy,4,Female,O+,Salem,8630747746
P11350,Priya Singh,38,Female,O+,Erode,7363962559
P11351,Naveen Verma,38,Male,A+,Hosur,7635452385
P11352,Swathi Krishnan,7,Female,A+,Tiruvallur,6282061720
P11353,Sneha Kumar,18,Female,A+,Hosur,9463441337
P11354,Ananya Raj,90,Female,B+,Tirunelveli,7565493441
P11355,Meera Sharma,39,Female,B-,Coimbatore,8235212204
P11356,Priya Krishnan,17,Female,A+,Madurai,8454779174
P11357,Ananya Reddy,35,Female,O+,Trichy,8349886179
P11358,Lakshmi Raj,89,Female,O+,Tiruttani,8684572997
P11359,Ananya Kumar,26,Female,O+,Vellore,6928167984
P11360,Meera Singh,58,Female,O+,Tiruvallur,8255131332
P11361,Aditya Kumar,24,Male,O-,Madurai,7894836335
P11362,Deepika Kumar,64,Female,A+,Hosur,9698250733
P11363,Pooja Sharma,20,Female,O+,Thanjavur,7944568164
P11364,Arjun Singh,15,Male,AB+,Kanchipuram,6125423979
P11365,Meera Rao,54,Female,B+,Tiruppur,7684918505
P11366,Meera Babu,44,Female,A+,Coimbatore,8070655925
P11367,Harish Mohan,40,Male,O+,Salem,7388046164
P11368,Harish Nair,15,Male,O+,Hosur,8079309430
P11369,Prakash Gupta,38,Male,A+,Trichy,9420993297
P11370,Kavya Verma,36,Female,B+,Tiruppur,9148164156
P11371,Keerthana Nair,7,Female,B-,Trichy,8516676828
P11372,Karthik Rao,44,Male,B-,Vellore,8368538281
P11373,Lakshmi Patel,14,Female,O+,Madurai,9864046285
P11374,Manoj Kumar,14,Male,B+,Tiruttani,8220340613
P11375,Keerthana Rao,31,Female,O+,Tiruppur,9289863040
P11376,Ananya Babu,35,Female,A+,Tiruppur,6424959098
P11377,Swathi Gupta,16,Female,A+,Tiruvallur,9567849372
P11378,Rakesh Gupta,21,Male,O+,Vellore,6358204850
P11379,Manoj Nair,13,Male,B+,Vellore,8163621881
P11380,Rakesh Reddy,61,Male,O+,Erode,6024166980
P11381,Sneha Nair,42,Female,O+,Vellore,8094885233
P11382,Lakshmi Gupta,13,Female,A-,Tirunelveli,8889543055
P11383,Meera Menon,7,Female,A+,Salem,6986823180
P11384,Suresh Reddy,49,Male,B+,Coimbatore,9267086440
P11385,Ganesh Mohan,43,Male,B+,Tiruttani,7225442250
P11386,Ganesh Rao,33,Male,AB+,Tiruvallur,8823712064
P11387,Rohan Singh,59,Male,B+,Tirunelveli,8827821230
P11388,Naveen Singh,22,Male,O+,Tiruvallur,7650939520
P11389,Vikram Reddy,35,Male,A+,Kanchipuram,9356188449
P11390,Ananya Babu,46,Female,B+,Kanchipuram,6320405635
P11391,Sneha Sharma,41,Female,B-,Tiruttani,7709004386
P11392,Ashwin Babu,13,Male,O-,Dindigul,6581972596
P11393,Ganesh Nair,15,Male,AB+,Tirunelveli,9966952181
P11394,Manoj Menon,41,Male,O+,Erode,8773857943
P11395,Lakshmi Patel,32,Female,A-,Vellore,6351706016
P11396,Sneha Krishnan,56,Female,AB+,Tiruvallur,8940815780
P11397,Ananya Menon,60,Female,O+,Kanchipuram,6081118415
P11398,Suresh Gupta,65,Male,O+,Chennai,8017763823
P11399,Harish Patel,5,Male,O+,Erode,6492349310
P11400,Aishwarya Menon,83,Female,A+,Kanchipuram,9326286042
P11401,Ashwin Singh,56,Male,AB+,Coimbatore,8697834685
P11402,Rahul Nair,29,Male,B+,Chennai,8665948139
P11403,Aishwarya Nair,21,Female,B+,Salem,6081449681
P11404,Aditya Krishnan,30,Male,A+,Thanjavur,8010254522
P11405,Rakesh Krishnan,2,Male,O+,Dindigul,7438297799
P11406,Rakesh Krishnan,10,Male,A+,Tiruvallur,6121232562
P11407,Prakash Rao,84,Male,A+,Thanjavur,9087204630
P11408,Deepika Rao,15,Female,AB+,Trichy,8341133237
P11409,Keerthana Iyer,22,Female,B-,Vellore,7871872433
P11410,Deepika Raj,45,Female,O+,Kanchipuram,6052891887
P11411,Ganesh Mohan,7,Male,O+,Coimbatore,8530578406
P11412,Arjun Sharma,47,Male,O+,Madurai,7553352474
P11413,Deepika Singh,34,Female,O+,Tirunelveli,8909250024
P11414,Ananya Menon,86,Female,O+,Hosur,7769949068
P11415,Manoj Singh,49,Male,B+,Erode,6373416945
P11416,Karthik Babu,70,Male,A+,Trichy,9692981518
P11417,Pooja Iyer,57,Female,A+,Salem,6604194729
P11418,Suresh Mohan,11,Male,O-,Tiruppur,9796520617
P11419,Divya Raj,46,Female,O+,Tiruppur,6396318622
P11420,Divya Gupta,40,Female,B+,Madurai,9666725519
P11421,Manoj Babu,48,Male,B+,Kanchipuram,8100084030
P11422,Ananya Mohan,19,Female,B-,Coimbatore,9845553178
P11423,Vivek Menon,36,Male,O+,Salem,9987047950
P11424,Pooja Iyer,10,Female,O+,Vellore,9493450650
P11425,Manoj Menon,62,Male,O+,Salem,8866502864
P11426,Aishwarya Kumar,58,Female,O-,Vellore,8170731997
P11427,Rohan Kumar,60,Male,O+,Chennai,6935332038
P11428,Rakesh Singh,59,Male,B+,Tiruttani,8250295065
P11429,Aishwarya Nair,62,Female,O+,Thanjavur,7084258473
P11430,Ananya Babu,52,Female,A+,Kanchipuram,8800780643
P11431,Priya Iyer,52,Female,O+,Erode,6515242222
P11432,Rakesh Iyer,69,Male,O+,Dindigul,7015414466
P11433,Vivek Iyer,21,Male,O+,Madurai,8250539556
P11434,Arjun Gupta,24,Male,O+,Vellore,9141086189
P11435,Karthik Iyer,39,Male,A+,Salem,7606819893
P11436,Nithya Mohan,28,Female,O-,Dindigul,6860737375
P11437,Prakash Kumar,3,Male,B+,Trichy,9348283107
P11438,Keerthana Sharma,77,Female,AB+,Tirunelveli,8204074903
P11439,Sneha Verma,20,Female,A+,Vellore,7438647954
P11440,Sneha Reddy,32,Female,A-,Tirunelveli,8636756559
P11441,Vivek Kumar,41,Male,O+,Erode,6133755584
P11442,Harini Patel,21,Female,A+,Thanjavur,9136752551
P11443,Naveen Sharma,55,Male,B-,Madurai,6946308462
P11444,Sneha Raj,44,Female,O+,Dindigul,8771202283
P11445,Aditya Patel,13,Male,O+,Coimbatore,7059531571
P11446,Divya Gupta,57,Female,B+,Tiruvallur,9501980979
P11447,Pooja Patel,37,Female,B+,Erode,6912370921
P11448,Harish Krishnan,48,Male,O+,Salem,9891895526
P11449,Naveen Iyer,16,Male,A+,Tiruppur,8530611002
P11450,Aishwarya Verma,48,Female,O+,Kanchipuram,6111367388
P11451,Rakesh Singh,53,Male,B+,Tiruppur,9745259511
P11452,Aditya Mohan,45,Male,O+,Tirunelveli,9124670435
P11453,Swathi Nair,16,Female,AB+,Vellore,9987231215
P11454,Kavya Sharma,21,Female,A+,Thanjavur,7439760446
P11455,Kavya Sharma,13,Female,A+,Tiruvallur,8877368785
P11456,Nithya Raj,24,Female,A+,Tirunelveli,9130792898
P11457,Neha Iyer,74,Female,AB+,Salem,7746309671
P11458,Karthik Kumar,38,Male,O+,Madurai,7407174284
P11459,Naveen Sharma,56,Male,O+,Tiruvallur,8168032877
P11460,Rahul Krishnan,13,Male,O+,Hosur,8666743500
P11461,Pooja Krishnan,10,Female,B-,Tirunelveli,6991343447
P11462,Divya Babu,80,Female,A+,Erode,6164606778
P11463,Manoj Gupta,46,Male,O+,Thanjavur,6846132011
P11464,Lakshmi Reddy,14,Female,B+,Erode,9008478796
P11465,Karthik Raj,33,Male,O+,Hosur,9679742500
P11466,Prakash Verma,17,Male,A+,Trichy,8458411792
P11467,Aditya Gupta,24,Male,B+,Coimbatore,7567457548
P11468,Aishwarya Kumar,26,Female,B+,Kanchipuram,8939999637
P11469,Neha Verma,54,Female,A-,Erode,8130656047
P11470,Lakshmi Krishnan,71,Female,A+,Coimbatore,7013130315
P11471,Karthik Babu,29,Male,O+,Hosur,8772866634
P11472,Vivek Patel,15,Male,O-,Dindigul,8991689699
P11473,Ganesh Sharma,12,Male,O+,Thanjavur,8388663981
P11474,Ananya Kumar,26,Female,O+,Vellore,7421853845
P11475,Neha Gupta,2,Female,A+,Erode,7066412560
P11476,Vivek Gupta,58,Male,O+,Chennai,8895049223
P11477,Vikram Rao,65,Male,A+,Hosur,8411005496
P11478,Ananya Reddy,63,Female,B+,Vellore,9258075456
P11479,Rohan Kumar,55,Male,O+,Thanjavur,9926531950
P11480,Kavya Raj,16,Female,B+,Tiruppur,6863112953
P11481,Priya Rao,65,Female,A+,Tiruppur,8362569204
P11482,Karthik Kumar,71,Male,A+,Trichy,9514602127
P11483,Priya Kumar,65,Female,A+,Salem,6710606441
P11484,Aditya Raj,61,Male,O+,Chennai,9323879034
P11485,Keerthana Iyer,42,Female,A+,Tiruttani,7578011142
P11486,Swathi Iyer,45,Female,AB+,Chennai,6297862066
P11487,Lakshmi Nair,17,Female,B+,Salem,8060315644
P11488,Karthik Singh,54,Male,A+,Coimbatore,6182501812
P11489,Ashwin Krishnan,42,Male,O+,Tiruttani,9116249795
P11490,Suresh Raj,47,Male,B+,Tiruttani,8038080512
P11491,Aditya Iyer,33,Male,O+,Salem,8716871319
P11492,Ananya Raj,37,Female,O+,Trichy,7411436073
P11493,Harish Kumar,6,Male,A+,Tirunelveli,6271609509
P11494,Rakesh Krishnan,21,Male,A+,Madurai,6934007037
P11495,Vikram Mohan,59,Male,B+,Kanchipuram,6701831664
P11496,Priya Menon,51,Female,O+,Tirunelveli,9192741198
P11497,Deepika Babu,45,Female,A-,Kanchipuram,7340841834
P11498,Manoj Nair,88,Male,A-,Kanchipuram,9263409632
P11499,Vikram Patel,5,Male,AB+,Tiruvallur,6464218294
P11500,Nithya Reddy,16,Female,O+,Kanchipuram,8755343360
P11501,Vikram Mohan,16,Male,B+,Madurai,8343524096
P11502,Pooja Babu,41,Female,B+,Tiruvallur,7695425717
P11503,Lakshmi Nair,78,Female,B+,Chennai,7630706802
P11504,Suresh Kumar,90,Male,A+,Tiruvallur,9205876021
P11505,Naveen Raj,18,Male,O+,Thanjavur,8834374979
P11506,Aditya Gupta,17,Male,A+,Madurai,8081538648
P11507,Arjun Menon,26,Male,O+,Tiruvallur,9340182496
P11508,Swathi Nair,34,Female,A+,Dindigul,9102595682
P11509,Kavya Menon,89,Female,AB+,Hosur,9033110582
P11510,Divya Raj,21,Female,A+,Salem,8984917463
P11511,Sneha Nair,17,Female,B-,Erode,8753835691
P11512,Meera Nair,17,Female,O+,Dindigul,8884984328
P11513,Deepika Krishnan,32,Female,AB+,Salem,6268527916
P11514,Meera Gupta,11,Female,B+,Tirunelveli,7008496660
P11515,Suresh Menon,32,Male,A+,Hosur,8387074801
P11516,Aishwarya Gupta,37,Female,O-,Vellore,7308933804
P11517,Vivek Nair,13,Male,O+,Trichy,9937395556
P11518,Kavya Rao,22,Female,AB+,Dindigul,7848300403
P11519,Priya Gupta,64,Female,A+,Thanjavur,9851871534
P11520,Lakshmi Nair,20,Female,O+,Tirunelveli,8822780097
P11521,Harini Iyer,69,Female,A+,Tirunelveli,9552970352
P11522,Kavya Mohan,30,Female,B+,Erode,9272612906
P11523,Rahul Reddy,27,Male,O+,Tiruttani,8496781863
P11524,Vikram Rao,19,Male,O-,Hosur,9674883261
P11525,Lakshmi Mohan,28,Female,B+,Kanchipuram,9973860336
P11526,Vivek Singh,30,Male,O+,Chennai,7948004494
P11527,Kavya Mohan,14,Female,O+,Vellore,7293696816
P11528,Divya Menon,64,Female,B+,Thanjavur,6178138346
P11529,Divya Nair,34,Female,B+,Tiruvallur,6586343509
P11530,Keerthana Patel,42,Female,A+,Tiruvallur,6233352559
P11531,Divya Mohan,42,Female,O+,Coimbatore,6249095960
P11532,Naveen Kumar,39,Male,B+,Tiruppur,7001575042
P11533,Ashwin Menon,54,Male,A+,Vellore,7895274674
P11534,Arjun Menon,17,Male,O+,Madurai,6702411563
P11535,Harish Menon,6,Male,O+,Kanchipuram,9471567328
P11536,Naveen Singh,55,Male,AB+,Kanchipuram,7608829194
P11537,Prakash Menon,38,Male,O+,Tiruppur,7897250308
P11538,Priya Iyer,52,Female,A+,Coimbatore,7104796102
P11539,Meera Gupta,29,Female,O+,Tiruvallur,7852068500
P11540,Rahul Kumar,65,Male,O-,Madurai,7950762235
P11541,Kavya Verma,32,Female,A+,Vellore,7142251352
P11542,Nithya Raj,26,Female,A+,Tiruppur,8916117876
P11543,Aditya Reddy,64,Male,O-,Erode,6416718486
P11544,Rohan Gupta,51,Male,B+,Salem,6242006991
P11545,Naveen Gupta,18,Male,B+,Erode,6862258656
P11546,Naveen Singh,47,Male,A+,Salem,9361051267
P11547,Vikram Nair,26,Male,O+,Hosur,9657337135
P11548,Ashwin Patel,17,Male,A+,Thanjavur,7831306607
P11549,Deepika Verma,5,Female,A+,Kanchipuram,6195824975
P11550,Prakash Rao,27,Male,O+,Tiruvallur,9523287683
P11551,Suresh Singh,15,Male,B+,Vellore,9422080739
P11552,Aishwarya Singh,55,Female,B+,Tiruppur,6610003079
P11553,Karthik Krishnan,42,Male,A-,Thanjavur,9321921359
P11554,Rahul Rao,33,Male,AB+,Tirunelveli,7663014134
P11555,Ganesh Menon,35,Male,B+,Salem,7465076188
P11556,Naveen Gupta,40,Male,A-,Tiruppur,8336614398
P11557,Vivek Rao,60,Male,AB+,Erode,7015140296
P11558,Karthik Babu,37,Male,B+,Hosur,7897357699
P11559,Prakash Iyer,43,Male,O+,Hosur,7904737413
P11560,Arjun Rao,61,Male,AB+,Dindigul,6268860888
P11561,Kavya Singh,22,Female,B+,Trichy,7319747466
P11562,Neha Menon,14,Female,O+,Tiruvallur,7885546170
P11563,Harish Rao,47,Male,B+,Salem,9493100062
P11564,Prakash Patel,42,Male,B+,Tiruvallur,7461030370
P11565,Nithya Raj,25,Female,O-,Tirunelveli,9507392685
P11566,Harini Kumar,24,Female,A+,Tiruttani,8587922816
P11567,Priya Rao,52,Female,O+,Chennai,9763336118
P11568,Divya Nair,44,Female,A-,Madurai,9681646265
P11569,Pooja Verma,45,Female,A+,Tiruvallur,6297026933
P11570,Vikram Reddy,88,Male,B+,Dindigul,6690566827
P11571,Priya Verma,28,Female,O+,Tiruvallur,6442796953
P11572,Deepika Babu,50,Female,A+,Hosur,9097988038
P11573,Harini Verma,28,Female,O+,Madurai,6498475384
P11574,Vikram Iyer,24,Male,B+,Chennai,8518510592
P11575,Swathi Sharma,51,Female,AB+,Tiruttani,8686186471
P11576,Ganesh Verma,22,Male,O+,Dindigul,7872551555
P11577,Keerthana Mohan,25,Female,O+,Vellore,8721677260
P11578,Neha Verma,48,Female,O+,Tirunelveli,9292102314
P11579,Suresh Rao,51,Male,O+,Trichy,7413246420
P11580,Deepika Sharma,61,Female,AB+,Tiruvallur,8325937536
P11581,Rohan Nair,61,Male,A+,Tiruppur,6320155997
P11582,Priya Patel,64,Female,O+,Trichy,8543205945
P11583,Lakshmi Nair,1,Female,B+,Erode,6211622111
P11584,Lakshmi Raj,12,Female,O+,Erode,6324382125
P11585,Arjun Sharma,33,Male,O-,Hosur,9717111208
P11586,Harini Rao,37,Female,O-,Tirunelveli,8796516232
P11587,Priya Patel,28,Female,O+,Trichy,8174343128
P11588,Priya Kumar,19,Female,B+,Erode,8692036213
P11589,Harish Verma,40,Male,O+,Tirunelveli,6361900906
P11590,Meera Rao,34,Female,A+,Erode,7153784166
P11591,Rohan Raj,41,Male,A-,Trichy,8772442731
P11592,Rakesh Kumar,16,Male,AB+,Tiruppur,7985316434
P11593,Rohan Nair,32,Male,O+,Vellore,6142187879
P11594,Kavya Krishnan,65,Female,A+,Tirunelveli,9957025793
P11595,Neha Singh,77,Female,O+,Thanjavur,6487449415
P11596,Rahul Menon,29,Male,A+,Kanchipuram,9479006420
P11597,Meera Patel,72,Female,A+,Tiruppur,6709686299
P11598,Pooja Verma,31,Female,AB+,Tiruttani,9585029229
P11599,Meera Verma,31,Female,B+,Salem,7620866141
P11600,Ganesh Raj,84,Male,AB-,Thanjavur,6558115202
P11601,Keerthana Menon,67,Female,A+,Dindigul,6875227335
P11602,Prakash Mohan,18,Male,A-,Kanchipuram,7023997202
P11603,Ananya Mohan,17,Female,B+,Madurai,9993202173
P11604,Ananya Krishnan,43,Female,A+,Madurai,6609051467
P11605,Pooja Babu,90,Female,A+,Erode,7692391121
P11606,Rohan Sharma,20,Male,B+,Tiruvallur,7991376277
P11607,Vikram Gupta,38,Male,A-,Thanjavur,9577291393
P11608,Kavya Menon,44,Female,O+,Tiruvallur,7295120298
P11609,Ashwin Babu,30,Male,O-,Tiruppur,7633560272
P11610,Naveen Menon,68,Male,O+,Dindigul,9292530213
P11611,Nithya Patel,51,Female,AB+,Vellore,7804798173
P11612,Ananya Raj,51,Female,O+,Thanjavur,9949592474
P11613,Ashwin Verma,50,Male,B+,Hosur,7047025860
P11614,Rakesh Babu,88,Male,B+,Tirunelveli,8956988290
P11615,Prakash Nair,40,Male,B+,Tiruttani,7761174059
P11616,Ashwin Verma,52,Male,AB+,Salem,9012781652
P11617,Rohan Krishnan,50,Male,O+,Thanjavur,9131797818
P11618,Suresh Krishnan,59,Male,O-,Tiruvallur,9635019161
P11619,Ananya Iyer,48,Female,A+,Tiruvallur,6673545477
P11620,Vikram Iyer,86,Male,B+,Kanchipuram,9497892133
P11621,Aditya Krishnan,43,Male,O+,Thanjavur,8704073081
P11622,Ananya Nair,63,Female,B+,Tiruvallur,8005790258
P11623,Vikram Babu,38,Male,A-,Trichy,8746076732
P11624,Ananya Kumar,26,Female,A+,Coimbatore,6853426522
P11625,Deepika Patel,53,Female,A+,Tiruvallur,8348561880
P11626,Prakash Menon,54,Male,A+,Tirunelveli,9381617228
P11627,Vikram Reddy,20,Male,O+,Tiruvallur,6423598731
P11628,Sneha Mohan,27,Female,B+,Tiruppur,6617241522
P11629,Harish Nair,43,Male,A+,Hosur,6961181881
P11630,Naveen Iyer,14,Male,O-,Hosur,8834610500
P11631,Vikram Krishnan,25,Male,O+,Hosur,6558958095
P11632,Neha Reddy,28,Female,A+,Hosur,6921928134
P11633,Ganesh Raj,27,Male,A+,Trichy,7106192187
P11634,Nithya Patel,15,Female,O+,Hosur,7649465070
P11635,Arjun Raj,55,Male,AB-,Tiruppur,8829183827
P11636,Naveen Raj,19,Male,O+,Tirunelveli,8129917699
P11637,Kavya Reddy,6,Female,O+,Hosur,9391496127
P11638,Kavya Patel,12,Female,O+,Dindigul,8983159057
P11639,Harini Krishnan,46,Female,O+,Trichy,9436992736
P11640,Neha Singh,18,Female,B+,Erode,6105119333
P11641,Vikram Sharma,28,Male,B+,Kanchipuram,6407787335
P11642,Kavya Raj,3,Female,O+,Dindigul,9297870457
P11643,Ananya Krishnan,38,Female,A+,Madurai,7835180012
P11644,Sneha Verma,15,Female,O+,Tiruttani,8205125344
P11645,Lakshmi Reddy,44,Female,B-,Trichy,9508073536
P11646,Swathi Iyer,40,Female,A+,Trichy,6822312950
P11647,Prakash Mohan,17,Male,B+,Coimbatore,8475198375
P11648,Ananya Iyer,12,Female,O+,Madurai,7802256524
P11649,Ashwin Gupta,58,Male,O+,Tiruttani,7127105766
P11650,Naveen Sharma,23,Male,O+,Tiruvallur,8055782930
P11651,Lakshmi Verma,25,Female,B+,Vellore,7276676296
P11652,Harini Sharma,44,Female,AB-,Erode,6145800623
P11653,Naveen Singh,55,Male,A+,Trichy,9945962486
P11654,Vikram Krishnan,69,Male,O+,Chennai,9654855654
P11655,Manoj Babu,14,Male,B+,Tirunelveli,7300993352
P11656,Divya Menon,31,Female,O+,Tirunelveli,8123745271
P11657,Deepika Sharma,48,Female,A+,Vellore,9361082340
P11658,Priya Mohan,16,Female,A+,Coimbatore,8675786736
P11659,Kavya Verma,61,Female,B-,Coimbatore,8138983029
P11660,Meera Mohan,32,Female,AB+,Trichy,7398297750
P11661,Prakash Nair,43,Male,AB+,Hosur,6445858196
P11662,Harini Sharma,33,Female,O+,Tiruvallur,9625817199
P11663,Deepika Raj,25,Female,B+,Hosur,6994294410
P11664,Divya Singh,64,Female,O+,Madurai,9923331095
P11665,Sneha Verma,63,Female,O+,Madurai,8589789933
P11666,Karthik Kumar,37,Male,B+,Tiruppur,9947647486
P11667,Naveen Singh,43,Male,A+,Kanchipuram,8806238942
P11668,Nithya Gupta,15,Female,O+,Erode,8376253210
P11669,Rohan Singh,59,Male,A-,Kanchipuram,6659472000
P11670,Sneha Krishnan,59,Female,O+,Kanchipuram,6182069446
P11671,Arjun Iyer,37,Male,A+,Madurai,7075833526
P11672,Lakshmi Reddy,28,Female,O+,Kanchipuram,9632375388
P11673,Rakesh Singh,50,Male,AB+,Erode,8275938520
P11674,Vivek Reddy,13,Male,AB+,Madurai,7747002188
P11675,Neha Kumar,32,Female,O+,Tiruppur,9224478362
P11676,Naveen Reddy,27,Male,O+,Tiruvallur,7331331610
P11677,Aishwarya Reddy,55,Female,B+,Thanjavur,6050842799
P11678,Pooja Krishnan,42,Female,A+,Vellore,6522386596
P11679,Aditya Menon,52,Male,B+,Trichy,9726282286
P11680,Harini Nair,18,Female,B+,Dindigul,8900771773
P11681,Karthik Kumar,1,Male,O+,Tiruvallur,6759413321
P11682,Manoj Kumar,28,Male,AB+,Coimbatore,8734594825
P11683,Naveen Mohan,17,Male,O+,Chennai,6968265673
P11684,Harish Reddy,10,Male,O+,Madurai,8974328409
P11685,Swathi Mohan,6,Female,A+,Chennai,9370924781
P11686,Karthik Patel,42,Male,A+,Tiruttani,7238082457
P11687,Vivek Singh,64,Male,A+,Erode,8734229954
P11688,Priya Verma,22,Female,O+,Coimbatore,7123880961
P11689,Manoj Reddy,15,Male,B+,Dindigul,9540701401
P11690,Rahul Babu,15,Male,O-,Erode,6124279066
P11691,Suresh Gupta,52,Male,A+,Chennai,6416194179
P11692,Neha Raj,77,Female,B-,Tiruvallur,6145166310
P11693,Kavya Gupta,14,Female,O+,Tiruvallur,6242697496
P11694,Kavya Rao,1,Female,O+,Hosur,9478834459
P11695,Naveen Patel,63,Male,A+,Tiruppur,9952633844
P11696,Rakesh Rao,28,Male,A-,Hosur,6150194151
P11697,Sneha Iyer,26,Female,A+,Tiruvallur,6047391295
P11698,Rakesh Iyer,72,Male,A+,Madurai,9707505163
P11699,Aditya Iyer,37,Male,O-,Hosur,9471400564
P11700,Harini Patel,25,Female,A+,Trichy,6722868319
P11701,Priya Mohan,76,Female,O+,Coimbatore,7048920070
P11702,Sneha Menon,34,Female,O-,Madurai,7219873318
P11703,Nithya Gupta,12,Female,B+,Dindigul,7636455978
P11704,Nithya Mohan,21,Female,O+,Vellore,9976204672
P11705,Nithya Sharma,46,Female,B-,Tiruttani,8213829255
P11706,Aditya Krishnan,67,Male,O-,Salem,9454949861
P11707,Prakash Menon,13,Male,O+,Dindigul,8989969852
P11708,Prakash Rao,14,Male,A+,Madurai,8462495687
P11709,Pooja Singh,15,Female,O+,Tiruppur,8272263876
P11710,Aditya Nair,47,Male,O+,Hosur,9213810250
P11711,Priya Reddy,21,Female,A+,Vellore,8366533672
P11712,Swathi Raj,87,Female,O+,Hosur,9877277271
P11713,Aditya Kumar,30,Male,O+,Salem,8857344112
P11714,Ashwin Iyer,15,Male,O+,Tiruvallur,6322450382
P11715,Lakshmi Patel,39,Female,O+,Tiruttani,7993143148
P11716,Karthik Patel,18,Male,A+,Vellore,7126319993
P11717,Manoj Nair,87,Male,O+,Madurai,7535716701
P11718,Ashwin Kumar,74,Male,A+,Chennai,9647002631
P11719,Lakshmi Reddy,4,Female,B+,Trichy,8430235416
P11720,Sneha Kumar,32,Female,A+,Kanchipuram,8320517636
P11721,Rohan Singh,37,Male,A+,Thanjavur,7837405849
P11722,Suresh Reddy,84,Male,O+,Madurai,8583752276
P11723,Swathi Kumar,43,Female,B+,Coimbatore,8211259210
P11724,Kavya Iyer,14,Female,B+,Erode,6650060784
P11725,Ananya Rao,28,Female,O+,Erode,6715959680
P11726,Aditya Mohan,21,Male,AB+,Thanjavur,6797095598
P11727,Swathi Sharma,35,Female,A+,Tirunelveli,6968823759
P11728,Manoj Mohan,32,Male,B+,Coimbatore,9917176171
P11729,Harini Sharma,6,Female,A+,Dindigul,7924398166
P11730,Harish Iyer,49,Male,A+,Tiruttani,7681628379
P11731,Harish Menon,84,Male,B-,Chennai,6502328473
P11732,Harini Krishnan,72,Female,O+,Vellore,7511355051
P11733,Naveen Kumar,88,Male,B+,Tirunelveli,6108511133
P11734,Prakash Menon,25,Male,A+,Tiruppur,8050200852
P11735,Ananya Menon,86,Female,B+,Madurai,9406759061
P11736,Keerthana Babu,1,Female,O+,Erode,9594215024
P11737,Divya Singh,36,Female,O+,Coimbatore,8697275803
P11738,Manoj Kumar,19,Male,A+,Vellore,9169025000
P11739,Rahul Raj,72,Male,A+,Tiruppur,7006639542
P11740,Aditya Kumar,12,Male,A+,Hosur,6375290263
P11741,Meera Mohan,6,Female,A+,Tirunelveli,8170477581
P11742,Harini Verma,16,Female,O-,Salem,8549712901
P11743,Aditya Mohan,54,Male,O+,Salem,6760571298
P11744,Aditya Mohan,40,Male,B+,Salem,6906289758
P11745,Aditya Menon,36,Male,O+,Thanjavur,7871231881
P11746,Sneha Menon,48,Female,O+,Tirunelveli,8643937401
P11747,Aishwarya Sharma,7,Female,B-,Tirunelveli,7376252211
P11748,Prakash Mohan,16,Male,B+,Coimbatore,6299851709
P11749,Neha Rao,15,Female,A+,Hosur,7103186375
P11750,Harini Gupta,14,Female,A+,Thanjavur,9157248901
P11751,Harish Raj,54,Male,O+,Dindigul,8937881223
P11752,Harini Gupta,13,Female,B+,Erode,8465491601
P11753,Rohan Iyer,39,Male,B+,Hosur,6912443732
P11754,Ganesh Sharma,54,Male,O+,Salem,8444616923
P11755,Pooja Singh,26,Female,O+,Erode,8684886827
P11756,Ashwin Iyer,28,Male,B-,Tiruvallur,8758871318
P11757,Karthik Raj,50,Male,O+,Hosur,8963535265
P11758,Ananya Menon,56,Female,B+,Erode,6037674124
P11759,Arjun Iyer,58,Male,O+,Dindigul,9910963129
P11760,Meera Gupta,39,Female,O+,Trichy,9664066653
P11761,Swathi Iyer,26,Female,O+,Kanchipuram,8599937616
P11762,Harish Reddy,19,Male,A-,Hosur,8646578839
P11763,Divya Menon,43,Female,O-,Chennai,8160130861
P11764,Manoj Sharma,49,Male,O+,Vellore,9397668652
P11765,Ananya Singh,4,Female,B-,Tiruttani,9764204403
P11766,Rohan Gupta,29,Male,O+,Erode,9585628585
P11767,Priya Nair,46,Female,B+,Tiruppur,8848896035
P11768,Vivek Raj,50,Male,B+,Kanchipuram,9100084405
P11769,Vivek Reddy,7,Male,O+,Salem,9752489001
P11770,Suresh Singh,88,Male,A+,Madurai,7040443045
P11771,Aishwarya Menon,25,Female,B+,Tiruttani,8286452082
P11772,Prakash Verma,15,Male,O+,Tirunelveli,7273422541
P11773,Divya Sharma,3,Female,AB+,Vellore,7637640260
P11774,Swathi Krishnan,16,Female,O+,Coimbatore,6559537233
P11775,Harish Babu,81,Male,O+,Chennai,9465202545
P11776,Lakshmi Sharma,76,Female,O+,Madurai,8712107390
P11777,Sneha Kumar,2,Female,O+,Salem,6471599837
P11778,Meera Patel,60,Female,O+,Kanchipuram,9321180541
P11779,Ashwin Gupta,88,Male,O+,Dindigul,7360505258
P11780,Naveen Gupta,37,Male,B+,Kanchipuram,9239196340
P11781,Priya Rao,14,Female,B-,Tiruvallur,8233046572
P11782,Ganesh Kumar,27,Male,O+,Madurai,7590172229
P11783,Naveen Mohan,60,Male,O+,Vellore,7866329297
P11784,Rohan Krishnan,29,Male,O+,Tiruvallur,7015821330
P11785,Lakshmi Menon,32,Female,AB+,Thanjavur,7997296961
P11786,Rohan Verma,18,Male,A+,Dindigul,8885999841
P11787,Meera Iyer,36,Female,AB+,Thanjavur,9205738506
P11788,Sneha Reddy,35,Female,O+,Coimbatore,7536843494
P11789,Lakshmi Babu,58,Female,B-,Tiruttani,8500908605
P11790,Naveen Krishnan,29,Male,A+,Erode,7935031694
P11791,Sneha Gupta,88,Female,O+,Madurai,9828410316
P11792,Vivek Rao,20,Male,A+,Kanchipuram,9151118669
P11793,Swathi Nair,61,Female,O+,Trichy,6913411237
P11794,Rohan Kumar,40,Male,B+,Madurai,6881760849
P11795,Aditya Mohan,60,Male,O+,Thanjavur,7780502469
P11796,Pooja Patel,49,Female,AB+,Hosur,7021858670
P11797,Swathi Kumar,13,Female,A+,Thanjavur,6370112473
P11798,Naveen Iyer,34,Male,A-,Erode,6745441077
P11799,Priya Babu,16,Female,B+,Kanchipuram,6281597449
P11800,Meera Reddy,27,Female,A+,Coimbatore,7763944945
P11801,Rakesh Patel,58,Male,O+,Trichy,9744669977
P11802,Priya Gupta,52,Female,O-,Trichy,8445075063
P11803,Aishwarya Singh,18,Female,O+,Tiruttani,6418854633
P11804,Rakesh Kumar,41,Male,O+,Tiruttani,7846606363
P11805,Naveen Patel,59,Male,B-,Vellore,7456194887
P11806,Swathi Rao,2,Female,O+,Tiruttani,9697232115
P11807,Lakshmi Rao,59,Female,O+,Salem,6589109305
P11808,Rakesh Iyer,15,Male,O+,Salem,7309728995
P11809,Karthik Babu,36,Male,A+,Vellore,9390527416
P11810,Manoj Raj,62,Male,O+,Thanjavur,6607398139
P11811,Arjun Krishnan,39,Male,O+,Tiruvallur,6817918505
P11812,Kavya Rao,69,Female,O+,Madurai,9489378099
P11813,Manoj Sharma,17,Male,O+,Hosur,8826808174
P11814,Rakesh Nair,75,Male,AB+,Erode,9715956099
P11815,Priya Menon,78,Female,B+,Coimbatore,6695828632
P11816,Prakash Babu,46,Male,O+,Hosur,6245559705
P11817,Lakshmi Verma,27,Female,A-,Salem,7731707205
P11818,Kavya Sharma,36,Female,A+,Coimbatore,9887012847
P11819,Aishwarya Sharma,62,Female,B+,Tiruttani,8741135139
P11820,Ashwin Verma,63,Male,A-,Dindigul,8500711004
P11821,Ganesh Krishnan,26,Male,B+,Madurai,9303842215
P11822,Karthik Nair,26,Male,O+,Salem,7402153992
P11823,Rahul Rao,5,Male,O+,Tirunelveli,8025980300
P11824,Meera Babu,32,Female,O+,Tiruttani,7766253621
P11825,Arjun Mohan,1,Male,A+,Salem,8362972085
P11826,Rohan Singh,81,Male,O+,Salem,7643760666
P11827,Lakshmi Reddy,45,Female,A+,Kanchipuram,7229651741
P11828,Kavya Kumar,60,Female,B-,Madurai,9901888680
P11829,Vikram Reddy,35,Male,B+,Coimbatore,7353972390
P11830,Manoj Nair,51,Male,A-,Hosur,8610855171
P11831,Pooja Mohan,26,Female,O+,Tiruppur,7006441187
P11832,Arjun Nair,43,Male,A+,Hosur,9512330454
P11833,Suresh Rao,24,Male,O+,Vellore,8954889540
P11834,Meera Raj,75,Female,O+,Madurai,8566246124
P11835,Vivek Babu,60,Male,A-,Tirunelveli,8345896519
P11836,Aditya Rao,60,Male,A+,Vellore,7073250021
P11837,Nithya Raj,13,Female,B+,Tiruvallur,8731425145
P11838,Manoj Singh,30,Male,B+,Hosur,9602663479
P11839,Naveen Menon,72,Male,O+,Salem,6012989520
P11840,Divya Singh,31,Female,A+,Trichy,9364413539
P11841,Harish Sharma,44,Male,B-,Tirunelveli,6548241220
P11842,Aishwarya Babu,5,Female,A+,Chennai,9973194896
P11843,Deepika Iyer,45,Female,O+,Coimbatore,8934390626
P11844,Neha Mohan,66,Female,B+,Coimbatore,8090839987
P11845,Karthik Kumar,45,Male,B+,Hosur,6698474683
P11846,Keerthana Gupta,23,Female,AB+,Tiruppur,6317785976
P11847,Pooja Mohan,42,Female,A+,Vellore,9070328431
P11848,Rakesh Kumar,33,Male,A+,Trichy,6219988099
P11849,Meera Singh,26,Female,O+,Kanchipuram,9805091887
P11850,Nithya Kumar,40,Female,O+,Dindigul,8801890144
P11851,Aditya Babu,36,Male,O+,Vellore,7706319924
P11852,Harish Mohan,18,Male,O+,Vellore,8734683810
P11853,Prakash Raj,13,Male,A+,Kanchipuram,7392849170
P11854,Manoj Patel,87,Male,O+,Thanjavur,8055317738
P11855,Rakesh Singh,70,Male,AB+,Thanjavur,7639083969
P11856,Prakash Krishnan,32,Male,B+,Hosur,7161205541
P11857,Karthik Krishnan,9,Male,A+,Trichy,6242266682
P11858,Rahul Krishnan,30,Male,O-,Tirunelveli,9062957393
P11859,Swathi Patel,29,Female,O+,Tiruvallur,7844751371
P11860,Harish Raj,53,Male,AB+,Tiruppur,8595377318
P11861,Karthik Babu,71,Male,A+,Tirunelveli,6650045934
P11862,Arjun Mohan,65,Male,A+,Tiruvallur,9349584786
P11863,Rahul Patel,17,Male,O+,Tirunelveli,7585478632
P11864,Vivek Patel,39,Male,B+,Coimbatore,7823464811
P11865,Ananya Raj,22,Female,AB+,Tiruppur,8543100656
P11866,Rahul Mohan,46,Male,O+,Dindigul,7096616687
P11867,Naveen Iyer,22,Male,B+,Salem,6793131977
P11868,Suresh Raj,20,Male,B+,Dindigul,6295333318
P11869,Aishwarya Singh,44,Female,O-,Madurai,8369741019
P11870,Deepika Kumar,27,Female,A+,Vellore,7221241466
P11871,Kavya Sharma,16,Female,B+,Tiruttani,8023159378
P11872,Naveen Iyer,31,Male,B+,Thanjavur,6568557674
P11873,Suresh Iyer,27,Male,A+,Erode,9319138305
P11874,Sneha Mohan,50,Female,B+,Thanjavur,6319624631
P11875,Harini Patel,48,Female,O+,Vellore,7417589128
P11876,Sneha Babu,50,Female,O+,Tirunelveli,8309426083
P11877,Lakshmi Nair,35,Female,B+,Vellore,9978784441
P11878,Harish Babu,28,Male,O+,Kanchipuram,6187857255
P11879,Kavya Singh,2,Female,A+,Tiruvallur,8331940215
P11880,Arjun Verma,30,Male,A+,Chennai,7569244293
P11881,Pooja Sharma,59,Female,O+,Tiruttani,8415008972
P11882,Aditya Singh,28,Male,B+,Tiruppur,8848717106
P11883,Ananya Singh,26,Female,AB+,Hosur,6480661892
P11884,Karthik Sharma,6,Male,AB+,Hosur,6030539420
P11885,Neha Iyer,45,Female,O+,Trichy,6000075609
P11886,Priya Sharma,23,Female,B+,Vellore,6147050116
P11887,Ashwin Reddy,24,Male,O+,Tiruvallur,8181815280
P11888,Sneha Raj,5,Female,B-,Erode,7747226166
P11889,Vikram Nair,55,Male,A+,Tiruvallur,7615943609
P11890,Karthik Mohan,53,Male,A+,Erode,6436949991
P11891,Naveen Nair,12,Male,B+,Thanjavur,9541222143
P11892,Ashwin Rao,26,Male,A-,Chennai,7078000606
P11893,Naveen Mohan,1,Male,AB+,Thanjavur,7000671585
P11894,Ananya Rao,13,Female,O-,Tiruppur,9797800010
P11895,Lakshmi Singh,88,Female,A+,Kanchipuram,8852106569
P11896,Manoj Rao,27,Male,B-,Madurai,6904214853
P11897,Kavya Verma,25,Female,A+,Thanjavur,7098683424
P11898,Swathi Sharma,16,Female,O+,Tiruvallur,8686028309
P11899,Harini Singh,31,Female,A+,Coimbatore,6098898339
P11900,Lakshmi Krishnan,12,Female,B+,Kanchipuram,7003243094
P11901,Suresh Kumar,57,Male,B+,Thanjavur,7039900431
P11902,Rohan Babu,41,Male,O+,Coimbatore,7947248927
P11903,Lakshmi Rao,62,Female,B+,Thanjavur,8456330735
P11904,Aditya Kumar,51,Male,A+,Vellore,7679017976
P11905,Aishwarya Singh,30,Female,O+,Vellore,8747391311
P11906,Rakesh Iyer,55,Male,AB+,Tiruvallur,8628383719
P11907,Ganesh Rao,23,Male,B+,Chennai,8358690908
P11908,Rakesh Gupta,80,Male,B+,Madurai,7254216121
P11909,Harini Patel,26,Female,O-,Trichy,8346804081
P11910,Aditya Patel,85,Male,B+,Chennai,6440484343
P11911,Sneha Krishnan,28,Female,O+,Vellore,8737758709
P11912,Ganesh Iyer,4,Male,B+,Coimbatore,9692838140
P11913,Aditya Gupta,6,Male,A+,Vellore,7443829840
P11914,Rohan Kumar,47,Male,O+,Hosur,9834986821
P11915,Aditya Gupta,36,Male,B-,Tiruppur,6712869129
P11916,Nithya Iyer,17,Female,B+,Tiruppur,8784033421
P11917,Kavya Iyer,59,Female,A+,Trichy,8496942938
P11918,Vivek Patel,39,Male,O+,Madurai,6914468262
P11919,Karthik Menon,45,Male,A+,Salem,8424562599
P11920,Lakshmi Singh,27,Female,AB+,Hosur,7720923465
P11921,Ananya Mohan,16,Female,B+,Tirunelveli,7429889242
P11922,Naveen Babu,44,Male,B+,Tiruppur,8164024404
P11923,Ashwin Krishnan,37,Male,O-,Trichy,6029647429
P11924,Naveen Sharma,79,Male,B+,Thanjavur,8234169217
P11925,Divya Verma,36,Female,B+,Trichy,9048986541
P11926,Meera Reddy,24,Female,B+,Kanchipuram,6359263728
P11927,Kavya Raj,29,Female,B+,Erode,6625506642
P11928,Sneha Mohan,47,Female,AB+,Tirunelveli,8944302059
P11929,Pooja Reddy,16,Female,A+,Tirunelveli,7087298308
P11930,Ashwin Mohan,32,Male,B+,Thanjavur,9695481023
P11931,Deepika Verma,30,Female,O+,Trichy,7833305794
P11932,Naveen Singh,1,Male,A+,Tiruvallur,6823633981
P11933,Rohan Krishnan,71,Male,B+,Hosur,8090057842
P11934,Naveen Rao,36,Male,A+,Tiruppur,7890774060
P11935,Keerthana Gupta,20,Female,B+,Tirunelveli,7585400914
P11936,Keerthana Reddy,6,Female,A-,Coimbatore,9909257019
P11937,Rohan Verma,74,Male,O+,Tiruppur,9959904261
P11938,Manoj Verma,35,Male,A+,Tiruttani,7877294154
P11939,Rakesh Gupta,60,Male,O-,Kanchipuram,7797131192
P11940,Naveen Raj,46,Male,O+,Tiruttani,7739168545
P11941,Rohan Kumar,2,Male,O+,Salem,8589921682
P11942,Karthik Patel,16,Male,A+,Thanjavur,7908211837
P11943,Karthik Nair,54,Male,A+,Trichy,9558669441
P11944,Vivek Rao,40,Male,AB+,Dindigul,8430141274
P11945,Arjun Raj,31,Male,O-,Vellore,9076211723
P11946,Prakash Iyer,57,Male,O+,Tirunelveli,9298787680
P11947,Rohan Babu,45,Male,O+,Erode,6702091663
P11948,Suresh Verma,10,Male,A+,Vellore,8400279553
P11949,Manoj Krishnan,51,Male,A+,Thanjavur,6272326647
P11950,Manoj Singh,24,Male,O+,Tirunelveli,9989089763
P11951,Swathi Menon,49,Female,O+,Vellore,6981320431
P11952,Ashwin Raj,90,Male,B+,Trichy,7700632049
P11953,Ashwin Sharma,34,Male,O+,Trichy,9864695470
P11954,Prakash Gupta,32,Male,O+,Coimbatore,6124462231
P11955,Ganesh Mohan,45,Male,AB+,Salem,6646868307
P11956,Nithya Raj,35,Female,A+,Vellore,6465538599
P11957,Nithya Rao,19,Female,B+,Kanchipuram,7737666019
P11958,Priya Iyer,19,Female,AB+,Dindigul,6730451793
P11959,Meera Babu,42,Female,A+,Vellore,9392559351
P11960,Manoj Patel,32,Male,A+,Kanchipuram,7269517803
P11961,Ganesh Nair,51,Male,O-,Thanjavur,7819336119
P11962,Kavya Iyer,46,Female,B+,Kanchipuram,6349634826
P11963,Harini Kumar,60,Female,A+,Tirunelveli,8664940193
P11964,Neha Mohan,20,Female,A+,Trichy,7893782266
P11965,Prakash Menon,59,Male,A+,Vellore,8395059533
P11966,Karthik Mohan,29,Male,O+,Trichy,6560007832
P11967,Ananya Verma,25,Female,A+,Madurai,7681853118
P11968,Ashwin Reddy,35,Male,A-,Hosur,7539164131
P11969,Ganesh Krishnan,54,Male,O+,Hosur,6117491184
P11970,Ananya Raj,63,Female,A+,Tirunelveli,9335993919
P11971,Lakshmi Rao,71,Female,B-,Tiruttani,8185919130
P11972,Rahul Verma,64,Male,B+,Dindigul,8257859446
P11973,Harini Gupta,60,Female,O+,Tiruppur,7759262751
P11974,Rakesh Iyer,52,Male,O+,Thanjavur,9449486303
P11975,Priya Gupta,54,Female,A+,Thanjavur,7777390789
P11976,Deepika Patel,56,Female,A+,Erode,9197516792
P11977,Divya Nair,7,Female,A+,Kanchipuram,7955910552
P11978,Swathi Gupta,13,Female,AB-,Chennai,8033970794
P11979,Vivek Patel,58,Male,B+,Dindigul,8224183958
P11980,Sneha Iyer,54,Female,O+,Chennai,7649193105
P11981,Vivek Iyer,19,Male,A+,Hosur,9595133077
P11982,Harish Singh,64,Male,B+,Chennai,7475398052
P11983,Aishwarya Nair,36,Female,O+,Coimbatore,9926886831
P11984,Pooja Nair,50,Female,B+,Tiruppur,9025767639
P11985,Kavya Rao,23,Female,B+,Salem,8162944782
P11986,Harini Reddy,40,Female,A+,Erode,6751892362
P11987,Karthik Gupta,46,Male,A+,Chennai,8377954192
P11988,Pooja Menon,29,Female,O+,Tiruppur,7750486091
P11989,Kavya Kumar,45,Female,O+,Madurai,9515965835
P11990,Ashwin Kumar,10,Male,B+,Dindigul,6553301146
P11991,Manoj Patel,9,Male,B+,Madurai,8471857407
P11992,Meera Iyer,70,Female,B+,Salem,9095060092
P11993,Meera Gupta,46,Female,B+,Thanjavur,9975787746
P11994,Rahul Patel,51,Male,O+,Tirunelveli,7445193995
P11995,Nithya Sharma,41,Female,A+,Erode,8142860545
P11996,Ananya Nair,2,Female,AB+,Tiruppur,8810884539
P11997,Karthik Verma,44,Male,B+,Trichy,7214424291
P11998,Arjun Raj,17,Male,A+,Erode,7688044235
P11999,Suresh Reddy,82,Male,A+,Chennai,7734654759
P12000,Karthik Gupta,4,Male,O+,Madurai,8301212706
P12001,Lakshmi Patel,22,Female,O+,Madurai,8413610214
P12002,Harini Sharma,25,Female,O+,Erode,9521163988
P12003,Sneha Krishnan,69,Female,A+,Erode,6131516142
P12004,Ganesh Mohan,3,Male,O+,Dindigul,9931075897
P12005,Ashwin Menon,41,Male,O-,Vellore,6004308786
P12006,Manoj Kumar,13,Male,B+,Tirunelveli,9558749918
P12007,Arjun Nair,54,Male,B+,Coimbatore,7206445870
P12008,Vivek Mohan,58,Male,B+,Thanjavur,9520191313
P12009,Neha Babu,34,Female,B+,Thanjavur,8776128220
P12010,Harish Rao,39,Male,O+,Coimbatore,9806921772
P12011,Neha Sharma,26,Female,O+,Tiruvallur,6924486865
P12012,Lakshmi Iyer,6,Female,B-,Tirunelveli,8798273537
P12013,Manoj Singh,22,Male,A-,Madurai,9490014360
P12014,Sneha Iyer,28,Female,B+,Tiruppur,6331487742
P12015,Divya Rao,50,Female,B+,Erode,8814689364
P12016,Rohan Rao,59,Male,A-,Erode,9626361327
P12017,Ganesh Sharma,83,Male,O-,Madurai,7579835852
P12018,Deepika Sharma,30,Female,A+,Vellore,6438013762
P12019,Kavya Mohan,42,Female,A+,Tiruvallur,8029296564
P12020,Naveen Nair,21,Male,O+,Kanchipuram,7548956879
P12021,Divya Patel,52,Female,A+,Coimbatore,8920762039
P12022,Sneha Singh,63,Female,B+,Tirunelveli,7074742284
P12023,Pooja Menon,40,Female,AB+,Tiruttani,7438633371
P12024,Ananya Iyer,56,Female,O+,Tiruttani,7525503653
P12025,Pooja Patel,20,Female,O+,Thanjavur,7334433549
P12026,Suresh Krishnan,62,Male,A-,Trichy,7494518374
P12027,Priya Reddy,35,Female,AB+,Tiruppur,9386696494
P12028,Neha Menon,67,Female,A+,Erode,8272974040
P12029,Harish Mohan,7,Male,A+,Trichy,6691115866
P12030,Vikram Raj,23,Male,B+,Dindigul,8947575809
P12031,Suresh Reddy,44,Male,A+,Vellore,7807537579
P12032,Lakshmi Singh,51,Female,O-,Trichy,7425206448
P12033,Rahul Kumar,74,Male,O-,Tiruttani,6514469491
P12034,Suresh Mohan,28,Male,A+,Salem,9507219099
P12035,Ganesh Krishnan,45,Male,O-,Kanchipuram,8587944528
P12036,Meera Sharma,19,Female,AB+,Hosur,7473229213
P12037,Arjun Gupta,61,Male,A+,Trichy,8885736467
P12038,Pooja Iyer,50,Female,O+,Salem,6390081456
P12039,Ganesh Singh,38,Male,AB+,Dindigul,9011246791
P12040,Ananya Iyer,22,Female,B+,Tiruvallur,8634606640
P12041,Lakshmi Kumar,33,Female,O+,Erode,6600504242
P12042,Manoj Iyer,44,Male,B-,Trichy,7340914087
P12043,Kavya Verma,85,Female,A+,Salem,7953225578
P12044,Priya Nair,17,Female,AB+,Tiruvallur,9209796484
P12045,Keerthana Mohan,56,Female,O+,Tiruvallur,8621881029
P12046,Arjun Mohan,42,Male,O+,Chennai,7727546685
P12047,Meera Gupta,34,Female,O+,Erode,9816796877
P12048,Vikram Nair,12,Male,AB+,Madurai,7668868665
P12049,Divya Raj,32,Female,A+,Kanchipuram,6700249172
P12050,Neha Rao,2,Female,O+,Hosur,7832087208
P12051,Aishwarya Kumar,45,Female,B+,Trichy,8423734635
P12052,Sneha Babu,11,Female,B+,Hosur,7072341765
P12053,Aishwarya Gupta,46,Female,B+,Hosur,9051773627
P12054,Keerthana Sharma,14,Female,O+,Chennai,6668900735
P12055,Karthik Sharma,25,Male,B+,Kanchipuram,9606326820
P12056,Harish Krishnan,81,Male,O+,Kanchipuram,9403205692
P12057,Rohan Sharma,58,Male,B+,Dindigul,7355525945
P12058,Meera Patel,36,Female,O+,Tirunelveli,7913886522
P12059,Swathi Reddy,26,Female,B+,Tirunelveli,6629410983
P12060,Rakesh Sharma,2,Male,A+,Salem,8715354108
P12061,Divya Patel,53,Female,A-,Tirunelveli,9425780497
P12062,Meera Kumar,34,Female,O+,Salem,9448784794
P12063,Rakesh Rao,41,Male,O+,Madurai,6530684050
P12064,Arjun Menon,53,Male,B+,Tiruppur,7758961014
P12065,Karthik Sharma,19,Male,AB+,Coimbatore,8057347187
P12066,Arjun Iyer,17,Male,AB-,Tirunelveli,8446869607
P12067,Rakesh Raj,10,Male,B+,Kanchipuram,7307488178
P12068,Suresh Nair,15,Male,O-,Dindigul,6774141309
P12069,Suresh Menon,15,Male,O-,Hosur,9705174004
P12070,Suresh Iyer,47,Male,O+,Trichy,6002355732
P12071,Keerthana Verma,58,Female,A+,Erode,8444163041
P12072,Naveen Singh,44,Male,A+,Dindigul,9474736377
P12073,Harini Iyer,29,Female,O+,Salem,8083506933
P12074,Keerthana Babu,6,Female,AB+,Erode,6561110947
P12075,Nithya Mohan,6,Female,AB+,Dindigul,7059159780
P12076,Suresh Gupta,1,Male,B-,Dindigul,6493558172
P12077,Priya Singh,34,Female,AB+,Coimbatore,6011888263
P12078,Naveen Mohan,45,Male,B+,Thanjavur,8340377398
P12079,Ananya Kumar,56,Female,A+,Hosur,9208413712
P12080,Sneha Krishnan,36,Female,O+,Thanjavur,6888082720
P12081,Suresh Verma,30,Male,O-,Tiruttani,6090139858
P12082,Lakshmi Krishnan,21,Female,B+,Thanjavur,9464300722
P12083,Rohan Krishnan,16,Male,B+,Trichy,9529460697
P12084,Rohan Verma,14,Male,O+,Coimbatore,9347280999
P12085,Karthik Kumar,41,Male,B+,Dindigul,8849371763
P12086,Manoj Verma,19,Male,B+,Trichy,7291806044
P12087,Rakesh Patel,65,Male,A+,Tirunelveli,7052449898
P12088,Priya Sharma,35,Female,O+,Thanjavur,8387710104
P12089,Manoj Iyer,14,Male,O+,Tiruttani,6243927950
P12090,Priya Mohan,45,Female,AB+,Tirunelveli,7150795961
P12091,Suresh Patel,55,Male,O+,Tirunelveli,7443667770
P12092,Aditya Sharma,26,Male,A+,Hosur,8994515035
P12093,Naveen Rao,30,Male,O+,Erode,7646743548
P12094,Ganesh Verma,21,Male,O+,Salem,9635474542
P12095,Harish Singh,51,Male,O-,Tiruppur,9778424964
P12096,Vikram Menon,38,Male,O+,Thanjavur,9516063809
P12097,Rakesh Mohan,37,Male,O+,Tiruttani,7920996975
P12098,Vivek Krishnan,88,Male,O+,Thanjavur,6016465141
P12099,Suresh Verma,57,Male,A+,Erode,9828047340
P12100,Ashwin Krishnan,18,Male,O+,Kanchipuram,8210080452
P12101,Meera Singh,21,Female,O+,Madurai,7924908894
P12102,Keerthana Babu,63,Female,B+,Madurai,9484538522
P12103,Aishwarya Kumar,54,Female,A+,Tiruvallur,9517694877
P12104,Prakash Mohan,35,Male,A+,Salem,9444241794
P12105,Rakesh Sharma,29,Male,A+,Erode,9531046229
P12106,Suresh Krishnan,28,Male,AB+,Erode,9916382100
P12107,Vivek Rao,40,Male,O+,Tiruppur,6174157157
P12108,Pooja Gupta,86,Female,B-,Vellore,6972070043
P12109,Naveen Patel,29,Male,B+,Vellore,6282965300
P12110,Divya Nair,19,Female,B+,Hosur,8221655875
P12111,Aishwarya Raj,62,Female,AB+,Tiruttani,9882619257
P12112,Arjun Raj,45,Male,A-,Vellore,9118061905
P12113,Suresh Iyer,32,Male,O+,Tiruppur,8966118717
P12114,Ashwin Nair,26,Male,B+,Tiruppur,9544750630
P12115,Aditya Patel,2,Male,O+,Thanjavur,9917571107
P12116,Ganesh Singh,45,Male,O+,Tiruvallur,7676845708
P12117,Nithya Kumar,80,Female,O-,Erode,9193090688
P12118,Naveen Verma,59,Male,B-,Tiruvallur,7940581315
P12119,Prakash Raj,44,Male,A+,Tiruttani,6807652615
P12120,Ashwin Kumar,12,Male,O+,Tiruvallur,7834582259
P12121,Aishwarya Reddy,39,Female,B-,Salem,8842771165
P12122,Ganesh Nair,47,Male,A+,Tiruppur,7552826130
P12123,Prakash Iyer,64,Male,AB+,Erode,6232462053
P12124,Kavya Singh,43,Female,O+,Hosur,8172282116
P12125,Keerthana Singh,58,Female,O+,Coimbatore,6293708609
P12126,Rohan Nair,37,Male,B+,Coimbatore,7605997775
P12127,Vikram Babu,64,Male,A+,Madurai,7820388664
P12128,Harish Nair,26,Male,A+,Madurai,9352519162
P12129,Neha Menon,44,Female,O+,Thanjavur,6301072188
P12130,Deepika Kumar,59,Female,O+,Chennai,8456062884
P12131,Deepika Babu,35,Female,O+,Tiruttani,8572538000
P12132,Kavya Gupta,63,Female,AB-,Erode,9015896622
P12133,Meera Sharma,29,Female,B+,Erode,6014280475
P12134,Suresh Gupta,16,Male,AB+,Coimbatore,9407575970
P12135,Sneha Mohan,19,Female,O+,Tirunelveli,8871863328
P12136,Prakash Kumar,32,Male,O+,Chennai,9580674074
P12137,Neha Patel,17,Female,O+,Tiruppur,9450068948
P12138,Pooja Nair,20,Female,O+,Coimbatore,9216464248
P12139,Lakshmi Kumar,47,Female,A+,Tiruppur,8420603267
P12140,Vikram Krishnan,65,Male,B+,Tiruttani,9649151286
P12141,Harish Patel,23,Male,B+,Thanjavur,7242593977
P12142,Neha Gupta,62,Female,O+,Trichy,8507089860
P12143,Arjun Patel,29,Male,AB-,Trichy,6370733416
P12144,Manoj Rao,40,Male,O+,Trichy,6734805854
P12145,Naveen Iyer,75,Male,B+,Salem,6294103518
P12146,Divya Patel,65,Female,A-,Vellore,8813729468
P12147,Rakesh Sharma,56,Male,O+,Salem,9199288282
P12148,Rahul Reddy,38,Male,O+,Madurai,8654540409
P12149,Vivek Kumar,35,Male,B+,Tiruppur,7408202513
P12150,Ananya Iyer,7,Female,A+,Tiruttani,8108378684
P12151,Manoj Krishnan,65,Male,B+,Trichy,6043930525
P12152,Rohan Singh,18,Male,O+,Chennai,7201428498
P12153,Neha Rao,27,Female,O+,Tiruppur,6483479278
P12154,Manoj Reddy,66,Male,AB+,Dindigul,6590727755
P12155,Lakshmi Sharma,66,Female,O+,Tiruvallur,8816617754
P12156,Divya Krishnan,15,Female,O+,Coimbatore,9218184778
P12157,Keerthana Kumar,46,Female,A+,Salem,8988477643
P12158,Sneha Singh,4,Female,O+,Erode,6631649400
P12159,Harish Kumar,33,Male,O+,Hosur,7523740328
P12160,Manoj Mohan,16,Male,O-,Tiruppur,9783402000
P12161,Keerthana Menon,76,Female,A+,Dindigul,7374681983
P12162,Aishwarya Reddy,66,Female,A+,Coimbatore,6651607853
P12163,Vikram Iyer,53,Male,O+,Tirunelveli,9213899903
P12164,Manoj Patel,37,Male,B+,Kanchipuram,6109701130
P12165,Aditya Iyer,13,Male,O+,Dindigul,8779747469
P12166,Sneha Patel,31,Female,O+,Trichy,7083446727
P12167,Harish Patel,8,Male,O+,Erode,7589300956
P12168,Meera Iyer,41,Female,O-,Tirunelveli,8659268731
P12169,Harish Patel,37,Male,O+,Coimbatore,9204520715
P12170,Nithya Rao,18,Female,A-,Vellore,8958963286
P12171,Harish Raj,42,Male,O+,Hosur,8419478425
P12172,Deepika Menon,60,Female,B+,Erode,9325488591
P12173,Neha Kumar,7,Female,O+,Coimbatore,6888175128
P12174,Aishwarya Krishnan,20,Female,B+,Salem,6790168199
P12175,Harish Rao,89,Male,B+,Tirunelveli,7244214520
P12176,Aditya Singh,60,Male,AB+,Erode,6528292328
P12177,Rakesh Gupta,6,Male,AB+,Dindigul,8049184544
P12178,Keerthana Reddy,24,Female,O+,Coimbatore,9186599742
P12179,Vikram Gupta,72,Male,O+,Kanchipuram,8360324836
P12180,Manoj Babu,86,Male,O+,Tiruppur,9330878091
P12181,Kavya Krishnan,42,Female,A+,Trichy,6997545461
P12182,Meera Patel,8,Female,O-,Thanjavur,8804167456
P12183,Vivek Reddy,28,Male,O+,Thanjavur,8295845906
P12184,Priya Gupta,6,Female,A+,Tirunelveli,8183234700
P12185,Aditya Menon,18,Male,AB+,Tiruttani,8544823147
P12186,Deepika Nair,72,Female,A-,Tiruttani,9146650571
P12187,Rohan Sharma,10,Male,O-,Tirunelveli,9897014129
P12188,Aditya Mohan,58,Male,A+,Chennai,7068835695
P12189,Aishwarya Reddy,30,Female,A+,Dindigul,9114463309
P12190,Ananya Nair,19,Female,O+,Thanjavur,6995886260
P12191,Vivek Krishnan,1,Male,A+,Trichy,8277180419
P12192,Rakesh Mohan,19,Male,O+,Hosur,8790496142
P12193,Arjun Menon,65,Male,O+,Coimbatore,7938097304
P12194,Harini Sharma,33,Female,AB+,Tiruppur,6315970948
P12195,Karthik Reddy,14,Male,B+,Tirunelveli,7024837078
P12196,Sneha Mohan,53,Female,O+,Chennai,7680750259
P12197,Arjun Reddy,34,Male,B+,Madurai,7539043069
P12198,Rakesh Gupta,47,Male,B+,Kanchipuram,8048908879
P12199,Neha Rao,73,Female,O+,Kanchipuram,6059139732
P12200,Meera Nair,3,Female,O-,Vellore,7384220758
P12201,Ashwin Gupta,14,Male,B+,Kanchipuram,6065351239
P12202,Vivek Menon,30,Male,AB+,Coimbatore,8554104224
P12203,Lakshmi Kumar,25,Female,O+,Trichy,7383082385
P12204,Swathi Nair,41,Female,A+,Vellore,7992306958
P12205,Kavya Patel,59,Female,A+,Thanjavur,6301623374
P12206,Vikram Krishnan,27,Male,B+,Vellore,6159613842
P12207,Vivek Verma,45,Male,A+,Tirunelveli,9387509827
P12208,Ganesh Krishnan,51,Male,A-,Kanchipuram,6252858941
P12209,Arjun Krishnan,45,Male,O+,Tiruppur,9134949335
P12210,Naveen Menon,25,Male,O+,Erode,7006447828
P12211,Kavya Raj,57,Female,B+,Salem,8369290848
P12212,Arjun Reddy,18,Male,B+,Vellore,6984228959
P12213,Vivek Rao,20,Male,O+,Kanchipuram,7374095764
P12214,Meera Nair,23,Female,O-,Tiruvallur,9601282578
P12215,Sneha Singh,21,Female,O+,Tirunelveli,6898590403
P12216,Ganesh Iyer,15,Male,O+,Chennai,9076382544
P12217,Keerthana Patel,35,Female,A+,Hosur,6597015024
P12218,Ananya Nair,18,Female,AB+,Tiruppur,7736345936
P12219,Rohan Patel,23,Male,A+,Erode,9033902383
P12220,Nithya Krishnan,9,Female,A+,Vellore,7954949060
P12221,Kavya Reddy,74,Female,AB+,Tiruttani,9356661346
P12222,Divya Singh,18,Female,O+,Chennai,7171201411
P12223,Nithya Iyer,32,Female,O+,Madurai,7493404138
P12224,Sneha Menon,64,Female,B+,Tiruttani,8298435388
P12225,Ganesh Mohan,88,Male,B+,Dindigul,7463100305
P12226,Priya Nair,34,Female,A+,Vellore,6849968029
P12227,Pooja Reddy,22,Female,O+,Vellore,8167927712
P12228,Ganesh Krishnan,24,Male,AB+,Coimbatore,7890191157
P12229,Vikram Singh,75,Male,O+,Vellore,6844153987
P12230,Kavya Rao,88,Female,O+,Tiruvallur,7962809787
P12231,Pooja Nair,24,Female,A+,Tiruppur,6145316733
P12232,Manoj Rao,29,Male,O+,Madurai,9950486885
P12233,Aishwarya Babu,86,Female,O+,Chennai,7675502132
P12234,Aditya Verma,86,Male,O+,Dindigul,6336150306
P12235,Prakash Gupta,31,Male,O+,Tiruvallur,7425050342
P12236,Arjun Verma,57,Male,B-,Vellore,8445580580
P12237,Harini Krishnan,25,Female,A+,Coimbatore,9602150750
P12238,Lakshmi Krishnan,47,Female,O+,Erode,6380205290
P12239,Keerthana Menon,39,Female,B+,Vellore,8554002381
P12240,Aditya Mohan,62,Male,A+,Salem,9776503637
P12241,Keerthana Babu,46,Female,A+,Tirunelveli,8687576762
P12242,Swathi Kumar,24,Female,A+,Kanchipuram,6726722782
P12243,Nithya Singh,63,Female,O+,Chennai,8234503855
P12244,Divya Singh,38,Female,O+,Salem,9876283917
P12245,Keerthana Sharma,82,Female,AB+,Dindigul,7846857375
P12246,Ananya Krishnan,31,Female,O+,Chennai,8261404184
P12247,Keerthana Kumar,43,Female,O+,Trichy,7611452325
P12248,Harish Babu,44,Male,O+,Erode,7287158577
P12249,Prakash Singh,27,Male,B-,Kanchipuram,9928307371
P12250,Lakshmi Nair,3,Female,O+,Vellore,8075158485
P12251,Deepika Krishnan,6,Female,B+,Madurai,9343578009
P12252,Suresh Verma,56,Male,O-,Salem,8455981380
P12253,Aishwarya Iyer,33,Female,B+,Vellore,6780138522
P12254,Ganesh Gupta,42,Male,O+,Kanchipuram,7798803706
P12255,Prakash Singh,36,Male,B+,Tiruttani,6292837397
P12256,Pooja Singh,25,Female,AB+,Trichy,9583569384
P12257,Prakash Babu,32,Male,B+,Salem,7572841520
P12258,Harish Krishnan,37,Male,A+,Erode,8746475553
P12259,Arjun Rao,15,Male,A+,Tiruppur,9825956844
P12260,Rakesh Sharma,52,Male,A+,Erode,8075897811
P12261,Ananya Raj,47,Female,A+,Tiruvallur,9652650550
P12262,Harish Reddy,34,Male,O+,Erode,6882478356
P12263,Rohan Raj,39,Male,B-,Tiruttani,9677726074
P12264,Nithya Krishnan,64,Female,O-,Tirunelveli,8635160910
P12265,Lakshmi Nair,38,Female,B+,Tirunelveli,7473952627
P12266,Aishwarya Gupta,36,Female,O+,Trichy,7069460049
P12267,Kavya Verma,56,Female,B-,Tiruppur,8407205340
P12268,Lakshmi Iyer,31,Female,A+,Tiruttani,6469334706
P12269,Sneha Rao,5,Female,A+,Thanjavur,7574381784
P12270,Ganesh Sharma,64,Male,A+,Tirunelveli,8346446812
P12271,Divya Verma,32,Female,AB+,Hosur,7340476304
P12272,Sneha Mohan,26,Female,O-,Tirunelveli,9445068125
P12273,Rahul Babu,83,Male,A+,Thanjavur,9245884225
P12274,Neha Kumar,37,Female,O+,Trichy,7339313481
P12275,Aishwarya Rao,49,Female,B-,Kanchipuram,7539525507
P12276,Kavya Krishnan,31,Female,AB+,Tirunelveli,8364519676
P12277,Swathi Gupta,6,Female,AB+,Hosur,9881746138
P12278,Neha Gupta,21,Female,O+,Vellore,7996874850
P12279,Harish Krishnan,45,Male,AB+,Dindigul,6000097686
P12280,Meera Krishnan,51,Female,A+,Tiruppur,7039822493
P12281,Manoj Nair,52,Male,O+,Tiruppur,8929413912
P12282,Divya Menon,15,Female,B+,Chennai,9091853945
P12283,Vikram Krishnan,17,Male,O+,Dindigul,8883399342
P12284,Nithya Sharma,38,Female,O+,Tiruvallur,6009096005
P12285,Deepika Patel,30,Female,B+,Tirunelveli,6836840520
P12286,Sneha Raj,23,Female,B+,Erode,9714780469
P12287,Priya Nair,28,Female,A+,Erode,7964633500
P12288,Harini Rao,25,Female,A-,Kanchipuram,9641451384
P12289,Vikram Verma,86,Male,O+,Tiruvallur,9021255537
P12290,Rakesh Krishnan,77,Male,O+,Tirunelveli,6209035379
P12291,Ashwin Rao,45,Male,AB+,Tirunelveli,6235402950
P12292,Vivek Nair,40,Male,A+,Tiruttani,8902592375
P12293,Harini Sharma,64,Female,O+,Coimbatore,8423871427
P12294,Karthik Reddy,49,Male,O+,Tirunelveli,8139885200
P12295,Rohan Gupta,47,Male,O+,Tirunelveli,6847862420
P12296,Arjun Krishnan,5,Male,AB+,Erode,8581098982
P12297,Deepika Rao,48,Female,O+,Trichy,7283248352
P12298,Pooja Iyer,74,Female,A+,Trichy,9668587844
P12299,Aditya Sharma,55,Male,A+,Chennai,9269293627
P12300,Prakash Verma,40,Male,B+,Tirunelveli,7151652975
P12301,Rohan Gupta,36,Male,A+,Trichy,7461181745
P12302,Prakash Reddy,37,Male,A+,Trichy,8218944223
P12303,Rohan Menon,63,Male,O+,Vellore,8801541970
P12304,Ashwin Reddy,26,Male,O+,Madurai,6429968550
P12305,Pooja Kumar,64,Female,O+,Madurai,9096786187
P12306,Sneha Menon,46,Female,A+,Madurai,7543160872
P12307,Sneha Babu,14,Female,A-,Salem,6705506418
P12308,Manoj Krishnan,52,Male,O+,Hosur,6077932936
P12309,Prakash Patel,44,Male,O+,Tirunelveli,9941459025
P12310,Ananya Verma,27,Female,O+,Tirunelveli,6039648922
P12311,Ananya Verma,45,Female,A+,Coimbatore,7432164471
P12312,Karthik Patel,43,Male,B+,Vellore,6327606049
P12313,Swathi Rao,40,Female,O+,Chennai,9709214243
P12314,Priya Mohan,67,Female,B+,Tiruttani,9397843519
P12315,Arjun Raj,41,Male,O+,Tiruvallur,7366249255
P12316,Swathi Sharma,41,Female,A+,Tiruppur,8994859661
P12317,Vikram Verma,33,Male,B+,Salem,7875548564
P12318,Rahul Menon,55,Male,A-,Tiruvallur,7662914787
P12319,Manoj Rao,62,Male,B+,Trichy,6977181149
P12320,Ananya Rao,2,Female,B+,Vellore,9599477451
P12321,Keerthana Rao,18,Female,O+,Thanjavur,8311702034
P12322,Priya Verma,9,Female,O+,Trichy,9215736183
P12323,Meera Kumar,21,Female,A+,Erode,7797270804
P12324,Suresh Rao,64,Male,O+,Tiruvallur,9578014713
P12325,Ashwin Singh,23,Male,O+,Coimbatore,9943489951
P12326,Priya Rao,21,Female,A+,Madurai,8090472776
P12327,Nithya Reddy,14,Female,A-,Thanjavur,9690216656
P12328,Naveen Mohan,26,Male,AB-,Tiruvallur,7998520674
P12329,Prakash Nair,31,Male,O+,Salem,6535710439
P12330,Rahul Raj,42,Male,B+,Hosur,6755212156
P12331,Vikram Gupta,32,Male,B+,Madurai,6358914140
P12332,Divya Gupta,76,Female,O+,Chennai,7059029017
P12333,Suresh Gupta,16,Male,B+,Hosur,8871669862
P12334,Priya Patel,56,Female,O+,Chennai,6001715276
P12335,Aditya Verma,27,Male,AB+,Thanjavur,9729071000
P12336,Deepika Nair,51,Female,B-,Trichy,8481555782
P12337,Karthik Sharma,52,Male,B+,Coimbatore,8512402527
P12338,Neha Sharma,62,Female,A+,Dindigul,7219189914
P12339,Arjun Krishnan,84,Male,A+,Salem,6293882387
P12340,Ashwin Reddy,28,Male,AB+,Tiruvallur,8892257823
P12341,Rahul Babu,39,Male,O-,Coimbatore,9604662100
P12342,Aishwarya Iyer,21,Female,A+,Tiruppur,7547985347
P12343,Priya Patel,62,Female,B+,Coimbatore,6521607608
P12344,Priya Menon,63,Female,A+,Coimbatore,9642845904
P12345,Rohan Kumar,61,Male,B+,Kanchipuram,6593572283
P12346,Rahul Reddy,87,Male,A+,Vellore,9261050262
P12347,Meera Rao,36,Female,B-,Kanchipuram,7859612912
P12348,Naveen Nair,90,Male,O+,Salem,9326138455
P12349,Arjun Patel,75,Male,O+,Tiruppur,6941966125
P12350,Aishwarya Mohan,48,Female,O+,Hosur,9472639667
P12351,Nithya Patel,50,Female,O+,Thanjavur,7033047382
P12352,Ganesh Verma,38,Male,B+,Trichy,7479583789
P12353,Prakash Sharma,28,Male,O+,Salem,9238537299
P12354,Ananya Nair,90,Female,A+,Dindigul,6795605166
P12355,Aditya Babu,11,Male,O+,Tiruttani,9642016244
P12356,Harish Sharma,17,Male,O+,Thanjavur,6838537843
P12357,Lakshmi Iyer,69,Female,O+,Chennai,7570107221
P12358,Keerthana Menon,24,Female,O+,Madurai,7626380650
P12359,Ananya Reddy,20,Female,B-,Tiruvallur,9705517672
P12360,Sneha Rao,26,Female,B+,Tiruttani,6619478414
P12361,Swathi Gupta,20,Female,O+,Dindigul,6290189251
P12362,Vivek Gupta,50,Male,O+,Thanjavur,9757551511
P12363,Suresh Singh,29,Male,O+,Tirunelveli,8393476648
P12364,Vivek Mohan,34,Male,O-,Vellore,7438508755
P12365,Prakash Mohan,25,Male,A+,Hosur,7092759085
P12366,Rohan Nair,6,Male,O+,Madurai,9449960523
P12367,Vivek Reddy,71,Male,B-,Kanchipuram,6893309088
P12368,Karthik Babu,41,Male,B+,Vellore,9299936652
P12369,Rakesh Babu,55,Male,A+,Hosur,8423380058
P12370,Ganesh Kumar,28,Male,O+,Chennai,7438752952
P12371,Keerthana Menon,37,Female,O+,Salem,6201904404
P12372,Suresh Reddy,32,Male,O-,Tirunelveli,6894408409
P12373,Vikram Raj,29,Male,O-,Trichy,6358486846
P12374,Ganesh Patel,36,Male,AB+,Tiruttani,7170325966
P12375,Vikram Raj,88,Male,O+,Erode,6867157421
P12376,Neha Reddy,52,Female,B+,Coimbatore,6307142902
P12377,Manoj Raj,8,Male,B+,Madurai,6286733943
P12378,Meera Gupta,24,Female,O+,Tiruvallur,7847633578
P12379,Arjun Sharma,61,Male,AB+,Salem,8851971926
P12380,Lakshmi Sharma,13,Female,O+,Tiruttani,6808631584
P12381,Suresh Rao,60,Male,B-,Madurai,6593822880
P12382,Naveen Singh,43,Male,A+,Chennai,6842632149
P12383,Priya Iyer,18,Female,A+,Trichy,7266083246
P12384,Sneha Rao,41,Female,B+,Salem,9223796274
P12385,Rohan Iyer,44,Male,A+,Salem,6636871599
P12386,Nithya Reddy,33,Female,A+,Tiruvallur,6831839792
P12387,Deepika Reddy,57,Female,O+,Erode,9093904065
P12388,Deepika Babu,33,Female,O+,Trichy,7794438873
P12389,Naveen Iyer,15,Male,AB+,Trichy,8068818052
P12390,Pooja Nair,47,Female,A+,Coimbatore,7938439201
P12391,Harish Babu,42,Male,B+,Tiruvallur,6706136524
P12392,Prakash Reddy,9,Male,B+,Thanjavur,9748528401
P12393,Ananya Raj,41,Female,A+,Tiruvallur,7772642167
P12394,Deepika Patel,63,Female,O+,Tiruppur,8944612493
P12395,Swathi Gupta,2,Female,A+,Tiruttani,6296568892
P12396,Keerthana Kumar,62,Female,B+,Coimbatore,8934054588
P12397,Swathi Rao,88,Female,AB+,Chennai,8623531431
P12398,Rakesh Verma,26,Male,O-,Tiruttani,7998057485
P12399,Arjun Babu,45,Male,A+,Hosur,7841888235
P12400,Keerthana Raj,74,Female,B+,Tiruppur,8327143635
P12401,Keerthana Nair,40,Female,A+,Vellore,9647573572
P12402,Deepika Kumar,3,Female,O+,Tiruppur,8360208826
P12403,Keerthana Babu,22,Female,O+,Chennai,7468792747
P12404,Divya Verma,50,Female,B+,Coimbatore,7716084523
P12405,Ganesh Reddy,39,Male,O+,Erode,8379226803
P12406,Nithya Raj,60,Female,O+,Chennai,9055549573
P12407,Vikram Menon,46,Male,O+,Dindigul,6810217076
P12408,Pooja Gupta,60,Female,O+,Dindigul,8300211786
P12409,Meera Reddy,53,Female,AB+,Chennai,9757151569
P12410,Ananya Menon,49,Female,A-,Tiruvallur,6233072473
P12411,Naveen Gupta,51,Male,O+,Madurai,9584640844
P12412,Naveen Raj,1,Male,A+,Hosur,9835127123
P12413,Rakesh Krishnan,42,Male,O+,Madurai,8941270229
P12414,Arjun Mohan,38,Male,A+,Coimbatore,8762315465
P12415,Aishwarya Verma,34,Female,B+,Erode,8996799013
P12416,Divya Kumar,22,Female,AB+,Kanchipuram,6616032710
P12417,Rahul Raj,45,Male,O+,Hosur,7647739243
P12418,Pooja Krishnan,35,Female,AB+,Tiruvallur,8092527983
P12419,Karthik Krishnan,25,Male,B+,Hosur,6685981400
P12420,Rahul Gupta,21,Male,B+,Salem,9564686349
P12421,Karthik Patel,63,Male,O+,Dindigul,6923672401
P12422,Keerthana Reddy,49,Female,A+,Chennai,8379354865
P12423,Lakshmi Iyer,23,Female,O-,Tiruttani,8582201438
P12424,Suresh Menon,27,Male,A+,Tirunelveli,9856239900
P12425,Aditya Singh,23,Male,O+,Erode,6332485262
P12426,Harish Verma,63,Male,B+,Tirunelveli,6647928378
P12427,Ananya Reddy,25,Female,O+,Hosur,6493757663
P12428,Karthik Menon,52,Male,B+,Dindigul,8815063448
P12429,Vikram Reddy,25,Male,O-,Hosur,9427027598
P12430,Vivek Patel,28,Male,AB+,Tiruppur,9205991879
P12431,Vikram Rao,64,Male,O+,Tirunelveli,9603565461
P12432,Ananya Gupta,26,Female,A+,Hosur,9156319721
P12433,Divya Patel,18,Female,A+,Trichy,8763517191
P12434,Ananya Sharma,30,Female,O+,Tiruppur,9282459124
P12435,Divya Sharma,42,Female,A-,Salem,8091675512
P12436,Karthik Mohan,10,Male,B-,Vellore,6338966764
P12437,Nithya Iyer,79,Female,AB+,Coimbatore,6676345194
P12438,Divya Verma,22,Female,O+,Tirunelveli,8333724533
P12439,Harish Reddy,29,Male,O+,Kanchipuram,9011069647
P12440,Kavya Patel,33,Female,A+,Erode,8194716552
P12441,Aditya Rao,2,Male,B+,Vellore,7630077461
P12442,Sneha Babu,7,Female,B+,Trichy,7716583829
P12443,Harish Patel,50,Male,B+,Chennai,6241336143
P12444,Ananya Menon,10,Female,O+,Erode,7709498749
P12445,Swathi Reddy,16,Female,O+,Kanchipuram,6342167676
P12446,Karthik Rao,27,Male,B-,Tiruttani,6581329217
P12447,Pooja Verma,21,Female,A+,Hosur,7930673248
P12448,Nithya Iyer,11,Female,B+,Trichy,8702606024
P12449,Aishwarya Singh,54,Female,O+,Vellore,8726105237
P12450,Aditya Kumar,3,Male,A-,Tirunelveli,6247929178
P12451,Ashwin Verma,34,Male,O+,Tiruttani,6773096928
P12452,Ananya Rao,15,Female,O+,Kanchipuram,7716259721
P12453,Naveen Babu,36,Male,A+,Tiruvallur,8945160917
P12454,Priya Reddy,60,Female,A+,Tiruttani,6564654965
P12455,Ganesh Verma,31,Male,A+,Chennai,9782696225
P12456,Karthik Krishnan,48,Male,A+,Salem,6059513809
P12457,Ananya Babu,20,Female,AB-,Tiruvallur,6139984777
P12458,Harish Patel,18,Male,A+,Tiruppur,7364933380
P12459,Ashwin Babu,47,Male,O+,Trichy,9853510719
P12460,Lakshmi Singh,32,Female,B+,Vellore,6155298279
P12461,Aishwarya Sharma,21,Female,O-,Salem,7008453217
P12462,Naveen Singh,12,Male,O+,Thanjavur,7542699325
P12463,Rohan Babu,24,Male,B+,Vellore,6463569024
P12464,Harish Iyer,77,Male,A+,Chennai,9191469994
P12465,Swathi Iyer,36,Female,O+,Vellore,7732722278
P12466,Rohan Verma,41,Male,O+,Kanchipuram,7946759875
P12467,Suresh Krishnan,32,Male,O+,Salem,9345780101
P12468,Rakesh Nair,32,Male,A+,Tiruttani,6506776191
P12469,Vivek Nair,64,Male,O+,Thanjavur,6049735701
P12470,Ashwin Patel,42,Male,O+,Thanjavur,8140091534
P12471,Rakesh Nair,56,Male,O-,Vellore,8503817610
P12472,Meera Reddy,12,Female,A+,Dindigul,6068574746
P12473,Keerthana Mohan,32,Female,O+,Hosur,6960936441
P12474,Aditya Babu,24,Male,O-,Tirunelveli,9152589033
P12475,Rohan Gupta,36,Male,A+,Salem,6787399981
P12476,Rahul Kumar,80,Male,B+,Tiruvallur,7106773702
P12477,Priya Singh,19,Female,O+,Thanjavur,9286200416
P12478,Vivek Nair,40,Male,A+,Vellore,6019454272
P12479,Nithya Nair,68,Female,O+,Dindigul,6015736784
P12480,Keerthana Krishnan,16,Female,AB-,Coimbatore,6876279723
P12481,Nithya Babu,65,Female,AB+,Tirunelveli,9920366613
P12482,Deepika Rao,81,Female,B+,Tirunelveli,8655085959
P12483,Divya Rao,47,Female,A+,Vellore,7129740071
P12484,Keerthana Mohan,36,Female,A+,Tiruppur,8288012221
P12485,Nithya Raj,3,Female,B+,Tirunelveli,7481571234
P12486,Sneha Kumar,44,Female,A+,Hosur,8476554124
P12487,Prakash Reddy,49,Male,B+,Tiruttani,7177218057
P12488,Divya Singh,29,Female,A+,Salem,7892758564
P12489,Suresh Verma,36,Male,B-,Salem,6473283838
P12490,Rakesh Mohan,18,Male,AB+,Erode,7639193458
P12491,Meera Menon,64,Female,AB+,Salem,9347260720
P12492,Deepika Singh,15,Female,O+,Trichy,7712711450
P12493,Rohan Mohan,31,Male,B+,Tiruvallur,9994240397
P12494,Divya Reddy,75,Female,AB+,Trichy,8554578378
P12495,Manoj Verma,86,Male,O+,Kanchipuram,6440135179
P12496,Nithya Mohan,65,Female,B+,Tiruttani,8645504014
P12497,Divya Gupta,63,Female,B+,Tiruppur,7646865221
P12498,Aishwarya Krishnan,47,Female,B+,Thanjavur,9173131271
P12499,Aditya Sharma,31,Male,A-,Coimbatore,9942111714
P12500,Swathi Babu,58,Female,A+,Tirunelveli,7840926673
P12501,Karthik Gupta,41,Male,B+,Madurai,6852132213
P12502,Ananya Reddy,19,Female,AB+,Madurai,6714203725
P12503,Prakash Babu,45,Male,AB-,Tiruvallur,8379660474
P12504,Harini Babu,61,Female,A-,Tiruppur,8075466024
P12505,Ananya Babu,29,Female,B+,Hosur,7724605288
P12506,Meera Singh,44,Female,AB+,Chennai,7635980894
P12507,Priya Sharma,62,Female,A+,Hosur,9820583491
P12508,Prakash Raj,85,Male,A+,Tiruttani,8630018403
P12509,Prakash Iyer,26,Male,B+,Hosur,8368706060
P12510,Swathi Babu,41,Female,A+,Tiruvallur,7810884537
P12511,Naveen Kumar,40,Male,O-,Salem,7305605005
P12512,Suresh Verma,76,Male,O-,Tiruttani,7033468945
P12513,Vivek Patel,41,Male,A+,Madurai,9462400670
P12514,Rahul Raj,35,Male,AB+,Salem,6307340700
P12515,Meera Reddy,45,Female,O+,Thanjavur,7688326941
P12516,Ashwin Krishnan,31,Male,A+,Hosur,8578992023
P12517,Vikram Singh,64,Male,A+,Erode,6232528123
P12518,Manoj Nair,43,Male,O+,Tiruppur,8520926654
P12519,Arjun Babu,22,Male,O+,Tiruttani,6378224251
P12520,Divya Babu,17,Female,O+,Tirunelveli,8944078489
P12521,Rakesh Nair,17,Male,A-,Chennai,8320600376
P12522,Vivek Rao,42,Male,A-,Dindigul,7599856833
P12523,Divya Kumar,1,Female,A+,Trichy,9907656343
P12524,Keerthana Krishnan,64,Female,A+,Hosur,8909035277
P12525,Ananya Singh,54,Female,O+,Coimbatore,6622186617
P12526,Rakesh Iyer,29,Male,O+,Tirunelveli,7978758857
P12527,Vikram Menon,4,Male,A+,Tiruvallur,6316737391
P12528,Harish Nair,57,Male,O+,Hosur,8747758978
P12529,Swathi Mohan,56,Female,AB-,Coimbatore,7174561078
P12530,Nithya Reddy,35,Female,A+,Salem,6184218854
P12531,Suresh Sharma,41,Male,O+,Salem,7608092671
P12532,Prakash Krishnan,31,Male,B+,Hosur,7322113715
P12533,Kavya Kumar,42,Female,AB+,Thanjavur,9744254492
P12534,Ashwin Menon,36,Male,B+,Erode,9604631111
P12535,Naveen Rao,42,Male,AB+,Dindigul,6110129850
P12536,Vikram Reddy,65,Male,O-,Tiruppur,6701994254
P12537,Meera Menon,47,Female,B+,Vellore,7834158421
P12538,Arjun Gupta,12,Male,O+,Hosur,7438717515
P12539,Rahul Reddy,51,Male,B+,Coimbatore,8742801692
P12540,Arjun Babu,37,Male,O+,Tirunelveli,7338934402
P12541,Lakshmi Reddy,41,Female,O+,Tiruppur,7669751085
P12542,Kavya Patel,77,Female,A+,Salem,7635179631
P12543,Priya Iyer,22,Female,B+,Erode,7902675529
P12544,Ananya Sharma,25,Female,A+,Erode,9691771470
P12545,Kavya Iyer,47,Female,O+,Chennai,8942016916
P12546,Rahul Mohan,84,Male,A+,Madurai,9622757377
P12547,Manoj Reddy,41,Male,A+,Erode,8733101583
P12548,Manoj Krishnan,85,Male,B+,Coimbatore,9340055607
P12549,Aishwarya Verma,45,Female,B+,Dindigul,8114036004
P12550,Meera Reddy,2,Female,A+,Erode,8505821706
P12551,Manoj Patel,39,Male,AB+,Erode,9539307295
P12552,Karthik Nair,70,Male,O+,Erode,6560285376
P12553,Swathi Rao,57,Female,B+,Coimbatore,7703271190
P12554,Prakash Krishnan,74,Male,O+,Dindigul,6751600210
P12555,Prakash Mohan,56,Male,O+,Tiruvallur,9537193100
P12556,Rakesh Babu,26,Male,B+,Salem,7256643804
P12557,Sneha Gupta,17,Female,A+,Madurai,9567043664
P12558,Suresh Verma,65,Male,O+,Trichy,9971883454
P12559,Priya Gupta,35,Female,B+,Tiruttani,9039418593
P12560,Nithya Menon,46,Female,O+,Tirunelveli,7837972906
P12561,Meera Gupta,24,Female,O+,Trichy,7685351361
P12562,Neha Kumar,58,Female,B+,Trichy,9078150461
P12563,Meera Gupta,40,Female,AB+,Erode,7834358731
P12564,Swathi Raj,16,Female,O+,Trichy,8376497482
P12565,Harish Iyer,36,Male,B+,Tirunelveli,6876975030
P12566,Ashwin Reddy,25,Male,B+,Trichy,9585083462
P12567,Harish Kumar,48,Male,B-,Tiruttani,6997448295
P12568,Rohan Patel,10,Male,A+,Hosur,6926968110
P12569,Manoj Mohan,2,Male,A+,Erode,9313670265
P12570,Vivek Raj,7,Male,B+,Madurai,9077518465
P12571,Manoj Reddy,58,Male,B+,Hosur,9326297857
P12572,Prakash Verma,13,Male,O+,Salem,8581142485
P12573,Ananya Raj,32,Female,B-,Coimbatore,7788684913
P12574,Arjun Singh,55,Male,A-,Erode,6461237542
P12575,Harish Menon,10,Male,A+,Chennai,7545566749
P12576,Keerthana Iyer,48,Female,AB+,Erode,8588070231
P12577,Ashwin Sharma,52,Male,B-,Vellore,6058639492
P12578,Manoj Sharma,45,Male,O+,Kanchipuram,9742545728
P12579,Swathi Babu,31,Female,O+,Tirunelveli,8599703587
P12580,Rohan Iyer,79,Male,AB+,Chennai,7428841377
P12581,Ganesh Reddy,29,Male,O-,Tiruppur,9761278281
P12582,Aditya Kumar,39,Male,AB+,Trichy,8363983521
P12583,Arjun Iyer,14,Male,A+,Tiruttani,8686347164
P12584,Rohan Gupta,29,Male,O+,Erode,9685660430
P12585,Priya Babu,40,Female,A+,Erode,9165537418
P12586,Harish Babu,16,Male,O+,Tiruppur,8378026099
P12587,Manoj Iyer,63,Male,B+,Vellore,7874390379
P12588,Sneha Mohan,38,Female,O+,Thanjavur,9529509961
P12589,Karthik Babu,32,Male,O+,Erode,7497042535
P12590,Nithya Krishnan,36,Female,O+,Tirunelveli,6226664576
P12591,Arjun Reddy,36,Male,A-,Kanchipuram,8679402641
P12592,Naveen Singh,35,Male,O+,Thanjavur,7656215617
P12593,Ananya Babu,17,Female,A+,Tirunelveli,7881370444
P12594,Pooja Mohan,37,Female,O+,Kanchipuram,6982250013
P12595,Keerthana Verma,34,Female,O-,Salem,9154773290
P12596,Karthik Kumar,25,Male,O+,Thanjavur,6370703818
P12597,Ganesh Nair,26,Male,A-,Trichy,7445482024
P12598,Harish Nair,89,Male,O+,Chennai,9591868400
P12599,Vivek Singh,21,Male,A+,Coimbatore,7888788491
P12600,Ganesh Gupta,16,Male,B+,Chennai,6276562179
P12601,Priya Gupta,1,Female,O+,Coimbatore,7117895176
P12602,Arjun Kumar,40,Male,O-,Dindigul,7212724529
P12603,Lakshmi Verma,51,Female,B+,Coimbatore,7631293231
P12604,Divya Reddy,41,Female,A+,Kanchipuram,7388914816
P12605,Swathi Nair,54,Female,A+,Madurai,7174773593
P12606,Lakshmi Menon,39,Female,AB+,Chennai,7403642942
P12607,Rohan Gupta,60,Male,O+,Hosur,7764466598
P12608,Meera Singh,22,Female,O+,Tiruvallur,7059106564
P12609,Aditya Verma,35,Male,AB+,Chennai,9022032739
P12610,Naveen Kumar,45,Male,B+,Chennai,7403359811
P12611,Rohan Sharma,26,Male,O+,Tiruppur,6468625010
P12612,Rahul Raj,21,Male,O+,Erode,7847436091
P12613,Kavya Kumar,61,Female,A+,Trichy,7974705332
P12614,Rahul Reddy,17,Male,O+,Erode,6022453198
P12615,Vivek Reddy,40,Male,A+,Tirunelveli,9520867323
P12616,Rahul Mohan,42,Male,O+,Chennai,9116469567
P12617,Naveen Sharma,76,Male,O+,Madurai,9809157106
P12618,Rohan Singh,13,Male,B+,Tiruttani,7696727620
P12619,Ashwin Sharma,52,Male,B+,Tiruvallur,8863044810
P12620,Lakshmi Krishnan,40,Female,A+,Salem,7091536000
P12621,Harish Raj,38,Male,O+,Thanjavur,7780471714
P12622,Vikram Reddy,1,Male,O+,Salem,7462663306
P12623,Rakesh Menon,24,Male,B+,Thanjavur,7980350229
P12624,Karthik Raj,51,Male,A-,Tiruvallur,8720203276
P12625,Ganesh Mohan,53,Male,A+,Vellore,7764207092
P12626,Vivek Patel,63,Male,A+,Madurai,7925586060
P12627,Deepika Nair,22,Female,A+,Dindigul,9497819611
P12628,Rohan Mohan,23,Male,B+,Salem,9239299157
P12629,Rohan Nair,35,Male,O+,Erode,9339643656
P12630,Neha Patel,37,Female,A+,Madurai,8241164247
P12631,Lakshmi Babu,90,Female,O+,Vellore,9647378213
P12632,Meera Nair,8,Female,O+,Coimbatore,6013625255
P12633,Divya Kumar,23,Female,O+,Coimbatore,6126163829
P12634,Ganesh Gupta,58,Male,O+,Tiruttani,8438890197
P12635,Meera Iyer,74,Female,O+,Kanchipuram,7193256956
P12636,Keerthana Sharma,49,Female,O+,Hosur,6237354840
P12637,Manoj Patel,72,Male,B+,Erode,7456235629
P12638,Rohan Iyer,3,Male,AB+,Thanjavur,9823114509
P12639,Manoj Krishnan,38,Male,O+,Coimbatore,8719068265
P12640,Ananya Singh,86,Female,O-,Trichy,6378257939
P12641,Prakash Raj,7,Male,A+,Erode,6166335146
P12642,Vikram Mohan,78,Male,B+,Tiruppur,6947590757
P12643,Rohan Krishnan,5,Male,AB+,Kanchipuram,7049489724
P12644,Karthik Babu,73,Male,A+,Madurai,9716918664
P12645,Rohan Menon,35,Male,AB-,Tiruvallur,7654965164
P12646,Aditya Krishnan,26,Male,B-,Dindigul,8711346304
P12647,Kavya Reddy,37,Female,A+,Tiruttani,7842039134
P12648,Karthik Sharma,26,Male,O+,Chennai,6671739536
P12649,Pooja Kumar,21,Female,O+,Tiruvallur,6541927006
P12650,Divya Patel,62,Female,O+,Tiruvallur,8792989756
P12651,Kavya Nair,65,Female,B-,Chennai,9715349753
P12652,Vikram Gupta,57,Male,O+,Coimbatore,7295677840
P12653,Rohan Mohan,22,Male,B+,Tiruppur,9371774857
P12654,Sneha Rao,5,Female,B+,Dindigul,7706129508
P12655,Suresh Nair,14,Male,A+,Thanjavur,6218771445
P12656,Meera Iyer,39,Female,O+,Tiruppur,9334753321
P12657,Prakash Reddy,55,Male,O+,Vellore,6154069059
P12658,Kavya Iyer,58,Female,B-,Tiruvallur,8161840211
P12659,Harini Patel,42,Female,AB+,Hosur,8575519671
P12660,Rahul Menon,54,Male,O+,Erode,6724908074
P12661,Harini Verma,14,Female,O-,Tiruttani,6040583774
P12662,Neha Reddy,25,Female,O+,Madurai,6186918737
P12663,Swathi Rao,52,Female,O+,Tiruvallur,7796515289
P12664,Ashwin Iyer,23,Male,O-,Dindigul,7638440911
P12665,Aishwarya Verma,13,Female,A+,Chennai,6296007723
P12666,Kavya Kumar,39,Female,B+,Kanchipuram,6649475389
P12667,Kavya Kumar,22,Female,B+,Chennai,6907369437
P12668,Manoj Iyer,54,Male,AB+,Thanjavur,6442520083
P12669,Lakshmi Patel,61,Female,AB+,Madurai,8512448512
P12670,Priya Menon,89,Female,AB+,Kanchipuram,6117510399
P12671,Arjun Sharma,10,Male,A+,Chennai,8916188846
P12672,Ganesh Raj,70,Male,O+,Hosur,7497466211
P12673,Rohan Krishnan,41,Male,B+,Madurai,9097166855
P12674,Ganesh Kumar,55,Male,O+,Salem,7882148874
P12675,Harini Kumar,59,Female,O+,Coimbatore,7084760163
P12676,Harish Patel,84,Male,A+,Kanchipuram,8662327690
P12677,Prakash Kumar,39,Male,O+,Chennai,8930465625
P12678,Kavya Iyer,39,Female,A+,Thanjavur,9783732205
P12679,Deepika Raj,60,Female,B+,Tirunelveli,9409170804
P12680,Rohan Menon,40,Male,O+,Vellore,6284507316
P12681,Vivek Menon,43,Male,O+,Hosur,7017854479
P12682,Lakshmi Reddy,65,Female,B+,Trichy,9699236011
P12683,Manoj Verma,29,Male,A-,Tiruttani,6033496261
P12684,Rohan Menon,54,Male,AB+,Tiruvallur,6873168050
P12685,Rakesh Patel,32,Male,A+,Salem,7267950042
P12686,Meera Patel,24,Female,O+,Hosur,7549054353
P12687,Harini Mohan,88,Female,B+,Tiruvallur,8197339152
P12688,Lakshmi Mohan,46,Female,A+,Trichy,7063258079
P12689,Nithya Reddy,23,Female,O+,Tiruvallur,8774149687
P12690,Prakash Iyer,24,Male,O+,Tiruvallur,9586408607
P12691,Ashwin Iyer,28,Male,O+,Tiruvallur,7539670551
P12692,Manoj Kumar,48,Male,O+,Thanjavur,9531572410
P12693,Swathi Verma,25,Female,AB+,Tirunelveli,8097700329
P12694,Manoj Nair,17,Male,O-,Trichy,9356175598
P12695,Ananya Mohan,65,Female,AB+,Kanchipuram,6297467193
P12696,Prakash Mohan,21,Male,B-,Tiruttani,7831301524
P12697,Rakesh Mohan,35,Male,B+,Tirunelveli,9893161630
P12698,Keerthana Gupta,38,Female,B-,Tiruppur,8631117120
P12699,Neha Mohan,19,Female,B+,Tiruppur,8052591397
P12700,Arjun Menon,11,Male,B+,Hosur,6556318806
P12701,Kavya Nair,64,Female,O+,Hosur,8250607366
P12702,Vikram Kumar,61,Male,B+,Kanchipuram,7886556230
P12703,Harish Reddy,18,Male,O+,Vellore,6903511070
P12704,Karthik Nair,36,Male,AB+,Trichy,9035590881
P12705,Ashwin Babu,14,Male,O+,Salem,8880228438
P12706,Harini Reddy,34,Female,B+,Trichy,6913069993
P12707,Arjun Kumar,59,Male,O+,Tiruvallur,9357112616
P12708,Harish Rao,20,Male,AB+,Dindigul,8432768715
P12709,Aishwarya Rao,33,Female,B+,Thanjavur,7804430176
P12710,Kavya Patel,37,Female,O+,Vellore,9350329270
P12711,Priya Reddy,32,Female,B+,Tirunelveli,8782916928
P12712,Priya Nair,85,Female,O+,Tiruvallur,7889183557
P12713,Arjun Reddy,13,Male,A+,Tiruttani,9941300618
P12714,Meera Gupta,47,Female,A+,Erode,7532412597
P12715,Arjun Iyer,24,Male,O+,Madurai,7957036627
P12716,Ashwin Gupta,65,Male,B+,Tiruvallur,6387419230
P12717,Manoj Mohan,63,Male,O+,Coimbatore,8327621171
P12718,Suresh Menon,31,Male,O+,Tiruvallur,7654461777
P12719,Harini Iyer,25,Female,AB+,Madurai,6301516152
P12720,Swathi Singh,87,Female,B+,Tirunelveli,6221751736
P12721,Vivek Sharma,65,Male,B-,Kanchipuram,9183761278
P12722,Lakshmi Reddy,3,Female,O+,Salem,6951162411
P12723,Ganesh Patel,30,Male,A+,Salem,8181295331
P12724,Priya Gupta,14,Female,B+,Tirunelveli,6871815825
P12725,Karthik Mohan,34,Male,B+,Kanchipuram,9356490118
P12726,Deepika Patel,16,Female,O+,Thanjavur,6113556792
P12727,Manoj Verma,45,Male,A+,Vellore,7741701834
P12728,Ashwin Nair,33,Male,B+,Erode,8220933909
P12729,Ashwin Sharma,56,Male,B+,Chennai,8340939715
P12730,Vikram Nair,32,Male,B-,Chennai,7622109329
P12731,Vivek Menon,81,Male,O+,Thanjavur,6643439246
P12732,Divya Gupta,50,Female,O+,Tirunelveli,7797122371
P12733,Kavya Kumar,42,Female,B+,Madurai,7896508481
P12734,Divya Raj,24,Female,B+,Madurai,9602659647
P12735,Aishwarya Mohan,76,Female,O+,Hosur,7096196399
P12736,Rohan Verma,26,Male,O+,Tirunelveli,7355021500
P12737,Divya Reddy,63,Female,A+,Thanjavur,8315557946
P12738,Karthik Mohan,60,Male,O+,Tiruttani,9018953139
P12739,Manoj Kumar,35,Male,O-,Salem,6092303982
P12740,Ananya Singh,19,Female,A+,Erode,7225733194
P12741,Neha Verma,58,Female,O+,Tiruppur,9356722343
P12742,Karthik Iyer,59,Male,O+,Tiruttani,8581322999
P12743,Rakesh Singh,37,Male,A+,Dindigul,6781604417
P12744,Aditya Menon,26,Male,B+,Tiruttani,8145028399
P12745,Vikram Rao,57,Male,A+,Madurai,8762560598
P12746,Naveen Kumar,24,Male,A+,Salem,6265689099
P12747,Neha Babu,8,Female,A+,Chennai,6057556402
P12748,Arjun Singh,37,Male,B+,Trichy,7637164033
P12749,Naveen Patel,38,Male,B+,Chennai,7580370949
P12750,Kavya Kumar,37,Female,B-,Dindigul,8641003781
P12751,Prakash Rao,19,Male,B-,Kanchipuram,6205480164
P12752,Divya Babu,44,Female,O+,Tiruttani,7809766240
P12753,Suresh Gupta,21,Male,B+,Vellore,7624470534
P12754,Vikram Babu,68,Male,B-,Dindigul,6030456475
P12755,Rakesh Mohan,59,Male,O+,Tiruppur,7355093427
P12756,Neha Gupta,56,Female,O+,Trichy,6416537617
P12757,Harish Mohan,30,Male,A+,Tirunelveli,6189604929
P12758,Nithya Nair,28,Female,O+,Tiruvallur,9855746197
P12759,Rakesh Rao,69,Male,A+,Vellore,7685955788
P12760,Priya Krishnan,35,Female,O+,Vellore,7964684981
P12761,Ashwin Mohan,36,Male,O+,Vellore,7181048455
P12762,Lakshmi Krishnan,27,Female,O+,Kanchipuram,6967801105
P12763,Prakash Gupta,51,Male,A+,Salem,9453493745
P12764,Swathi Reddy,41,Female,A+,Erode,6969480600
P12765,Manoj Gupta,49,Male,O+,Chennai,7432186466
P12766,Lakshmi Singh,9,Female,B+,Coimbatore,7031379435
P12767,Suresh Raj,2,Male,B-,Dindigul,9214296070
P12768,Harish Nair,36,Male,AB+,Kanchipuram,6175440280
P12769,Arjun Mohan,18,Male,B+,Madurai,9248777935
P12770,Rakesh Nair,29,Male,O-,Madurai,8602246344
P12771,Aditya Singh,9,Male,B+,Dindigul,9309667754
P12772,Aishwarya Raj,39,Female,B+,Salem,6799222228
P12773,Deepika Menon,33,Female,B-,Dindigul,8071185413
P12774,Ashwin Babu,28,Male,AB-,Tiruppur,8559148248
P12775,Sneha Rao,48,Female,O+,Kanchipuram,7050421610
P12776,Ganesh Babu,30,Male,O+,Erode,6462492116
P12777,Naveen Singh,55,Male,A+,Tiruttani,9554747640
P12778,Nithya Sharma,17,Female,AB+,Hosur,8635440230
P12779,Deepika Kumar,41,Female,O+,Trichy,7461363923
P12780,Divya Krishnan,30,Female,O+,Thanjavur,6038030549
P12781,Deepika Mohan,28,Female,O+,Dindigul,7101952924
P12782,Pooja Krishnan,20,Female,A+,Thanjavur,9078805253
P12783,Swathi Singh,32,Female,AB+,Dindigul,6767764486
P12784,Naveen Krishnan,29,Male,A+,Vellore,7237523339
P12785,Kavya Patel,25,Female,O+,Tiruppur,7964415099
P12786,Rakesh Mohan,40,Male,A+,Tiruvallur,6331124918
P12787,Meera Nair,53,Female,B+,Vellore,7823526135
P12788,Meera Gupta,33,Female,O+,Kanchipuram,8743527313
P12789,Naveen Nair,79,Male,B+,Vellore,9066447770
P12790,Kavya Verma,82,Female,O+,Coimbatore,7641450170
P12791,Vikram Rao,44,Male,A+,Thanjavur,7987881403
P12792,Rakesh Reddy,40,Male,B+,Chennai,8992238724
P12793,Suresh Raj,18,Male,O+,Dindigul,8299294811
P12794,Nithya Krishnan,59,Female,O+,Dindigul,9293191291
P12795,Arjun Singh,62,Male,B-,Coimbatore,7246171505
P12796,Priya Gupta,29,Female,O+,Kanchipuram,7852428113
P12797,Vikram Sharma,54,Male,B-,Tiruppur,7390557332
P12798,Harish Verma,12,Male,O+,Erode,7086971427
P12799,Divya Babu,28,Female,O+,Salem,8093886704
P12800,Swathi Babu,29,Female,B-,Kanchipuram,6273998850
P12801,Meera Gupta,32,Female,O-,Madurai,7124704721
P12802,Neha Reddy,38,Female,AB-,Salem,9092972388
P12803,Rohan Singh,20,Male,O+,Erode,7423162189
P12804,Ganesh Mohan,54,Male,O+,Tiruppur,8750211054
P12805,Ganesh Patel,61,Male,A+,Tirunelveli,9547744495
P12806,Rohan Kumar,19,Male,A+,Tiruvallur,9444377040
P12807,Prakash Mohan,27,Male,A+,Chennai,8946689594
P12808,Prakash Iyer,44,Male,O+,Coimbatore,6805945117
P12809,Rakesh Nair,31,Male,B+,Tirunelveli,9680410091
P12810,Harish Sharma,19,Male,O+,Vellore,9389254309
P12811,Karthik Raj,53,Male,O+,Tiruttani,9329280660
P12812,Harish Iyer,52,Male,O+,Tiruvallur,7943207904
P12813,Divya Reddy,43,Female,A+,Erode,6273666851
P12814,Manoj Reddy,21,Male,O+,Kanchipuram,9138691478
P12815,Lakshmi Menon,32,Female,A+,Trichy,6213229720
P12816,Rahul Krishnan,54,Male,O+,Hosur,6875427540
P12817,Kavya Babu,23,Female,A+,Kanchipuram,8648534056
P12818,Harini Krishnan,1,Female,O+,Trichy,6103186885
P12819,Nithya Kumar,23,Female,A+,Coimbatore,8199015061
P12820,Ganesh Singh,33,Male,A+,Dindigul,6458947193
P12821,Kavya Kumar,31,Female,B+,Tiruvallur,6882875539
P12822,Swathi Sharma,36,Female,A+,Salem,8828972691
P12823,Arjun Raj,23,Male,A+,Tirunelveli,8964131638
P12824,Arjun Reddy,1,Male,O+,Chennai,8665777926
P12825,Neha Reddy,37,Female,B+,Tiruvallur,7278625064
P12826,Rakesh Krishnan,23,Male,O+,Salem,6940088374
P12827,Nithya Babu,20,Female,A+,Erode,8415808743
P12828,Harish Raj,23,Male,AB+,Thanjavur,7873410716
P12829,Meera Mohan,12,Female,B+,Salem,9986784188
P12830,Divya Verma,61,Female,A+,Madurai,8247460083
P12831,Priya Krishnan,59,Female,B-,Chennai,6480059383
P12832,Meera Menon,6,Female,B+,Salem,9424645220
P12833,Nithya Sharma,36,Female,A+,Thanjavur,6687443727
P12834,Kavya Nair,54,Female,B+,Trichy,6139473329
P12835,Priya Babu,12,Female,B+,Salem,9979113400
P12836,Rakesh Singh,10,Male,O+,Tiruvallur,7672035339
P12837,Harish Reddy,21,Male,A+,Chennai,9470617610
P12838,Divya Raj,40,Female,O-,Tirunelveli,7211883308
P12839,Rakesh Menon,31,Male,O+,Tiruppur,6605126676
P12840,Keerthana Rao,32,Female,B-,Trichy,7255928667
P12841,Karthik Iyer,40,Male,O+,Salem,8860297539
P12842,Keerthana Sharma,15,Female,B+,Dindigul,6612475792
P12843,Rakesh Raj,14,Male,B+,Tirunelveli,9995271803
P12844,Divya Gupta,10,Female,O+,Tiruppur,8434452898
P12845,Manoj Raj,9,Male,B+,Chennai,9639513106
P12846,Lakshmi Kumar,27,Female,AB+,Erode,7299448701
P12847,Naveen Kumar,18,Male,O-,Madurai,8991186648
P12848,Harini Raj,75,Female,A+,Chennai,8371999552
P12849,Karthik Gupta,31,Male,A+,Tiruttani,8667076499
P12850,Harish Gupta,19,Male,O+,Madurai,7182736053
P12851,Nithya Mohan,22,Female,A+,Erode,6658349973
P12852,Prakash Krishnan,20,Male,O-,Erode,9213652102
P12853,Naveen Krishnan,31,Male,A+,Trichy,7251168854
P12854,Priya Krishnan,49,Female,B+,Erode,8000630785
P12855,Naveen Patel,14,Male,O+,Tiruppur,9811735237
P12856,Vivek Verma,51,Male,A+,Thanjavur,8020734730
P12857,Pooja Mohan,65,Female,O+,Salem,9939798608
P12858,Rahul Singh,56,Male,A-,Salem,7393330999
P12859,Vivek Patel,39,Male,A+,Hosur,6909926379
P12860,Vikram Menon,34,Male,A+,Kanchipuram,8916731006
P12861,Ananya Babu,32,Female,B+,Coimbatore,9907300585
P12862,Neha Patel,10,Female,A-,Tiruvallur,6180058141
P12863,Ashwin Raj,44,Male,O+,Tiruttani,7480489148
P12864,Kavya Nair,25,Female,AB+,Kanchipuram,7880387966
P12865,Vikram Mohan,64,Male,AB-,Vellore,8574278778
P12866,Lakshmi Kumar,79,Female,A+,Tiruttani,8463326708
P12867,Divya Iyer,4,Female,A+,Tiruppur,6585477277
P12868,Vivek Sharma,21,Male,A+,Chennai,8152685349
P12869,Sneha Krishnan,35,Female,O+,Dindigul,7988411705
P12870,Manoj Singh,27,Male,O+,Tiruvallur,7276379477
P12871,Aishwarya Sharma,33,Female,O+,Salem,9600774337
P12872,Keerthana Rao,41,Female,O+,Tiruppur,9633121618
P12873,Divya Menon,32,Female,O-,Tirunelveli,6277120527
P12874,Ashwin Sharma,23,Male,O+,Erode,7404906092
P12875,Rahul Babu,51,Male,B+,Vellore,8883600869
P12876,Manoj Raj,1,Male,O+,Chennai,6908193263
P12877,Harish Singh,84,Male,A-,Trichy,6155585881
P12878,Rohan Babu,30,Male,O+,Chennai,8081033563
P12879,Harini Rao,47,Female,B+,Tiruvallur,6982124292
P12880,Ganesh Menon,32,Male,A+,Erode,7551734820
P12881,Sneha Rao,46,Female,A+,Thanjavur,8837972552
P12882,Rahul Raj,23,Male,A-,Tirunelveli,8202556027
P12883,Divya Patel,32,Female,A+,Tirunelveli,9008904887
P12884,Neha Sharma,38,Female,A-,Tirunelveli,7789943420
P12885,Meera Raj,37,Female,B+,Tiruvallur,8733883625
P12886,Priya Kumar,51,Female,A+,Trichy,9017917964
P12887,Manoj Kumar,22,Male,A+,Trichy,9155262786
P12888,Sneha Nair,20,Female,O+,Erode,6859314856
P12889,Vikram Nair,54,Male,O+,Thanjavur,7154689164
P12890,Ganesh Menon,34,Male,A+,Dindigul,6516948251
P12891,Manoj Sharma,36,Male,A+,Coimbatore,9295807769
P12892,Vivek Menon,8,Male,O+,Madurai,8874777982
P12893,Swathi Singh,32,Female,O+,Tiruppur,6099508056
P12894,Ananya Singh,41,Female,B+,Tirunelveli,8682529287
P12895,Rohan Iyer,54,Male,O-,Tiruttani,7687271970
P12896,Priya Kumar,4,Female,AB-,Kanchipuram,8175336148
P12897,Harini Iyer,16,Female,B+,Tiruttani,9668320907
P12898,Divya Gupta,40,Female,O+,Trichy,8071816374
P12899,Manoj Patel,21,Male,B+,Coimbatore,8278248971
P12900,Prakash Krishnan,34,Male,A-,Chennai,6741332752
P12901,Sneha Reddy,20,Female,A+,Tiruttani,7488959345
P12902,Ashwin Kumar,28,Male,O+,Tirunelveli,9691546915
P12903,Deepika Patel,74,Female,O+,Tiruvallur,6231968533
P12904,Ashwin Singh,63,Male,B+,Kanchipuram,6579411449
P12905,Kavya Gupta,3,Female,B+,Erode,9959905095
P12906,Suresh Krishnan,17,Male,B+,Trichy,6965689517
P12907,Rakesh Nair,28,Male,AB-,Tirunelveli,8675651063
P12908,Aditya Kumar,20,Male,O+,Chennai,6725218723
P12909,Deepika Sharma,42,Female,AB+,Madurai,8688889127
P12910,Arjun Mohan,4,Male,O-,Salem,8050034684
P12911,Swathi Babu,7,Female,B+,Coimbatore,7826963404
P12912,Priya Krishnan,38,Female,O+,Tirunelveli,6754688119
P12913,Deepika Nair,36,Female,O+,Madurai,9850445076
P12914,Priya Rao,53,Female,O+,Chennai,6967220189
P12915,Nithya Verma,39,Female,O+,Kanchipuram,9404093825
P12916,Ashwin Rao,57,Male,O+,Hosur,8665501777
P12917,Ganesh Menon,62,Male,O+,Vellore,9018435362
P12918,Aditya Mohan,62,Male,O+,Tiruppur,6360841209
P12919,Ganesh Raj,15,Male,O+,Tiruttani,8717879143
P12920,Lakshmi Menon,47,Female,B+,Tiruvallur,6588940809
P12921,Ashwin Gupta,63,Male,O+,Tirunelveli,7976284717
P12922,Harish Menon,77,Male,O+,Madurai,9405292582
P12923,Pooja Krishnan,39,Female,O+,Tiruttani,8721187084
P12924,Ananya Rao,44,Female,O+,Madurai,6793582218
P12925,Vikram Nair,23,Male,O+,Tirunelveli,8717082887
P12926,Keerthana Reddy,61,Female,O+,Madurai,9061911054
P12927,Nithya Raj,50,Female,O+,Madurai,9047160784
P12928,Suresh Babu,32,Male,A+,Madurai,8299326997
P12929,Neha Raj,88,Female,O+,Salem,9495174841
P12930,Rohan Kumar,85,Male,O+,Tiruvallur,8071796301
P12931,Aishwarya Kumar,17,Female,O+,Dindigul,7950000754
P12932,Rakesh Nair,57,Male,O-,Trichy,9614403130
P12933,Harini Menon,66,Female,B+,Erode,9987787718
P12934,Vivek Babu,11,Male,A+,Kanchipuram,8536513490
P12935,Naveen Kumar,86,Male,A-,Tirunelveli,9325411638
P12936,Rakesh Gupta,41,Male,O+,Chennai,6633180938
P12937,Manoj Raj,43,Male,B+,Thanjavur,7717105207
P12938,Vikram Iyer,6,Male,B+,Salem,8597015103
P12939,Swathi Raj,40,Female,A+,Chennai,9431559412
P12940,Sneha Rao,4,Female,O-,Coimbatore,7295317132
P12941,Harish Mohan,63,Male,B+,Tiruvallur,9212532225
P12942,Prakash Krishnan,44,Male,O+,Trichy,6572988245
P12943,Priya Gupta,38,Female,O+,Tiruttani,9059460967
P12944,Meera Krishnan,30,Female,B+,Madurai,7996301891
P12945,Divya Krishnan,17,Female,O-,Trichy,8225798730
P12946,Pooja Reddy,44,Female,B-,Tiruttani,9254016751
P12947,Pooja Singh,7,Female,A-,Hosur,7126276599
P12948,Harish Babu,10,Male,B+,Hosur,7638509987
P12949,Ashwin Nair,27,Male,O+,Coimbatore,7592999641
P12950,Rakesh Menon,72,Male,B-,Coimbatore,8563274982
P12951,Aditya Babu,37,Male,B+,Kanchipuram,9879141947
P12952,Kavya Menon,30,Female,A+,Tiruppur,7782123783
P12953,Vivek Mohan,14,Male,A-,Chennai,7630508347
P12954,Aditya Patel,62,Male,A+,Dindigul,7875788731
P12955,Ganesh Sharma,72,Male,O+,Tirunelveli,7067618547
P12956,Rohan Kumar,56,Male,B-,Erode,6794024293
P12957,Keerthana Iyer,7,Female,O+,Thanjavur,9730943629
P12958,Manoj Iyer,31,Male,A+,Trichy,9978561869
P12959,Divya Patel,51,Female,B+,Dindigul,9279583550
P12960,Rohan Babu,1,Male,B+,Vellore,9086720288
P12961,Aishwarya Verma,57,Female,B+,Salem,8677759708
P12962,Sneha Rao,44,Female,AB+,Tiruttani,6718545228
P12963,Neha Singh,55,Female,A+,Tirunelveli,7096066349
P12964,Suresh Krishnan,29,Male,A+,Vellore,7377890458
P12965,Divya Raj,51,Female,O+,Tiruttani,9723898035
P12966,Prakash Krishnan,48,Male,B+,Kanchipuram,8741307421
P12967,Neha Sharma,54,Female,B+,Kanchipuram,9701086776
P12968,Manoj Krishnan,39,Male,A-,Kanchipuram,6312100339
P12969,Kavya Nair,50,Female,A+,Tiruvallur,6380699667
P12970,Ananya Raj,7,Female,B+,Tiruttani,9585702257
P12971,Neha Kumar,30,Female,A+,Tiruvallur,8847764727
P12972,Nithya Singh,20,Female,A+,Erode,7641870136
P12973,Swathi Patel,52,Female,O+,Trichy,9408255559
P12974,Pooja Raj,19,Female,A+,Coimbatore,9374867004
P12975,Harini Kumar,17,Female,O+,Erode,9255811012
P12976,Priya Menon,48,Female,O-,Kanchipuram,9151758734
P12977,Kavya Raj,31,Female,B+,Tiruvallur,8573748313
P12978,Naveen Kumar,62,Male,B-,Thanjavur,9819852289
P12979,Aishwarya Reddy,6,Female,AB+,Kanchipuram,6735516182
P12980,Priya Mohan,20,Female,A+,Madurai,8266826096
P12981,Pooja Iyer,25,Female,B+,Dindigul,8803418028
P12982,Neha Kumar,34,Female,O+,Madurai,9467335630
P12983,Vikram Gupta,1,Male,O-,Erode,8309626056
P12984,Karthik Patel,20,Male,O+,Tiruttani,7561067136
P12985,Vivek Sharma,15,Male,A+,Thanjavur,6499487870
P12986,Rahul Reddy,30,Male,A+,Erode,9280398419
P12987,Deepika Singh,27,Female,B+,Madurai,6832455394
P12988,Priya Sharma,68,Female,A+,Madurai,8481644912
P12989,Meera Patel,24,Female,O+,Erode,8952846395
P12990,Meera Mohan,7,Female,B+,Vellore,7276654057
P12991,Neha Sharma,46,Female,AB-,Tirunelveli,6913032373
P12992,Divya Raj,10,Female,B+,Tiruppur,8319954408
P12993,Kavya Iyer,47,Female,B-,Vellore,6388996530
P12994,Vikram Mohan,53,Male,O-,Erode,6609295482
P12995,Lakshmi Gupta,16,Female,O+,Trichy,6938504083
P12996,Rohan Iyer,22,Male,O+,Madurai,8611581649
P12997,Lakshmi Gupta,30,Female,O+,Tiruppur,6638610075
P12998,Karthik Patel,46,Male,B+,Coimbatore,7473061743
P12999,Keerthana Rao,42,Female,O+,Tiruppur,6933637297
P13000,Naveen Verma,34,Male,O+,Erode,6875278717
P13001,Arjun Menon,32,Male,A+,Hosur,6118222283
P13002,Priya Reddy,39,Female,AB+,Erode,7120803757
P13003,Swathi Krishnan,36,Female,O+,Tiruvallur,9304809286
P13004,Ganesh Singh,43,Male,A+,Tiruvallur,9936150336
P13005,Keerthana Raj,77,Female,A+,Dindigul,7207280415
P13006,Kavya Rao,24,Female,A+,Coimbatore,9408641406
P13007,Naveen Kumar,32,Male,O+,Trichy,7047911294
P13008,Manoj Gupta,74,Male,B+,Trichy,6226958845
P13009,Aishwarya Reddy,46,Female,O+,Erode,7205985152
P13010,Ganesh Sharma,21,Male,A+,Madurai,6894831878
P13011,Kavya Reddy,46,Female,O-,Trichy,7876952734
P13012,Lakshmi Reddy,22,Female,A+,Tiruttani,7493064504
P13013,Harini Kumar,24,Female,A+,Salem,6587912692
P13014,Vikram Rao,49,Male,AB+,Trichy,6203730520
P13015,Aishwarya Menon,64,Female,A-,Tiruttani,9235279613
P13016,Aishwarya Babu,39,Female,AB+,Tiruvallur,7148302340
P13017,Suresh Krishnan,47,Male,O+,Chennai,9291838061
P13018,Prakash Mohan,31,Male,O-,Vellore,6578883156
P13019,Ganesh Reddy,11,Male,O+,Hosur,6284530363
P13020,Lakshmi Kumar,47,Female,O-,Tiruppur,9510462032
P13021,Rakesh Raj,39,Male,O-,Chennai,6698227892
P13022,Naveen Rao,33,Male,A+,Tiruppur,6850787095
P13023,Suresh Kumar,77,Male,O-,Madurai,7087154997
P13024,Manoj Rao,46,Male,O+,Erode,8640825581
P13025,Ganesh Reddy,17,Male,O+,Dindigul,6638888781
P13026,Ananya Sharma,27,Female,B+,Tiruttani,9979033448
P13027,Keerthana Sharma,39,Female,A+,Erode,8664769185
P13028,Priya Verma,21,Female,A+,Vellore,7431290761
P13029,Neha Rao,50,Female,AB+,Vellore,6055039066
P13030,Manoj Reddy,10,Male,O+,Trichy,8094760830
P13031,Aditya Babu,29,Male,A+,Tiruppur,7251321387
P13032,Karthik Verma,82,Male,A+,Hosur,7777869560
P13033,Vikram Iyer,65,Male,O+,Hosur,7669372617
P13034,Aishwarya Reddy,45,Female,A-,Coimbatore,6707779163
P13035,Swathi Iyer,46,Female,AB-,Hosur,6322676376
P13036,Harini Patel,40,Female,O+,Salem,8036145073
P13037,Sneha Verma,85,Female,A+,Coimbatore,6566424774
P13038,Prakash Raj,42,Male,O-,Tirunelveli,7312841084
P13039,Kavya Rao,49,Female,B-,Coimbatore,7047084242
P13040,Harish Verma,26,Male,O+,Tiruttani,7008946624
P13041,Priya Singh,46,Female,O+,Salem,9047851721
P13042,Deepika Raj,18,Female,AB+,Tirunelveli,9631524028
P13043,Aishwarya Menon,40,Female,A+,Salem,6095469570
P13044,Rakesh Gupta,36,Male,O+,Tiruttani,8397750444
P13045,Neha Iyer,21,Female,B+,Thanjavur,7284543482
P13046,Harini Patel,45,Female,O-,Tirunelveli,9311197522
P13047,Suresh Iyer,27,Male,B-,Tiruvallur,7047944964
P13048,Divya Krishnan,11,Female,B+,Hosur,8924578590
P13049,Harish Krishnan,36,Male,B-,Erode,9108751998
P13050,Deepika Raj,22,Female,O+,Kanchipuram,8854458886
P13051,Suresh Patel,19,Male,O+,Coimbatore,7099821751
P13052,Deepika Singh,18,Female,O+,Hosur,8115552911
P13053,Swathi Patel,50,Female,B+,Tirunelveli,9449357986
P13054,Ashwin Patel,43,Male,O+,Tiruvallur,7921051808
P13055,Neha Raj,48,Female,O+,Hosur,7093966473
P13056,Meera Babu,64,Female,A+,Hosur,7555242351
P13057,Ganesh Verma,1,Male,O-,Chennai,6572221868
P13058,Karthik Menon,39,Male,O+,Tirunelveli,8911675977
P13059,Nithya Krishnan,63,Female,A+,Tiruttani,6692004989
P13060,Aditya Mohan,74,Male,AB+,Salem,8522213738
P13061,Prakash Verma,55,Male,A+,Salem,7888721145
P13062,Arjun Raj,11,Male,A+,Erode,9344317043
P13063,Suresh Nair,25,Male,A+,Salem,8137252789
P13064,Divya Nair,32,Female,O+,Salem,7288969257
P13065,Harini Singh,40,Female,A+,Trichy,8812966706
P13066,Rakesh Kumar,67,Male,O+,Vellore,7278802378
P13067,Vivek Iyer,65,Male,AB-,Thanjavur,8802642751
P13068,Suresh Iyer,11,Male,A+,Erode,9428488374
P13069,Pooja Babu,24,Female,O+,Thanjavur,8248850031
P13070,Rakesh Iyer,8,Male,B+,Madurai,7598411544
P13071,Kavya Sharma,74,Female,O+,Trichy,7835607142
P13072,Naveen Mohan,25,Male,B+,Kanchipuram,9646753809
P13073,Pooja Krishnan,10,Female,A+,Trichy,8533610443
P13074,Harini Verma,76,Female,O+,Thanjavur,9274722487
P13075,Vivek Mohan,12,Male,A+,Tiruvallur,7877197393
P13076,Manoj Singh,39,Male,O+,Tirunelveli,8695412763
P13077,Lakshmi Babu,36,Female,O+,Tiruttani,9644810728
P13078,Meera Reddy,35,Female,B-,Tiruvallur,9242464240
P13079,Ashwin Patel,70,Male,A+,Thanjavur,6987679674
P13080,Deepika Singh,39,Female,O+,Tiruppur,9440945863
P13081,Ashwin Krishnan,80,Male,A-,Madurai,8338727689
P13082,Ashwin Patel,24,Male,A+,Dindigul,7757758764
P13083,Aditya Krishnan,62,Male,O-,Kanchipuram,8069111294
P13084,Vikram Gupta,48,Male,A+,Tiruttani,9498216248
P13085,Rohan Mohan,18,Male,O+,Erode,6775667073
P13086,Rakesh Sharma,65,Male,O+,Coimbatore,8709993249
P13087,Deepika Babu,28,Female,O+,Tiruppur,8143953464
P13088,Deepika Babu,31,Female,B+,Vellore,7971315330
P13089,Priya Nair,54,Female,A+,Chennai,6360522352
P13090,Pooja Verma,28,Female,O+,Salem,6755267929
P13091,Swathi Rao,43,Female,A+,Trichy,7457091943
P13092,Manoj Singh,2,Male,AB-,Erode,7551524683
P13093,Keerthana Nair,46,Female,A+,Tiruttani,9897892741
P13094,Priya Singh,26,Female,A+,Tiruttani,6822570153
P13095,Lakshmi Mohan,27,Female,O+,Dindigul,6146230468
P13096,Rahul Mohan,60,Male,A+,Hosur,8187980286
P13097,Rahul Rao,46,Male,A+,Erode,6356436148
P13098,Priya Rao,23,Female,B+,Tirunelveli,8420072823
P13099,Ananya Raj,42,Female,B+,Kanchipuram,9759724404
P13100,Meera Kumar,18,Female,A+,Tiruppur,8177206344
P13101,Harini Iyer,32,Female,B+,Trichy,7424391774
P13102,Karthik Krishnan,34,Male,A+,Tirunelveli,6142796022
P13103,Rakesh Sharma,69,Male,B+,Hosur,6033150451
P13104,Ananya Kumar,38,Female,B+,Tiruppur,8454604165
P13105,Harish Raj,71,Male,O+,Tirunelveli,9894945682
P13106,Rohan Nair,77,Male,AB+,Tiruvallur,7291011578
P13107,Ashwin Babu,15,Male,A+,Tiruttani,7295079132
P13108,Ashwin Nair,21,Male,A+,Kanchipuram,6000620815
P13109,Ganesh Kumar,26,Male,B+,Kanchipuram,6930008385
P13110,Prakash Kumar,29,Male,O+,Salem,7489320249
P13111,Deepika Reddy,13,Female,B+,Dindigul,8831476782
P13112,Arjun Verma,21,Male,B+,Tirunelveli,8463495729
P13113,Keerthana Kumar,36,Female,O+,Thanjavur,6043785581
P13114,Harini Sharma,33,Female,O+,Vellore,7922230660
P13115,Neha Iyer,52,Female,O+,Madurai,9416322509
P13116,Naveen Babu,27,Male,O+,Hosur,9513667923
P13117,Aditya Babu,23,Male,O+,Dindigul,8166757676
P13118,Ashwin Nair,36,Male,A+,Tiruttani,8071093304
P13119,Prakash Sharma,36,Male,A+,Hosur,6676449884
P13120,Aishwarya Sharma,37,Female,B+,Madurai,6747737705
P13121,Suresh Iyer,35,Male,AB+,Thanjavur,7907250149
P13122,Aditya Sharma,28,Male,AB+,Tirunelveli,9482293836
P13123,Ashwin Raj,13,Male,AB-,Coimbatore,6330131743
P13124,Nithya Krishnan,29,Female,B+,Trichy,6412277760
P13125,Karthik Babu,19,Male,A+,Madurai,7555616183
P13126,Harini Menon,28,Female,B+,Tiruttani,8624425060
P13127,Naveen Kumar,38,Male,A+,Vellore,6169536140
P13128,Harini Kumar,75,Female,O+,Vellore,6883966163
P13129,Aditya Kumar,36,Male,O+,Trichy,9841621748
P13130,Ganesh Rao,50,Male,AB+,Tiruvallur,8869058826
P13131,Ananya Verma,62,Female,B+,Tiruppur,8258086968
P13132,Neha Gupta,21,Female,O+,Tiruppur,7418875456
P13133,Suresh Reddy,65,Male,B+,Dindigul,6381596720
P13134,Pooja Mohan,27,Female,B+,Thanjavur,9108017904
P13135,Rohan Reddy,58,Male,O+,Madurai,9545571602
P13136,Arjun Nair,16,Male,O+,Chennai,7584827494
P13137,Harini Iyer,38,Female,A+,Madurai,6801265878
P13138,Rakesh Babu,1,Male,A+,Madurai,9476216263
P13139,Naveen Raj,50,Male,O+,Chennai,9744274927
P13140,Karthik Babu,17,Male,O+,Chennai,8191190342
P13141,Neha Krishnan,16,Female,O+,Coimbatore,7257615409
P13142,Aditya Patel,81,Male,O-,Kanchipuram,7128972229
P13143,Prakash Krishnan,44,Male,B+,Kanchipuram,6329806516
P13144,Sneha Patel,55,Female,O+,Trichy,8924871521
P13145,Aditya Babu,29,Male,B+,Kanchipuram,7012367254
P13146,Nithya Krishnan,29,Female,A+,Tiruvallur,7245372422
P13147,Naveen Sharma,49,Male,O+,Erode,6123306756
P13148,Aishwarya Krishnan,53,Female,A+,Kanchipuram,8771895968
P13149,Deepika Nair,78,Female,O+,Salem,8371266866
P13150,Prakash Babu,14,Male,O+,Thanjavur,8779766908
P13151,Pooja Krishnan,18,Female,AB+,Hosur,8710367438
P13152,Ashwin Kumar,47,Male,B+,Salem,6086773477
P13153,Prakash Kumar,35,Male,B+,Erode,6419839827
P13154,Rakesh Raj,38,Male,A+,Coimbatore,9391988419
P13155,Pooja Mohan,15,Female,B+,Tiruvallur,6044885996
P13156,Manoj Rao,44,Male,AB+,Dindigul,8393431149
P13157,Kavya Reddy,22,Female,A+,Trichy,8726453373
P13158,Rahul Sharma,26,Male,O+,Trichy,7782266109
P13159,Harish Babu,3,Male,B-,Thanjavur,7376098674
P13160,Rakesh Raj,41,Male,O+,Hosur,9125046311
P13161,Rakesh Menon,60,Male,A+,Tiruvallur,8651432944
P13162,Swathi Krishnan,28,Female,A+,Tiruvallur,7445464084
P13163,Rohan Iyer,19,Male,A+,Kanchipuram,8852944854
P13164,Priya Mohan,49,Female,AB+,Madurai,6558849622
P13165,Arjun Gupta,2,Male,O+,Coimbatore,7742161044
P13166,Keerthana Rao,44,Female,B+,Vellore,8810715259
P13167,Swathi Iyer,8,Female,O-,Tirunelveli,7691899753
P13168,Vikram Krishnan,31,Male,O+,Kanchipuram,7452854387
P13169,Prakash Sharma,13,Male,O+,Salem,6935558400
P13170,Swathi Reddy,21,Female,O-,Salem,9356796446
P13171,Karthik Verma,28,Male,O-,Coimbatore,9423404382
P13172,Karthik Menon,57,Male,O+,Coimbatore,8204110129
P13173,Pooja Rao,56,Female,O+,Coimbatore,6842487595
P13174,Ganesh Iyer,4,Male,A+,Salem,6084641566
P13175,Pooja Mohan,59,Female,B+,Dindigul,7589420260
P13176,Neha Menon,38,Female,O+,Trichy,9209429009
P13177,Harini Gupta,4,Female,O+,Tiruttani,9757526779
P13178,Swathi Iyer,54,Female,O+,Kanchipuram,8435781420
P13179,Vivek Kumar,2,Male,B+,Dindigul,9575249114
P13180,Rahul Kumar,37,Male,AB+,Trichy,9191176171
P13181,Neha Babu,32,Female,B+,Chennai,8345088519
P13182,Vivek Patel,79,Male,O+,Salem,7220688158
P13183,Pooja Iyer,6,Female,O-,Tiruttani,7296117515
P13184,Rohan Sharma,7,Male,B+,Tiruppur,7393318358
P13185,Vikram Mohan,15,Male,O+,Vellore,8090073561
P13186,Keerthana Krishnan,12,Female,B-,Tiruttani,9454092855
P13187,Harini Krishnan,17,Female,A+,Trichy,6002939094
P13188,Manoj Menon,71,Male,A+,Vellore,7996376958
P13189,Ganesh Rao,15,Male,B+,Salem,8603156661
P13190,Nithya Patel,61,Female,O+,Tiruttani,9274626509
P13191,Arjun Rao,42,Male,B+,Tiruppur,8754213828
P13192,Karthik Sharma,30,Male,A+,Thanjavur,7740533628
P13193,Pooja Krishnan,41,Female,B+,Salem,7691548657
P13194,Kavya Verma,20,Female,O+,Erode,7073116253
P13195,Divya Patel,6,Female,O+,Madurai,9676982886
P13196,Neha Gupta,26,Female,A-,Madurai,8009676839
P13197,Pooja Raj,85,Female,A+,Dindigul,9502023115
P13198,Swathi Mohan,35,Female,A+,Coimbatore,7843292665
P13199,Suresh Singh,41,Male,A+,Madurai,8747684285
P13200,Ganesh Raj,14,Male,B+,Tiruppur,6273277546
P13201,Ashwin Iyer,37,Male,B+,Tiruttani,7985451512
P13202,Keerthana Kumar,71,Female,B+,Kanchipuram,7499703119
P13203,Naveen Singh,75,Male,B+,Tiruppur,6135296448
P13204,Rohan Singh,17,Male,B+,Tiruvallur,7525783281
P13205,Swathi Rao,67,Female,B+,Kanchipuram,9512710846
P13206,Deepika Verma,16,Female,A+,Thanjavur,7331096863
P13207,Priya Patel,53,Female,O+,Trichy,9584984663
P13208,Arjun Patel,33,Male,B+,Tiruppur,9583366113
P13209,Meera Reddy,83,Female,AB+,Chennai,9266480792
P13210,Vikram Menon,4,Male,B+,Madurai,8508645663
P13211,Prakash Verma,47,Male,B-,Dindigul,7493831712
P13212,Deepika Patel,8,Female,B-,Tiruppur,6479122304
P13213,Swathi Verma,31,Female,O+,Thanjavur,8189217865
P13214,Swathi Singh,17,Female,O+,Erode,9365588204
P13215,Aditya Kumar,33,Male,O+,Vellore,6591503904
P13216,Deepika Reddy,8,Female,AB+,Dindigul,9902473611
P13217,Swathi Sharma,34,Female,O+,Salem,6279424396
P13218,Vivek Babu,23,Male,O+,Madurai,9792590339
P13219,Ashwin Babu,39,Male,O-,Madurai,7952828136
P13220,Arjun Gupta,2,Male,O-,Tiruttani,8937016507
P13221,Rahul Singh,48,Male,O+,Dindigul,9849296448
P13222,Harini Raj,47,Female,O+,Kanchipuram,9735171060
P13223,Kavya Nair,16,Female,B+,Tiruttani,6096856829
P13224,Rakesh Sharma,44,Male,O+,Coimbatore,9867491839
P13225,Ananya Mohan,36,Female,O+,Chennai,6072052067
P13226,Manoj Singh,69,Male,O+,Erode,8618751618
P13227,Arjun Reddy,55,Male,AB+,Hosur,6750282296
P13228,Kavya Rao,54,Female,A+,Tirunelveli,9695874764
P13229,Priya Nair,28,Female,O+,Tiruppur,8971660994
P13230,Aditya Rao,38,Male,O+,Salem,8010246830
P13231,Meera Rao,10,Female,O+,Trichy,6840114415
P13232,Ashwin Sharma,79,Male,O+,Tiruvallur,6656785971
P13233,Pooja Singh,3,Female,A+,Tiruppur,6992386124
P13234,Harish Gupta,46,Male,O+,Chennai,8064051136
P13235,Prakash Reddy,37,Male,A+,Chennai,6880460205
P13236,Aditya Sharma,17,Male,A+,Coimbatore,7843350484
P13237,Harini Iyer,53,Female,A+,Dindigul,6638356680
P13238,Suresh Verma,88,Male,B+,Coimbatore,9168154703
P13239,Vikram Sharma,38,Male,A+,Chennai,7229311184
P13240,Sneha Iyer,53,Female,B+,Hosur,8274926416
P13241,Vivek Verma,35,Male,AB+,Tiruppur,8854297583
P13242,Meera Krishnan,22,Female,O+,Madurai,6919321451
P13243,Neha Babu,46,Female,B+,Tirunelveli,6595995978
P13244,Naveen Verma,9,Male,A-,Madurai,7910729953
P13245,Rohan Singh,51,Male,B+,Coimbatore,6680061913
P13246,Vikram Singh,45,Male,O+,Coimbatore,6746234662
P13247,Rahul Verma,50,Male,O+,Hosur,8636614141
P13248,Deepika Mohan,42,Female,O+,Dindigul,8374085060
P13249,Naveen Patel,13,Male,O+,Vellore,6850192098
P13250,Kavya Kumar,87,Female,O+,Tiruppur,7321438033
P13251,Arjun Raj,46,Male,O+,Salem,9954607106
P13252,Divya Sharma,43,Female,A-,Coimbatore,8492221893
P13253,Kavya Patel,32,Female,B+,Dindigul,7471333766
P13254,Karthik Singh,18,Male,O+,Tiruppur,8108761829
P13255,Pooja Rao,10,Female,AB+,Tirunelveli,7557662914
P13256,Aditya Menon,15,Male,A+,Chennai,9722725115
P13257,Rohan Iyer,59,Male,AB+,Tiruttani,6731351336
P13258,Rakesh Nair,30,Male,O+,Dindigul,7656929758
P13259,Rohan Raj,65,Male,B+,Erode,8098108585
P13260,Ganesh Sharma,25,Male,B+,Tiruttani,7503555913
P13261,Swathi Gupta,4,Female,O+,Trichy,7456569995
P13262,Kavya Iyer,47,Female,B+,Tirunelveli,7113058369
P13263,Manoj Iyer,2,Male,B+,Tirunelveli,9721470689
P13264,Karthik Kumar,34,Male,A+,Dindigul,7092210060
P13265,Kavya Menon,58,Female,O+,Madurai,7250535053
P13266,Karthik Raj,26,Male,O+,Trichy,8898336332
P13267,Aishwarya Menon,37,Female,A+,Trichy,7976955416
P13268,Nithya Sharma,4,Female,B+,Thanjavur,6472184946
P13269,Suresh Babu,45,Male,O+,Coimbatore,6932845981
P13270,Suresh Kumar,58,Male,B+,Vellore,7628493426
P13271,Kavya Gupta,24,Female,B+,Hosur,8294187404
P13272,Meera Babu,47,Female,AB+,Dindigul,9308801262
P13273,Manoj Reddy,39,Male,O+,Erode,7168054247
P13274,Swathi Nair,14,Female,B+,Tirunelveli,9875407334
P13275,Manoj Rao,29,Male,A+,Coimbatore,7460455605
P13276,Naveen Kumar,42,Male,O+,Tirunelveli,7711309611
P13277,Neha Nair,40,Female,B+,Tirunelveli,7965551713
P13278,Lakshmi Babu,70,Female,O+,Madurai,9322171355
P13279,Ananya Patel,17,Female,AB+,Chennai,9117622988
P13280,Sneha Babu,87,Female,A+,Vellore,7196480173
P13281,Suresh Singh,23,Male,O+,Chennai,9800969663
P13282,Neha Menon,36,Female,A-,Tiruvallur,9357615216
P13283,Sneha Kumar,31,Female,B+,Coimbatore,7175200565
P13284,Prakash Sharma,52,Male,O+,Tiruttani,6629834546
P13285,Ashwin Iyer,36,Male,O+,Tiruvallur,9891744075
P13286,Nithya Rao,49,Female,AB+,Tirunelveli,9427241250
P13287,Sneha Nair,85,Female,O-,Tiruppur,8885722882
P13288,Kavya Verma,63,Female,AB+,Tiruvallur,9609261770
P13289,Suresh Babu,56,Male,A+,Madurai,8720318901
P13290,Ananya Babu,76,Female,O+,Hosur,9762359386
P13291,Ashwin Singh,80,Male,O+,Tirunelveli,6501617460
P13292,Priya Nair,6,Female,B+,Erode,7403795052
P13293,Kavya Rao,39,Female,O+,Hosur,8656586892
P13294,Aishwarya Kumar,15,Female,O+,Tirunelveli,7740930149
P13295,Rahul Babu,10,Male,AB+,Coimbatore,8822254992
P13296,Neha Raj,43,Female,AB+,Vellore,9605201404
P13297,Naveen Raj,43,Male,B+,Tiruppur,6802143071
P13298,Rohan Menon,76,Male,O+,Trichy,8962585664
P13299,Meera Menon,38,Female,A+,Tiruvallur,6363667854
P13300,Manoj Gupta,33,Male,AB+,Tirunelveli,8854679151
P13301,Arjun Verma,1,Male,A+,Thanjavur,6674696265
P13302,Kavya Gupta,47,Female,O+,Salem,7766333704
P13303,Arjun Menon,33,Male,A+,Coimbatore,9791629269
P13304,Arjun Krishnan,28,Male,O+,Tiruttani,8897518595
P13305,Prakash Patel,46,Male,O+,Erode,7474187074
P13306,Rohan Verma,37,Male,A+,Coimbatore,7280290377
P13307,Naveen Nair,61,Male,O+,Salem,8082900645
P13308,Vivek Patel,26,Male,A+,Vellore,9087942718
P13309,Karthik Sharma,45,Male,B-,Tiruppur,8806060443
P13310,Rohan Iyer,74,Male,B+,Kanchipuram,9759492668
P13311,Ganesh Rao,45,Male,O+,Hosur,9496020559
P13312,Nithya Patel,11,Female,O+,Coimbatore,6788528286
P13313,Divya Rao,22,Female,AB+,Hosur,8242832941
P13314,Nithya Rao,39,Female,A+,Erode,6980780367
P13315,Lakshmi Krishnan,60,Female,A+,Trichy,9041708693
P13316,Aishwarya Patel,43,Female,O+,Hosur,6143387423
P13317,Ashwin Gupta,14,Male,B-,Tiruvallur,6086134068
P13318,Kavya Iyer,57,Female,B+,Vellore,7536980754
P13319,Rohan Gupta,15,Male,A+,Dindigul,8929385206
P13320,Ganesh Iyer,33,Male,A+,Thanjavur,7299133689
P13321,Rohan Menon,23,Male,B+,Tiruvallur,9730614840
P13322,Swathi Mohan,59,Female,O-,Hosur,9008991285
P13323,Arjun Nair,53,Male,O+,Tiruttani,9206258231
P13324,Keerthana Patel,28,Female,O-,Erode,7771717716
P13325,Divya Menon,2,Female,A+,Thanjavur,9352119381
P13326,Harini Nair,59,Female,A+,Tiruttani,9725190265
P13327,Swathi Iyer,15,Female,O+,Kanchipuram,8905070994
P13328,Ananya Singh,45,Female,O+,Tirunelveli,9631231244
P13329,Manoj Iyer,37,Male,B+,Tiruttani,9396681151
P13330,Neha Mohan,65,Female,B+,Salem,6374670704
P13331,Rakesh Gupta,66,Male,O-,Chennai,6509249401
P13332,Prakash Rao,10,Male,O+,Dindigul,6038770671
P13333,Priya Reddy,35,Female,B-,Erode,8129669643
P13334,Harini Babu,48,Female,B+,Salem,6748138525
P13335,Aishwarya Nair,33,Female,AB-,Tirunelveli,9957014541
P13336,Karthik Krishnan,4,Male,A+,Tiruttani,6105675533
P13337,Ananya Verma,64,Female,B+,Madurai,8680691576
P13338,Naveen Kumar,45,Male,O+,Tirunelveli,8669420674
P13339,Vivek Rao,26,Male,O-,Tiruttani,8107086876
P13340,Prakash Menon,55,Male,O+,Madurai,9638257625
P13341,Sneha Iyer,44,Female,A+,Salem,6767416289
P13342,Harish Nair,16,Male,B+,Tiruttani,9657481574
P13343,Arjun Reddy,23,Male,O+,Trichy,7670456612
P13344,Keerthana Sharma,15,Female,A+,Erode,6441257530
P13345,Ashwin Kumar,69,Male,O+,Coimbatore,7254926838
P13346,Harini Kumar,54,Female,O+,Hosur,6248526521
P13347,Rohan Sharma,20,Male,O+,Dindigul,9179219505
P13348,Kavya Kumar,2,Female,O+,Madurai,9618744508
P13349,Naveen Rao,36,Male,O+,Madurai,6607494484
P13350,Sneha Rao,28,Female,O+,Kanchipuram,9865669143
P13351,Swathi Mohan,60,Female,B+,Trichy,8011639373
P13352,Manoj Iyer,30,Male,B+,Tiruvallur,8185738310
P13353,Aditya Iyer,68,Male,B+,Hosur,7449503286
P13354,Ashwin Verma,42,Male,O+,Vellore,8639496689
P13355,Vikram Sharma,24,Male,O+,Tiruppur,9442908859
P13356,Vikram Babu,35,Male,O+,Trichy,7087675416
P13357,Naveen Sharma,32,Male,O+,Tiruppur,6413298141
P13358,Ananya Sharma,40,Female,A+,Madurai,8462905129
P13359,Harish Mohan,21,Male,B+,Trichy,7804429091
P13360,Harish Babu,25,Male,O+,Tirunelveli,6468512126
P13361,Nithya Rao,43,Female,A+,Coimbatore,7823425170
P13362,Rahul Singh,57,Male,AB+,Dindigul,7678246942
P13363,Divya Kumar,59,Female,A+,Dindigul,7925897312
P13364,Naveen Krishnan,31,Male,O+,Dindigul,8545562711
P13365,Rakesh Verma,9,Male,O+,Coimbatore,9363850836
P13366,Manoj Singh,57,Male,A+,Trichy,6759795395
P13367,Keerthana Iyer,23,Female,AB+,Tiruppur,9441505199
P13368,Harini Singh,77,Female,O+,Hosur,6096617774
P13369,Manoj Raj,24,Male,A+,Tiruppur,6121838171
P13370,Ananya Babu,39,Female,A+,Erode,7235104470
P13371,Rakesh Menon,54,Male,O+,Coimbatore,8113138370
P13372,Manoj Verma,63,Male,B+,Kanchipuram,9135474576
P13373,Rahul Nair,79,Male,O+,Tiruvallur,9248657963
P13374,Rahul Sharma,9,Male,O-,Vellore,6596351824
P13375,Manoj Krishnan,54,Male,AB+,Hosur,6136531498
P13376,Rohan Rao,59,Male,A+,Tiruppur,8632574102
P13377,Rakesh Nair,50,Male,A+,Chennai,9052850948
P13378,Deepika Krishnan,28,Female,B+,Tiruppur,6105052024
P13379,Divya Menon,50,Female,B+,Coimbatore,7048482167
P13380,Meera Gupta,40,Female,B-,Tirunelveli,9894111978
P13381,Aditya Mohan,57,Male,O-,Tiruvallur,8142411754
P13382,Karthik Singh,18,Male,O+,Tiruvallur,7677116460
P13383,Rahul Menon,60,Male,A+,Salem,9175471195
P13384,Harish Singh,11,Male,B+,Dindigul,9991433851
P13385,Suresh Reddy,34,Male,O+,Salem,9877663346
P13386,Aditya Rao,57,Male,B+,Kanchipuram,7166693341
P13387,Pooja Reddy,34,Female,O+,Trichy,8923399015
P13388,Ganesh Babu,53,Male,AB+,Salem,9577364600
P13389,Ashwin Rao,47,Male,A-,Kanchipuram,6533067293
P13390,Aditya Mohan,26,Male,AB+,Tiruvallur,8463149497
P13391,Nithya Verma,25,Female,O+,Thanjavur,9895388637
P13392,Divya Babu,27,Female,O-,Tiruttani,6928503591
P13393,Nithya Mohan,44,Female,A+,Chennai,7579898470
P13394,Manoj Babu,9,Male,O+,Dindigul,7907080457
P13395,Swathi Nair,47,Female,A-,Erode,7306651547
P13396,Harini Mohan,59,Female,A+,Dindigul,9874516702
P13397,Swathi Verma,60,Female,B+,Tiruppur,8054512671
P13398,Ananya Kumar,79,Female,A+,Vellore,8568693586
P13399,Meera Rao,40,Female,O+,Trichy,8964879348
P13400,Harini Babu,82,Female,A-,Vellore,6388428075
P13401,Rohan Menon,42,Male,O+,Tiruttani,7378654151
P13402,Keerthana Nair,23,Female,O+,Thanjavur,9998287851
P13403,Neha Sharma,78,Female,AB+,Erode,6980476629
P13404,Divya Patel,55,Female,O+,Thanjavur,7064414752
P13405,Vivek Kumar,33,Male,B+,Thanjavur,9430141574
P13406,Swathi Rao,15,Female,B+,Vellore,9828319077
P13407,Swathi Gupta,53,Female,O+,Thanjavur,8589429095
P13408,Suresh Nair,33,Male,O-,Hosur,6422649397
P13409,Priya Menon,22,Female,B+,Trichy,9521380409
P13410,Lakshmi Rao,34,Female,O+,Tiruttani,8778688868
P13411,Lakshmi Sharma,75,Female,AB-,Trichy,8126957362
P13412,Pooja Verma,13,Female,A-,Chennai,9821922863
P13413,Neha Nair,4,Female,A+,Madurai,8887836191
P13414,Aditya Verma,71,Male,O+,Tiruvallur,8603243846
P13415,Naveen Babu,50,Male,O+,Tirunelveli,9438683351
P13416,Keerthana Nair,57,Female,B+,Coimbatore,6022946128
P13417,Neha Patel,57,Female,AB+,Thanjavur,6781027956
P13418,Ananya Patel,35,Female,A+,Thanjavur,8923083593
P13419,Rohan Rao,32,Male,A+,Tiruvallur,6136621146
P13420,Divya Mohan,22,Female,A+,Tirunelveli,9646344723
P13421,Rakesh Babu,29,Male,O+,Salem,7526515478
P13422,Divya Nair,22,Female,A-,Dindigul,7900031784
P13423,Naveen Kumar,54,Male,A+,Tiruvallur,7879803235
P13424,Karthik Rao,55,Male,B+,Coimbatore,9777029222
P13425,Rakesh Reddy,32,Male,B+,Salem,8198384035
P13426,Vikram Mohan,25,Male,A+,Tiruttani,8215297850
P13427,Swathi Nair,45,Female,O+,Tiruvallur,6264306847
P13428,Harini Menon,61,Female,A+,Thanjavur,8504698945
P13429,Rahul Raj,33,Male,O+,Hosur,9320696261
P13430,Harish Babu,26,Male,O+,Tiruppur,6222892696
P13431,Vikram Rao,38,Male,B-,Coimbatore,7624033079
P13432,Swathi Rao,33,Female,O+,Tiruttani,7191732582
P13433,Aditya Reddy,59,Male,O+,Hosur,6450573630
P13434,Manoj Mohan,73,Male,B+,Tirunelveli,7395127590
P13435,Rohan Verma,44,Male,O+,Kanchipuram,8032988180
P13436,Manoj Singh,80,Male,B+,Tirunelveli,9162069794
P13437,Ganesh Reddy,47,Male,O+,Trichy,6653666783
P13438,Aditya Rao,29,Male,B+,Tiruttani,8024486335
P13439,Harish Sharma,45,Male,AB+,Trichy,8817196386
P13440,Harini Iyer,19,Female,O-,Coimbatore,7958750128
P13441,Neha Reddy,48,Female,B+,Kanchipuram,9474001302
P13442,Kavya Raj,61,Female,AB+,Tirunelveli,8543119837
P13443,Manoj Babu,30,Male,O+,Dindigul,6947689725
P13444,Vivek Menon,40,Male,O+,Thanjavur,6683274442
P13445,Ananya Verma,13,Female,B-,Salem,6764793502
P13446,Rahul Kumar,45,Male,AB+,Kanchipuram,8487841213
P13447,Vivek Sharma,34,Male,B+,Dindigul,6257868456
P13448,Naveen Verma,58,Male,A+,Thanjavur,9360018009
P13449,Ananya Nair,45,Female,O+,Chennai,7753696590
P13450,Vikram Rao,13,Male,O+,Madurai,6389247649
P13451,Ashwin Raj,27,Male,B+,Coimbatore,7601207928
P13452,Rahul Verma,41,Male,A+,Vellore,8786222045
P13453,Deepika Gupta,29,Female,A+,Tiruttani,9582468629
P13454,Prakash Mohan,60,Male,B+,Coimbatore,6681593061
P13455,Sneha Patel,74,Female,A+,Salem,7007153323
P13456,Aishwarya Patel,59,Female,O+,Dindigul,8124014475
P13457,Neha Reddy,21,Female,O+,Tiruppur,9795119743
P13458,Ganesh Babu,23,Male,O+,Tirunelveli,9470780810
P13459,Naveen Rao,36,Male,A+,Tiruvallur,6779096878
P13460,Meera Sharma,17,Female,O-,Trichy,8467318449
P13461,Kavya Mohan,18,Female,A-,Madurai,8827194502
P13462,Prakash Kumar,31,Male,B+,Thanjavur,7686626894
P13463,Rakesh Mohan,86,Male,O+,Dindigul,7044233029
P13464,Deepika Mohan,81,Female,O+,Dindigul,7319531260
P13465,Ashwin Iyer,17,Male,B+,Trichy,8789124474
P13466,Ganesh Patel,38,Male,O+,Salem,6336517091
P13467,Aditya Singh,46,Male,B+,Chennai,8329542920
P13468,Kavya Iyer,40,Female,A+,Kanchipuram,9423396535
P13469,Deepika Reddy,29,Female,AB+,Hosur,6272836611
P13470,Arjun Raj,39,Male,O+,Thanjavur,6233282824
P13471,Neha Reddy,29,Female,B+,Kanchipuram,7091531863
P13472,Deepika Menon,15,Female,O+,Tiruvallur,6783398364
P13473,Ananya Verma,26,Female,O+,Kanchipuram,9587519538
P13474,Swathi Krishnan,3,Female,A+,Tirunelveli,8090212486
P13475,Suresh Singh,45,Male,O-,Vellore,8921559787
P13476,Vikram Gupta,84,Male,O-,Tiruvallur,9616050045
P13477,Manoj Menon,36,Male,O+,Kanchipuram,7407055617
P13478,Rahul Raj,87,Male,A+,Coimbatore,8680436353
P13479,Arjun Kumar,19,Male,A+,Dindigul,7123270072
P13480,Aishwarya Nair,23,Female,AB+,Tirunelveli,9893984613
P13481,Ganesh Babu,11,Male,O+,Tiruttani,9492066754
P13482,Manoj Iyer,85,Male,B+,Tiruttani,9295986484
P13483,Rakesh Iyer,48,Male,B+,Vellore,6060457799
P13484,Rakesh Gupta,55,Male,O-,Thanjavur,9768290056
P13485,Vikram Verma,16,Male,A+,Hosur,9002182773
P13486,Rakesh Menon,51,Male,B+,Tiruppur,9439075411
P13487,Swathi Iyer,36,Female,O-,Hosur,9168077991
P13488,Deepika Verma,80,Female,A+,Hosur,8087408673
P13489,Ganesh Iyer,44,Male,B+,Erode,7713540014
P13490,Suresh Singh,32,Male,O+,Tirunelveli,8272833332
P13491,Priya Nair,49,Female,O+,Tiruppur,9254184600
P13492,Aishwarya Patel,32,Female,O+,Trichy,6855098901
P13493,Ashwin Mohan,41,Male,A+,Dindigul,6827835451
P13494,Kavya Singh,58,Female,O+,Chennai,9113876077
P13495,Meera Kumar,18,Female,O+,Coimbatore,9434575975
P13496,Ananya Patel,65,Female,O+,Tiruttani,6935794305
P13497,Naveen Singh,30,Male,A+,Thanjavur,7043872753
P13498,Vivek Kumar,86,Male,B+,Madurai,6894316152
P13499,Aditya Verma,5,Male,AB+,Coimbatore,8798633860
P13500,Divya Raj,39,Female,B+,Kanchipuram,8869674109
P13501,Priya Babu,57,Female,B+,Tiruppur,6261733610
P13502,Harish Mohan,57,Male,A+,Tiruttani,9347882992
P13503,Deepika Rao,43,Female,A+,Chennai,6163402225
P13504,Kavya Krishnan,54,Female,B+,Vellore,9525484321
P13505,Ananya Patel,63,Female,B+,Vellore,7106389921
P13506,Manoj Verma,78,Male,A+,Dindigul,9488385622
P13507,Vikram Singh,19,Male,O+,Tiruttani,8106771781
P13508,Harini Krishnan,11,Female,B+,Trichy,8949499951
P13509,Harish Kumar,83,Male,AB+,Coimbatore,9466662426
P13510,Sneha Sharma,72,Female,B+,Coimbatore,7539088575
P13511,Divya Sharma,48,Female,O+,Tiruvallur,9200210197
P13512,Swathi Krishnan,25,Female,A+,Erode,9361983886
P13513,Manoj Rao,39,Male,A+,Kanchipuram,8408467934
P13514,Deepika Verma,64,Female,B+,Tiruppur,7276635948
P13515,Vivek Verma,29,Male,A+,Vellore,6796893621
P13516,Harini Nair,14,Female,O+,Tiruppur,6875066696
P13517,Neha Patel,38,Female,O+,Hosur,7982801974
P13518,Harini Patel,70,Female,O+,Tiruttani,9326450687
P13519,Meera Iyer,15,Female,O+,Vellore,6726269329
P13520,Rakesh Menon,42,Male,O+,Tirunelveli,7289616157
P13521,Ashwin Raj,65,Male,A+,Tiruvallur,8946715133
P13522,Rohan Nair,41,Male,O+,Tiruppur,8941763523
P13523,Sneha Iyer,51,Female,O+,Tiruttani,6897203943
P13524,Priya Krishnan,51,Female,O+,Tiruvallur,9493854066
P13525,Lakshmi Kumar,70,Female,B+,Thanjavur,7987572524
P13526,Ashwin Raj,15,Male,O+,Kanchipuram,7237904868
P13527,Sneha Menon,55,Female,A+,Vellore,6229594303
P13528,Ananya Raj,87,Female,O+,Trichy,9148074581
P13529,Nithya Verma,7,Female,O+,Tirunelveli,6372968612
P13530,Swathi Kumar,29,Female,O+,Coimbatore,6494814785
P13531,Harish Sharma,22,Male,O+,Hosur,7376868072
P13532,Divya Babu,17,Female,O-,Dindigul,7507384943
P13533,Vikram Patel,36,Male,B+,Vellore,9667172723
P13534,Neha Iyer,72,Female,A+,Kanchipuram,6287983787
P13535,Ashwin Mohan,31,Male,A+,Kanchipuram,7865482610
P13536,Swathi Mohan,46,Female,O+,Coimbatore,9216636460
P13537,Meera Krishnan,20,Female,A+,Thanjavur,9345542440
P13538,Deepika Babu,57,Female,B-,Erode,7644565219
P13539,Ashwin Iyer,16,Male,O+,Coimbatore,7426885441
P13540,Pooja Kumar,10,Female,A+,Trichy,8275436242
P13541,Rakesh Kumar,79,Male,A+,Chennai,8211331678
P13542,Naveen Nair,54,Male,B+,Salem,9897960894
P13543,Suresh Iyer,85,Male,A+,Trichy,9338436185
P13544,Aishwarya Rao,42,Female,O-,Vellore,8343847364
P13545,Nithya Gupta,26,Female,O-,Tirunelveli,6986652448
P13546,Manoj Patel,34,Male,AB+,Tiruttani,6210674843
P13547,Vikram Sharma,24,Male,O-,Salem,6050346035
P13548,Vikram Menon,23,Male,A+,Chennai,6733742541
P13549,Pooja Babu,37,Female,A+,Kanchipuram,9934826709
P13550,Pooja Sharma,61,Female,A+,Trichy,8006665313
P13551,Suresh Singh,7,Male,O+,Kanchipuram,7868917540
P13552,Aditya Verma,65,Male,B+,Salem,8419099299
P13553,Sneha Sharma,7,Female,B+,Chennai,6211474591
P13554,Lakshmi Mohan,4,Female,B+,Salem,8178032963
P13555,Ganesh Kumar,34,Male,A+,Vellore,8972977749
P13556,Nithya Singh,26,Female,A+,Hosur,7930906909
P13557,Divya Iyer,27,Female,O+,Erode,8409565552
P13558,Karthik Rao,45,Male,AB+,Erode,9316100868
P13559,Ananya Nair,13,Female,O+,Chennai,7497443687
P13560,Aditya Reddy,1,Male,O+,Tiruttani,7609240609
P13561,Karthik Patel,62,Male,O+,Tirunelveli,8164680651
P13562,Aditya Nair,29,Male,B-,Erode,8333527474
P13563,Ananya Krishnan,65,Female,A+,Tiruvallur,8755169991
P13564,Ashwin Sharma,46,Male,B+,Salem,7897092855
P13565,Keerthana Patel,21,Female,O+,Vellore,7003588509
P13566,Harini Reddy,10,Female,A+,Trichy,6755748660
P13567,Sneha Mohan,22,Female,O+,Erode,8329283285
P13568,Divya Verma,40,Female,AB+,Tiruttani,9104780856
P13569,Kavya Kumar,64,Female,O+,Madurai,8288594740
P13570,Arjun Iyer,41,Male,B-,Madurai,6870179855
P13571,Lakshmi Gupta,19,Female,A+,Trichy,6628762283
P13572,Vikram Rao,26,Male,O-,Kanchipuram,8062076645
P13573,Pooja Verma,29,Female,A+,Kanchipuram,8684940642
P13574,Harish Nair,70,Male,A+,Tiruvallur,8509619391
P13575,Kavya Nair,63,Female,AB+,Madurai,6866938609
P13576,Ananya Verma,6,Female,O-,Tiruttani,8510294691
P13577,Neha Rao,66,Female,B+,Thanjavur,6234390683
P13578,Neha Babu,66,Female,B+,Hosur,7261887125
P13579,Arjun Patel,55,Male,A+,Hosur,7304833983
P13580,Suresh Sharma,8,Male,AB+,Dindigul,6545208777
P13581,Arjun Reddy,7,Male,A+,Thanjavur,8399102279
P13582,Naveen Kumar,23,Male,B+,Kanchipuram,7063503358
P13583,Neha Singh,31,Female,B+,Coimbatore,8074682370
P13584,Naveen Kumar,45,Male,O+,Chennai,6330957346
P13585,Neha Kumar,14,Female,B+,Coimbatore,9898845784
P13586,Nithya Rao,8,Female,A+,Hosur,6928219351
P13587,Pooja Singh,88,Female,B+,Dindigul,9519982201
P13588,Nithya Menon,21,Female,O-,Madurai,8327251172
P13589,Prakash Krishnan,17,Male,B+,Vellore,8084708143
P13590,Pooja Reddy,26,Female,O+,Tiruppur,8021714958
P13591,Harini Raj,39,Female,AB+,Erode,7088773524
P13592,Aditya Kumar,58,Male,B+,Trichy,6412342197
P13593,Karthik Iyer,81,Male,O+,Trichy,9820256974
P13594,Arjun Patel,19,Male,O+,Salem,8860708628
P13595,Rahul Verma,36,Male,B-,Tiruttani,7301157620
P13596,Ashwin Krishnan,70,Male,A+,Erode,7857567944
P13597,Harini Raj,24,Female,A+,Tiruttani,8755057149
P13598,Kavya Rao,72,Female,O+,Trichy,9380977112
P13599,Suresh Singh,41,Male,O+,Erode,9858621449
P13600,Vivek Menon,33,Male,O+,Tiruttani,6202071048
P13601,Suresh Reddy,54,Male,A+,Hosur,6762311878
P13602,Priya Patel,69,Female,O+,Tiruppur,7251548670
P13603,Suresh Babu,29,Male,AB-,Thanjavur,8857532768
P13604,Kavya Nair,32,Female,A+,Salem,6523335421
P13605,Ashwin Iyer,50,Male,B+,Salem,8393266946
P13606,Naveen Krishnan,27,Male,B+,Tirunelveli,8895720254
P13607,Lakshmi Verma,39,Female,O+,Hosur,7498293820
P13608,Ganesh Patel,27,Male,A+,Salem,7046638523
P13609,Suresh Singh,13,Male,B+,Chennai,7996516430
P13610,Ganesh Mohan,21,Male,A-,Dindigul,9783852205
P13611,Karthik Menon,20,Male,O+,Thanjavur,9724012692
P13612,Harini Singh,13,Female,A+,Madurai,6515754503
P13613,Karthik Singh,21,Male,A+,Tiruvallur,8940594920
P13614,Nithya Rao,19,Female,O+,Tiruttani,6729754862
P13615,Ananya Babu,27,Female,B+,Tirunelveli,8733942795
P13616,Vikram Iyer,82,Male,O-,Tiruvallur,7437946611
P13617,Vivek Krishnan,26,Male,AB+,Tiruvallur,7774958579
P13618,Arjun Raj,30,Male,A+,Kanchipuram,6747359218
P13619,Prakash Mohan,61,Male,B+,Salem,6934476551
P13620,Aishwarya Mohan,59,Female,O-,Trichy,9851253628
P13621,Divya Sharma,44,Female,AB+,Madurai,7449173629
P13622,Sneha Reddy,64,Female,O+,Erode,7080075639
P13623,Harish Menon,43,Male,O+,Kanchipuram,6710032162
P13624,Meera Menon,76,Female,O+,Tiruttani,6670198398
P13625,Ganesh Rao,61,Male,A+,Tiruttani,6693925611
P13626,Neha Sharma,30,Female,B+,Dindigul,8343974016
P13627,Neha Nair,74,Female,A+,Kanchipuram,9225377722
P13628,Prakash Iyer,33,Male,B+,Salem,9997503959
P13629,Naveen Mohan,7,Male,A+,Dindigul,6419541825
P13630,Lakshmi Mohan,37,Female,O+,Tirunelveli,8293745796
P13631,Lakshmi Kumar,40,Female,B+,Erode,9480298899
P13632,Priya Raj,9,Female,O+,Salem,9963613352
P13633,Harini Reddy,62,Female,B+,Salem,7977183640
P13634,Deepika Singh,43,Female,B+,Tiruttani,6762495980
P13635,Arjun Babu,37,Male,O-,Kanchipuram,7543413891
P13636,Kavya Rao,23,Female,O+,Salem,8912150694
P13637,Manoj Mohan,66,Male,O+,Salem,6435033863
P13638,Karthik Verma,45,Male,O+,Erode,9914843858
P13639,Divya Reddy,13,Female,AB+,Dindigul,8824616123
P13640,Keerthana Singh,16,Female,AB+,Dindigul,9222602541
P13641,Rakesh Kumar,29,Male,O+,Chennai,9277395972
P13642,Ashwin Kumar,79,Male,A+,Erode,8561721037
P13643,Harini Verma,4,Female,A+,Kanchipuram,9002167023
P13644,Manoj Nair,61,Male,AB+,Trichy,8228380667
P13645,Swathi Patel,55,Female,O+,Salem,8482866304
P13646,Rahul Babu,47,Male,AB+,Dindigul,9376653915
P13647,Ganesh Kumar,22,Male,A+,Kanchipuram,7586228295
P13648,Swathi Nair,19,Female,O+,Hosur,7120519822
P13649,Suresh Mohan,46,Male,O+,Tiruvallur,9485535632
P13650,Pooja Rao,46,Female,B+,Kanchipuram,8533252988
P13651,Divya Raj,24,Female,A+,Coimbatore,8684310122
P13652,Ganesh Menon,13,Male,B+,Dindigul,6804110276
P13653,Divya Mohan,41,Female,O+,Tirunelveli,7100877804
P13654,Manoj Nair,79,Male,A-,Coimbatore,6990553671
P13655,Pooja Kumar,17,Female,O+,Tirunelveli,8458912796
P13656,Sneha Rao,13,Female,AB+,Erode,6916027587
P13657,Neha Menon,39,Female,A+,Dindigul,8096133806
P13658,Ganesh Gupta,27,Male,O+,Vellore,8458527044
P13659,Swathi Patel,43,Female,O+,Coimbatore,7021896882
P13660,Meera Nair,8,Female,A+,Salem,9821614923
P13661,Priya Patel,15,Female,A+,Vellore,9589926396
P13662,Kavya Kumar,29,Female,B+,Vellore,6706759505
P13663,Arjun Sharma,35,Male,A+,Kanchipuram,6932008513
P13664,Nithya Mohan,65,Female,B+,Hosur,8181865572
P13665,Suresh Babu,65,Male,O+,Salem,6513176502
P13666,Aishwarya Patel,37,Female,A+,Hosur,8551372539
P13667,Rahul Verma,23,Male,A+,Thanjavur,7384547351
P13668,Swathi Mohan,27,Female,AB+,Tiruppur,9223243553
P13669,Rakesh Menon,19,Male,O+,Thanjavur,8117144485
P13670,Karthik Patel,85,Male,O+,Madurai,8739371554
P13671,Pooja Kumar,35,Female,O+,Dindigul,6019588916
P13672,Vikram Verma,56,Male,O+,Vellore,9260322646
P13673,Priya Kumar,22,Female,B+,Salem,7668598149
P13674,Harish Rao,64,Male,AB-,Vellore,9286166719
P13675,Kavya Babu,13,Female,AB+,Coimbatore,7044915266
P13676,Aishwarya Sharma,35,Female,O+,Salem,9943531316
P13677,Naveen Iyer,35,Male,B-,Erode,7968448177
P13678,Manoj Krishnan,34,Male,AB+,Tiruppur,7451452881
P13679,Priya Sharma,5,Female,B+,Tirunelveli,8975508076
P13680,Arjun Babu,26,Male,O+,Tiruttani,9511042002
P13681,Vivek Rao,64,Male,O+,Hosur,8086617559
P13682,Meera Sharma,61,Female,AB+,Hosur,9334396589
P13683,Deepika Gupta,14,Female,O+,Trichy,8278090626
P13684,Rakesh Kumar,62,Male,B+,Tiruvallur,9508446117
P13685,Sneha Sharma,39,Female,A+,Vellore,9462188635
P13686,Harini Verma,67,Female,O-,Kanchipuram,8227580204
P13687,Rahul Kumar,39,Male,A+,Kanchipuram,8356496764
P13688,Aishwarya Iyer,9,Female,O+,Trichy,6571170602
P13689,Lakshmi Reddy,25,Female,A+,Erode,9838447251
P13690,Meera Nair,60,Female,A+,Dindigul,7722303494
P13691,Sneha Menon,52,Female,O+,Tirunelveli,6570340861
P13692,Harini Sharma,30,Female,A-,Vellore,9244586794
P13693,Suresh Sharma,12,Male,B+,Salem,6286018010
P13694,Prakash Sharma,80,Male,B+,Tiruppur,9897657133
P13695,Manoj Mohan,50,Male,AB+,Trichy,7048699142
P13696,Neha Kumar,28,Female,B+,Salem,6033836084
P13697,Ananya Kumar,22,Female,A+,Erode,9497868433
P13698,Neha Singh,18,Female,O+,Dindigul,6474582051
P13699,Rahul Menon,16,Male,AB-,Tiruvallur,7699085572
P13700,Neha Krishnan,52,Female,O+,Thanjavur,8532528227
P13701,Neha Patel,32,Female,B+,Tirunelveli,8435991391
P13702,Harini Rao,51,Female,O+,Vellore,8051459382
P13703,Pooja Patel,31,Female,A+,Chennai,7587872107
P13704,Rakesh Mohan,30,Male,O+,Salem,6475081387
P13705,Ganesh Verma,19,Male,B+,Trichy,8986777344
P13706,Aishwarya Gupta,63,Female,O+,Coimbatore,9601605202
P13707,Karthik Mohan,19,Male,B+,Chennai,9737981210
P13708,Harini Krishnan,37,Female,O-,Salem,9386330334
P13709,Harish Gupta,43,Male,O+,Trichy,8672515058
P13710,Neha Iyer,32,Female,A+,Tiruvallur,7141702492
P13711,Harini Reddy,16,Female,A-,Coimbatore,8370652485
P13712,Keerthana Iyer,81,Female,AB+,Erode,6169621306
P13713,Kavya Raj,29,Female,O+,Coimbatore,8375041660
P13714,Vivek Sharma,63,Male,O+,Hosur,8072171151
P13715,Rakesh Mohan,64,Male,O+,Vellore,8771232480
P13716,Priya Raj,78,Female,A-,Madurai,6103196715
P13717,Deepika Raj,15,Female,O+,Tiruttani,8337213877
P13718,Aditya Rao,1,Male,O+,Thanjavur,6483130021
P13719,Nithya Sharma,47,Female,B+,Tirunelveli,7225916985
P13720,Naveen Reddy,43,Male,O+,Coimbatore,9027256148
P13721,Deepika Gupta,39,Female,A+,Tirunelveli,9049551317
P13722,Arjun Krishnan,17,Male,O+,Hosur,9945405308
P13723,Keerthana Patel,26,Female,B-,Coimbatore,7868182915
P13724,Suresh Nair,54,Male,A+,Tiruppur,6795089340
P13725,Priya Gupta,19,Female,O+,Trichy,9188534708
P13726,Ananya Babu,2,Female,O+,Tiruttani,7662636145
P13727,Ananya Gupta,45,Female,O+,Chennai,7264622785
P13728,Pooja Iyer,14,Female,A+,Tiruvallur,9105623505
P13729,Ganesh Menon,44,Male,B+,Coimbatore,8146138866
P13730,Rahul Menon,52,Male,O+,Kanchipuram,9091748732
P13731,Harish Reddy,42,Male,A+,Erode,8757385912
P13732,Manoj Singh,51,Male,A+,Tirunelveli,8857470472
P13733,Rahul Menon,30,Male,O-,Hosur,9304540433
P13734,Meera Patel,59,Female,B+,Hosur,7141509221
P13735,Lakshmi Verma,51,Female,B-,Thanjavur,8932754456
P13736,Prakash Menon,42,Male,B+,Tirunelveli,7649654714
P13737,Meera Reddy,6,Female,O+,Dindigul,6191446843
P13738,Rakesh Nair,2,Male,A+,Trichy,8699275099
P13739,Ananya Rao,40,Female,AB+,Kanchipuram,7318513728
P13740,Rakesh Patel,63,Male,A+,Hosur,7343191118
P13741,Manoj Patel,3,Male,O+,Trichy,7040237698
P13742,Naveen Rao,20,Male,B-,Salem,6474367171
P13743,Prakash Verma,35,Male,O+,Tiruppur,6838105132
P13744,Harish Verma,59,Male,O+,Tiruttani,9682876862
P13745,Sneha Singh,14,Female,O+,Salem,7789178034
P13746,Aishwarya Sharma,26,Female,B+,Erode,6345536448
P13747,Vikram Kumar,49,Male,O+,Tiruvallur,7718875496
P13748,Kavya Iyer,9,Female,A+,Erode,8050858785
P13749,Aditya Babu,16,Male,A+,Dindigul,7807327502
P13750,Divya Mohan,13,Female,A+,Tiruttani,6795436852
P13751,Rohan Menon,27,Male,O+,Vellore,9369303116
P13752,Harini Kumar,15,Female,B+,Dindigul,9775741781
P13753,Nithya Reddy,50,Female,B+,Chennai,9542883224
P13754,Swathi Gupta,31,Female,AB+,Madurai,8729284713
P13755,Sneha Kumar,44,Female,B+,Tiruppur,6479596645
P13756,Vivek Kumar,30,Male,O+,Tiruppur,7773201770
P13757,Rahul Mohan,59,Male,A+,Tirunelveli,8468663553
P13758,Kavya Patel,59,Female,O+,Hosur,9451359897
P13759,Rohan Singh,52,Male,O+,Madurai,8140866377
P13760,Ashwin Singh,20,Male,O-,Thanjavur,6703096475
P13761,Lakshmi Mohan,67,Female,O+,Kanchipuram,7205347256
P13762,Rahul Rao,33,Male,A+,Trichy,9475930973
P13763,Aishwarya Nair,59,Female,O+,Tiruttani,6604016488
P13764,Rohan Sharma,54,Male,B-,Tiruppur,7295382299
P13765,Aditya Krishnan,29,Male,B+,Coimbatore,9872230179
P13766,Keerthana Kumar,35,Female,B+,Hosur,7464639321
P13767,Meera Gupta,45,Female,O+,Hosur,8277132220
P13768,Swathi Krishnan,43,Female,A+,Salem,7697898917
P13769,Priya Krishnan,31,Female,O+,Madurai,7422848448
P13770,Rohan Iyer,24,Male,AB+,Thanjavur,7189475612
P13771,Sneha Singh,66,Female,O+,Kanchipuram,9106891534
P13772,Kavya Sharma,34,Female,AB+,Thanjavur,6823250518
P13773,Harini Gupta,50,Female,O+,Trichy,7882844213
P13774,Priya Babu,41,Female,AB+,Tiruttani,7797315708
P13775,Naveen Patel,40,Male,O+,Thanjavur,6851964638
P13776,Rahul Mohan,33,Male,O-,Tiruttani,9458848866
P13777,Divya Kumar,13,Female,A+,Tiruppur,7447334263
P13778,Suresh Reddy,64,Male,O+,Vellore,9471297978
P13779,Harish Nair,30,Male,A+,Chennai,6087345929
P13780,Kavya Sharma,38,Female,AB+,Salem,6315341940
P13781,Aishwarya Rao,45,Female,B+,Tiruvallur,9029440696
P13782,Divya Sharma,86,Female,O+,Tirunelveli,7828998910
P13783,Divya Patel,64,Female,AB-,Kanchipuram,8384254316
P13784,Swathi Iyer,24,Female,B+,Tiruttani,7527073644
P13785,Vivek Patel,63,Male,O+,Tiruttani,6977244079
P13786,Aditya Menon,52,Male,A+,Chennai,7349942966
P13787,Swathi Rao,47,Female,AB+,Chennai,7140905044
P13788,Rahul Rao,43,Male,O+,Tiruttani,7038011159
P13789,Kavya Iyer,28,Female,O+,Tiruppur,7093230834
P13790,Vivek Gupta,58,Male,A+,Erode,6359798552
P13791,Manoj Krishnan,57,Male,O+,Madurai,8422050289
P13792,Priya Raj,42,Female,O+,Tiruttani,6298536854
P13793,Neha Babu,11,Female,B-,Thanjavur,7905866385
P13794,Neha Singh,19,Female,O+,Thanjavur,8319034070
P13795,Karthik Sharma,5,Male,O+,Tiruttani,8381933740
P13796,Arjun Patel,62,Male,O+,Tiruvallur,9433905398
P13797,Ashwin Singh,13,Male,A+,Tirunelveli,9625788665
P13798,Harish Singh,12,Male,O+,Tiruppur,8546270329
P13799,Aditya Verma,87,Male,B+,Thanjavur,6864651397
P13800,Sneha Kumar,64,Female,O+,Coimbatore,7855386161
P13801,Suresh Patel,52,Male,O+,Salem,8631236417
P13802,Meera Reddy,35,Female,A+,Salem,7002782483
P13803,Aishwarya Iyer,60,Female,B+,Vellore,9852886582
P13804,Harish Verma,48,Male,O+,Tiruvallur,8805461357
P13805,Aishwarya Patel,79,Female,A+,Madurai,6942549181
P13806,Arjun Nair,49,Male,O+,Tiruppur,7825258758
P13807,Aditya Babu,48,Male,AB+,Madurai,8555556640
P13808,Deepika Kumar,33,Female,O+,Erode,9989071941
P13809,Manoj Raj,31,Male,AB+,Madurai,7838898902
P13810,Nithya Verma,34,Female,A+,Tiruvallur,9860302625
P13811,Harish Krishnan,35,Male,A+,Dindigul,9907440063
P13812,Arjun Reddy,32,Male,AB+,Trichy,8096838935
P13813,Keerthana Singh,32,Female,A+,Kanchipuram,7158249757
P13814,Deepika Mohan,35,Female,A+,Vellore,6000716731
P13815,Vivek Menon,42,Male,B+,Dindigul,6658900142
P13816,Rahul Mohan,79,Male,A+,Kanchipuram,9511288473
P13817,Rakesh Singh,19,Male,AB+,Erode,6704829623
P13818,Divya Nair,30,Female,A+,Chennai,8452972876
P13819,Prakash Iyer,61,Male,B+,Hosur,6370043684
P13820,Aditya Patel,9,Male,B+,Kanchipuram,7995031592
P13821,Sneha Sharma,48,Female,A+,Thanjavur,6557245246
P13822,Naveen Babu,5,Male,B-,Tiruppur,8682902952
P13823,Arjun Singh,29,Male,B+,Tiruppur,7781472979
P13824,Vikram Nair,64,Male,B+,Madurai,8103751646
P13825,Ganesh Rao,45,Male,O+,Trichy,6324370817
P13826,Vikram Rao,49,Male,O+,Kanchipuram,8982669325
P13827,Kavya Mohan,54,Female,O+,Chennai,9741416368
P13828,Deepika Singh,21,Female,O+,Thanjavur,6567713203
P13829,Naveen Singh,30,Male,O+,Erode,7969781733
P13830,Pooja Gupta,38,Female,B+,Vellore,7431815762
P13831,Keerthana Kumar,48,Female,B+,Tiruppur,7191800560
P13832,Keerthana Reddy,57,Female,O+,Madurai,9607996229
P13833,Nithya Gupta,32,Female,B+,Hosur,6238945870
P13834,Nithya Iyer,37,Female,O+,Tiruppur,6697938086
P13835,Karthik Singh,2,Male,A+,Salem,6970641064
P13836,Nithya Raj,59,Female,O+,Kanchipuram,8144353390
P13837,Harini Rao,2,Female,O-,Chennai,7139942361
P13838,Naveen Babu,22,Male,AB+,Kanchipuram,7989744364
P13839,Ananya Patel,33,Female,A+,Kanchipuram,7911619602
P13840,Priya Menon,87,Female,O+,Vellore,7249113577
P13841,Manoj Mohan,23,Male,B+,Vellore,8688800901
P13842,Vivek Babu,31,Male,A+,Coimbatore,7849980600
P13843,Neha Raj,32,Female,O+,Coimbatore,6240862781
P13844,Ananya Kumar,25,Female,AB+,Thanjavur,8120906267
P13845,Neha Menon,52,Female,O+,Hosur,6504894361
P13846,Rakesh Raj,14,Male,O+,Tiruttani,8205502943
P13847,Lakshmi Menon,12,Female,B+,Dindigul,7856269259
P13848,Rohan Menon,33,Male,AB+,Madurai,6665175958
P13849,Swathi Raj,22,Female,O+,Chennai,6048334194
P13850,Ananya Raj,46,Female,B+,Tiruttani,6013911406
P13851,Harini Krishnan,47,Female,B+,Madurai,9791229053
P13852,Suresh Mohan,3,Male,O-,Erode,8239054754
P13853,Kavya Singh,19,Female,O+,Vellore,9008651173
P13854,Manoj Raj,53,Male,O+,Erode,6093340214
P13855,Swathi Sharma,63,Female,AB+,Tiruttani,6708447112
P13856,Kavya Mohan,24,Female,B+,Salem,8893294361
P13857,Meera Sharma,67,Female,O+,Trichy,9210511350
P13858,Vivek Mohan,23,Male,A-,Coimbatore,9935318920
P13859,Kavya Mohan,64,Female,A+,Tiruttani,6675203884
P13860,Divya Reddy,38,Female,O+,Trichy,9555123259
P13861,Vikram Raj,1,Male,A+,Kanchipuram,6876438605
P13862,Harini Gupta,20,Female,O+,Erode,7333326131
P13863,Rohan Kumar,38,Male,O+,Kanchipuram,7218416972
P13864,Vivek Krishnan,42,Male,B+,Kanchipuram,6750161909
P13865,Swathi Verma,2,Female,A+,Tirunelveli,8315105078
P13866,Suresh Sharma,82,Male,AB+,Salem,8491887583
P13867,Rahul Reddy,65,Male,A+,Dindigul,6841983338
P13868,Manoj Gupta,24,Male,O+,Tirunelveli,7207069675
P13869,Nithya Raj,63,Female,O+,Dindigul,6666171823
P13870,Ashwin Singh,31,Male,A+,Kanchipuram,9006513572
P13871,Naveen Menon,24,Male,B+,Madurai,9393593730
P13872,Naveen Nair,49,Male,B-,Kanchipuram,6572097631
P13873,Priya Raj,47,Female,A+,Tiruvallur,7119903994
P13874,Pooja Mohan,7,Female,A+,Tiruvallur,7926455754
P13875,Swathi Raj,41,Female,O+,Thanjavur,8319079927
P13876,Deepika Menon,51,Female,A+,Chennai,8915101147
P13877,Meera Kumar,37,Female,B+,Madurai,9885506864
P13878,Kavya Krishnan,49,Female,A+,Madurai,6981919302
P13879,Suresh Raj,26,Male,AB+,Trichy,8435503926
P13880,Naveen Reddy,14,Male,A-,Salem,8344467573
P13881,Keerthana Sharma,44,Female,A+,Tiruppur,7765228885
P13882,Harish Mohan,30,Male,O+,Tiruvallur,9180560992
P13883,Lakshmi Raj,47,Female,A+,Tiruppur,7698934560
P13884,Ganesh Raj,64,Male,O+,Hosur,8228691776
P13885,Keerthana Babu,37,Female,A+,Thanjavur,9332016137
P13886,Vikram Singh,15,Male,O+,Coimbatore,7617546699
P13887,Arjun Nair,86,Male,A-,Tirunelveli,9324054868
P13888,Rahul Nair,47,Male,A+,Kanchipuram,8028533223
P13889,Deepika Raj,38,Female,A+,Dindigul,7504402465
P13890,Ashwin Reddy,36,Male,A+,Dindigul,6845067014
P13891,Arjun Sharma,12,Male,B+,Chennai,8984853107
P13892,Deepika Singh,25,Female,B+,Dindigul,6704334757
P13893,Sneha Patel,22,Female,O+,Kanchipuram,8323414115
P13894,Kavya Kumar,55,Female,O+,Tirunelveli,8677504568
P13895,Lakshmi Patel,48,Female,O+,Vellore,7411871613
P13896,Rohan Sharma,44,Male,O+,Tirunelveli,7818840248
P13897,Priya Babu,63,Female,O+,Kanchipuram,7914656822
P13898,Ananya Singh,18,Female,AB+,Hosur,7779978631
P13899,Arjun Kumar,61,Male,O-,Trichy,9738685590
P13900,Kavya Verma,56,Female,B+,Tirunelveli,8460319076
P13901,Nithya Singh,24,Female,B+,Trichy,7554331846
P13902,Rahul Rao,6,Male,O+,Dindigul,7269256500
P13903,Rakesh Kumar,20,Male,B+,Trichy,6870095899
P13904,Arjun Verma,39,Male,A+,Vellore,9813128719
P13905,Neha Patel,68,Female,A+,Kanchipuram,7717700381
P13906,Manoj Raj,26,Male,B+,Madurai,6479439189
P13907,Deepika Singh,47,Female,B+,Trichy,6288453945
P13908,Kavya Singh,37,Female,AB+,Tirunelveli,8176539698
P13909,Karthik Babu,48,Male,O+,Coimbatore,8459430683
P13910,Neha Patel,39,Female,A+,Kanchipuram,7823197810
P13911,Meera Babu,14,Female,AB+,Kanchipuram,9112432244
P13912,Ananya Singh,36,Female,O+,Salem,8305432277
P13913,Aditya Babu,65,Male,O+,Madurai,9507742025
P13914,Harish Iyer,7,Male,O+,Kanchipuram,8130063444
P13915,Karthik Kumar,44,Male,O+,Trichy,6853913983
P13916,Aditya Singh,45,Male,A+,Trichy,9609109727
P13917,Aishwarya Babu,39,Female,O+,Chennai,8862012046
P13918,Keerthana Verma,30,Female,A+,Hosur,7723527316
P13919,Rakesh Babu,49,Male,O+,Coimbatore,6929584558
P13920,Swathi Krishnan,28,Female,O+,Tirunelveli,8369596695
P13921,Rakesh Reddy,24,Male,A+,Salem,8634198748
P13922,Rakesh Iyer,7,Male,A+,Dindigul,7078712659
P13923,Ashwin Singh,69,Male,B+,Erode,6158481585
P13924,Karthik Verma,53,Male,O+,Tiruppur,9284426559
P13925,Ganesh Sharma,14,Male,A+,Tiruttani,6860389229
P13926,Harish Menon,34,Male,A+,Tiruttani,7569158180
P13927,Swathi Reddy,19,Female,O+,Tiruppur,6234282140
P13928,Lakshmi Verma,62,Female,O-,Dindigul,7485220227
P13929,Aishwarya Menon,22,Female,AB+,Dindigul,6107918292
P13930,Naveen Iyer,53,Male,A+,Madurai,7097679884
P13931,Aditya Mohan,26,Male,B+,Tirunelveli,9891826980
P13932,Naveen Kumar,36,Male,A+,Hosur,9259885291
P13933,Keerthana Babu,26,Female,A+,Thanjavur,6523734001
P13934,Lakshmi Verma,42,Female,A+,Tiruvallur,9164044562
P13935,Meera Singh,23,Female,AB+,Tiruttani,8018924485
P13936,Naveen Babu,77,Male,B+,Vellore,8689346978
P13937,Divya Verma,19,Female,B+,Madurai,7694551500
P13938,Harini Nair,64,Female,O+,Tiruttani,6349979030
P13939,Deepika Raj,28,Female,B+,Chennai,6893589212
P13940,Nithya Mohan,44,Female,B+,Thanjavur,7474006756
P13941,Rohan Sharma,86,Male,O+,Chennai,9674751274
P13942,Deepika Iyer,10,Female,O+,Thanjavur,9486256224
P13943,Rahul Patel,40,Male,AB+,Dindigul,9515386951
P13944,Keerthana Nair,43,Female,O+,Vellore,6589030496
P13945,Harini Babu,37,Female,O+,Erode,6436377841
P13946,Vivek Nair,44,Male,A-,Hosur,6896900910
P13947,Suresh Reddy,56,Male,B+,Thanjavur,7944971810
P13948,Prakash Iyer,33,Male,O+,Hosur,8487289880
P13949,Vivek Babu,26,Male,O+,Chennai,6199551971
P13950,Naveen Verma,55,Male,AB+,Trichy,6714518844
P13951,Pooja Menon,15,Female,B+,Hosur,7814369824
P13952,Nithya Singh,38,Female,B+,Trichy,9106113091
P13953,Priya Raj,59,Female,B+,Thanjavur,9379216136
P13954,Vikram Singh,54,Male,B+,Trichy,8426275145
P13955,Pooja Mohan,53,Female,O+,Dindigul,7209847648
P13956,Divya Singh,76,Female,O+,Tiruttani,7702560889
P13957,Aditya Sharma,29,Male,A+,Tirunelveli,6666528503
P13958,Divya Gupta,22,Female,O+,Vellore,9296628168
P13959,Ganesh Menon,32,Male,A+,Tiruppur,9079312884
P13960,Keerthana Iyer,63,Female,O+,Madurai,9888821329
P13961,Rakesh Krishnan,14,Male,A+,Madurai,8634994358
P13962,Deepika Reddy,10,Female,A+,Thanjavur,7880448332
P13963,Rahul Reddy,20,Male,O+,Vellore,9314643870
P13964,Rahul Iyer,61,Male,O+,Tiruvallur,9827158401
P13965,Suresh Sharma,36,Male,O+,Kanchipuram,9066087926
P13966,Divya Gupta,52,Female,O+,Kanchipuram,6116254700
P13967,Keerthana Patel,31,Female,A+,Erode,6418555212
P13968,Aditya Verma,90,Male,B+,Kanchipuram,6247880215
P13969,Ananya Gupta,2,Female,A+,Hosur,8642436920
P13970,Divya Singh,20,Female,O+,Tiruvallur,6323551482
P13971,Rahul Reddy,88,Male,AB+,Hosur,7685170246
P13972,Priya Singh,15,Female,A+,Tiruttani,7249418981
P13973,Arjun Krishnan,57,Male,O+,Thanjavur,7040028132
P13974,Manoj Menon,30,Male,A+,Vellore,7759314976
P13975,Harini Singh,26,Female,B+,Madurai,6313871854
P13976,Rahul Raj,53,Male,O+,Thanjavur,9227131721
P13977,Priya Singh,56,Female,O-,Chennai,8286410419
P13978,Aishwarya Raj,12,Female,B+,Tiruttani,8676264708
P13979,Arjun Rao,36,Male,AB+,Chennai,9448141647
P13980,Naveen Reddy,16,Male,O+,Trichy,9392346340
P13981,Priya Nair,17,Female,O-,Trichy,6582867588
P13982,Aditya Gupta,75,Male,AB+,Hosur,8011142932
P13983,Neha Nair,44,Female,A+,Tiruvallur,8910007408
P13984,Rohan Reddy,79,Male,O+,Tiruvallur,8778677782
P13985,Ashwin Gupta,31,Male,O+,Kanchipuram,8442631587
P13986,Naveen Patel,43,Male,O+,Hosur,9738771352
P13987,Harini Kumar,32,Female,A+,Tirunelveli,7340080716
P13988,Manoj Patel,46,Male,AB+,Tiruppur,9780422215
P13989,Rohan Babu,15,Male,O+,Tiruttani,7634595929
P13990,Harish Verma,31,Male,A+,Dindigul,6434700397
P13991,Ganesh Babu,9,Male,O+,Chennai,7131240037
P13992,Aditya Gupta,69,Male,O+,Chennai,7635538286
P13993,Ananya Krishnan,5,Female,O+,Tiruvallur,6191205225
P13994,Swathi Rao,46,Female,AB+,Coimbatore,9536464491
P13995,Deepika Verma,6,Female,AB+,Kanchipuram,7341839465
P13996,Aditya Sharma,30,Male,O-,Tiruttani,6834430537
P13997,Meera Menon,14,Female,AB+,Madurai,8501906032
P13998,Karthik Patel,14,Male,O+,Hosur,7231311362
P13999,Naveen Krishnan,18,Male,AB-,Dindigul,6359649149
P14000,Karthik Verma,23,Male,B+,Kanchipuram,6580316994
P14001,Lakshmi Singh,30,Female,O+,Tiruvallur,6933050144
P14002,Ganesh Singh,11,Male,O+,Kanchipuram,6458787014
P14003,Karthik Nair,50,Male,O+,Erode,9671476300
P14004,Pooja Singh,47,Female,A-,Trichy,9832945647
P14005,Rohan Menon,40,Male,B+,Chennai,9812918732
P14006,Harini Babu,48,Female,B+,Dindigul,8494080585
P14007,Rahul Reddy,18,Male,A+,Thanjavur,8387394947
P14008,Rakesh Babu,20,Male,B+,Madurai,6017403767
P14009,Manoj Gupta,1,Male,O+,Vellore,8017476848
P14010,Rohan Raj,20,Male,O+,Tiruppur,6384698792
P14011,Aditya Iyer,34,Male,A+,Chennai,6160681417
P14012,Rahul Raj,54,Male,O-,Coimbatore,7114165598
P14013,Vivek Menon,1,Male,AB+,Tirunelveli,6542795677
P14014,Naveen Sharma,50,Male,B+,Hosur,8762527897
P14015,Naveen Krishnan,9,Male,AB+,Coimbatore,9178874292
P14016,Rakesh Reddy,55,Male,A+,Coimbatore,7823124195
P14017,Divya Raj,19,Female,O-,Vellore,7112160593
P14018,Meera Menon,5,Female,O+,Thanjavur,7402049895
P14019,Prakash Verma,32,Male,A+,Salem,8074664806
P14020,Arjun Krishnan,51,Male,A+,Trichy,8332324801
P14021,Sneha Kumar,13,Female,B+,Kanchipuram,9925515169
P14022,Rohan Sharma,37,Male,O+,Salem,7703486547
P14023,Ganesh Nair,12,Male,B+,Vellore,6889332494
P14024,Suresh Kumar,16,Male,AB+,Erode,8452358806
P14025,Harini Babu,36,Female,O+,Dindigul,9270610297
P14026,Divya Verma,84,Female,O+,Thanjavur,6988862701
P14027,Meera Iyer,19,Female,O+,Dindigul,6364177148
P14028,Manoj Krishnan,71,Male,A+,Tiruppur,6232644295
P14029,Ashwin Gupta,86,Male,A+,Madurai,7014543242
P14030,Pooja Sharma,63,Female,B+,Vellore,7377122009
P14031,Naveen Nair,47,Male,O+,Dindigul,8420650565
P14032,Suresh Nair,30,Male,A+,Tirunelveli,6389321494
P14033,Swathi Patel,55,Female,O+,Salem,8522069106
P14034,Rahul Gupta,29,Male,O+,Madurai,7895287624
P14035,Priya Gupta,42,Female,B+,Kanchipuram,6459802950
P14036,Kavya Rao,71,Female,B+,Vellore,8535272455
P14037,Harini Sharma,55,Female,B+,Erode,9335350404
P14038,Aishwarya Reddy,45,Female,B+,Kanchipuram,6247057106
P14039,Ganesh Gupta,13,Male,A+,Salem,9851191846
P14040,Rakesh Raj,30,Male,B+,Salem,8433049477
P14041,Lakshmi Menon,25,Female,AB+,Vellore,9052002293
P14042,Rohan Singh,62,Male,O+,Tiruttani,9267142192
P14043,Lakshmi Sharma,47,Female,B-,Thanjavur,8026164181
P14044,Pooja Krishnan,81,Female,O+,Erode,8797442587
P14045,Rahul Reddy,29,Male,B+,Coimbatore,8450710075
P14046,Nithya Patel,26,Female,A+,Dindigul,7444753958
P14047,Swathi Singh,61,Female,AB+,Thanjavur,8782516315
P14048,Rakesh Verma,18,Male,O+,Kanchipuram,6642594564
P14049,Harish Kumar,64,Male,O+,Tiruttani,6767422700
P14050,Swathi Sharma,4,Female,O+,Tirunelveli,6831316288
P14051,Aditya Kumar,56,Male,O+,Madurai,8180195787
P14052,Pooja Menon,58,Female,O+,Tiruppur,8263080421
P14053,Harini Gupta,36,Female,A+,Coimbatore,6874562132
P14054,Harini Singh,49,Female,B+,Tiruttani,9710501394
P14055,Rahul Rao,27,Male,A+,Salem,9579800311
P14056,Harish Menon,52,Male,O+,Trichy,9986989783
P14057,Priya Nair,44,Female,O+,Tiruvallur,6353382948
P14058,Rakesh Gupta,87,Male,A+,Dindigul,7070077885
P14059,Karthik Sharma,56,Male,B+,Tiruttani,7019311585
P14060,Prakash Nair,57,Male,B+,Salem,7071838912
P14061,Ashwin Reddy,36,Male,O+,Tirunelveli,6550028287
P14062,Meera Mohan,32,Female,A+,Kanchipuram,7723255818
P14063,Rohan Rao,16,Male,B+,Tiruttani,9956749772
P14064,Nithya Menon,32,Female,B+,Vellore,9039434344
P14065,Ashwin Menon,34,Male,B+,Tiruppur,6558740162
P14066,Lakshmi Babu,77,Female,B+,Dindigul,8448086011
P14067,Vikram Mohan,28,Male,O+,Chennai,8330430727
P14068,Neha Rao,79,Female,A+,Vellore,6834066290
P14069,Priya Rao,79,Female,O+,Tiruvallur,8853390343
P14070,Ananya Krishnan,82,Female,O+,Trichy,6417969343
P14071,Karthik Nair,35,Male,O+,Coimbatore,6151775458
P14072,Deepika Patel,27,Female,O+,Coimbatore,8927689580
P14073,Pooja Krishnan,26,Female,O+,Thanjavur,7343065020
P14074,Nithya Nair,12,Female,AB+,Salem,7623642683
P14075,Nithya Babu,55,Female,AB-,Thanjavur,6146028261
P14076,Lakshmi Menon,48,Female,B+,Trichy,8566204404
P14077,Prakash Mohan,40,Male,B+,Erode,6170726027
P14078,Karthik Reddy,32,Male,B+,Chennai,7923213206
P14079,Meera Iyer,52,Female,O+,Kanchipuram,9498271447
P14080,Neha Sharma,26,Female,O-,Tiruttani,9647360657
P14081,Aditya Krishnan,19,Male,O+,Tiruvallur,6058553980
P14082,Prakash Singh,14,Male,B+,Trichy,9631790686
P14083,Rakesh Sharma,63,Male,O+,Erode,7222258317
P14084,Priya Verma,29,Female,A+,Tiruppur,8564546782
P14085,Sneha Raj,55,Female,O+,Dindigul,8498267786
P14086,Lakshmi Rao,82,Female,O+,Tiruttani,8414811571
P14087,Pooja Menon,20,Female,A+,Tirunelveli,9286230749
P14088,Divya Mohan,57,Female,A+,Erode,7920717047
P14089,Aditya Kumar,64,Male,O+,Dindigul,9280014253
P14090,Prakash Raj,34,Male,O+,Vellore,9763321072
P14091,Aditya Kumar,50,Male,B+,Tiruppur,7036044026
P14092,Ashwin Gupta,25,Male,O+,Madurai,7608487258
P14093,Divya Iyer,19,Female,AB+,Tiruvallur,7519600704
P14094,Rohan Singh,12,Male,O+,Trichy,9213460630
P14095,Ganesh Patel,7,Male,O+,Chennai,9419908957
P14096,Karthik Raj,27,Male,A+,Hosur,6952206302
P14097,Rahul Kumar,5,Male,O+,Hosur,6412822586
P14098,Vikram Raj,30,Male,A+,Tiruttani,9077473355
P14099,Rohan Babu,44,Male,A+,Salem,7940981561
P14100,Rakesh Kumar,44,Male,O+,Kanchipuram,9886012328
P14101,Vivek Iyer,13,Male,A+,Salem,7845063120
P14102,Keerthana Sharma,62,Female,O+,Tiruvallur,8229721498
P14103,Keerthana Patel,27,Female,B+,Tiruppur,8362032900
P14104,Rahul Patel,82,Male,A+,Dindigul,8716135924
P14105,Suresh Nair,27,Male,B+,Coimbatore,6660630844
P14106,Rahul Sharma,39,Male,O+,Trichy,7053935426
P14107,Pooja Iyer,21,Female,B+,Erode,8659390992
P14108,Lakshmi Nair,68,Female,AB+,Tiruppur,7164012165
P14109,Harini Verma,54,Female,O+,Vellore,8113695792
P14110,Suresh Reddy,21,Male,B+,Tiruttani,8259315760
P14111,Ganesh Iyer,30,Male,O+,Erode,6161382171
P14112,Rakesh Rao,42,Male,B+,Chennai,9699555151
P14113,Ashwin Mohan,7,Male,B+,Salem,7123019682
P14114,Harini Verma,76,Female,O+,Madurai,9356935262
P14115,Keerthana Sharma,50,Female,O+,Tiruppur,9365781932
P14116,Prakash Sharma,45,Male,O+,Thanjavur,8547240692
P14117,Priya Singh,85,Female,A+,Chennai,6591860357
P14118,Deepika Sharma,78,Female,A+,Thanjavur,8779919196
P14119,Rahul Sharma,2,Male,O+,Hosur,8122206781
P14120,Ashwin Gupta,58,Male,O+,Vellore,7730959401
P14121,Harish Mohan,62,Male,A+,Tirunelveli,6911918733
P14122,Harish Gupta,56,Male,A+,Madurai,9269186040
P14123,Meera Mohan,23,Female,A+,Kanchipuram,9193095607
P14124,Manoj Reddy,38,Male,A+,Trichy,6177364378
P14125,Arjun Iyer,21,Male,O+,Tiruvallur,8463785010
P14126,Vikram Verma,23,Male,A+,Tiruvallur,7956958764
P14127,Swathi Menon,15,Female,A+,Tiruvallur,8709470992
P14128,Divya Verma,13,Female,O+,Tiruttani,8652000887
P14129,Sneha Singh,48,Female,B+,Dindigul,8502757649
P14130,Arjun Sharma,14,Male,A+,Vellore,9429946475
P14131,Lakshmi Babu,33,Female,B+,Salem,9152330643
P14132,Harish Kumar,58,Male,O+,Hosur,6603406542
P14133,Prakash Singh,13,Male,B+,Dindigul,8760006941
P14134,Ganesh Rao,31,Male,B+,Dindigul,9226219157
P14135,Deepika Singh,36,Female,AB+,Tiruppur,7190079810
P14136,Ganesh Raj,63,Male,B+,Thanjavur,8623049321
P14137,Naveen Verma,61,Male,B+,Dindigul,6888586341
P14138,Naveen Kumar,50,Male,A+,Salem,8674728446
P14139,Rakesh Babu,31,Male,A+,Trichy,7130519116
P14140,Deepika Sharma,31,Female,B+,Tiruvallur,6325353363
P14141,Lakshmi Sharma,36,Female,O+,Tiruvallur,8944804703
P14142,Harish Gupta,18,Male,O+,Tiruttani,9936498385
P14143,Sneha Patel,41,Female,A-,Kanchipuram,9409378403
P14144,Karthik Reddy,47,Male,B+,Tiruvallur,8486167786
P14145,Rohan Nair,28,Male,O+,Coimbatore,8906623746
P14146,Keerthana Nair,43,Female,AB+,Coimbatore,6371647362
P14147,Rakesh Reddy,45,Male,O+,Tiruppur,6595187908
P14148,Ananya Kumar,26,Female,O+,Chennai,8529147843
P14149,Priya Verma,84,Female,B-,Coimbatore,6326653161
P14150,Manoj Patel,70,Male,A+,Tiruttani,7633886123
P14151,Nithya Sharma,65,Female,O+,Tirunelveli,8456245212
P14152,Aishwarya Mohan,50,Female,O+,Kanchipuram,7580454378
P14153,Kavya Babu,57,Female,AB+,Tirunelveli,6053810896
P14154,Neha Rao,12,Female,A+,Trichy,8213559054
P14155,Divya Gupta,43,Female,O+,Hosur,9286443790
P14156,Rohan Rao,30,Male,O-,Tiruvallur,8151476804
P14157,Swathi Nair,81,Female,A+,Tiruvallur,9946499835
P14158,Vivek Gupta,10,Male,AB+,Erode,6535160893
P14159,Harish Kumar,50,Male,B+,Thanjavur,6860101815
P14160,Rahul Sharma,47,Male,A+,Tiruppur,6632098855
P14161,Nithya Kumar,69,Female,A+,Coimbatore,6843759422
P14162,Deepika Mohan,6,Female,B+,Tiruttani,6299000587
P14163,Swathi Sharma,25,Female,O+,Trichy,6396533037
P14164,Arjun Kumar,2,Male,O+,Erode,7416545970
P14165,Aishwarya Mohan,61,Female,B+,Coimbatore,7425714794
P14166,Manoj Mohan,12,Male,A+,Hosur,9510445212
P14167,Lakshmi Rao,18,Female,B+,Chennai,9313397962
P14168,Pooja Kumar,66,Female,A+,Tiruvallur,9283824539
P14169,Nithya Krishnan,52,Female,A+,Tiruttani,9144773159
P14170,Meera Raj,89,Female,A+,Vellore,7968771228
P14171,Karthik Babu,44,Male,A+,Erode,6036564422
P14172,Keerthana Rao,70,Female,O+,Erode,6394562596
P14173,Vikram Kumar,19,Male,O+,Tiruppur,8472662017
P14174,Rohan Nair,45,Male,A+,Thanjavur,8617418924
P14175,Rakesh Verma,31,Male,O+,Erode,6132068808
P14176,Rahul Patel,36,Male,B+,Madurai,7775178472
P14177,Nithya Mohan,19,Female,A+,Kanchipuram,7575011155
P14178,Meera Rao,49,Female,O-,Trichy,9675405485
P14179,Aditya Singh,29,Male,O-,Tiruttani,7474096732
P14180,Naveen Mohan,17,Male,B+,Coimbatore,6181351661
P14181,Aishwarya Raj,67,Female,A+,Chennai,7829560445
P14182,Suresh Krishnan,64,Male,O+,Coimbatore,9699787641
P14183,Prakash Iyer,60,Male,B+,Vellore,7316163334
P14184,Vikram Raj,61,Male,O+,Hosur,7261847434
P14185,Karthik Gupta,52,Male,A+,Tiruppur,7657752581
P14186,Nithya Menon,55,Female,O+,Tiruppur,8934751995
P14187,Priya Verma,44,Female,B+,Chennai,6333562176
P14188,Aditya Menon,49,Male,B+,Dindigul,7397847443
P14189,Naveen Nair,52,Male,O+,Coimbatore,6209195196
P14190,Nithya Gupta,28,Female,A+,Dindigul,8915678557
P14191,Karthik Rao,51,Male,O+,Dindigul,9128845908
P14192,Keerthana Kumar,86,Female,O+,Trichy,9419902113
P14193,Ananya Kumar,55,Female,A-,Erode,9981816523
P14194,Ganesh Rao,32,Male,A+,Tiruttani,9449639076
P14195,Neha Gupta,42,Female,O+,Chennai,8772176864
P14196,Manoj Babu,67,Male,O+,Tiruppur,7069904264
P14197,Suresh Babu,40,Male,AB+,Chennai,9941679510
P14198,Suresh Nair,48,Male,O+,Madurai,6128936905
P14199,Divya Singh,45,Female,A+,Madurai,9666832230
P14200,Manoj Krishnan,60,Male,AB+,Vellore,9884750896
P14201,Rakesh Sharma,36,Male,O+,Thanjavur,8260546962
P14202,Arjun Menon,5,Male,O+,Tiruvallur,8019025243
P14203,Aditya Singh,16,Male,O+,Salem,9270042852
P14204,Rahul Babu,42,Male,O+,Tiruvallur,9802496633
P14205,Divya Reddy,29,Female,A+,Trichy,6702231469
P14206,Lakshmi Iyer,44,Female,O+,Madurai,9111169982
P14207,Naveen Gupta,26,Male,A+,Tiruvallur,6874256074
P14208,Karthik Verma,39,Male,O+,Tirunelveli,9138855939
P14209,Rakesh Kumar,82,Male,O+,Tirunelveli,6822262376
P14210,Divya Singh,44,Female,O+,Hosur,8162074970
P14211,Ashwin Krishnan,56,Male,A+,Tiruttani,9515846890
P14212,Vikram Gupta,28,Male,O+,Trichy,6613007035
P14213,Ganesh Singh,12,Male,A+,Tiruvallur,6479833038
P14214,Suresh Krishnan,46,Male,A+,Thanjavur,7222015005
P14215,Priya Mohan,10,Female,B+,Kanchipuram,6333483998
P14216,Swathi Verma,7,Female,B+,Trichy,9990445989
P14217,Sneha Patel,38,Female,O+,Dindigul,7219761654
P14218,Arjun Iyer,24,Male,AB+,Chennai,9323989028
P14219,Swathi Kumar,52,Female,AB+,Vellore,9885857492
P14220,Ananya Mohan,17,Female,B+,Tiruttani,7323428967
P14221,Neha Mohan,46,Female,O+,Hosur,6076092091
P14222,Kavya Rao,20,Female,O+,Madurai,6291520500
P14223,Nithya Iyer,10,Female,AB+,Tiruvallur,7843598629
P14224,Ashwin Singh,4,Male,O+,Vellore,9778028560
P14225,Rohan Gupta,11,Male,O+,Coimbatore,9472443467
P14226,Priya Nair,7,Female,O+,Vellore,6062516396
P14227,Deepika Iyer,60,Female,A+,Madurai,9349450531
P14228,Naveen Rao,17,Male,O-,Tiruvallur,8400511307
P14229,Suresh Rao,29,Male,A+,Salem,8408210009
P14230,Priya Gupta,81,Female,B-,Coimbatore,6593237602
P14231,Rahul Mohan,62,Male,A+,Trichy,9967428013
P14232,Deepika Verma,43,Female,O+,Thanjavur,6633848794
P14233,Lakshmi Singh,19,Female,A+,Tirunelveli,6010122746
P14234,Deepika Babu,6,Female,A+,Madurai,9107672380
P14235,Deepika Reddy,28,Female,B+,Chennai,9059392352
P14236,Naveen Gupta,4,Male,A+,Kanchipuram,8778171743
P14237,Divya Nair,73,Female,B+,Tiruppur,7799980973
P14238,Pooja Patel,25,Female,A+,Kanchipuram,7048588013
P14239,Priya Mohan,1,Female,A+,Madurai,7443607727
P14240,Nithya Sharma,27,Female,O-,Erode,8916716872
P14241,Rahul Verma,82,Male,AB+,Salem,7119045260
P14242,Manoj Kumar,50,Male,B+,Trichy,7258609165
P14243,Deepika Rao,64,Female,B-,Thanjavur,9575615818
P14244,Swathi Kumar,35,Female,O+,Tiruvallur,7804833032
P14245,Aishwarya Menon,33,Female,A+,Tiruttani,6818173511
P14246,Karthik Patel,12,Male,O+,Tirunelveli,9670837256
P14247,Arjun Krishnan,37,Male,A+,Trichy,6874241509
P14248,Vivek Nair,64,Male,O+,Madurai,9570819405
P14249,Ganesh Krishnan,61,Male,O+,Tirunelveli,6561299574
P14250,Harish Reddy,26,Male,B+,Thanjavur,8198008758
P14251,Pooja Kumar,27,Female,A+,Tiruvallur,8468665821
P14252,Ananya Singh,20,Female,B+,Madurai,9148244178
P14253,Harish Verma,42,Male,A+,Madurai,6935491198
P14254,Kavya Sharma,62,Female,A+,Tiruttani,6106999247
P14255,Ananya Patel,45,Female,A+,Chennai,7429338298
P14256,Aishwarya Sharma,28,Female,A+,Chennai,9965634674
P14257,Pooja Nair,50,Female,A+,Tirunelveli,6025476620
P14258,Lakshmi Mohan,34,Female,A+,Erode,8481339652
P14259,Neha Babu,14,Female,O+,Coimbatore,8052576443
P14260,Naveen Iyer,41,Male,B+,Vellore,9445415866
P14261,Ashwin Sharma,39,Male,A+,Salem,6697596729
P14262,Meera Verma,65,Female,B+,Tiruppur,8409716003
P14263,Prakash Patel,39,Male,A+,Dindigul,7692417669
P14264,Sneha Raj,59,Female,O+,Chennai,6424150720
P14265,Ashwin Rao,59,Male,O+,Tirunelveli,6989326076
P14266,Deepika Singh,64,Female,O+,Madurai,9209299775
P14267,Lakshmi Krishnan,9,Female,B+,Dindigul,7526942649
P14268,Rakesh Menon,19,Male,A+,Dindigul,9784480368
P14269,Manoj Babu,13,Male,B+,Erode,9757587338
P14270,Deepika Gupta,59,Female,O+,Tiruvallur,8644163071
P14271,Priya Kumar,59,Female,O+,Trichy,7442416066
P14272,Harini Singh,32,Female,A+,Chennai,8310188892
P14273,Vikram Rao,35,Male,B+,Madurai,8288579305
P14274,Rakesh Mohan,43,Male,O+,Kanchipuram,7843367498
P14275,Prakash Kumar,21,Male,AB+,Kanchipuram,8167278194
P14276,Karthik Babu,47,Male,O+,Thanjavur,8772210774
P14277,Rakesh Kumar,62,Male,B+,Vellore,6190939415
P14278,Suresh Sharma,9,Male,AB+,Trichy,9657737043
P14279,Swathi Babu,25,Female,B+,Kanchipuram,9193742296
P14280,Rakesh Reddy,31,Male,A+,Chennai,7959756160
P14281,Priya Mohan,66,Female,O+,Chennai,8134516073
P14282,Suresh Mohan,42,Male,O+,Erode,8333287938
P14283,Ananya Iyer,27,Female,B+,Chennai,8583380806
P14284,Nithya Singh,20,Female,O+,Salem,6986212977
P14285,Rakesh Singh,79,Male,O+,Tiruvallur,7833820698
P14286,Arjun Kumar,33,Male,O+,Trichy,8786562891
P14287,Ganesh Babu,56,Male,B+,Kanchipuram,8453517806
P14288,Kavya Mohan,3,Female,A+,Hosur,9943318335
P14289,Neha Gupta,39,Female,B+,Trichy,8754825658
P14290,Rakesh Raj,61,Male,A+,Salem,6140005539
P14291,Lakshmi Nair,17,Female,O+,Thanjavur,9731626319
P14292,Vivek Mohan,2,Male,O+,Tiruppur,9755293723
P14293,Manoj Kumar,23,Male,B-,Hosur,6594335648
P14294,Naveen Mohan,36,Male,O+,Dindigul,6775831089
P14295,Keerthana Verma,23,Female,O+,Vellore,8188233617
P14296,Nithya Verma,51,Female,AB-,Tirunelveli,6616252027
P14297,Nithya Singh,45,Female,O+,Coimbatore,6223432979
P14298,Swathi Mohan,87,Female,A+,Tiruvallur,9677994618
P14299,Kavya Raj,44,Female,A+,Vellore,9482109830
P14300,Lakshmi Gupta,25,Female,B+,Tiruppur,6499712581
P14301,Aishwarya Babu,58,Female,B+,Tirunelveli,9879864015
P14302,Nithya Rao,19,Female,O+,Tiruttani,8681940563
P14303,Vikram Reddy,17,Male,A+,Tiruttani,8935276109
P14304,Aishwarya Kumar,18,Female,AB+,Kanchipuram,8986776664
P14305,Rohan Reddy,43,Male,O+,Tiruppur,8717249408
P14306,Ashwin Menon,46,Male,A+,Kanchipuram,9381007328
P14307,Karthik Babu,23,Male,B-,Kanchipuram,9722824546
P14308,Karthik Patel,50,Male,O+,Tiruttani,7677175473
P14309,Arjun Babu,20,Male,A+,Dindigul,8911610493
P14310,Keerthana Kumar,28,Female,B+,Trichy,9181966865
P14311,Prakash Babu,33,Male,O+,Tiruttani,7657207937
P14312,Priya Gupta,55,Female,B+,Erode,8346195114
P14313,Swathi Singh,13,Female,B+,Vellore,6511842753
P14314,Meera Gupta,17,Female,AB+,Dindigul,7286227267
P14315,Priya Gupta,70,Female,O+,Dindigul,6291318040
P14316,Ananya Iyer,38,Female,A+,Tirunelveli,9432181009
P14317,Ananya Babu,45,Female,O+,Tiruttani,8407294519
P14318,Priya Menon,13,Female,B+,Dindigul,7077169879
P14319,Manoj Gupta,6,Male,AB+,Salem,6011055362
P14320,Aditya Rao,33,Male,O+,Thanjavur,9239311663
P14321,Harini Nair,29,Female,A+,Tiruppur,7862131908
P14322,Arjun Gupta,5,Male,AB+,Erode,8361959212
P14323,Naveen Raj,2,Male,A+,Chennai,6381714914
P14324,Aishwarya Raj,64,Female,A+,Tirunelveli,8669291843
P14325,Vikram Kumar,23,Male,B+,Erode,7290140675
P14326,Neha Reddy,53,Female,O+,Hosur,6616605454
P14327,Kavya Babu,25,Female,B+,Hosur,6852366415
P14328,Ashwin Gupta,48,Male,B+,Coimbatore,7660315387
P14329,Keerthana Nair,15,Female,O+,Tiruvallur,8737836935
P14330,Ananya Raj,35,Female,O+,Tiruvallur,7330796942
P14331,Swathi Mohan,88,Female,O+,Madurai,8693530127
P14332,Sneha Patel,41,Female,AB+,Dindigul,8827443102
P14333,Ananya Singh,43,Female,A+,Trichy,9443444724
P14334,Harish Raj,60,Male,O+,Vellore,8925943326
P14335,Karthik Raj,62,Male,AB+,Kanchipuram,7391778685
P14336,Keerthana Gupta,44,Female,A+,Tiruttani,9863342997
P14337,Aditya Nair,74,Male,O+,Thanjavur,6804290841
P14338,Meera Rao,21,Female,B+,Kanchipuram,7084643757
P14339,Harish Menon,13,Male,O+,Tiruppur,7455215098
P14340,Deepika Krishnan,28,Female,B+,Thanjavur,8163268845
P14341,Ashwin Menon,54,Male,B+,Tiruttani,6956722390
P14342,Aditya Verma,73,Male,A-,Trichy,9154479555
P14343,Naveen Patel,45,Male,O-,Vellore,8127625985
P14344,Arjun Rao,18,Male,O+,Dindigul,8000860189
P14345,Meera Iyer,8,Female,AB+,Trichy,6921387306
P14346,Arjun Raj,48,Male,A+,Dindigul,8122688201
P14347,Manoj Krishnan,40,Male,A+,Hosur,8344238818
P14348,Pooja Mohan,15,Female,B+,Madurai,8193660827
P14349,Priya Verma,19,Female,B+,Madurai,9866118108
P14350,Sneha Patel,39,Female,O-,Tiruppur,8418650227
P14351,Rakesh Gupta,4,Male,O+,Trichy,8721295274
P14352,Rohan Kumar,26,Male,O-,Kanchipuram,6837721121
P14353,Rahul Patel,39,Male,O+,Coimbatore,9254682715
P14354,Neha Gupta,32,Female,A+,Thanjavur,6736484070
P14355,Ganesh Nair,59,Male,O+,Madurai,6662527079
P14356,Rakesh Gupta,55,Male,B-,Tiruppur,9786639304
P14357,Vivek Kumar,65,Male,AB+,Vellore,8404160973
P14358,Deepika Reddy,46,Female,A+,Tiruppur,7611557282
P14359,Ananya Mohan,16,Female,A+,Tiruppur,7603381687
P14360,Ananya Sharma,23,Female,O+,Kanchipuram,7218273532
P14361,Manoj Kumar,4,Male,A+,Tiruvallur,7280636352
P14362,Rakesh Sharma,40,Male,A+,Salem,9998727610
P14363,Neha Nair,68,Female,A+,Vellore,8519350023
P14364,Vivek Mohan,52,Male,O+,Tirunelveli,6372648071
P14365,Ganesh Mohan,88,Male,O+,Thanjavur,6550285340
P14366,Rakesh Rao,57,Male,O+,Erode,7196079503
P14367,Ashwin Rao,56,Male,A+,Tirunelveli,7455186292
P14368,Naveen Menon,60,Male,A+,Dindigul,7232953792
P14369,Rohan Verma,17,Male,O-,Hosur,9431511056
P14370,Pooja Mohan,51,Female,O+,Chennai,7276595242
P14371,Priya Krishnan,43,Female,A+,Hosur,6959297393
P14372,Rohan Menon,19,Male,O-,Tirunelveli,6939783970
P14373,Lakshmi Nair,60,Female,A+,Thanjavur,8657047592
P14374,Harini Gupta,56,Female,A+,Dindigul,8586608910
P14375,Nithya Babu,46,Female,O+,Erode,6856496768
P14376,Harish Babu,36,Male,A+,Dindigul,8937676257
P14377,Lakshmi Babu,51,Female,B+,Vellore,7001347516
P14378,Rakesh Reddy,28,Male,A+,Coimbatore,6443194944
P14379,Ananya Rao,34,Female,B-,Tirunelveli,7654058811
P14380,Priya Kumar,26,Female,O+,Thanjavur,6726903477
P14381,Meera Iyer,45,Female,A+,Tirunelveli,7149418820
P14382,Divya Iyer,41,Female,O+,Dindigul,8595060479
P14383,Rohan Mohan,58,Male,B+,Kanchipuram,9228295020
P14384,Nithya Sharma,9,Female,O+,Trichy,6386463904
P14385,Deepika Menon,14,Female,A+,Trichy,8264148229
P14386,Swathi Rao,61,Female,O+,Vellore,9975516748
P14387,Arjun Babu,53,Male,A+,Hosur,8845823423
P14388,Ananya Verma,10,Female,O+,Tirunelveli,9939253751
P14389,Rakesh Sharma,24,Male,O+,Vellore,9637778409
P14390,Suresh Rao,65,Male,O+,Dindigul,6729854039
P14391,Vikram Sharma,31,Male,AB+,Hosur,6245426516
P14392,Nithya Krishnan,62,Female,O+,Tiruttani,8092126829
P14393,Ashwin Raj,20,Male,A+,Madurai,6882843293
P14394,Deepika Verma,19,Female,O-,Trichy,9604003771
P14395,Nithya Verma,71,Female,A+,Tiruvallur,8833434906
P14396,Vikram Krishnan,23,Male,O+,Kanchipuram,9289880631
P14397,Pooja Nair,23,Female,O+,Madurai,8217945109
P14398,Nithya Kumar,57,Female,O+,Thanjavur,9535666514
P14399,Rohan Menon,34,Male,AB+,Erode,7721600758
P14400,Divya Singh,41,Female,A+,Madurai,9359409176
P14401,Sneha Singh,39,Female,O+,Tiruttani,9227181275
P14402,Aditya Rao,43,Male,B+,Coimbatore,9813033728
P14403,Rohan Iyer,26,Male,O+,Dindigul,7891136688
P14404,Ganesh Nair,45,Male,AB+,Thanjavur,6000025687
P14405,Suresh Verma,1,Male,O+,Chennai,9965411210
P14406,Manoj Patel,46,Male,O+,Trichy,9814610216
P14407,Naveen Patel,32,Male,B+,Salem,6460932439
P14408,Kavya Patel,69,Female,A+,Coimbatore,9237602016
P14409,Manoj Sharma,41,Male,A+,Salem,8943168042
P14410,Divya Menon,89,Female,O+,Chennai,6743788859
P14411,Aditya Kumar,63,Male,O+,Tiruvallur,8518828186
P14412,Aditya Raj,48,Male,A+,Vellore,6749254431
P14413,Rohan Menon,23,Male,O+,Coimbatore,9560052982
P14414,Arjun Raj,21,Male,O+,Chennai,8493162047
P14415,Rahul Menon,56,Male,A+,Salem,7718253957
P14416,Arjun Rao,29,Male,O-,Coimbatore,7234389135
P14417,Kavya Singh,31,Female,O+,Trichy,9078796783
P14418,Rakesh Raj,34,Male,A+,Kanchipuram,9143346618
P14419,Keerthana Krishnan,45,Female,O+,Erode,8598642498
P14420,Rahul Kumar,14,Male,O-,Salem,6756878849
P14421,Ananya Mohan,34,Female,O+,Tirunelveli,9847599231
P14422,Manoj Menon,45,Male,O+,Coimbatore,9004407249
P14423,Suresh Singh,24,Male,A+,Tirunelveli,7230360866
P14424,Sneha Nair,32,Female,B+,Tiruvallur,6938253090
P14425,Vikram Menon,53,Male,B+,Dindigul,9526904580
P14426,Rahul Babu,39,Male,A-,Coimbatore,8273556374
P14427,Aishwarya Verma,21,Female,AB+,Madurai,7529539379
P14428,Swathi Verma,21,Female,A+,Tiruppur,8662311626
P14429,Prakash Kumar,46,Male,B+,Erode,8845662118
P14430,Rahul Raj,4,Male,O+,Tiruttani,9380641324
P14431,Ananya Kumar,38,Female,O+,Tiruvallur,6567544349
P14432,Meera Patel,17,Female,O+,Dindigul,9023796093
P14433,Swathi Reddy,55,Female,A+,Salem,9166476206
P14434,Kavya Krishnan,39,Female,O+,Vellore,8242700127
P14435,Ganesh Singh,14,Male,O+,Trichy,6766773653
P14436,Harini Krishnan,13,Female,O+,Madurai,7568197006
P14437,Ashwin Raj,16,Male,O+,Coimbatore,8917147657
P14438,Rahul Sharma,42,Male,A+,Tiruppur,9189240263
P14439,Lakshmi Iyer,21,Female,A+,Tirunelveli,8206988788
P14440,Lakshmi Singh,5,Female,O+,Trichy,8338251304
P14441,Rahul Babu,34,Male,O+,Chennai,7152403285
P14442,Deepika Singh,81,Female,O+,Vellore,7319279605
P14443,Rakesh Singh,74,Male,AB+,Kanchipuram,9404428868
P14444,Aishwarya Singh,57,Female,O-,Coimbatore,6414635528
P14445,Meera Rao,45,Female,AB-,Dindigul,7576180990
P14446,Karthik Rao,78,Male,A+,Tiruttani,6666377167
P14447,Aditya Verma,61,Male,AB+,Thanjavur,6324681644
P14448,Suresh Krishnan,64,Male,A-,Erode,6566223507
P14449,Lakshmi Babu,33,Female,O+,Tiruppur,8494976330
P14450,Rahul Babu,84,Male,B+,Madurai,6346563323
P14451,Kavya Krishnan,20,Female,O+,Coimbatore,6174478268
P14452,Suresh Iyer,19,Male,A+,Hosur,6871297085
P14453,Naveen Gupta,77,Male,O+,Chennai,7924951733
P14454,Aditya Rao,54,Male,A+,Tiruppur,9972232105
P14455,Swathi Verma,30,Female,O+,Thanjavur,9153568820
P14456,Deepika Menon,41,Female,A+,Thanjavur,9339319524
P14457,Vivek Kumar,25,Male,O+,Tiruppur,9314089440
P14458,Manoj Nair,28,Male,B+,Tiruppur,8817259618
P14459,Divya Raj,47,Female,A-,Kanchipuram,7325184750
P14460,Ananya Iyer,28,Female,O+,Tiruppur,6148784232
P14461,Aishwarya Sharma,17,Female,A+,Coimbatore,6935993175
P14462,Ashwin Kumar,20,Male,AB+,Coimbatore,7310683375
P14463,Arjun Verma,30,Male,O+,Madurai,8054172094
P14464,Sneha Krishnan,35,Female,B+,Madurai,7446593120
P14465,Ashwin Patel,22,Male,O+,Tiruvallur,9591537963
P14466,Swathi Singh,63,Female,B+,Dindigul,7842639982
P14467,Pooja Raj,53,Female,B+,Tiruvallur,6316494270
P14468,Naveen Reddy,13,Male,O+,Thanjavur,7180727619
P14469,Rakesh Gupta,29,Male,O+,Vellore,9737389720
P14470,Arjun Kumar,17,Male,B+,Salem,9417546559
P14471,Priya Menon,1,Female,O+,Erode,9603432718
P14472,Ashwin Iyer,1,Male,A+,Kanchipuram,8937366047
P14473,Ashwin Kumar,13,Male,A+,Erode,8733954094
P14474,Prakash Krishnan,56,Male,B+,Thanjavur,8168174829
P14475,Deepika Iyer,31,Female,O+,Trichy,7347020004
P14476,Lakshmi Mohan,16,Female,A+,Tirunelveli,8433476208
P14477,Prakash Gupta,19,Male,A+,Vellore,7848743799
P14478,Prakash Krishnan,29,Male,A+,Coimbatore,6219373978
P14479,Karthik Kumar,14,Male,A-,Tiruvallur,6780476762
P14480,Kavya Sharma,89,Female,A+,Chennai,6139287527
P14481,Suresh Mohan,49,Male,B+,Hosur,9641104240
P14482,Swathi Iyer,18,Female,B+,Kanchipuram,8409243502
P14483,Priya Kumar,45,Female,O+,Thanjavur,9553869622
P14484,Pooja Verma,57,Female,B+,Tiruttani,6930948778
P14485,Ashwin Nair,69,Male,O+,Dindigul,9952483722
P14486,Swathi Rao,84,Female,A+,Tiruppur,6297655749
P14487,Deepika Sharma,44,Female,O+,Chennai,8909715314
P14488,Swathi Babu,36,Female,B+,Erode,6212950554
P14489,Ashwin Iyer,61,Male,B-,Tirunelveli,8142110330
P14490,Suresh Sharma,20,Male,A+,Tiruvallur,9879075884
P14491,Meera Babu,52,Female,O+,Erode,7943755373
P14492,Nithya Sharma,46,Female,O+,Vellore,9491778932
P14493,Vivek Nair,76,Male,O+,Tirunelveli,8326708857
P14494,Aditya Rao,39,Male,O+,Dindigul,6723213538
P14495,Manoj Iyer,13,Male,AB+,Trichy,9089457629
P14496,Ananya Sharma,22,Female,A-,Tiruttani,6611525591
P14497,Harish Raj,31,Male,O+,Tiruppur,7473036794
P14498,Rakesh Singh,40,Male,O+,Tirunelveli,6780125318
P14499,Aishwarya Mohan,19,Female,O+,Chennai,7136475227
P14500,Harini Babu,22,Female,B+,Tirunelveli,7056855974
P14501,Rahul Patel,47,Male,O+,Thanjavur,7507763786
P14502,Harish Mohan,9,Male,O+,Kanchipuram,6104728600
P14503,Arjun Krishnan,39,Male,B+,Tirunelveli,8560355052
P14504,Ananya Krishnan,16,Female,B+,Kanchipuram,6492698795
P14505,Aditya Kumar,35,Male,B+,Coimbatore,7689216688
P14506,Swathi Sharma,53,Female,O+,Tiruttani,9595571335
P14507,Harish Iyer,34,Male,A+,Madurai,6223922575
P14508,Neha Krishnan,44,Female,A+,Kanchipuram,6156369001
P14509,Meera Gupta,34,Female,O+,Tiruttani,7900354547
P14510,Naveen Babu,65,Male,O+,Madurai,6326552333
P14511,Meera Nair,76,Female,A+,Coimbatore,9543933986
P14512,Pooja Mohan,17,Female,B+,Madurai,9463954397
P14513,Swathi Kumar,43,Female,B+,Coimbatore,6638297281
P14514,Rahul Patel,14,Male,A+,Madurai,8163248494
P14515,Kavya Reddy,22,Female,B+,Thanjavur,9358743254
P14516,Vivek Raj,40,Male,B+,Tirunelveli,7235894668
P14517,Arjun Raj,26,Male,B+,Erode,6829785841
P14518,Harini Singh,64,Female,O+,Dindigul,8636474900
P14519,Vivek Rao,47,Male,A+,Tirunelveli,9293355459
P14520,Keerthana Menon,38,Female,O+,Kanchipuram,9615892553
P14521,Aditya Gupta,44,Male,O-,Tiruvallur,8146661983
P14522,Suresh Reddy,30,Male,B+,Erode,8366058702
P14523,Kavya Singh,59,Female,B+,Tiruppur,6553664839
P14524,Manoj Krishnan,21,Male,A+,Chennai,8420822170
P14525,Ananya Rao,37,Female,B+,Hosur,8125808745
P14526,Harish Reddy,73,Male,O+,Trichy,8255932609
P14527,Harish Gupta,32,Male,AB+,Tiruttani,9019805748
P14528,Deepika Singh,32,Female,AB+,Salem,8239729413
P14529,Pooja Verma,65,Female,A+,Hosur,6020067712
P14530,Harish Kumar,61,Male,O+,Salem,7040393708
P14531,Aishwarya Nair,29,Female,O-,Salem,9322318686
P14532,Meera Iyer,28,Female,A-,Hosur,9551274009
P14533,Suresh Menon,89,Male,B+,Coimbatore,6660780644
P14534,Priya Verma,24,Female,O+,Kanchipuram,9546671008
P14535,Nithya Menon,64,Female,O+,Coimbatore,8974277370
P14536,Priya Sharma,33,Female,B+,Thanjavur,9046227984
P14537,Aishwarya Babu,35,Female,A+,Vellore,9307297460
P14538,Deepika Raj,32,Female,A+,Trichy,8334659470
P14539,Ananya Gupta,53,Female,A+,Tiruvallur,6181035514
P14540,Swathi Krishnan,29,Female,A+,Tiruppur,6884207289
P14541,Manoj Patel,13,Male,AB+,Salem,9524017307
P14542,Kavya Rao,14,Female,A+,Trichy,7798882369
P14543,Aditya Kumar,55,Male,A+,Tirunelveli,6260267257
P14544,Karthik Raj,59,Male,O+,Chennai,6460177047
P14545,Naveen Patel,35,Male,A+,Tiruppur,9912570905
P14546,Divya Kumar,19,Female,O+,Erode,8761426870
P14547,Manoj Nair,15,Male,A+,Chennai,8904488353
P14548,Keerthana Raj,5,Female,A+,Thanjavur,9690612930
P14549,Arjun Verma,42,Male,O+,Dindigul,7140024499
P14550,Neha Babu,36,Female,AB-,Hosur,6944751196
P14551,Swathi Iyer,62,Female,A+,Tiruppur,8335077667
P14552,Priya Raj,11,Female,A+,Erode,7200229832
P14553,Ganesh Raj,20,Male,B+,Salem,8824497425
P14554,Aishwarya Raj,3,Female,B+,Hosur,8909440485
P14555,Divya Menon,20,Female,A+,Tiruttani,9530794319
P14556,Ananya Babu,21,Female,B+,Madurai,6248737753
P14557,Neha Menon,72,Female,AB+,Tiruvallur,7608687210
P14558,Nithya Patel,62,Female,A+,Chennai,7850145736
P14559,Kavya Patel,8,Female,O+,Thanjavur,9970890825
P14560,Suresh Gupta,47,Male,O+,Tiruvallur,9375710734
P14561,Naveen Singh,55,Male,A+,Kanchipuram,7708541349
P14562,Priya Menon,31,Female,O+,Trichy,6907746668
P14563,Naveen Gupta,7,Male,B+,Tiruvallur,6372795493
P14564,Rahul Reddy,60,Male,B+,Tiruttani,7076339689
P14565,Harish Menon,62,Male,A+,Trichy,8213683344
P14566,Ashwin Raj,34,Male,B+,Tiruppur,7313959487
P14567,Arjun Iyer,38,Male,O+,Coimbatore,6992916946
P14568,Sneha Babu,28,Female,A+,Tirunelveli,7486999336
P14569,Aditya Gupta,65,Male,A+,Hosur,7687869299
P14570,Nithya Rao,52,Female,O+,Tiruttani,9955168529
P14571,Lakshmi Patel,18,Female,O+,Salem,8845682566
P14572,Lakshmi Patel,43,Female,A+,Madurai,9164154097
P14573,Vivek Krishnan,64,Male,A+,Tiruttani,6028030512
P14574,Kavya Singh,32,Female,O+,Tiruppur,7571193768
P14575,Aditya Kumar,37,Male,A+,Salem,8320757029
P14576,Harini Raj,7,Female,B+,Dindigul,6075758994
P14577,Swathi Babu,64,Female,B+,Tiruttani,9162211503
P14578,Priya Mohan,23,Female,A+,Thanjavur,8001851208
P14579,Vivek Babu,37,Male,O+,Coimbatore,7691754955
P14580,Keerthana Kumar,14,Female,A+,Tiruttani,8875942465
P14581,Nithya Raj,11,Female,O+,Chennai,9908020439
P14582,Ganesh Sharma,90,Male,B+,Coimbatore,8076657161
P14583,Vivek Iyer,48,Male,AB+,Vellore,6404097877
P14584,Naveen Kumar,41,Male,A+,Trichy,8277228194
P14585,Keerthana Kumar,23,Female,O+,Tiruttani,6609467639
P14586,Prakash Raj,29,Male,B+,Thanjavur,8700397492
P14587,Naveen Rao,31,Male,AB-,Dindigul,8538070115
P14588,Aditya Patel,63,Male,A+,Coimbatore,8178869179
P14589,Rahul Kumar,43,Male,O+,Dindigul,7168392192
P14590,Lakshmi Babu,35,Female,A+,Tirunelveli,9185835800
P14591,Deepika Sharma,30,Female,AB+,Tiruppur,6105734975
P14592,Sneha Kumar,26,Female,B+,Tirunelveli,7156074908
P14593,Harini Kumar,60,Female,B+,Hosur,8909529006
P14594,Priya Menon,43,Female,O+,Thanjavur,7472967893
P14595,Ashwin Reddy,39,Male,B-,Thanjavur,7093304895
P14596,Rohan Rao,40,Male,O+,Vellore,9298330825
P14597,Keerthana Sharma,87,Female,O+,Vellore,7538604238
P14598,Sneha Nair,27,Female,A+,Thanjavur,9584075897
P14599,Arjun Menon,37,Male,O+,Trichy,8096552689
P14600,Naveen Reddy,81,Male,O+,Kanchipuram,6530653386
P14601,Pooja Kumar,32,Female,A+,Hosur,6821009461
P14602,Ganesh Kumar,37,Male,O+,Dindigul,7657617812
P14603,Neha Nair,3,Female,A-,Kanchipuram,8648947352
P14604,Keerthana Krishnan,16,Female,AB+,Coimbatore,8599899663
P14605,Meera Patel,38,Female,O+,Tiruppur,9412928467
P14606,Vikram Reddy,34,Male,A+,Coimbatore,9185621211
P14607,Aditya Babu,41,Male,O+,Chennai,7064471324
P14608,Pooja Gupta,36,Female,AB+,Salem,8773756579
P14609,Vikram Raj,33,Male,AB+,Vellore,8574015494
P14610,Rahul Singh,44,Male,O+,Tiruppur,8608400846
P14611,Vikram Raj,76,Male,O+,Tirunelveli,8702639199
P14612,Harish Menon,26,Male,O+,Vellore,8452101629
P14613,Vikram Krishnan,56,Male,A+,Tiruppur,7775090488
P14614,Ashwin Gupta,67,Male,B-,Salem,7505918476
P14615,Aishwarya Iyer,25,Female,B+,Dindigul,8255133339
P14616,Ananya Rao,14,Female,AB+,Tiruppur,7071217472
P14617,Neha Raj,24,Female,AB+,Thanjavur,9998468870
P14618,Rahul Gupta,14,Male,A+,Vellore,9190365276
P14619,Meera Krishnan,15,Female,B+,Thanjavur,9790382554
P14620,Arjun Iyer,19,Male,O-,Tiruvallur,8469781596
P14621,Aditya Patel,26,Male,A+,Madurai,9140571204
P14622,Rohan Raj,40,Male,A+,Tiruttani,7808018706
P14623,Ashwin Sharma,36,Male,B+,Tiruppur,9925028709
P14624,Karthik Reddy,30,Male,B-,Madurai,7445006087
P14625,Sneha Raj,32,Female,AB+,Tirunelveli,6523631566
P14626,Vikram Raj,38,Male,A+,Thanjavur,9903093216
P14627,Rohan Sharma,35,Male,O+,Vellore,6684612620
P14628,Suresh Raj,21,Male,AB+,Trichy,9091360343
P14629,Rakesh Mohan,1,Male,O+,Salem,7811275250
P14630,Prakash Verma,17,Male,B+,Hosur,7247222771
P14631,Suresh Krishnan,50,Male,B+,Salem,9931125738
P14632,Nithya Verma,19,Female,B+,Tirunelveli,9545820810
P14633,Swathi Babu,37,Female,B+,Dindigul,7907520765
P14634,Ganesh Rao,34,Male,B+,Kanchipuram,8140148245
P14635,Meera Mohan,38,Female,O+,Vellore,8146382307
P14636,Sneha Sharma,64,Female,O+,Thanjavur,6640806437
P14637,Kavya Krishnan,24,Female,O+,Thanjavur,9997252215
P14638,Prakash Krishnan,38,Male,AB+,Vellore,6299886566
P14639,Prakash Babu,45,Male,O+,Madurai,7402353461
P14640,Pooja Singh,30,Female,O+,Hosur,6500529789
P14641,Karthik Reddy,14,Male,A-,Hosur,6946321741
P14642,Aishwarya Kumar,61,Female,B+,Hosur,6647209854
P14643,Harini Kumar,22,Female,A+,Salem,6458492313
P14644,Karthik Krishnan,63,Male,A+,Erode,8069481581
P14645,Kavya Krishnan,35,Female,A+,Kanchipuram,6661662519
P14646,Rakesh Krishnan,65,Male,B-,Hosur,6139575102
P14647,Ashwin Iyer,40,Male,O+,Vellore,8391946099
P14648,Kavya Menon,18,Female,B+,Erode,8311015805
P14649,Vivek Iyer,35,Male,A+,Trichy,6628428871
P14650,Swathi Krishnan,43,Female,AB+,Coimbatore,9417812170
P14651,Karthik Kumar,63,Male,O+,Salem,7808942402
P14652,Karthik Mohan,63,Male,O+,Thanjavur,8947614406
P14653,Kavya Kumar,31,Female,A+,Coimbatore,8003648601
P14654,Divya Reddy,66,Female,O+,Kanchipuram,9707337607
P14655,Rohan Babu,25,Male,A+,Trichy,7505396760
P14656,Aishwarya Rao,44,Female,B+,Madurai,6729929459
P14657,Prakash Krishnan,53,Male,O+,Hosur,8218231804
P14658,Vikram Kumar,67,Male,B+,Tirunelveli,8396322394
P14659,Meera Verma,45,Female,A-,Tirunelveli,8338799068
P14660,Harish Babu,31,Male,O+,Vellore,8465326225
P14661,Rahul Gupta,60,Male,A+,Vellore,8325033849
P14662,Vikram Krishnan,69,Male,A+,Hosur,7859420595
P14663,Ganesh Kumar,38,Male,O-,Vellore,7487574919
P14664,Arjun Kumar,35,Male,B+,Vellore,8777001282
P14665,Lakshmi Patel,59,Female,B+,Hosur,8697133971
P14666,Suresh Rao,51,Male,A+,Madurai,6521701551
P14667,Nithya Rao,16,Female,A+,Tiruppur,6622555430
P14668,Lakshmi Gupta,27,Female,A+,Chennai,8579428471
P14669,Aishwarya Gupta,42,Female,A+,Trichy,8848973051
P14670,Keerthana Reddy,26,Female,B+,Tiruttani,9215781307
P14671,Vikram Verma,50,Male,O+,Kanchipuram,7158428735
P14672,Aishwarya Patel,57,Female,O+,Tiruvallur,6078038617
P14673,Harish Reddy,7,Male,A+,Trichy,6407305593
P14674,Kavya Rao,13,Female,A+,Tiruttani,8337003372
P14675,Pooja Krishnan,38,Female,A-,Tiruttani,8215628696
P14676,Ashwin Menon,80,Male,O+,Trichy,7221394631
P14677,Aishwarya Singh,51,Female,A+,Chennai,8965410773
P14678,Arjun Singh,90,Male,O+,Dindigul,6402240583
P14679,Sneha Rao,52,Female,B+,Coimbatore,9779265797
P14680,Lakshmi Kumar,46,Female,AB+,Kanchipuram,9449855997
P14681,Swathi Singh,38,Female,B+,Salem,6595323496
P14682,Nithya Singh,43,Female,B-,Tiruttani,8634473517
P14683,Divya Nair,65,Female,O+,Madurai,6727947511
P14684,Vikram Kumar,51,Male,B+,Dindigul,9770604584
P14685,Swathi Mohan,32,Female,O+,Thanjavur,7020413055
P14686,Aishwarya Patel,15,Female,B-,Thanjavur,9488875235
P14687,Vikram Rao,27,Male,AB-,Madurai,8489660882
P14688,Rakesh Reddy,30,Male,AB+,Hosur,6301468379
P14689,Ashwin Patel,90,Male,O+,Tiruppur,6873090936
P14690,Suresh Sharma,62,Male,O+,Tiruppur,8780806290
P14691,Keerthana Patel,56,Female,A+,Tiruvallur,8333499727
P14692,Keerthana Mohan,49,Female,A+,Madurai,8718233042
P14693,Priya Gupta,15,Female,O+,Thanjavur,6141113186
P14694,Vivek Raj,25,Male,B+,Tiruppur,7649075228
P14695,Ananya Gupta,43,Female,O+,Dindigul,6815140774
P14696,Rakesh Raj,41,Male,O+,Thanjavur,9710835740
P14697,Aditya Sharma,34,Male,AB-,Dindigul,9311215359
P14698,Neha Nair,14,Female,A+,Hosur,7662915092
P14699,Aishwarya Sharma,55,Female,O+,Hosur,7942225723
P14700,Harish Verma,39,Male,A+,Tiruttani,9844398362
P14701,Vivek Babu,24,Male,B+,Tiruppur,7489519641
P14702,Ashwin Patel,19,Male,O+,Tiruttani,6138505742
P14703,Meera Gupta,36,Female,A+,Vellore,6124063573
P14704,Suresh Verma,22,Male,O+,Tiruppur,6382398860
P14705,Ganesh Gupta,15,Male,O-,Trichy,7633960914
P14706,Vikram Verma,15,Male,O+,Hosur,8159166962
P14707,Rakesh Verma,28,Male,A-,Dindigul,8561037012
P14708,Ganesh Rao,45,Male,B-,Dindigul,6723103854
P14709,Karthik Patel,26,Male,B-,Trichy,9057839560
P14710,Deepika Sharma,56,Female,O+,Salem,9863812650
P14711,Ganesh Nair,76,Male,O+,Tiruppur,9810402746
P14712,Harini Mohan,31,Female,O+,Madurai,8832752003
P14713,Prakash Kumar,47,Male,A+,Madurai,6347822004
P14714,Naveen Raj,12,Male,B+,Thanjavur,9658889691
P14715,Karthik Rao,17,Male,O+,Tiruttani,6103820963
P14716,Suresh Mohan,41,Male,A+,Tiruvallur,9892419206
P14717,Nithya Sharma,61,Female,O+,Tirunelveli,8159245876
P14718,Pooja Verma,65,Female,O+,Thanjavur,8500469657
P14719,Ashwin Nair,5,Male,O-,Tiruppur,6344560848
P14720,Ananya Patel,45,Female,O+,Hosur,9994248548
P14721,Prakash Iyer,34,Male,A+,Hosur,7879967957
P14722,Ananya Gupta,48,Female,B+,Salem,9176167273
P14723,Rahul Kumar,15,Male,O+,Trichy,8471141753
P14724,Rahul Kumar,9,Male,O+,Tiruppur,6073030984
P14725,Rakesh Verma,35,Male,O+,Thanjavur,6086458835
P14726,Naveen Nair,86,Male,A+,Chennai,8580249926
P14727,Suresh Reddy,1,Male,AB+,Tirunelveli,9031254239
P14728,Pooja Nair,48,Female,AB+,Trichy,8813682330
P14729,Karthik Krishnan,21,Male,O+,Tiruppur,9157632597
P14730,Harini Raj,3,Female,O+,Coimbatore,6538289393
P14731,Meera Kumar,30,Female,A+,Tirunelveli,9614992233
P14732,Kavya Kumar,27,Female,A+,Dindigul,6493065218
P14733,Nithya Babu,87,Female,O+,Tirunelveli,8615948087
P14734,Karthik Mohan,44,Male,A+,Salem,7052796181
P14735,Rohan Mohan,36,Male,O+,Trichy,7558758392
P14736,Deepika Babu,61,Female,O+,Chennai,7854658541
P14737,Lakshmi Iyer,89,Female,AB+,Kanchipuram,7187858488
P14738,Harini Rao,42,Female,AB-,Tiruppur,6993010892
P14739,Nithya Patel,57,Female,A+,Tiruvallur,9131563923
P14740,Ananya Menon,11,Female,B+,Tirunelveli,9433637848
P14741,Priya Rao,39,Female,A+,Vellore,7341658163
P14742,Harini Singh,49,Female,O+,Trichy,7462330707
P14743,Vivek Raj,25,Male,A+,Kanchipuram,9206987572
P14744,Rahul Rao,17,Male,B+,Madurai,8260406576
P14745,Aditya Babu,47,Male,A+,Madurai,6502719399
P14746,Nithya Mohan,49,Female,O+,Erode,7273252471
P14747,Swathi Menon,42,Female,B+,Chennai,6188133499
P14748,Nithya Menon,53,Female,B+,Coimbatore,9530053642
P14749,Nithya Kumar,54,Female,O+,Madurai,7836419348
P14750,Prakash Reddy,78,Male,A+,Hosur,8423231353
P14751,Neha Krishnan,20,Female,O+,Thanjavur,7910211863
P14752,Meera Patel,32,Female,A-,Tirunelveli,6145058558
P14753,Vivek Mohan,41,Male,A+,Tirunelveli,7694142452
P14754,Priya Raj,29,Female,O+,Tiruppur,8009649635
P14755,Ganesh Reddy,76,Male,B+,Tiruvallur,8874206293
P14756,Rohan Rao,28,Male,O+,Tiruttani,7054997180
P14757,Deepika Sharma,51,Female,A+,Madurai,6769160681
P14758,Divya Reddy,52,Female,A+,Hosur,7464974287
P14759,Rakesh Kumar,1,Male,B+,Hosur,8516729409
P14760,Arjun Menon,71,Male,O+,Tirunelveli,6976161657
P14761,Neha Raj,62,Female,O+,Coimbatore,8573161863
P14762,Meera Menon,70,Female,O+,Tiruppur,7186127511
P14763,Arjun Babu,35,Male,O+,Madurai,6118104616
P14764,Ashwin Verma,64,Male,A+,Tirunelveli,7135919214
P14765,Swathi Gupta,44,Female,O+,Salem,8132015804
P14766,Aditya Verma,11,Male,A+,Chennai,6266308968
P14767,Keerthana Kumar,51,Female,O+,Trichy,7381089682
P14768,Manoj Babu,53,Male,B+,Vellore,6558395165
P14769,Keerthana Singh,19,Female,O+,Tiruttani,7485622531
P14770,Vikram Nair,30,Male,B+,Tiruvallur,8907201801
P14771,Rakesh Krishnan,16,Male,O+,Trichy,9894464003
P14772,Neha Verma,63,Female,AB-,Coimbatore,6893024141
P14773,Vivek Kumar,42,Male,A+,Chennai,6475686375
P14774,Neha Krishnan,53,Female,A+,Chennai,7747399050
P14775,Kavya Kumar,31,Female,O+,Coimbatore,7291327137
P14776,Swathi Mohan,19,Female,A+,Erode,9591934704
P14777,Priya Rao,65,Female,A+,Tirunelveli,9223684485
P14778,Ganesh Verma,15,Male,O+,Vellore,8355887784
P14779,Harish Gupta,3,Male,O+,Vellore,8615623887
P14780,Rahul Sharma,49,Male,O-,Salem,9181214557
P14781,Manoj Singh,61,Male,O-,Dindigul,7087432119
P14782,Nithya Iyer,21,Female,A+,Trichy,9964353776
P14783,Naveen Sharma,32,Male,A+,Tiruttani,8415899218
P14784,Pooja Nair,39,Female,O+,Dindigul,8929564165
P14785,Rahul Reddy,49,Male,A+,Tiruttani,6207965397
P14786,Sneha Gupta,17,Female,A+,Tiruppur,6147691741
P14787,Nithya Gupta,10,Female,A+,Madurai,7167524490
P14788,Swathi Nair,47,Female,O+,Tiruppur,7586119655
P14789,Naveen Rao,42,Male,A+,Chennai,8504677106
P14790,Priya Iyer,65,Female,O-,Tiruppur,6180302150
P14791,Harish Patel,41,Male,O-,Coimbatore,9273612251
P14792,Swathi Raj,37,Female,A-,Dindigul,7937189619
P14793,Harish Kumar,55,Male,A-,Tiruvallur,6190765788
P14794,Sneha Krishnan,66,Female,A+,Salem,8495690913
P14795,Arjun Babu,1,Male,A+,Trichy,7570630813
P14796,Naveen Krishnan,22,Male,A+,Thanjavur,8022411591
P14797,Ananya Krishnan,39,Female,O+,Tiruttani,9675246616
P14798,Divya Krishnan,71,Female,O+,Madurai,8811590667
P14799,Neha Babu,36,Female,O+,Tiruvallur,7431421362
P14800,Lakshmi Gupta,11,Female,O+,Hosur,6855400147
P14801,Keerthana Gupta,64,Female,O+,Kanchipuram,6734126061
P14802,Harish Raj,16,Male,O+,Kanchipuram,6231392308
P14803,Divya Reddy,14,Female,A+,Trichy,9050042408
P14804,Deepika Verma,6,Female,A+,Tiruttani,7418829219
P14805,Swathi Krishnan,76,Female,O+,Salem,9054163976
P14806,Naveen Krishnan,37,Male,B+,Thanjavur,6560610867
P14807,Harini Krishnan,25,Female,O+,Hosur,6497043417
P14808,Rohan Iyer,84,Male,O+,Tiruppur,7241398867
P14809,Aditya Nair,18,Male,B+,Erode,6045317411
P14810,Meera Sharma,39,Female,O+,Chennai,6728561582
P14811,Naveen Kumar,22,Male,B+,Vellore,7882855126
P14812,Priya Babu,29,Female,B+,Dindigul,7222915553
P14813,Vikram Sharma,89,Male,O-,Hosur,9984246912
P14814,Rohan Kumar,58,Male,B+,Chennai,9900157121
P14815,Vivek Verma,24,Male,B+,Tiruppur,8830169166
P14816,Kavya Reddy,26,Female,O+,Vellore,7294020253
P14817,Vikram Iyer,17,Male,O+,Chennai,6598128251
P14818,Keerthana Babu,4,Female,B-,Tiruvallur,6493769487
P14819,Nithya Menon,39,Female,AB+,Vellore,7983728560
P14820,Vivek Reddy,58,Male,O+,Tiruppur,7164954080
P14821,Rakesh Krishnan,24,Male,B+,Tiruvallur,7835216097
P14822,Keerthana Reddy,4,Female,A+,Coimbatore,8422972475
P14823,Karthik Babu,11,Male,O+,Tiruvallur,9352349149
P14824,Prakash Gupta,25,Male,AB+,Kanchipuram,8635582593
P14825,Aditya Reddy,46,Male,B+,Kanchipuram,9756955866
P14826,Karthik Reddy,6,Male,O+,Kanchipuram,7938933047
P14827,Rohan Patel,6,Male,AB+,Trichy,9957645681
P14828,Rakesh Gupta,65,Male,O+,Erode,7438555567
P14829,Rakesh Sharma,54,Male,O+,Salem,6020775373
P14830,Lakshmi Verma,52,Female,B+,Trichy,9452528577
P14831,Divya Babu,17,Female,AB+,Hosur,7131190803
P14832,Arjun Iyer,33,Male,A+,Tiruppur,9997125151
P14833,Vikram Mohan,12,Male,O+,Hosur,9418271064
P14834,Rohan Reddy,26,Male,B+,Trichy,8343587841
P14835,Harini Reddy,59,Female,A+,Tiruttani,9659788068
P14836,Vikram Iyer,36,Male,O+,Hosur,6163905980
P14837,Sneha Kumar,15,Female,A+,Kanchipuram,9678807729
P14838,Vikram Mohan,25,Male,AB+,Vellore,9808359851
P14839,Rahul Krishnan,42,Male,B+,Tiruvallur,7563273330
P14840,Arjun Gupta,76,Male,A+,Thanjavur,7299213507
P14841,Swathi Patel,68,Female,B+,Dindigul,9390749345
P14842,Nithya Sharma,19,Female,O+,Hosur,9105467903
P14843,Sneha Verma,17,Female,O+,Tiruttani,6965198505
P14844,Arjun Sharma,48,Male,O+,Vellore,9896018455
P14845,Pooja Babu,34,Female,B+,Kanchipuram,7026576461
P14846,Suresh Mohan,60,Male,B+,Vellore,9947533581
P14847,Karthik Raj,24,Male,O+,Dindigul,9720715658
P14848,Prakash Iyer,75,Male,O+,Tiruttani,8770821440
P14849,Harish Nair,57,Male,B+,Hosur,7993801515
P14850,Nithya Nair,18,Female,A+,Trichy,6382800857
P14851,Suresh Verma,58,Male,AB+,Hosur,9300110738
P14852,Ganesh Reddy,64,Male,O+,Coimbatore,9549298695
P14853,Arjun Iyer,49,Male,O+,Tiruttani,7626886804
P14854,Rahul Nair,29,Male,A+,Vellore,8373194065
P14855,Nithya Sharma,15,Female,O+,Chennai,8081974551
P14856,Pooja Sharma,6,Female,O-,Vellore,6092306266
P14857,Ashwin Sharma,13,Male,O+,Dindigul,9587248874
P14858,Divya Singh,50,Female,A-,Chennai,6269430461
P14859,Priya Menon,81,Female,A+,Madurai,9763451400
P14860,Prakash Kumar,28,Male,B+,Dindigul,6172145420
P14861,Rakesh Verma,54,Male,A-,Dindigul,7756126431
P14862,Vikram Krishnan,51,Male,A+,Vellore,7145386591
P14863,Keerthana Reddy,71,Female,B+,Dindigul,7128013806
P14864,Naveen Singh,50,Male,O+,Tirunelveli,9078921311
P14865,Suresh Mohan,16,Male,B-,Kanchipuram,6322822960
P14866,Rohan Rao,38,Male,A+,Coimbatore,9022304179
P14867,Meera Reddy,29,Female,B+,Vellore,7598128472
P14868,Priya Babu,66,Female,A+,Tiruvallur,7997747285
P14869,Vikram Krishnan,77,Male,O+,Tiruttani,7116101285
P14870,Deepika Singh,26,Female,AB+,Tiruvallur,7088394042
P14871,Deepika Gupta,33,Female,O+,Kanchipuram,6787195140
P14872,Neha Nair,26,Female,A-,Dindigul,9122917448
P14873,Arjun Babu,44,Male,O+,Tirunelveli,9806584924
P14874,Ananya Singh,12,Female,O-,Thanjavur,6889112319
P14875,Keerthana Sharma,26,Female,O+,Tiruvallur,7346139628
P14876,Lakshmi Krishnan,64,Female,B+,Tiruppur,6148642058
P14877,Aditya Verma,60,Male,A+,Coimbatore,8032023725
P14878,Ashwin Verma,27,Male,B+,Thanjavur,9565095253
P14879,Kavya Verma,50,Female,B+,Dindigul,9191015965
P14880,Ashwin Singh,27,Male,O+,Dindigul,8506377011
P14881,Aishwarya Menon,57,Female,A+,Trichy,9142170621
P14882,Aishwarya Krishnan,56,Female,B+,Hosur,9282899595
P14883,Arjun Singh,88,Male,O-,Chennai,6596645799
P14884,Vivek Kumar,13,Male,O+,Salem,6967795066
P14885,Ananya Menon,6,Female,O+,Madurai,9704859604
P14886,Pooja Sharma,59,Female,O+,Thanjavur,8991970320
P14887,Neha Iyer,22,Female,O+,Thanjavur,8763330032
P14888,Kavya Mohan,12,Female,O+,Tirunelveli,8937673866
P14889,Rohan Babu,36,Male,B+,Dindigul,7502186439
P14890,Karthik Patel,68,Male,O+,Vellore,9628802688
P14891,Keerthana Verma,33,Female,O+,Chennai,8669731571
P14892,Keerthana Mohan,27,Female,B+,Erode,7784605916
P14893,Manoj Mohan,21,Male,AB+,Kanchipuram,8827777554
P14894,Sneha Sharma,36,Female,AB+,Tiruppur,9146568983
P14895,Ganesh Raj,24,Male,A+,Thanjavur,6507548950
P14896,Aditya Sharma,29,Male,O+,Dindigul,6890164696
P14897,Neha Kumar,20,Female,B-,Vellore,6368020869
P14898,Suresh Patel,40,Male,A+,Tirunelveli,7061636631
P14899,Ganesh Menon,58,Male,AB+,Tirunelveli,6194711023
P14900,Divya Menon,5,Female,AB+,Madurai,9318901208
P14901,Arjun Iyer,27,Male,A+,Trichy,9330618115
P14902,Lakshmi Patel,48,Female,B+,Coimbatore,8971742866
P14903,Kavya Nair,84,Female,A-,Erode,6035689705
P14904,Ashwin Krishnan,54,Male,B+,Chennai,9698407640
P14905,Harini Patel,5,Female,B+,Erode,7005071214
P14906,Neha Verma,15,Female,O+,Madurai,6480278466
P14907,Naveen Gupta,23,Male,A+,Trichy,6389197420
P14908,Keerthana Patel,30,Female,B+,Hosur,9597328835
P14909,Prakash Raj,44,Male,O+,Erode,9000092089
P14910,Rahul Babu,13,Male,O+,Trichy,8422549222
P14911,Pooja Rao,27,Female,O-,Tiruppur,6558734229
P14912,Nithya Singh,40,Female,B+,Tiruppur,9757292015
P14913,Swathi Raj,30,Female,B+,Coimbatore,9430463178
P14914,Rakesh Singh,34,Male,A+,Tiruvallur,6598636214
P14915,Aishwarya Reddy,2,Female,B-,Thanjavur,8198658830
P14916,Aishwarya Menon,59,Female,A+,Erode,9799722523
P14917,Manoj Babu,53,Male,B-,Chennai,9946386985
P14918,Harini Gupta,65,Female,O+,Salem,8183035142
P14919,Ananya Singh,45,Female,A+,Madurai,9972429169
P14920,Vivek Mohan,37,Male,A+,Kanchipuram,8071274741
P14921,Deepika Gupta,45,Female,B+,Tirunelveli,8837485204
P14922,Manoj Raj,65,Male,O+,Kanchipuram,6016585960
P14923,Suresh Reddy,16,Male,AB+,Chennai,8035337471
P14924,Ananya Kumar,28,Female,B-,Madurai,7200402861
P14925,Arjun Babu,32,Male,O+,Tiruttani,6059456668
P14926,Deepika Mohan,61,Female,O+,Dindigul,6808908938
P14927,Aishwarya Verma,17,Female,A+,Vellore,8366952601
P14928,Vikram Gupta,42,Male,A+,Kanchipuram,9079290828
P14929,Deepika Raj,45,Female,A-,Thanjavur,7068648636
P14930,Harish Babu,42,Male,O+,Erode,9862712973
P14931,Vivek Singh,27,Male,AB+,Chennai,8201615922
P14932,Meera Babu,25,Female,O+,Dindigul,7293278639
P14933,Vikram Rao,29,Male,A+,Dindigul,9889264433
P14934,Prakash Patel,60,Male,O+,Dindigul,7117020737
P14935,Meera Reddy,13,Female,O+,Tiruppur,7492579080
P14936,Nithya Rao,33,Female,B+,Madurai,8927967526
P14937,Rohan Verma,53,Male,O+,Coimbatore,9313026026
P14938,Arjun Rao,39,Male,AB+,Trichy,8710065917
P14939,Ganesh Verma,63,Male,A+,Kanchipuram,7614277685
P14940,Meera Raj,61,Female,A+,Salem,7422037019
P14941,Ashwin Iyer,38,Male,A+,Madurai,9252658076
P14942,Rakesh Raj,31,Male,A+,Tiruttani,9641393815
P14943,Rohan Verma,55,Male,O+,Chennai,6622826033
P14944,Harish Rao,83,Male,A+,Vellore,9572681596
P14945,Aditya Sharma,44,Male,A+,Thanjavur,6478372349
P14946,Lakshmi Verma,77,Female,O+,Tiruttani,9334772068
P14947,Aditya Menon,59,Male,O+,Tirunelveli,7618236645
P14948,Divya Mohan,65,Female,B+,Hosur,7350332766
P14949,Vikram Menon,21,Male,O+,Dindigul,8395776747
P14950,Neha Menon,32,Female,A+,Dindigul,9232979772
P14951,Rahul Verma,52,Male,A+,Thanjavur,7864505854
P14952,Neha Gupta,40,Female,A+,Tiruvallur,6159824298
P14953,Kavya Kumar,28,Female,O+,Kanchipuram,8250782707
P14954,Kavya Babu,23,Female,O+,Madurai,7505184269
P14955,Vivek Raj,31,Male,A+,Tiruppur,8826986400
P14956,Meera Raj,8,Female,O+,Chennai,8122378945
P14957,Suresh Krishnan,25,Male,A+,Tirunelveli,7561665183
P14958,Deepika Gupta,40,Female,B+,Tiruttani,7919950604
P14959,Meera Mohan,45,Female,O+,Salem,9068902788
P14960,Rakesh Kumar,33,Male,B+,Tiruppur,7521487238
P14961,Neha Nair,85,Female,O+,Erode,6041469409
P14962,Prakash Verma,65,Male,O+,Madurai,9815570627
P14963,Suresh Nair,25,Male,O+,Tiruppur,9487068317
P14964,Ashwin Gupta,13,Male,O+,Coimbatore,6658981407
P14965,Rakesh Reddy,53,Male,O+,Madurai,6174027142
P14966,Prakash Reddy,54,Male,A+,Kanchipuram,8747618642
P14967,Arjun Patel,4,Male,O+,Chennai,7668303704
P14968,Ashwin Rao,18,Male,O+,Madurai,6863955280
P14969,Nithya Raj,33,Female,A+,Vellore,9956663642
P14970,Aishwarya Kumar,22,Female,A+,Tiruvallur,8410182462
P14971,Meera Gupta,48,Female,B-,Trichy,8835986552
P14972,Harish Gupta,8,Male,A+,Vellore,6056310769
P14973,Kavya Krishnan,50,Female,B+,Erode,6688585009
P14974,Rohan Kumar,48,Male,B+,Chennai,7375119960
P14975,Aditya Gupta,20,Male,O-,Coimbatore,8751587922
P14976,Lakshmi Verma,17,Female,B+,Tiruttani,7977996651
P14977,Meera Reddy,27,Female,AB+,Madurai,6920374767
P14978,Priya Sharma,62,Female,O+,Vellore,9751626116
P14979,Kavya Rao,55,Female,O+,Chennai,9046123046
P14980,Karthik Singh,43,Male,A+,Hosur,8713049107
P14981,Manoj Reddy,22,Male,B-,Madurai,7415340096
P14982,Rohan Singh,65,Male,A-,Dindigul,7539364873
P14983,Neha Patel,63,Female,B-,Tiruppur,7537337469
P14984,Arjun Verma,10,Male,O+,Tiruppur,8654341847
P14985,Aditya Krishnan,64,Male,AB+,Coimbatore,7876657086
P14986,Nithya Menon,39,Female,B+,Salem,7795091710
P14987,Lakshmi Verma,39,Female,O+,Tiruvallur,6899731525
P14988,Suresh Nair,28,Male,O+,Tiruvallur,6129687974
P14989,Suresh Iyer,60,Male,O+,Chennai,9884631396
P14990,Ashwin Verma,27,Male,B+,Tiruttani,6411961199
P14991,Rohan Rao,22,Male,O+,Vellore,9738028191
P14992,Kavya Gupta,38,Female,A+,Tiruppur,6961992014
P14993,Ganesh Krishnan,53,Male,B+,Tiruttani,7790775546
P14994,Meera Iyer,46,Female,A+,Dindigul,7038412526
P14995,Ganesh Sharma,36,Male,B+,Vellore,7642494747
P14996,Nithya Verma,87,Female,O-,Dindigul,7936794266
P14997,Swathi Gupta,89,Female,A+,Tiruppur,7458199001
P14998,Keerthana Sharma,60,Female,A+,Thanjavur,7703102252
P14999,Vivek Rao,21,Male,AB+,Kanchipuram,7077837502
P15000,Aishwarya Nair,44,Female,O+,Kanchipuram,7034377452
