Treatment_ID,Admission_ID,Treatment_Name,Surgery,Outcome
T00001,A00001,EEG,No,Recovered
T00002,A00002,Bypass Surgery,Yes,Recovered
T00003,A00003,Fracture Fixation,Yes,Recovered
T00004,A00004,Insulin Therapy,No,Recovered
T00005,A00005,Cryotherapy,No,Recovered
T00006,A00006,Stroke Therapy,No,Recovered
T00007,A00007,ECG,No,Recovered
T00008,A00008,Physiotherapy,No,Recovered
T00009,A00009,CPR,No,Recovered
T00010,A00010,Immunotherapy,No,Improved
T00011,A00011,IV Fluids,No,Recovered
T00012,A00012,Immunotherapy,No,Recovered
T00013,A00013,Fracture Fixation,Yes,Improved
T00014,A00014,MRI Brain,No,Recovered
T00015,A00015,IV Fluids,No,Recovered
T00016,A00016,Chemotherapy,No,Referred
T00017,A00017,Sinus Surgery,Yes,Recovered
T00018,A00018,Dialysis,No,Recovered
T00019,A00019,Radiation Therapy,No,Recovered
T00020,A00020,Ventilator Support,No,Improved
T00021,A00021,CPR,No,Recovered
T00022,A00022,Stroke Therapy,No,Recovered
T00023,A00023,Nebulization,No,Improved
T00024,A00024,Critical Monitoring,No,Improved
T00025,A00025,Wound Suturing,Yes,Recovered
T00026,A00026,IV Fluids,No,Recovered
T00027,A00027,Cryotherapy,No,Recovered
T00028,A00028,Nebulization,No,Deceased
T00029,A00029,Vaccination,No,Improved
T00030,A00030,Angioplasty,Yes,Recovered
T00031,A00031,EEG,No,Improved
T00032,A00032,Insulin Therapy,No,Recovered
T00033,A00033,Ear Surgery,Yes,Recovered
T00034,A00034,Immunotherapy,No,Referred
T00035,A00035,Cryotherapy,No,Recovered
T00036,A00036,Antibiotic Therapy,No,Recovered
T00037,A00037,Bypass Surgery,Yes,Recovered
T00038,A00038,Wound Suturing,Yes,Recovered
T00039,A00039,EEG,No,Recovered
T00040,A00040,Trauma Care,No,Recovered
T00041,A00041,Ear Surgery,Yes,Recovered
T00042,A00042,Trauma Care,No,Improved
T00043,A00043,IV Fluids,No,Recovered
T00044,A00044,ECG,No,Referred
T00045,A00045,Physiotherapy,No,Improved
T00046,A00046,Laser Therapy,No,Recovered
T00047,A00047,Sinus Surgery,Yes,Recovered
T00048,A00048,Endoscopy,No,Recovered
T00049,A00049,IV Fluids,No,Recovered
T00050,A00050,Immunotherapy,No,Recovered
T00051,A00051,Angioplasty,Yes,Improved
T00052,A00052,Nebulization,No,Improved
T00053,A00053,Knee Replacement,Yes,Recovered
T00054,A00054,Ventilator Support,No,Recovered
T00055,A00055,Ear Surgery,Yes,Improved
T00056,A00056,ECG,No,Recovered
T00057,A00057,Ventilator Support,No,Improved
T00058,A00058,Wound Suturing,Yes,Recovered
T00059,A00059,IV Fluids,No,Recovered
T00060,A00060,Sinus Surgery,Yes,Recovered
T00061,A00061,Physiotherapy,No,Improved
T00062,A00062,Chemotherapy,No,Recovered
T00063,A00063,Insulin Therapy,No,Recovered
T00064,A00064,Bypass Surgery,Yes,Improved
T00065,A00065,Endoscopy,No,Recovered
T00066,A00066,Dialysis,No,Recovered
T00067,A00067,Stroke Therapy,No,Recovered
T00068,A00068,Antibiotic Therapy,No,Improved
T00069,A00069,Knee Replacement,Yes,Deceased
T00070,A00070,Skin Biopsy,No,Recovered
T00071,A00071,Insulin Therapy,No,Improved
T00072,A00072,Wound Suturing,Yes,Improved
T00073,A00073,IV Fluids,No,Recovered
T00074,A00074,Ventilator Support,No,Recovered
T00075,A00075,Vaccination,No,Recovered
T00076,A00076,Antibiotic Therapy,No,Referred
T00077,A00077,Physiotherapy,No,Recovered
T00078,A00078,Trauma Care,No,Recovered
T00079,A00079,Radiation Therapy,No,Improved
T00080,A00080,Dialysis,No,Recovered
T00081,A00081,Ventilator Support,No,Improved
T00082,A00082,Insulin Therapy,No,Recovered
T00083,A00083,Knee Replacement,Yes,Improved
T00084,A00084,Endoscopy,No,Improved
T00085,A00085,Chemotherapy,No,Recovered
T00086,A00086,IV Fluids,No,Recovered
T00087,A00087,Endoscopy,No,Improved
T00088,A00088,IV Fluids,No,Referred
T00089,A00089,Bypass Surgery,Yes,Improved
T00090,A00090,Bypass Surgery,Yes,Recovered
T00091,A00091,Angioplasty,Yes,Recovered
T00092,A00092,Immunotherapy,No,Recovered
T00093,A00093,Nebulization,No,Improved
T00094,A00094,IV Fluids,No,Recovered
T00095,A00095,Ventilator Support,No,Recovered
T00096,A00096,Chemotherapy,No,Recovered
T00097,A00097,Ventilator Support,No,Recovered
T00098,A00098,Trauma Care,No,Recovered
T00099,A00099,Antibiotic Therapy,No,Recovered
T00100,A00100,Ventilator Support,No,Referred
T00101,A00101,Angioplasty,Yes,Recovered
T00102,A00102,Chemotherapy,No,Recovered
T00103,A00103,Wound Suturing,Yes,Recovered
T00104,A00104,Vaccination,No,Improved
T00105,A00105,Bypass Surgery,Yes,Recovered
T00106,A00106,ECG,No,Improved
T00107,A00107,Knee Replacement,Yes,Recovered
T00108,A00108,Skin Biopsy,No,Recovered
T00109,A00109,Knee Replacement,Yes,Recovered
T00110,A00110,Stroke Therapy,No,Improved
T00111,A00111,Ear Surgery,Yes,Recovered
T00112,A00112,Critical Monitoring,No,Recovered
T00113,A00113,Stroke Therapy,No,Improved
T00114,A00114,Skin Biopsy,No,Recovered
T00115,A00115,Ear Surgery,Yes,Recovered
T00116,A00116,Insulin Therapy,No,Recovered
T00117,A00117,Sinus Surgery,Yes,Recovered
T00118,A00118,Chemotherapy,No,Recovered
T00119,A00119,Critical Monitoring,No,Recovered
T00120,A00120,Cryotherapy,No,Deceased
T00121,A00121,Insulin Therapy,No,Referred
T00122,A00122,Insulin Therapy,No,Recovered
T00123,A00123,Wound Suturing,Yes,Recovered
T00124,A00124,Dialysis,No,Referred
T00125,A00125,ECG,No,Recovered
T00126,A00126,Nebulization,No,Recovered
T00127,A00127,Nebulization,No,Recovered
T00128,A00128,Bypass Surgery,Yes,Referred
T00129,A00129,Bypass Surgery,Yes,Recovered
T00130,A00130,Radiation Therapy,No,Recovered
T00131,A00131,Nebulization,No,Recovered
T00132,A00132,Fracture Fixation,Yes,Recovered
T00133,A00133,Endoscopy,No,Recovered
T00134,A00134,Knee Replacement,Yes,Recovered
T00135,A00135,Endoscopy,No,Recovered
T00136,A00136,CPR,No,Recovered
T00137,A00137,Endoscopy,No,Recovered
T00138,A00138,Ventilator Support,No,Recovered
T00139,A00139,Ventilator Support,No,Recovered
T00140,A00140,Ventilator Support,No,Recovered
T00141,A00141,Immunotherapy,No,Recovered
T00142,A00142,Bypass Surgery,Yes,Recovered
T00143,A00143,Chemotherapy,No,Recovered
T00144,A00144,Bypass Surgery,Yes,Recovered
T00145,A00145,Angioplasty,Yes,Referred
T00146,A00146,Fracture Fixation,Yes,Recovered
T00147,A00147,IV Fluids,No,Recovered
T00148,A00148,Laser Therapy,No,Recovered
T00149,A00149,EEG,No,Recovered
T00150,A00150,Wound Suturing,Yes,Referred
T00151,A00151,Chemotherapy,No,Recovered
T00152,A00152,Endoscopy,No,Deceased
T00153,A00153,Skin Biopsy,No,Recovered
T00154,A00154,Insulin Therapy,No,Recovered
T00155,A00155,ECG,No,Referred
T00156,A00156,Trauma Care,No,Improved
T00157,A00157,Radiation Therapy,No,Recovered
T00158,A00158,Stroke Therapy,No,Improved
T00159,A00159,Critical Monitoring,No,Recovered
T00160,A00160,Immunotherapy,No,Recovered
T00161,A00161,Physiotherapy,No,Improved
T00162,A00162,Angioplasty,Yes,Referred
T00163,A00163,Vaccination,No,Referred
T00164,A00164,MRI Brain,No,Recovered
T00165,A00165,MRI Brain,No,Improved
T00166,A00166,Fracture Fixation,Yes,Recovered
T00167,A00167,Antibiotic Therapy,No,Recovered
T00168,A00168,Nebulization,No,Recovered
T00169,A00169,Cryotherapy,No,Improved
T00170,A00170,Physiotherapy,No,Recovered
T00171,A00171,Fracture Fixation,Yes,Recovered
T00172,A00172,Knee Replacement,Yes,Improved
T00173,A00173,Fracture Fixation,Yes,Recovered
T00174,A00174,Ventilator Support,No,Recovered
T00175,A00175,Dialysis,No,Recovered
T00176,A00176,Stroke Therapy,No,Recovered
T00177,A00177,Wound Suturing,Yes,Recovered
T00178,A00178,ECG,No,Recovered
T00179,A00179,Immunotherapy,No,Referred
T00180,A00180,Antibiotic Therapy,No,Recovered
T00181,A00181,Laser Therapy,No,Recovered
T00182,A00182,Ventilator Support,No,Recovered
T00183,A00183,Ear Surgery,Yes,Recovered
T00184,A00184,ECG,No,Improved
T00185,A00185,MRI Brain,No,Recovered
T00186,A00186,Physiotherapy,No,Recovered
T00187,A00187,Immunotherapy,No,Improved
T00188,A00188,Sinus Surgery,Yes,Deceased
T00189,A00189,CPR,No,Recovered
T00190,A00190,Trauma Care,No,Improved
T00191,A00191,Chemotherapy,No,Improved
T00192,A00192,Ventilator Support,No,Recovered
T00193,A00193,Knee Replacement,Yes,Improved
T00194,A00194,Stroke Therapy,No,Improved
T00195,A00195,CPR,No,Improved
T00196,A00196,Angioplasty,Yes,Recovered
T00197,A00197,Antibiotic Therapy,No,Recovered
T00198,A00198,ECG,No,Improved
T00199,A00199,Ear Surgery,Yes,Recovered
T00200,A00200,Wound Suturing,Yes,Recovered
T00201,A00201,Ventilator Support,No,Recovered
T00202,A00202,Bypass Surgery,Yes,Recovered
T00203,A00203,Stroke Therapy,No,Recovered
T00204,A00204,ECG,No,Referred
T00205,A00205,Angioplasty,Yes,Recovered
T00206,A00206,Endoscopy,No,Recovered
T00207,A00207,Physiotherapy,No,Recovered
T00208,A00208,Ventilator Support,No,Recovered
T00209,A00209,Sinus Surgery,Yes,Recovered
T00210,A00210,Dialysis,No,Recovered
T00211,A00211,CPR,No,Recovered
T00212,A00212,Immunotherapy,No,Improved
T00213,A00213,IV Fluids,No,Recovered
T00214,A00214,Immunotherapy,No,Recovered
T00215,A00215,Endoscopy,No,Recovered
T00216,A00216,ECG,No,Improved
T00217,A00217,Fracture Fixation,Yes,Recovered
T00218,A00218,Physiotherapy,No,Recovered
T00219,A00219,Bypass Surgery,Yes,Improved
T00220,A00220,Trauma Care,No,Recovered
T00221,A00221,ECG,No,Referred
T00222,A00222,Nebulization,No,Recovered
T00223,A00223,Endoscopy,No,Improved
T00224,A00224,EEG,No,Referred
T00225,A00225,Antibiotic Therapy,No,Recovered
T00226,A00226,Nebulization,No,Recovered
T00227,A00227,CPR,No,Recovered
T00228,A00228,Trauma Care,No,Recovered
T00229,A00229,Immunotherapy,No,Referred
T00230,A00230,EEG,No,Improved
T00231,A00231,Trauma Care,No,Recovered
T00232,A00232,Sinus Surgery,Yes,Recovered
T00233,A00233,MRI Brain,No,Recovered
T00234,A00234,Fracture Fixation,Yes,Recovered
T00235,A00235,Immunotherapy,No,Recovered
T00236,A00236,Stroke Therapy,No,Recovered
T00237,A00237,IV Fluids,No,Recovered
T00238,A00238,Critical Monitoring,No,Recovered
T00239,A00239,Antibiotic Therapy,No,Recovered
T00240,A00240,Fracture Fixation,Yes,Recovered
T00241,A00241,Bypass Surgery,Yes,Recovered
T00242,A00242,Nebulization,No,Recovered
T00243,A00243,Fracture Fixation,Yes,Recovered
T00244,A00244,Ventilator Support,No,Improved
T00245,A00245,Ventilator Support,No,Recovered
T00246,A00246,ECG,No,Deceased
T00247,A00247,EEG,No,Improved
T00248,A00248,Ear Surgery,Yes,Recovered
T00249,A00249,CPR,No,Recovered
T00250,A00250,Immunotherapy,No,Recovered
T00251,A00251,Nebulization,No,Recovered
T00252,A00252,Ventilator Support,No,Recovered
T00253,A00253,Vaccination,No,Improved
T00254,A00254,ECG,No,Improved
T00255,A00255,Skin Biopsy,No,Recovered
T00256,A00256,Immunotherapy,No,Recovered
T00257,A00257,Ventilator Support,No,Recovered
T00258,A00258,Insulin Therapy,No,Recovered
T00259,A00259,Angioplasty,Yes,Recovered
T00260,A00260,IV Fluids,No,Recovered
T00261,A00261,Wound Suturing,Yes,Recovered
T00262,A00262,EEG,No,Improved
T00263,A00263,Angioplasty,Yes,Improved
T00264,A00264,EEG,No,Recovered
T00265,A00265,MRI Brain,No,Improved
T00266,A00266,Laser Therapy,No,Recovered
T00267,A00267,Skin Biopsy,No,Improved
T00268,A00268,IV Fluids,No,Improved
T00269,A00269,Physiotherapy,No,Recovered
T00270,A00270,Skin Biopsy,No,Recovered
T00271,A00271,Fracture Fixation,Yes,Improved
T00272,A00272,Fracture Fixation,Yes,Recovered
T00273,A00273,IV Fluids,No,Improved
T00274,A00274,ECG,No,Recovered
T00275,A00275,Fracture Fixation,Yes,Recovered
T00276,A00276,Fracture Fixation,Yes,Improved
T00277,A00277,Ventilator Support,No,Recovered
T00278,A00278,Sinus Surgery,Yes,Recovered
T00279,A00279,Stroke Therapy,No,Recovered
T00280,A00280,IV Fluids,No,Recovered
T00281,A00281,Endoscopy,No,Referred
T00282,A00282,Chemotherapy,No,Improved
T00283,A00283,Antibiotic Therapy,No,Recovered
T00284,A00284,Fracture Fixation,Yes,Referred
T00285,A00285,Laser Therapy,No,Improved
T00286,A00286,IV Fluids,No,Recovered
T00287,A00287,EEG,No,Recovered
T00288,A00288,Antibiotic Therapy,No,Improved
T00289,A00289,Radiation Therapy,No,Recovered
T00290,A00290,Laser Therapy,No,Recovered
T00291,A00291,Dialysis,No,Recovered
T00292,A00292,CPR,No,Improved
T00293,A00293,Antibiotic Therapy,No,Recovered
T00294,A00294,Radiation Therapy,No,Referred
T00295,A00295,Endoscopy,No,Recovered
T00296,A00296,IV Fluids,No,Recovered
T00297,A00297,EEG,No,Recovered
T00298,A00298,Immunotherapy,No,Recovered
T00299,A00299,Angioplasty,Yes,Recovered
T00300,A00300,Nebulization,No,Recovered
T00301,A00301,Insulin Therapy,No,Recovered
T00302,A00302,Radiation Therapy,No,Improved
T00303,A00303,Stroke Therapy,No,Recovered
T00304,A00304,Knee Replacement,Yes,Recovered
T00305,A00305,Ventilator Support,No,Recovered
T00306,A00306,Endoscopy,No,Recovered
T00307,A00307,Sinus Surgery,Yes,Recovered
T00308,A00308,Skin Biopsy,No,Improved
T00309,A00309,Antibiotic Therapy,No,Recovered
T00310,A00310,Fracture Fixation,Yes,Referred
T00311,A00311,Skin Biopsy,No,Improved
T00312,A00312,Endoscopy,No,Recovered
T00313,A00313,Insulin Therapy,No,Recovered
T00314,A00314,MRI Brain,No,Recovered
T00315,A00315,Trauma Care,No,Recovered
T00316,A00316,Radiation Therapy,No,Improved
T00317,A00317,Chemotherapy,No,Recovered
T00318,A00318,Immunotherapy,No,Improved
T00319,A00319,Vaccination,No,Referred
T00320,A00320,Skin Biopsy,No,Recovered
T00321,A00321,Laser Therapy,No,Recovered
T00322,A00322,Radiation Therapy,No,Recovered
T00323,A00323,Immunotherapy,No,Recovered
T00324,A00324,IV Fluids,No,Recovered
T00325,A00325,Antibiotic Therapy,No,Recovered
T00326,A00326,CPR,No,Improved
T00327,A00327,EEG,No,Recovered
T00328,A00328,Trauma Care,No,Improved
T00329,A00329,Antibiotic Therapy,No,Improved
T00330,A00330,Sinus Surgery,Yes,Recovered
T00331,A00331,CPR,No,Recovered
T00332,A00332,EEG,No,Recovered
T00333,A00333,Trauma Care,No,Improved
T00334,A00334,Stroke Therapy,No,Recovered
T00335,A00335,IV Fluids,No,Recovered
T00336,A00336,Knee Replacement,Yes,Improved
T00337,A00337,Angioplasty,Yes,Recovered
T00338,A00338,IV Fluids,No,Referred
T00339,A00339,Stroke Therapy,No,Recovered
T00340,A00340,Critical Monitoring,No,Improved
T00341,A00341,Wound Suturing,Yes,Recovered
T00342,A00342,IV Fluids,No,Recovered
T00343,A00343,Laser Therapy,No,Improved
T00344,A00344,Insulin Therapy,No,Recovered
T00345,A00345,Stroke Therapy,No,Recovered
T00346,A00346,Wound Suturing,Yes,Recovered
T00347,A00347,Critical Monitoring,No,Recovered
T00348,A00348,Fracture Fixation,Yes,Recovered
T00349,A00349,Dialysis,No,Recovered
T00350,A00350,Trauma Care,No,Recovered
T00351,A00351,Radiation Therapy,No,Recovered
T00352,A00352,Critical Monitoring,No,Improved
T00353,A00353,Dialysis,No,Recovered
T00354,A00354,Antibiotic Therapy,No,Referred
T00355,A00355,MRI Brain,No,Recovered
T00356,A00356,Laser Therapy,No,Recovered
T00357,A00357,Ventilator Support,No,Recovered
T00358,A00358,Antibiotic Therapy,No,Improved
T00359,A00359,Angioplasty,Yes,Improved
T00360,A00360,Chemotherapy,No,Recovered
T00361,A00361,Stroke Therapy,No,Recovered
T00362,A00362,Radiation Therapy,No,Recovered
T00363,A00363,Nebulization,No,Recovered
T00364,A00364,EEG,No,Recovered
T00365,A00365,Critical Monitoring,No,Recovered
T00366,A00366,Wound Suturing,Yes,Improved
T00367,A00367,Wound Suturing,Yes,Recovered
T00368,A00368,Insulin Therapy,No,Recovered
T00369,A00369,Ventilator Support,No,Recovered
T00370,A00370,Immunotherapy,No,Recovered
T00371,A00371,CPR,No,Recovered
T00372,A00372,Fracture Fixation,Yes,Improved
T00373,A00373,Angioplasty,Yes,Improved
T00374,A00374,Immunotherapy,No,Recovered
T00375,A00375,Skin Biopsy,No,Improved
T00376,A00376,Knee Replacement,Yes,Recovered
T00377,A00377,ECG,No,Recovered
T00378,A00378,Cryotherapy,No,Recovered
T00379,A00379,Angioplasty,Yes,Recovered
T00380,A00380,Chemotherapy,No,Recovered
T00381,A00381,Cryotherapy,No,Referred
T00382,A00382,Physiotherapy,No,Improved
T00383,A00383,Angioplasty,Yes,Recovered
T00384,A00384,Skin Biopsy,No,Recovered
T00385,A00385,Laser Therapy,No,Recovered
T00386,A00386,Dialysis,No,Recovered
T00387,A00387,Chemotherapy,No,Recovered
T00388,A00388,Stroke Therapy,No,Recovered
T00389,A00389,Vaccination,No,Recovered
T00390,A00390,ECG,No,Recovered
T00391,A00391,Immunotherapy,No,Recovered
T00392,A00392,Fracture Fixation,Yes,Improved
T00393,A00393,Angioplasty,Yes,Recovered
T00394,A00394,Vaccination,No,Recovered
T00395,A00395,Sinus Surgery,Yes,Recovered
T00396,A00396,Physiotherapy,No,Recovered
T00397,A00397,IV Fluids,No,Recovered
T00398,A00398,Nebulization,No,Recovered
T00399,A00399,Endoscopy,No,Deceased
T00400,A00400,Stroke Therapy,No,Recovered
T00401,A00401,Ventilator Support,No,Recovered
T00402,A00402,Cryotherapy,No,Recovered
T00403,A00403,Fracture Fixation,Yes,Recovered
T00404,A00404,IV Fluids,No,Recovered
T00405,A00405,Ear Surgery,Yes,Recovered
T00406,A00406,Immunotherapy,No,Recovered
T00407,A00407,Fracture Fixation,Yes,Recovered
T00408,A00408,IV Fluids,No,Recovered
T00409,A00409,Sinus Surgery,Yes,Recovered
T00410,A00410,Angioplasty,Yes,Improved
T00411,A00411,CPR,No,Improved
T00412,A00412,Chemotherapy,No,Recovered
T00413,A00413,Radiation Therapy,No,Improved
T00414,A00414,EEG,No,Recovered
T00415,A00415,Fracture Fixation,Yes,Recovered
T00416,A00416,Critical Monitoring,No,Recovered
T00417,A00417,ECG,No,Referred
T00418,A00418,Chemotherapy,No,Recovered
T00419,A00419,Skin Biopsy,No,Improved
T00420,A00420,CPR,No,Improved
T00421,A00421,Physiotherapy,No,Referred
T00422,A00422,Stroke Therapy,No,Recovered
T00423,A00423,Endoscopy,No,Recovered
T00424,A00424,IV Fluids,No,Referred
T00425,A00425,Immunotherapy,No,Recovered
T00426,A00426,Radiation Therapy,No,Recovered
T00427,A00427,Insulin Therapy,No,Improved
T00428,A00428,CPR,No,Recovered
T00429,A00429,Stroke Therapy,No,Recovered
T00430,A00430,Chemotherapy,No,Referred
T00431,A00431,Antibiotic Therapy,No,Recovered
T00432,A00432,Skin Biopsy,No,Deceased
T00433,A00433,Immunotherapy,No,Improved
T00434,A00434,IV Fluids,No,Recovered
T00435,A00435,Chemotherapy,No,Recovered
T00436,A00436,CPR,No,Recovered
T00437,A00437,Sinus Surgery,Yes,Recovered
T00438,A00438,Physiotherapy,No,Recovered
T00439,A00439,Radiation Therapy,No,Referred
T00440,A00440,IV Fluids,No,Recovered
T00441,A00441,Dialysis,No,Recovered
T00442,A00442,Fracture Fixation,Yes,Improved
T00443,A00443,Knee Replacement,Yes,Recovered
T00444,A00444,Radiation Therapy,No,Recovered
T00445,A00445,Angioplasty,Yes,Improved
T00446,A00446,IV Fluids,No,Recovered
T00447,A00447,Chemotherapy,No,Recovered
T00448,A00448,IV Fluids,No,Recovered
T00449,A00449,Radiation Therapy,No,Improved
T00450,A00450,Chemotherapy,No,Recovered
T00451,A00451,Immunotherapy,No,Recovered
T00452,A00452,Skin Biopsy,No,Recovered
T00453,A00453,Stroke Therapy,No,Recovered
T00454,A00454,Nebulization,No,Recovered
T00455,A00455,Skin Biopsy,No,Recovered
T00456,A00456,Physiotherapy,No,Recovered
T00457,A00457,Wound Suturing,Yes,Recovered
T00458,A00458,Cryotherapy,No,Recovered
T00459,A00459,MRI Brain,No,Deceased
T00460,A00460,Antibiotic Therapy,No,Improved
T00461,A00461,IV Fluids,No,Recovered
T00462,A00462,Physiotherapy,No,Recovered
T00463,A00463,IV Fluids,No,Recovered
T00464,A00464,Ear Surgery,Yes,Recovered
T00465,A00465,Fracture Fixation,Yes,Recovered
T00466,A00466,Insulin Therapy,No,Recovered
T00467,A00467,Endoscopy,No,Recovered
T00468,A00468,Bypass Surgery,Yes,Recovered
T00469,A00469,Wound Suturing,Yes,Deceased
T00470,A00470,Chemotherapy,No,Recovered
T00471,A00471,ECG,No,Recovered
T00472,A00472,Physiotherapy,No,Recovered
T00473,A00473,Chemotherapy,No,Improved
T00474,A00474,Dialysis,No,Improved
T00475,A00475,Wound Suturing,Yes,Recovered
T00476,A00476,Bypass Surgery,Yes,Recovered
T00477,A00477,Trauma Care,No,Recovered
T00478,A00478,Radiation Therapy,No,Improved
T00479,A00479,Antibiotic Therapy,No,Deceased
T00480,A00480,Sinus Surgery,Yes,Improved
T00481,A00481,Dialysis,No,Recovered
T00482,A00482,Angioplasty,Yes,Recovered
T00483,A00483,Antibiotic Therapy,No,Recovered
T00484,A00484,Angioplasty,Yes,Improved
T00485,A00485,Antibiotic Therapy,No,Recovered
T00486,A00486,Radiation Therapy,No,Recovered
T00487,A00487,Dialysis,No,Recovered
T00488,A00488,Cryotherapy,No,Recovered
T00489,A00489,Angioplasty,Yes,Recovered
T00490,A00490,Physiotherapy,No,Improved
T00491,A00491,EEG,No,Deceased
T00492,A00492,Angioplasty,Yes,Referred
T00493,A00493,Insulin Therapy,No,Recovered
T00494,A00494,Critical Monitoring,No,Recovered
T00495,A00495,Fracture Fixation,Yes,Improved
T00496,A00496,Nebulization,No,Recovered
T00497,A00497,Nebulization,No,Recovered
T00498,A00498,Trauma Care,No,Recovered
T00499,A00499,IV Fluids,No,Referred
T00500,A00500,Vaccination,No,Recovered
T00501,A00501,Laser Therapy,No,Recovered
T00502,A00502,Bypass Surgery,Yes,Recovered
T00503,A00503,Chemotherapy,No,Improved
T00504,A00504,CPR,No,Improved
T00505,A00505,Radiation Therapy,No,Referred
T00506,A00506,Bypass Surgery,Yes,Improved
T00507,A00507,Radiation Therapy,No,Improved
T00508,A00508,Ear Surgery,Yes,Recovered
T00509,A00509,Chemotherapy,No,Recovered
T00510,A00510,Angioplasty,Yes,Deceased
T00511,A00511,Antibiotic Therapy,No,Recovered
T00512,A00512,Skin Biopsy,No,Improved
T00513,A00513,Bypass Surgery,Yes,Improved
T00514,A00514,Sinus Surgery,Yes,Recovered
T00515,A00515,Nebulization,No,Referred
T00516,A00516,Chemotherapy,No,Recovered
T00517,A00517,Insulin Therapy,No,Recovered
T00518,A00518,Knee Replacement,Yes,Recovered
T00519,A00519,Insulin Therapy,No,Recovered
T00520,A00520,Endoscopy,No,Recovered
T00521,A00521,Trauma Care,No,Recovered
T00522,A00522,Insulin Therapy,No,Recovered
T00523,A00523,Angioplasty,Yes,Recovered
T00524,A00524,Trauma Care,No,Recovered
T00525,A00525,Cryotherapy,No,Recovered
T00526,A00526,Sinus Surgery,Yes,Recovered
T00527,A00527,Wound Suturing,Yes,Recovered
T00528,A00528,Insulin Therapy,No,Improved
T00529,A00529,Knee Replacement,Yes,Referred
T00530,A00530,IV Fluids,No,Recovered
T00531,A00531,Ventilator Support,No,Recovered
T00532,A00532,Stroke Therapy,No,Deceased
T00533,A00533,Knee Replacement,Yes,Recovered
T00534,A00534,Laser Therapy,No,Recovered
T00535,A00535,Laser Therapy,No,Improved
T00536,A00536,Vaccination,No,Deceased
T00537,A00537,Radiation Therapy,No,Recovered
T00538,A00538,Laser Therapy,No,Recovered
T00539,A00539,Bypass Surgery,Yes,Recovered
T00540,A00540,Endoscopy,No,Recovered
T00541,A00541,Endoscopy,No,Recovered
T00542,A00542,Ventilator Support,No,Recovered
T00543,A00543,Physiotherapy,No,Improved
T00544,A00544,Ear Surgery,Yes,Referred
T00545,A00545,Cryotherapy,No,Recovered
T00546,A00546,Wound Suturing,Yes,Improved
T00547,A00547,Chemotherapy,No,Recovered
T00548,A00548,Dialysis,No,Recovered
T00549,A00549,ECG,No,Recovered
T00550,A00550,Immunotherapy,No,Improved
T00551,A00551,Critical Monitoring,No,Recovered
T00552,A00552,Fracture Fixation,Yes,Recovered
T00553,A00553,EEG,No,Recovered
T00554,A00554,Knee Replacement,Yes,Improved
T00555,A00555,Vaccination,No,Recovered
T00556,A00556,Immunotherapy,No,Recovered
T00557,A00557,Angioplasty,Yes,Recovered
T00558,A00558,Sinus Surgery,Yes,Recovered
T00559,A00559,Ventilator Support,No,Improved
T00560,A00560,Sinus Surgery,Yes,Recovered
T00561,A00561,Wound Suturing,Yes,Improved
T00562,A00562,Angioplasty,Yes,Referred
T00563,A00563,Radiation Therapy,No,Referred
T00564,A00564,Sinus Surgery,Yes,Improved
T00565,A00565,Stroke Therapy,No,Improved
T00566,A00566,Nebulization,No,Referred
T00567,A00567,Ventilator Support,No,Improved
T00568,A00568,Trauma Care,No,Improved
T00569,A00569,Physiotherapy,No,Recovered
T00570,A00570,Sinus Surgery,Yes,Referred
T00571,A00571,IV Fluids,No,Recovered
T00572,A00572,Knee Replacement,Yes,Recovered
T00573,A00573,Immunotherapy,No,Recovered
T00574,A00574,Radiation Therapy,No,Recovered
T00575,A00575,Critical Monitoring,No,Recovered
T00576,A00576,Radiation Therapy,No,Improved
T00577,A00577,Sinus Surgery,Yes,Recovered
T00578,A00578,Vaccination,No,Recovered
T00579,A00579,Cryotherapy,No,Improved
T00580,A00580,Critical Monitoring,No,Recovered
T00581,A00581,Endoscopy,No,Recovered
T00582,A00582,Skin Biopsy,No,Recovered
T00583,A00583,Stroke Therapy,No,Referred
T00584,A00584,Knee Replacement,Yes,Recovered
T00585,A00585,Fracture Fixation,Yes,Recovered
T00586,A00586,ECG,No,Recovered
T00587,A00587,Sinus Surgery,Yes,Recovered
T00588,A00588,Vaccination,No,Improved
T00589,A00589,Trauma Care,No,Recovered
T00590,A00590,Radiation Therapy,No,Recovered
T00591,A00591,CPR,No,Recovered
T00592,A00592,IV Fluids,No,Recovered
T00593,A00593,Physiotherapy,No,Improved
T00594,A00594,Laser Therapy,No,Recovered
T00595,A00595,Angioplasty,Yes,Recovered
T00596,A00596,Wound Suturing,Yes,Recovered
T00597,A00597,Laser Therapy,No,Recovered
T00598,A00598,Nebulization,No,Referred
T00599,A00599,Stroke Therapy,No,Recovered
T00600,A00600,Critical Monitoring,No,Recovered
T00601,A00601,EEG,No,Recovered
T00602,A00602,IV Fluids,No,Recovered
T00603,A00603,Vaccination,No,Referred
T00604,A00604,Angioplasty,Yes,Recovered
T00605,A00605,Chemotherapy,No,Recovered
T00606,A00606,Antibiotic Therapy,No,Deceased
T00607,A00607,Chemotherapy,No,Improved
T00608,A00608,Ventilator Support,No,Deceased
T00609,A00609,Critical Monitoring,No,Recovered
T00610,A00610,CPR,No,Recovered
T00611,A00611,ECG,No,Improved
T00612,A00612,Skin Biopsy,No,Recovered
T00613,A00613,Vaccination,No,Improved
T00614,A00614,Immunotherapy,No,Recovered
T00615,A00615,Fracture Fixation,Yes,Deceased
T00616,A00616,EEG,No,Recovered
T00617,A00617,Fracture Fixation,Yes,Recovered
T00618,A00618,Trauma Care,No,Recovered
T00619,A00619,Stroke Therapy,No,Improved
T00620,A00620,Vaccination,No,Recovered
T00621,A00621,Fracture Fixation,Yes,Recovered
T00622,A00622,Skin Biopsy,No,Recovered
T00623,A00623,Sinus Surgery,Yes,Recovered
T00624,A00624,EEG,No,Recovered
T00625,A00625,Dialysis,No,Improved
T00626,A00626,IV Fluids,No,Recovered
T00627,A00627,Angioplasty,Yes,Recovered
T00628,A00628,EEG,No,Recovered
T00629,A00629,EEG,No,Recovered
T00630,A00630,Laser Therapy,No,Recovered
T00631,A00631,Chemotherapy,No,Recovered
T00632,A00632,Stroke Therapy,No,Improved
T00633,A00633,Knee Replacement,Yes,Recovered
T00634,A00634,Sinus Surgery,Yes,Improved
T00635,A00635,Laser Therapy,No,Recovered
T00636,A00636,Trauma Care,No,Recovered
T00637,A00637,Fracture Fixation,Yes,Recovered
T00638,A00638,Radiation Therapy,No,Recovered
T00639,A00639,Endoscopy,No,Recovered
T00640,A00640,Knee Replacement,Yes,Recovered
T00641,A00641,Physiotherapy,No,Recovered
T00642,A00642,Wound Suturing,Yes,Recovered
T00643,A00643,Wound Suturing,Yes,Recovered
T00644,A00644,EEG,No,Recovered
T00645,A00645,Immunotherapy,No,Recovered
T00646,A00646,Physiotherapy,No,Improved
T00647,A00647,Trauma Care,No,Recovered
T00648,A00648,Fracture Fixation,Yes,Recovered
T00649,A00649,Knee Replacement,Yes,Recovered
T00650,A00650,Critical Monitoring,No,Recovered
T00651,A00651,Nebulization,No,Recovered
T00652,A00652,IV Fluids,No,Recovered
T00653,A00653,MRI Brain,No,Recovered
T00654,A00654,Radiation Therapy,No,Recovered
T00655,A00655,Trauma Care,No,Recovered
T00656,A00656,MRI Brain,No,Improved
T00657,A00657,Wound Suturing,Yes,Improved
T00658,A00658,Cryotherapy,No,Recovered
T00659,A00659,IV Fluids,No,Recovered
T00660,A00660,Endoscopy,No,Recovered
T00661,A00661,Knee Replacement,Yes,Improved
T00662,A00662,Wound Suturing,Yes,Improved
T00663,A00663,IV Fluids,No,Recovered
T00664,A00664,IV Fluids,No,Recovered
T00665,A00665,Nebulization,No,Recovered
T00666,A00666,CPR,No,Recovered
T00667,A00667,Immunotherapy,No,Recovered
T00668,A00668,MRI Brain,No,Recovered
T00669,A00669,Critical Monitoring,No,Recovered
T00670,A00670,Wound Suturing,Yes,Recovered
T00671,A00671,Angioplasty,Yes,Improved
T00672,A00672,Critical Monitoring,No,Recovered
T00673,A00673,Critical Monitoring,No,Recovered
T00674,A00674,Antibiotic Therapy,No,Referred
T00675,A00675,IV Fluids,No,Recovered
T00676,A00676,Fracture Fixation,Yes,Recovered
T00677,A00677,Nebulization,No,Referred
T00678,A00678,Wound Suturing,Yes,Recovered
T00679,A00679,Skin Biopsy,No,Recovered
T00680,A00680,Wound Suturing,Yes,Recovered
T00681,A00681,Endoscopy,No,Recovered
T00682,A00682,MRI Brain,No,Recovered
T00683,A00683,IV Fluids,No,Recovered
T00684,A00684,Knee Replacement,Yes,Recovered
T00685,A00685,Ear Surgery,Yes,Recovered
T00686,A00686,Bypass Surgery,Yes,Recovered
T00687,A00687,IV Fluids,No,Recovered
T00688,A00688,Ventilator Support,No,Recovered
T00689,A00689,Critical Monitoring,No,Recovered
T00690,A00690,Chemotherapy,No,Recovered
T00691,A00691,IV Fluids,No,Recovered
T00692,A00692,Critical Monitoring,No,Recovered
T00693,A00693,Dialysis,No,Recovered
T00694,A00694,Endoscopy,No,Recovered
T00695,A00695,Radiation Therapy,No,Recovered
T00696,A00696,Endoscopy,No,Recovered
T00697,A00697,IV Fluids,No,Recovered
T00698,A00698,Radiation Therapy,No,Recovered
T00699,A00699,IV Fluids,No,Deceased
T00700,A00700,Fracture Fixation,Yes,Recovered
T00701,A00701,IV Fluids,No,Referred
T00702,A00702,Ear Surgery,Yes,Improved
T00703,A00703,Stroke Therapy,No,Recovered
T00704,A00704,Trauma Care,No,Recovered
T00705,A00705,Dialysis,No,Recovered
T00706,A00706,Knee Replacement,Yes,Recovered
T00707,A00707,Chemotherapy,No,Recovered
T00708,A00708,Bypass Surgery,Yes,Improved
T00709,A00709,MRI Brain,No,Recovered
T00710,A00710,IV Fluids,No,Recovered
T00711,A00711,Ventilator Support,No,Recovered
T00712,A00712,MRI Brain,No,Improved
T00713,A00713,IV Fluids,No,Recovered
T00714,A00714,Dialysis,No,Improved
T00715,A00715,Laser Therapy,No,Recovered
T00716,A00716,Nebulization,No,Recovered
T00717,A00717,IV Fluids,No,Recovered
T00718,A00718,Immunotherapy,No,Recovered
T00719,A00719,EEG,No,Referred
T00720,A00720,Vaccination,No,Recovered
T00721,A00721,Chemotherapy,No,Recovered
T00722,A00722,IV Fluids,No,Recovered
T00723,A00723,Insulin Therapy,No,Recovered
T00724,A00724,Radiation Therapy,No,Improved
T00725,A00725,Vaccination,No,Recovered
T00726,A00726,Trauma Care,No,Recovered
T00727,A00727,Endoscopy,No,Recovered
T00728,A00728,Endoscopy,No,Recovered
T00729,A00729,Dialysis,No,Recovered
T00730,A00730,Immunotherapy,No,Improved
T00731,A00731,Fracture Fixation,Yes,Recovered
T00732,A00732,Dialysis,No,Recovered
T00733,A00733,Critical Monitoring,No,Recovered
T00734,A00734,EEG,No,Recovered
T00735,A00735,Antibiotic Therapy,No,Recovered
T00736,A00736,CPR,No,Improved
T00737,A00737,Wound Suturing,Yes,Recovered
T00738,A00738,Physiotherapy,No,Recovered
T00739,A00739,Physiotherapy,No,Recovered
T00740,A00740,Bypass Surgery,Yes,Recovered
T00741,A00741,Stroke Therapy,No,Recovered
T00742,A00742,Knee Replacement,Yes,Recovered
T00743,A00743,Dialysis,No,Recovered
T00744,A00744,Nebulization,No,Recovered
T00745,A00745,Laser Therapy,No,Recovered
T00746,A00746,Vaccination,No,Recovered
T00747,A00747,Radiation Therapy,No,Recovered
T00748,A00748,Chemotherapy,No,Recovered
T00749,A00749,Bypass Surgery,Yes,Recovered
T00750,A00750,Critical Monitoring,No,Recovered
T00751,A00751,IV Fluids,No,Improved
T00752,A00752,Wound Suturing,Yes,Referred
T00753,A00753,CPR,No,Recovered
T00754,A00754,Sinus Surgery,Yes,Recovered
T00755,A00755,Antibiotic Therapy,No,Recovered
T00756,A00756,Insulin Therapy,No,Recovered
T00757,A00757,Angioplasty,Yes,Deceased
T00758,A00758,Insulin Therapy,No,Recovered
T00759,A00759,Ventilator Support,No,Recovered
T00760,A00760,Immunotherapy,No,Recovered
T00761,A00761,Laser Therapy,No,Recovered
T00762,A00762,Critical Monitoring,No,Recovered
T00763,A00763,Sinus Surgery,Yes,Referred
T00764,A00764,Laser Therapy,No,Recovered
T00765,A00765,Laser Therapy,No,Recovered
T00766,A00766,Fracture Fixation,Yes,Improved
T00767,A00767,Antibiotic Therapy,No,Recovered
T00768,A00768,Radiation Therapy,No,Recovered
T00769,A00769,Endoscopy,No,Recovered
T00770,A00770,Dialysis,No,Improved
T00771,A00771,IV Fluids,No,Referred
T00772,A00772,CPR,No,Improved
T00773,A00773,Wound Suturing,Yes,Recovered
T00774,A00774,EEG,No,Recovered
T00775,A00775,Radiation Therapy,No,Recovered
T00776,A00776,Antibiotic Therapy,No,Recovered
T00777,A00777,Dialysis,No,Recovered
T00778,A00778,EEG,No,Referred
T00779,A00779,Nebulization,No,Recovered
T00780,A00780,Immunotherapy,No,Improved
T00781,A00781,Insulin Therapy,No,Recovered
T00782,A00782,Antibiotic Therapy,No,Deceased
T00783,A00783,Physiotherapy,No,Recovered
T00784,A00784,Immunotherapy,No,Recovered
T00785,A00785,Laser Therapy,No,Recovered
T00786,A00786,Radiation Therapy,No,Recovered
T00787,A00787,Insulin Therapy,No,Recovered
T00788,A00788,Nebulization,No,Recovered
T00789,A00789,Vaccination,No,Recovered
T00790,A00790,IV Fluids,No,Improved
T00791,A00791,Ventilator Support,No,Recovered
T00792,A00792,IV Fluids,No,Improved
T00793,A00793,Endoscopy,No,Recovered
T00794,A00794,Dialysis,No,Improved
T00795,A00795,Antibiotic Therapy,No,Recovered
T00796,A00796,Angioplasty,Yes,Recovered
T00797,A00797,Trauma Care,No,Improved
T00798,A00798,Cryotherapy,No,Improved
T00799,A00799,Vaccination,No,Improved
T00800,A00800,Insulin Therapy,No,Recovered
T00801,A00801,Endoscopy,No,Improved
T00802,A00802,Laser Therapy,No,Recovered
T00803,A00803,Critical Monitoring,No,Improved
T00804,A00804,ECG,No,Recovered
T00805,A00805,Nebulization,No,Referred
T00806,A00806,Stroke Therapy,No,Referred
T00807,A00807,ECG,No,Recovered
T00808,A00808,Bypass Surgery,Yes,Deceased
T00809,A00809,Knee Replacement,Yes,Improved
T00810,A00810,Nebulization,No,Recovered
T00811,A00811,Nebulization,No,Referred
T00812,A00812,Vaccination,No,Improved
T00813,A00813,Vaccination,No,Improved
T00814,A00814,Fracture Fixation,Yes,Recovered
T00815,A00815,Sinus Surgery,Yes,Recovered
T00816,A00816,Ventilator Support,No,Improved
T00817,A00817,Critical Monitoring,No,Improved
T00818,A00818,Radiation Therapy,No,Recovered
T00819,A00819,Trauma Care,No,Recovered
T00820,A00820,Antibiotic Therapy,No,Recovered
T00821,A00821,Nebulization,No,Recovered
T00822,A00822,Trauma Care,No,Improved
T00823,A00823,Radiation Therapy,No,Referred
T00824,A00824,Sinus Surgery,Yes,Recovered
T00825,A00825,Critical Monitoring,No,Recovered
T00826,A00826,Laser Therapy,No,Deceased
T00827,A00827,IV Fluids,No,Recovered
T00828,A00828,Nebulization,No,Referred
T00829,A00829,Immunotherapy,No,Recovered
T00830,A00830,Fracture Fixation,Yes,Recovered
T00831,A00831,Nebulization,No,Referred
T00832,A00832,Knee Replacement,Yes,Recovered
T00833,A00833,Ear Surgery,Yes,Improved
T00834,A00834,Angioplasty,Yes,Recovered
T00835,A00835,ECG,No,Referred
T00836,A00836,Vaccination,No,Recovered
T00837,A00837,Fracture Fixation,Yes,Recovered
T00838,A00838,Endoscopy,No,Recovered
T00839,A00839,Laser Therapy,No,Recovered
T00840,A00840,Knee Replacement,Yes,Recovered
T00841,A00841,Ventilator Support,No,Recovered
T00842,A00842,Angioplasty,Yes,Recovered
T00843,A00843,Antibiotic Therapy,No,Recovered
T00844,A00844,Trauma Care,No,Improved
T00845,A00845,Radiation Therapy,No,Recovered
T00846,A00846,Chemotherapy,No,Recovered
T00847,A00847,EEG,No,Recovered
T00848,A00848,Insulin Therapy,No,Recovered
T00849,A00849,Skin Biopsy,No,Recovered
T00850,A00850,ECG,No,Recovered
T00851,A00851,Vaccination,No,Recovered
T00852,A00852,Ventilator Support,No,Recovered
T00853,A00853,Knee Replacement,Yes,Recovered
T00854,A00854,Endoscopy,No,Recovered
T00855,A00855,Endoscopy,No,Recovered
T00856,A00856,IV Fluids,No,Improved
T00857,A00857,Ventilator Support,No,Recovered
T00858,A00858,Wound Suturing,Yes,Recovered
T00859,A00859,MRI Brain,No,Recovered
T00860,A00860,Insulin Therapy,No,Recovered
T00861,A00861,Endoscopy,No,Recovered
T00862,A00862,Ear Surgery,Yes,Improved
T00863,A00863,Immunotherapy,No,Improved
T00864,A00864,Vaccination,No,Recovered
T00865,A00865,Physiotherapy,No,Recovered
T00866,A00866,Immunotherapy,No,Recovered
T00867,A00867,Physiotherapy,No,Recovered
T00868,A00868,Immunotherapy,No,Recovered
T00869,A00869,ECG,No,Improved
T00870,A00870,Ear Surgery,Yes,Improved
T00871,A00871,Knee Replacement,Yes,Recovered
T00872,A00872,ECG,No,Recovered
T00873,A00873,Ventilator Support,No,Improved
T00874,A00874,Radiation Therapy,No,Referred
T00875,A00875,Physiotherapy,No,Recovered
T00876,A00876,Bypass Surgery,Yes,Recovered
T00877,A00877,Trauma Care,No,Improved
T00878,A00878,MRI Brain,No,Recovered
T00879,A00879,Insulin Therapy,No,Improved
T00880,A00880,Radiation Therapy,No,Recovered
T00881,A00881,Sinus Surgery,Yes,Recovered
T00882,A00882,Stroke Therapy,No,Improved
T00883,A00883,Nebulization,No,Recovered
T00884,A00884,ECG,No,Recovered
T00885,A00885,Stroke Therapy,No,Recovered
T00886,A00886,Antibiotic Therapy,No,Recovered
T00887,A00887,Trauma Care,No,Improved
T00888,A00888,MRI Brain,No,Recovered
T00889,A00889,Chemotherapy,No,Recovered
T00890,A00890,Laser Therapy,No,Recovered
T00891,A00891,Nebulization,No,Recovered
T00892,A00892,IV Fluids,No,Recovered
T00893,A00893,Immunotherapy,No,Recovered
T00894,A00894,Physiotherapy,No,Recovered
T00895,A00895,Stroke Therapy,No,Recovered
T00896,A00896,Stroke Therapy,No,Recovered
T00897,A00897,Wound Suturing,Yes,Recovered
T00898,A00898,Ventilator Support,No,Recovered
T00899,A00899,Endoscopy,No,Recovered
T00900,A00900,Cryotherapy,No,Improved
T00901,A00901,CPR,No,Recovered
T00902,A00902,Trauma Care,No,Recovered
T00903,A00903,EEG,No,Recovered
T00904,A00904,Sinus Surgery,Yes,Recovered
T00905,A00905,Ventilator Support,No,Recovered
T00906,A00906,IV Fluids,No,Recovered
T00907,A00907,Sinus Surgery,Yes,Referred
T00908,A00908,Trauma Care,No,Recovered
T00909,A00909,Cryotherapy,No,Recovered
T00910,A00910,IV Fluids,No,Recovered
T00911,A00911,Chemotherapy,No,Recovered
T00912,A00912,Bypass Surgery,Yes,Recovered
T00913,A00913,Knee Replacement,Yes,Recovered
T00914,A00914,Vaccination,No,Referred
T00915,A00915,Vaccination,No,Improved
T00916,A00916,Laser Therapy,No,Recovered
T00917,A00917,Cryotherapy,No,Recovered
T00918,A00918,Dialysis,No,Improved
T00919,A00919,Trauma Care,No,Deceased
T00920,A00920,Dialysis,No,Recovered
T00921,A00921,Nebulization,No,Recovered
T00922,A00922,Fracture Fixation,Yes,Improved
T00923,A00923,Laser Therapy,No,Recovered
T00924,A00924,Endoscopy,No,Recovered
T00925,A00925,MRI Brain,No,Improved
T00926,A00926,Angioplasty,Yes,Recovered
T00927,A00927,Endoscopy,No,Recovered
T00928,A00928,Antibiotic Therapy,No,Recovered
T00929,A00929,Wound Suturing,Yes,Improved
T00930,A00930,Critical Monitoring,No,Improved
T00931,A00931,EEG,No,Recovered
T00932,A00932,Dialysis,No,Recovered
T00933,A00933,Insulin Therapy,No,Deceased
T00934,A00934,Fracture Fixation,Yes,Recovered
T00935,A00935,Laser Therapy,No,Recovered
T00936,A00936,Physiotherapy,No,Recovered
T00937,A00937,IV Fluids,No,Improved
T00938,A00938,Cryotherapy,No,Recovered
T00939,A00939,ECG,No,Recovered
T00940,A00940,Nebulization,No,Deceased
T00941,A00941,CPR,No,Recovered
T00942,A00942,Wound Suturing,Yes,Improved
T00943,A00943,IV Fluids,No,Recovered
T00944,A00944,Sinus Surgery,Yes,Recovered
T00945,A00945,Radiation Therapy,No,Recovered
T00946,A00946,Cryotherapy,No,Recovered
T00947,A00947,Physiotherapy,No,Recovered
T00948,A00948,Insulin Therapy,No,Improved
T00949,A00949,Skin Biopsy,No,Recovered
T00950,A00950,Insulin Therapy,No,Improved
T00951,A00951,Immunotherapy,No,Recovered
T00952,A00952,Ventilator Support,No,Recovered
T00953,A00953,Immunotherapy,No,Recovered
T00954,A00954,Cryotherapy,No,Improved
T00955,A00955,Insulin Therapy,No,Recovered
T00956,A00956,CPR,No,Referred
T00957,A00957,Wound Suturing,Yes,Recovered
T00958,A00958,Knee Replacement,Yes,Recovered
T00959,A00959,ECG,No,Recovered
T00960,A00960,MRI Brain,No,Recovered
T00961,A00961,Antibiotic Therapy,No,Recovered
T00962,A00962,Critical Monitoring,No,Recovered
T00963,A00963,Critical Monitoring,No,Recovered
T00964,A00964,Critical Monitoring,No,Recovered
T00965,A00965,Vaccination,No,Recovered
T00966,A00966,IV Fluids,No,Improved
T00967,A00967,Stroke Therapy,No,Recovered
T00968,A00968,Bypass Surgery,Yes,Recovered
T00969,A00969,Critical Monitoring,No,Recovered
T00970,A00970,Physiotherapy,No,Recovered
T00971,A00971,Endoscopy,No,Referred
T00972,A00972,Nebulization,No,Recovered
T00973,A00973,Antibiotic Therapy,No,Recovered
T00974,A00974,Wound Suturing,Yes,Recovered
T00975,A00975,Trauma Care,No,Recovered
T00976,A00976,Radiation Therapy,No,Recovered
T00977,A00977,Vaccination,No,Recovered
T00978,A00978,MRI Brain,No,Recovered
T00979,A00979,Immunotherapy,No,Recovered
T00980,A00980,Laser Therapy,No,Deceased
T00981,A00981,Ventilator Support,No,Improved
T00982,A00982,Endoscopy,No,Recovered
T00983,A00983,Dialysis,No,Recovered
T00984,A00984,Insulin Therapy,No,Recovered
T00985,A00985,Skin Biopsy,No,Recovered
T00986,A00986,Trauma Care,No,Recovered
T00987,A00987,Wound Suturing,Yes,Improved
T00988,A00988,Radiation Therapy,No,Recovered
T00989,A00989,Skin Biopsy,No,Improved
T00990,A00990,Bypass Surgery,Yes,Improved
T00991,A00991,Ventilator Support,No,Improved
T00992,A00992,Angioplasty,Yes,Deceased
T00993,A00993,Stroke Therapy,No,Recovered
T00994,A00994,Wound Suturing,Yes,Recovered
T00995,A00995,Ear Surgery,Yes,Referred
T00996,A00996,CPR,No,Recovered
T00997,A00997,Skin Biopsy,No,Recovered
T00998,A00998,Dialysis,No,Recovered
T00999,A00999,Radiation Therapy,No,Recovered
T01000,A01000,Immunotherapy,No,Recovered
T01001,A01001,Stroke Therapy,No,Recovered
T01002,A01002,Fracture Fixation,Yes,Recovered
T01003,A01003,Angioplasty,Yes,Improved
T01004,A01004,Sinus Surgery,Yes,Recovered
T01005,A01005,Radiation Therapy,No,Recovered
T01006,A01006,Immunotherapy,No,Recovered
T01007,A01007,Critical Monitoring,No,Recovered
T01008,A01008,Sinus Surgery,Yes,Recovered
T01009,A01009,Bypass Surgery,Yes,Recovered
T01010,A01010,Immunotherapy,No,Recovered
T01011,A01011,Skin Biopsy,No,Recovered
T01012,A01012,Chemotherapy,No,Recovered
T01013,A01013,Wound Suturing,Yes,Recovered
T01014,A01014,Laser Therapy,No,Improved
T01015,A01015,MRI Brain,No,Recovered
T01016,A01016,Stroke Therapy,No,Recovered
T01017,A01017,Trauma Care,No,Recovered
T01018,A01018,Critical Monitoring,No,Recovered
T01019,A01019,Knee Replacement,Yes,Recovered
T01020,A01020,Skin Biopsy,No,Recovered
T01021,A01021,CPR,No,Recovered
T01022,A01022,Endoscopy,No,Recovered
T01023,A01023,Nebulization,No,Deceased
T01024,A01024,Antibiotic Therapy,No,Improved
T01025,A01025,Antibiotic Therapy,No,Recovered
T01026,A01026,Antibiotic Therapy,No,Recovered
T01027,A01027,Critical Monitoring,No,Recovered
T01028,A01028,Wound Suturing,Yes,Improved
T01029,A01029,Wound Suturing,Yes,Recovered
T01030,A01030,Vaccination,No,Deceased
T01031,A01031,Critical Monitoring,No,Recovered
T01032,A01032,Physiotherapy,No,Improved
T01033,A01033,EEG,No,Recovered
T01034,A01034,Radiation Therapy,No,Recovered
T01035,A01035,Bypass Surgery,Yes,Improved
T01036,A01036,Immunotherapy,No,Recovered
T01037,A01037,CPR,No,Recovered
T01038,A01038,Stroke Therapy,No,Recovered
T01039,A01039,Endoscopy,No,Improved
T01040,A01040,Radiation Therapy,No,Recovered
T01041,A01041,Cryotherapy,No,Recovered
T01042,A01042,Physiotherapy,No,Referred
T01043,A01043,Skin Biopsy,No,Recovered
T01044,A01044,Knee Replacement,Yes,Recovered
T01045,A01045,Ventilator Support,No,Recovered
T01046,A01046,Fracture Fixation,Yes,Recovered
T01047,A01047,Cryotherapy,No,Referred
T01048,A01048,Bypass Surgery,Yes,Improved
T01049,A01049,Physiotherapy,No,Recovered
T01050,A01050,ECG,No,Recovered
T01051,A01051,Immunotherapy,No,Recovered
T01052,A01052,Stroke Therapy,No,Recovered
T01053,A01053,Insulin Therapy,No,Recovered
T01054,A01054,Immunotherapy,No,Recovered
T01055,A01055,Stroke Therapy,No,Recovered
T01056,A01056,Bypass Surgery,Yes,Recovered
T01057,A01057,Endoscopy,No,Recovered
T01058,A01058,Radiation Therapy,No,Recovered
T01059,A01059,Vaccination,No,Recovered
T01060,A01060,Sinus Surgery,Yes,Recovered
T01061,A01061,IV Fluids,No,Improved
T01062,A01062,IV Fluids,No,Recovered
T01063,A01063,CPR,No,Recovered
T01064,A01064,Stroke Therapy,No,Recovered
T01065,A01065,CPR,No,Recovered
T01066,A01066,Chemotherapy,No,Recovered
T01067,A01067,Critical Monitoring,No,Recovered
T01068,A01068,Sinus Surgery,Yes,Improved
T01069,A01069,Skin Biopsy,No,Recovered
T01070,A01070,Knee Replacement,Yes,Referred
T01071,A01071,Ventilator Support,No,Recovered
T01072,A01072,Radiation Therapy,No,Recovered
T01073,A01073,Physiotherapy,No,Recovered
T01074,A01074,Chemotherapy,No,Improved
T01075,A01075,Knee Replacement,Yes,Referred
T01076,A01076,Antibiotic Therapy,No,Recovered
T01077,A01077,Ear Surgery,Yes,Recovered
T01078,A01078,Bypass Surgery,Yes,Recovered
T01079,A01079,Trauma Care,No,Recovered
T01080,A01080,Critical Monitoring,No,Recovered
T01081,A01081,Skin Biopsy,No,Recovered
T01082,A01082,Sinus Surgery,Yes,Recovered
T01083,A01083,Knee Replacement,Yes,Recovered
T01084,A01084,Chemotherapy,No,Recovered
T01085,A01085,CPR,No,Deceased
T01086,A01086,MRI Brain,No,Recovered
T01087,A01087,Dialysis,No,Recovered
T01088,A01088,Chemotherapy,No,Improved
T01089,A01089,IV Fluids,No,Recovered
T01090,A01090,CPR,No,Recovered
T01091,A01091,Trauma Care,No,Recovered
T01092,A01092,Ventilator Support,No,Recovered
T01093,A01093,Cryotherapy,No,Improved
T01094,A01094,Insulin Therapy,No,Referred
T01095,A01095,Ear Surgery,Yes,Recovered
T01096,A01096,Trauma Care,No,Referred
T01097,A01097,Trauma Care,No,Deceased
T01098,A01098,Nebulization,No,Improved
T01099,A01099,Vaccination,No,Referred
T01100,A01100,IV Fluids,No,Improved
T01101,A01101,Vaccination,No,Recovered
T01102,A01102,IV Fluids,No,Recovered
T01103,A01103,Dialysis,No,Recovered
T01104,A01104,Bypass Surgery,Yes,Recovered
T01105,A01105,Sinus Surgery,Yes,Improved
T01106,A01106,Ventilator Support,No,Improved
T01107,A01107,IV Fluids,No,Recovered
T01108,A01108,Trauma Care,No,Recovered
T01109,A01109,Bypass Surgery,Yes,Recovered
T01110,A01110,Radiation Therapy,No,Improved
T01111,A01111,MRI Brain,No,Improved
T01112,A01112,Angioplasty,Yes,Recovered
T01113,A01113,ECG,No,Recovered
T01114,A01114,Antibiotic Therapy,No,Improved
T01115,A01115,Stroke Therapy,No,Recovered
T01116,A01116,Trauma Care,No,Recovered
T01117,A01117,Trauma Care,No,Recovered
T01118,A01118,MRI Brain,No,Recovered
T01119,A01119,Insulin Therapy,No,Recovered
T01120,A01120,Angioplasty,Yes,Recovered
T01121,A01121,Laser Therapy,No,Referred
T01122,A01122,Laser Therapy,No,Recovered
T01123,A01123,Bypass Surgery,Yes,Recovered
T01124,A01124,Cryotherapy,No,Recovered
T01125,A01125,Chemotherapy,No,Recovered
T01126,A01126,Chemotherapy,No,Recovered
T01127,A01127,Chemotherapy,No,Recovered
T01128,A01128,Critical Monitoring,No,Referred
T01129,A01129,Physiotherapy,No,Improved
T01130,A01130,Bypass Surgery,Yes,Recovered
T01131,A01131,Knee Replacement,Yes,Recovered
T01132,A01132,Chemotherapy,No,Recovered
T01133,A01133,Chemotherapy,No,Recovered
T01134,A01134,Nebulization,No,Improved
T01135,A01135,Antibiotic Therapy,No,Recovered
T01136,A01136,Critical Monitoring,No,Recovered
T01137,A01137,Dialysis,No,Improved
T01138,A01138,EEG,No,Improved
T01139,A01139,ECG,No,Recovered
T01140,A01140,IV Fluids,No,Improved
T01141,A01141,MRI Brain,No,Recovered
T01142,A01142,CPR,No,Improved
T01143,A01143,MRI Brain,No,Referred
T01144,A01144,Vaccination,No,Recovered
T01145,A01145,Antibiotic Therapy,No,Referred
T01146,A01146,Insulin Therapy,No,Recovered
T01147,A01147,Vaccination,No,Recovered
T01148,A01148,IV Fluids,No,Recovered
T01149,A01149,Critical Monitoring,No,Recovered
T01150,A01150,Endoscopy,No,Recovered
T01151,A01151,CPR,No,Recovered
T01152,A01152,Chemotherapy,No,Recovered
T01153,A01153,Bypass Surgery,Yes,Recovered
T01154,A01154,Bypass Surgery,Yes,Recovered
T01155,A01155,Knee Replacement,Yes,Recovered
T01156,A01156,Knee Replacement,Yes,Improved
T01157,A01157,Laser Therapy,No,Recovered
T01158,A01158,Fracture Fixation,Yes,Improved
T01159,A01159,Physiotherapy,No,Recovered
T01160,A01160,Knee Replacement,Yes,Recovered
T01161,A01161,Fracture Fixation,Yes,Recovered
T01162,A01162,ECG,No,Referred
T01163,A01163,MRI Brain,No,Deceased
T01164,A01164,Nebulization,No,Recovered
T01165,A01165,IV Fluids,No,Recovered
T01166,A01166,Fracture Fixation,Yes,Improved
T01167,A01167,IV Fluids,No,Recovered
T01168,A01168,IV Fluids,No,Recovered
T01169,A01169,Radiation Therapy,No,Recovered
T01170,A01170,Wound Suturing,Yes,Recovered
T01171,A01171,Bypass Surgery,Yes,Referred
T01172,A01172,Immunotherapy,No,Recovered
T01173,A01173,Radiation Therapy,No,Recovered
T01174,A01174,Antibiotic Therapy,No,Recovered
T01175,A01175,ECG,No,Improved
T01176,A01176,Fracture Fixation,Yes,Improved
T01177,A01177,Insulin Therapy,No,Deceased
T01178,A01178,Angioplasty,Yes,Recovered
T01179,A01179,Endoscopy,No,Recovered
T01180,A01180,Dialysis,No,Improved
T01181,A01181,MRI Brain,No,Recovered
T01182,A01182,Chemotherapy,No,Recovered
T01183,A01183,EEG,No,Improved
T01184,A01184,Trauma Care,No,Improved
T01185,A01185,Radiation Therapy,No,Recovered
T01186,A01186,MRI Brain,No,Recovered
T01187,A01187,Ventilator Support,No,Recovered
T01188,A01188,ECG,No,Recovered
T01189,A01189,Critical Monitoring,No,Improved
T01190,A01190,Ventilator Support,No,Recovered
T01191,A01191,Trauma Care,No,Recovered
T01192,A01192,Fracture Fixation,Yes,Recovered
T01193,A01193,MRI Brain,No,Recovered
T01194,A01194,Knee Replacement,Yes,Recovered
T01195,A01195,EEG,No,Recovered
T01196,A01196,Immunotherapy,No,Recovered
T01197,A01197,Endoscopy,No,Improved
T01198,A01198,Ear Surgery,Yes,Recovered
T01199,A01199,Trauma Care,No,Deceased
T01200,A01200,Cryotherapy,No,Recovered
T01201,A01201,IV Fluids,No,Recovered
T01202,A01202,CPR,No,Referred
T01203,A01203,CPR,No,Referred
T01204,A01204,Physiotherapy,No,Recovered
T01205,A01205,Cryotherapy,No,Recovered
T01206,A01206,Nebulization,No,Referred
T01207,A01207,CPR,No,Recovered
T01208,A01208,EEG,No,Recovered
T01209,A01209,Wound Suturing,Yes,Recovered
T01210,A01210,Wound Suturing,Yes,Recovered
T01211,A01211,Immunotherapy,No,Recovered
T01212,A01212,Trauma Care,No,Recovered
T01213,A01213,Immunotherapy,No,Recovered
T01214,A01214,Sinus Surgery,Yes,Referred
T01215,A01215,Immunotherapy,No,Recovered
T01216,A01216,Stroke Therapy,No,Recovered
T01217,A01217,Trauma Care,No,Recovered
T01218,A01218,Dialysis,No,Recovered
T01219,A01219,IV Fluids,No,Recovered
T01220,A01220,Stroke Therapy,No,Improved
T01221,A01221,Insulin Therapy,No,Recovered
T01222,A01222,Ear Surgery,Yes,Recovered
T01223,A01223,Angioplasty,Yes,Recovered
T01224,A01224,Antibiotic Therapy,No,Recovered
T01225,A01225,ECG,No,Recovered
T01226,A01226,Bypass Surgery,Yes,Improved
T01227,A01227,EEG,No,Recovered
T01228,A01228,Trauma Care,No,Improved
T01229,A01229,Radiation Therapy,No,Recovered
T01230,A01230,MRI Brain,No,Recovered
T01231,A01231,Ventilator Support,No,Referred
T01232,A01232,Trauma Care,No,Improved
T01233,A01233,Knee Replacement,Yes,Referred
T01234,A01234,Endoscopy,No,Recovered
T01235,A01235,ECG,No,Recovered
T01236,A01236,Trauma Care,No,Recovered
T01237,A01237,Nebulization,No,Recovered
T01238,A01238,Critical Monitoring,No,Recovered
T01239,A01239,Sinus Surgery,Yes,Recovered
T01240,A01240,Endoscopy,No,Improved
T01241,A01241,Wound Suturing,Yes,Recovered
T01242,A01242,Critical Monitoring,No,Recovered
T01243,A01243,Dialysis,No,Referred
T01244,A01244,IV Fluids,No,Recovered
T01245,A01245,ECG,No,Recovered
T01246,A01246,Fracture Fixation,Yes,Improved
T01247,A01247,Trauma Care,No,Recovered
T01248,A01248,Bypass Surgery,Yes,Recovered
T01249,A01249,Knee Replacement,Yes,Recovered
T01250,A01250,MRI Brain,No,Recovered
T01251,A01251,Dialysis,No,Recovered
T01252,A01252,Chemotherapy,No,Recovered
T01253,A01253,Bypass Surgery,Yes,Referred
T01254,A01254,Laser Therapy,No,Recovered
T01255,A01255,Dialysis,No,Referred
T01256,A01256,Immunotherapy,No,Improved
T01257,A01257,Wound Suturing,Yes,Recovered
T01258,A01258,Sinus Surgery,Yes,Recovered
T01259,A01259,Cryotherapy,No,Recovered
T01260,A01260,Ear Surgery,Yes,Referred
T01261,A01261,Cryotherapy,No,Deceased
T01262,A01262,Ear Surgery,Yes,Recovered
T01263,A01263,Fracture Fixation,Yes,Referred
T01264,A01264,CPR,No,Recovered
T01265,A01265,Chemotherapy,No,Recovered
T01266,A01266,Endoscopy,No,Recovered
T01267,A01267,Physiotherapy,No,Recovered
T01268,A01268,MRI Brain,No,Recovered
T01269,A01269,Nebulization,No,Recovered
T01270,A01270,Antibiotic Therapy,No,Recovered
T01271,A01271,Physiotherapy,No,Referred
T01272,A01272,Cryotherapy,No,Recovered
T01273,A01273,MRI Brain,No,Recovered
T01274,A01274,Stroke Therapy,No,Recovered
T01275,A01275,Bypass Surgery,Yes,Improved
T01276,A01276,EEG,No,Deceased
T01277,A01277,Trauma Care,No,Recovered
T01278,A01278,Physiotherapy,No,Recovered
T01279,A01279,Insulin Therapy,No,Recovered
T01280,A01280,Chemotherapy,No,Recovered
T01281,A01281,Trauma Care,No,Recovered
T01282,A01282,Endoscopy,No,Recovered
T01283,A01283,Stroke Therapy,No,Recovered
T01284,A01284,Nebulization,No,Recovered
T01285,A01285,Wound Suturing,Yes,Recovered
T01286,A01286,MRI Brain,No,Deceased
T01287,A01287,Skin Biopsy,No,Recovered
T01288,A01288,Trauma Care,No,Recovered
T01289,A01289,EEG,No,Improved
T01290,A01290,Trauma Care,No,Recovered
T01291,A01291,Radiation Therapy,No,Recovered
T01292,A01292,Vaccination,No,Recovered
T01293,A01293,Critical Monitoring,No,Recovered
T01294,A01294,Nebulization,No,Improved
T01295,A01295,Physiotherapy,No,Improved
T01296,A01296,Bypass Surgery,Yes,Deceased
T01297,A01297,Fracture Fixation,Yes,Improved
T01298,A01298,Vaccination,No,Recovered
T01299,A01299,Critical Monitoring,No,Improved
T01300,A01300,Stroke Therapy,No,Recovered
T01301,A01301,MRI Brain,No,Recovered
T01302,A01302,Nebulization,No,Improved
T01303,A01303,EEG,No,Recovered
T01304,A01304,Chemotherapy,No,Referred
T01305,A01305,Stroke Therapy,No,Recovered
T01306,A01306,MRI Brain,No,Recovered
T01307,A01307,Critical Monitoring,No,Improved
T01308,A01308,ECG,No,Recovered
T01309,A01309,IV Fluids,No,Recovered
T01310,A01310,Knee Replacement,Yes,Recovered
T01311,A01311,EEG,No,Recovered
T01312,A01312,Physiotherapy,No,Recovered
T01313,A01313,EEG,No,Improved
T01314,A01314,IV Fluids,No,Improved
T01315,A01315,Sinus Surgery,Yes,Recovered
T01316,A01316,Dialysis,No,Recovered
T01317,A01317,ECG,No,Recovered
T01318,A01318,Antibiotic Therapy,No,Referred
T01319,A01319,Radiation Therapy,No,Referred
T01320,A01320,IV Fluids,No,Recovered
T01321,A01321,Angioplasty,Yes,Improved
T01322,A01322,Nebulization,No,Recovered
T01323,A01323,Wound Suturing,Yes,Recovered
T01324,A01324,Radiation Therapy,No,Recovered
T01325,A01325,Antibiotic Therapy,No,Recovered
T01326,A01326,Stroke Therapy,No,Recovered
T01327,A01327,Critical Monitoring,No,Recovered
T01328,A01328,Chemotherapy,No,Improved
T01329,A01329,Ventilator Support,No,Recovered
T01330,A01330,Knee Replacement,Yes,Improved
T01331,A01331,Physiotherapy,No,Recovered
T01332,A01332,Knee Replacement,Yes,Recovered
T01333,A01333,Ear Surgery,Yes,Recovered
T01334,A01334,Wound Suturing,Yes,Recovered
T01335,A01335,Sinus Surgery,Yes,Recovered
T01336,A01336,Skin Biopsy,No,Recovered
T01337,A01337,Wound Suturing,Yes,Recovered
T01338,A01338,Physiotherapy,No,Recovered
T01339,A01339,ECG,No,Recovered
T01340,A01340,Immunotherapy,No,Recovered
T01341,A01341,Cryotherapy,No,Improved
T01342,A01342,Knee Replacement,Yes,Recovered
T01343,A01343,Laser Therapy,No,Recovered
T01344,A01344,ECG,No,Improved
T01345,A01345,IV Fluids,No,Referred
T01346,A01346,Ear Surgery,Yes,Recovered
T01347,A01347,MRI Brain,No,Recovered
T01348,A01348,Trauma Care,No,Recovered
T01349,A01349,Wound Suturing,Yes,Recovered
T01350,A01350,Trauma Care,No,Recovered
T01351,A01351,Angioplasty,Yes,Recovered
T01352,A01352,Stroke Therapy,No,Recovered
T01353,A01353,Skin Biopsy,No,Recovered
T01354,A01354,Trauma Care,No,Improved
T01355,A01355,Laser Therapy,No,Recovered
T01356,A01356,Insulin Therapy,No,Recovered
T01357,A01357,Vaccination,No,Recovered
T01358,A01358,Sinus Surgery,Yes,Recovered
T01359,A01359,EEG,No,Recovered
T01360,A01360,Sinus Surgery,Yes,Recovered
T01361,A01361,Wound Suturing,Yes,Improved
T01362,A01362,Antibiotic Therapy,No,Deceased
T01363,A01363,Skin Biopsy,No,Recovered
T01364,A01364,Endoscopy,No,Referred
T01365,A01365,Ear Surgery,Yes,Recovered
T01366,A01366,MRI Brain,No,Referred
T01367,A01367,Radiation Therapy,No,Recovered
T01368,A01368,Endoscopy,No,Recovered
T01369,A01369,Immunotherapy,No,Improved
T01370,A01370,Dialysis,No,Recovered
T01371,A01371,Wound Suturing,Yes,Recovered
T01372,A01372,EEG,No,Recovered
T01373,A01373,Critical Monitoring,No,Recovered
T01374,A01374,CPR,No,Recovered
T01375,A01375,Bypass Surgery,Yes,Recovered
T01376,A01376,Bypass Surgery,Yes,Recovered
T01377,A01377,Laser Therapy,No,Improved
T01378,A01378,ECG,No,Improved
T01379,A01379,Wound Suturing,Yes,Recovered
T01380,A01380,Ear Surgery,Yes,Recovered
T01381,A01381,Trauma Care,No,Recovered
T01382,A01382,Trauma Care,No,Improved
T01383,A01383,Wound Suturing,Yes,Recovered
T01384,A01384,Cryotherapy,No,Recovered
T01385,A01385,Laser Therapy,No,Recovered
T01386,A01386,Endoscopy,No,Recovered
T01387,A01387,Vaccination,No,Improved
T01388,A01388,Wound Suturing,Yes,Improved
T01389,A01389,CPR,No,Recovered
T01390,A01390,Chemotherapy,No,Recovered
T01391,A01391,Trauma Care,No,Recovered
T01392,A01392,Laser Therapy,No,Recovered
T01393,A01393,IV Fluids,No,Recovered
T01394,A01394,Physiotherapy,No,Recovered
T01395,A01395,Nebulization,No,Referred
T01396,A01396,Angioplasty,Yes,Referred
T01397,A01397,Angioplasty,Yes,Recovered
T01398,A01398,Trauma Care,No,Recovered
T01399,A01399,Physiotherapy,No,Improved
T01400,A01400,Immunotherapy,No,Recovered
T01401,A01401,Physiotherapy,No,Recovered
T01402,A01402,Knee Replacement,Yes,Recovered
T01403,A01403,Bypass Surgery,Yes,Recovered
T01404,A01404,Physiotherapy,No,Recovered
T01405,A01405,Vaccination,No,Recovered
T01406,A01406,Nebulization,No,Recovered
T01407,A01407,Skin Biopsy,No,Recovered
T01408,A01408,Immunotherapy,No,Recovered
T01409,A01409,Laser Therapy,No,Recovered
T01410,A01410,Insulin Therapy,No,Recovered
T01411,A01411,Stroke Therapy,No,Recovered
T01412,A01412,Dialysis,No,Improved
T01413,A01413,Nebulization,No,Recovered
T01414,A01414,Sinus Surgery,Yes,Recovered
T01415,A01415,Physiotherapy,No,Recovered
T01416,A01416,Sinus Surgery,Yes,Recovered
T01417,A01417,CPR,No,Improved
T01418,A01418,Cryotherapy,No,Recovered
T01419,A01419,Trauma Care,No,Recovered
T01420,A01420,Angioplasty,Yes,Recovered
T01421,A01421,Angioplasty,Yes,Recovered
T01422,A01422,Dialysis,No,Recovered
T01423,A01423,Ventilator Support,No,Recovered
T01424,A01424,Sinus Surgery,Yes,Recovered
T01425,A01425,Antibiotic Therapy,No,Recovered
T01426,A01426,Fracture Fixation,Yes,Recovered
T01427,A01427,Stroke Therapy,No,Recovered
T01428,A01428,Bypass Surgery,Yes,Recovered
T01429,A01429,Sinus Surgery,Yes,Improved
T01430,A01430,Vaccination,No,Recovered
T01431,A01431,Physiotherapy,No,Recovered
T01432,A01432,IV Fluids,No,Recovered
T01433,A01433,Trauma Care,No,Recovered
T01434,A01434,Sinus Surgery,Yes,Recovered
T01435,A01435,Antibiotic Therapy,No,Recovered
T01436,A01436,Angioplasty,Yes,Recovered
T01437,A01437,EEG,No,Recovered
T01438,A01438,Angioplasty,Yes,Improved
T01439,A01439,Antibiotic Therapy,No,Recovered
T01440,A01440,IV Fluids,No,Improved
T01441,A01441,Nebulization,No,Referred
T01442,A01442,EEG,No,Recovered
T01443,A01443,ECG,No,Recovered
T01444,A01444,Ventilator Support,No,Recovered
T01445,A01445,Fracture Fixation,Yes,Recovered
T01446,A01446,Ear Surgery,Yes,Recovered
T01447,A01447,Stroke Therapy,No,Recovered
T01448,A01448,Physiotherapy,No,Recovered
T01449,A01449,Skin Biopsy,No,Recovered
T01450,A01450,Immunotherapy,No,Recovered
T01451,A01451,Antibiotic Therapy,No,Referred
T01452,A01452,Ear Surgery,Yes,Recovered
T01453,A01453,Sinus Surgery,Yes,Recovered
T01454,A01454,Trauma Care,No,Recovered
T01455,A01455,Angioplasty,Yes,Recovered
T01456,A01456,Wound Suturing,Yes,Referred
T01457,A01457,Stroke Therapy,No,Recovered
T01458,A01458,Dialysis,No,Referred
T01459,A01459,IV Fluids,No,Recovered
T01460,A01460,Stroke Therapy,No,Recovered
T01461,A01461,Angioplasty,Yes,Improved
T01462,A01462,Sinus Surgery,Yes,Recovered
T01463,A01463,Ear Surgery,Yes,Recovered
T01464,A01464,Vaccination,No,Recovered
T01465,A01465,IV Fluids,No,Recovered
T01466,A01466,Angioplasty,Yes,Recovered
T01467,A01467,Laser Therapy,No,Recovered
T01468,A01468,Knee Replacement,Yes,Recovered
T01469,A01469,Ear Surgery,Yes,Recovered
T01470,A01470,Sinus Surgery,Yes,Improved
T01471,A01471,Knee Replacement,Yes,Recovered
T01472,A01472,Ear Surgery,Yes,Improved
T01473,A01473,Nebulization,No,Recovered
T01474,A01474,Nebulization,No,Recovered
T01475,A01475,Antibiotic Therapy,No,Improved
T01476,A01476,Radiation Therapy,No,Improved
T01477,A01477,Ventilator Support,No,Recovered
T01478,A01478,Angioplasty,Yes,Improved
T01479,A01479,Ear Surgery,Yes,Recovered
T01480,A01480,Trauma Care,No,Improved
T01481,A01481,Ventilator Support,No,Recovered
T01482,A01482,EEG,No,Recovered
T01483,A01483,IV Fluids,No,Improved
T01484,A01484,IV Fluids,No,Recovered
T01485,A01485,Insulin Therapy,No,Recovered
T01486,A01486,Ear Surgery,Yes,Improved
T01487,A01487,Skin Biopsy,No,Recovered
T01488,A01488,IV Fluids,No,Recovered
T01489,A01489,Endoscopy,No,Recovered
T01490,A01490,Physiotherapy,No,Recovered
T01491,A01491,Immunotherapy,No,Recovered
T01492,A01492,Immunotherapy,No,Deceased
T01493,A01493,Physiotherapy,No,Improved
T01494,A01494,Vaccination,No,Referred
T01495,A01495,IV Fluids,No,Referred
T01496,A01496,Laser Therapy,No,Improved
T01497,A01497,Trauma Care,No,Improved
T01498,A01498,Ear Surgery,Yes,Recovered
T01499,A01499,Antibiotic Therapy,No,Recovered
T01500,A01500,Vaccination,No,Improved
T01501,A01501,IV Fluids,No,Recovered
T01502,A01502,Ear Surgery,Yes,Recovered
T01503,A01503,Dialysis,No,Recovered
T01504,A01504,Laser Therapy,No,Recovered
T01505,A01505,Bypass Surgery,Yes,Improved
T01506,A01506,Ear Surgery,Yes,Recovered
T01507,A01507,CPR,No,Recovered
T01508,A01508,Dialysis,No,Recovered
T01509,A01509,Laser Therapy,No,Recovered
T01510,A01510,Ear Surgery,Yes,Improved
T01511,A01511,Physiotherapy,No,Recovered
T01512,A01512,Radiation Therapy,No,Recovered
T01513,A01513,IV Fluids,No,Recovered
T01514,A01514,Chemotherapy,No,Improved
T01515,A01515,Wound Suturing,Yes,Recovered
T01516,A01516,Sinus Surgery,Yes,Improved
T01517,A01517,Stroke Therapy,No,Recovered
T01518,A01518,Angioplasty,Yes,Recovered
T01519,A01519,Critical Monitoring,No,Recovered
T01520,A01520,Dialysis,No,Improved
T01521,A01521,Bypass Surgery,Yes,Improved
T01522,A01522,Trauma Care,No,Recovered
T01523,A01523,Sinus Surgery,Yes,Recovered
T01524,A01524,Fracture Fixation,Yes,Recovered
T01525,A01525,Ventilator Support,No,Deceased
T01526,A01526,Dialysis,No,Recovered
T01527,A01527,Critical Monitoring,No,Referred
T01528,A01528,Physiotherapy,No,Recovered
T01529,A01529,Radiation Therapy,No,Recovered
T01530,A01530,Dialysis,No,Recovered
T01531,A01531,Wound Suturing,Yes,Recovered
T01532,A01532,IV Fluids,No,Recovered
T01533,A01533,Knee Replacement,Yes,Recovered
T01534,A01534,Immunotherapy,No,Recovered
T01535,A01535,Ear Surgery,Yes,Recovered
T01536,A01536,Insulin Therapy,No,Improved
T01537,A01537,Insulin Therapy,No,Recovered
T01538,A01538,Vaccination,No,Recovered
T01539,A01539,MRI Brain,No,Recovered
T01540,A01540,Stroke Therapy,No,Recovered
T01541,A01541,Physiotherapy,No,Recovered
T01542,A01542,Vaccination,No,Deceased
T01543,A01543,Knee Replacement,Yes,Recovered
T01544,A01544,Laser Therapy,No,Recovered
T01545,A01545,Wound Suturing,Yes,Recovered
T01546,A01546,Ear Surgery,Yes,Recovered
T01547,A01547,Wound Suturing,Yes,Improved
T01548,A01548,Skin Biopsy,No,Recovered
T01549,A01549,Ventilator Support,No,Recovered
T01550,A01550,Bypass Surgery,Yes,Recovered
T01551,A01551,Endoscopy,No,Recovered
T01552,A01552,CPR,No,Recovered
T01553,A01553,Nebulization,No,Recovered
T01554,A01554,Ear Surgery,Yes,Recovered
T01555,A01555,Skin Biopsy,No,Referred
T01556,A01556,Bypass Surgery,Yes,Recovered
T01557,A01557,Insulin Therapy,No,Recovered
T01558,A01558,Trauma Care,No,Recovered
T01559,A01559,Skin Biopsy,No,Recovered
T01560,A01560,Radiation Therapy,No,Recovered
T01561,A01561,Sinus Surgery,Yes,Recovered
T01562,A01562,Ear Surgery,Yes,Recovered
T01563,A01563,Cryotherapy,No,Recovered
T01564,A01564,Physiotherapy,No,Recovered
T01565,A01565,Immunotherapy,No,Recovered
T01566,A01566,Cryotherapy,No,Recovered
T01567,A01567,Antibiotic Therapy,No,Improved
T01568,A01568,Vaccination,No,Recovered
T01569,A01569,Immunotherapy,No,Recovered
T01570,A01570,Knee Replacement,Yes,Recovered
T01571,A01571,Chemotherapy,No,Improved
T01572,A01572,Trauma Care,No,Recovered
T01573,A01573,Fracture Fixation,Yes,Recovered
T01574,A01574,Antibiotic Therapy,No,Recovered
T01575,A01575,Critical Monitoring,No,Improved
T01576,A01576,Fracture Fixation,Yes,Deceased
T01577,A01577,Knee Replacement,Yes,Recovered
T01578,A01578,CPR,No,Recovered
T01579,A01579,IV Fluids,No,Recovered
T01580,A01580,Knee Replacement,Yes,Referred
T01581,A01581,Fracture Fixation,Yes,Recovered
T01582,A01582,Ear Surgery,Yes,Recovered
T01583,A01583,ECG,No,Recovered
T01584,A01584,Fracture Fixation,Yes,Referred
T01585,A01585,Stroke Therapy,No,Recovered
T01586,A01586,Endoscopy,No,Improved
T01587,A01587,Stroke Therapy,No,Recovered
T01588,A01588,Laser Therapy,No,Recovered
T01589,A01589,Bypass Surgery,Yes,Recovered
T01590,A01590,Insulin Therapy,No,Recovered
T01591,A01591,Knee Replacement,Yes,Recovered
T01592,A01592,Vaccination,No,Deceased
T01593,A01593,Trauma Care,No,Recovered
T01594,A01594,Sinus Surgery,Yes,Recovered
T01595,A01595,IV Fluids,No,Recovered
T01596,A01596,Insulin Therapy,No,Recovered
T01597,A01597,IV Fluids,No,Improved
T01598,A01598,Chemotherapy,No,Recovered
T01599,A01599,Ear Surgery,Yes,Referred
T01600,A01600,Ear Surgery,Yes,Recovered
T01601,A01601,Critical Monitoring,No,Recovered
T01602,A01602,CPR,No,Improved
T01603,A01603,Physiotherapy,No,Recovered
T01604,A01604,Vaccination,No,Improved
T01605,A01605,Physiotherapy,No,Recovered
T01606,A01606,Knee Replacement,Yes,Referred
T01607,A01607,Immunotherapy,No,Recovered
T01608,A01608,Physiotherapy,No,Recovered
T01609,A01609,Wound Suturing,Yes,Recovered
T01610,A01610,Knee Replacement,Yes,Improved
T01611,A01611,Insulin Therapy,No,Improved
T01612,A01612,Fracture Fixation,Yes,Recovered
T01613,A01613,Knee Replacement,Yes,Recovered
T01614,A01614,Chemotherapy,No,Recovered
T01615,A01615,IV Fluids,No,Recovered
T01616,A01616,IV Fluids,No,Recovered
T01617,A01617,Nebulization,No,Recovered
T01618,A01618,Physiotherapy,No,Recovered
T01619,A01619,Vaccination,No,Recovered
T01620,A01620,Skin Biopsy,No,Improved
T01621,A01621,Immunotherapy,No,Improved
T01622,A01622,Vaccination,No,Improved
T01623,A01623,Ear Surgery,Yes,Recovered
T01624,A01624,Vaccination,No,Recovered
T01625,A01625,Dialysis,No,Recovered
T01626,A01626,Ear Surgery,Yes,Recovered
T01627,A01627,Ear Surgery,Yes,Recovered
T01628,A01628,Critical Monitoring,No,Improved
T01629,A01629,IV Fluids,No,Recovered
T01630,A01630,Vaccination,No,Recovered
T01631,A01631,IV Fluids,No,Recovered
T01632,A01632,Insulin Therapy,No,Recovered
T01633,A01633,Insulin Therapy,No,Recovered
T01634,A01634,MRI Brain,No,Recovered
T01635,A01635,Endoscopy,No,Deceased
T01636,A01636,Nebulization,No,Recovered
T01637,A01637,Sinus Surgery,Yes,Improved
T01638,A01638,Sinus Surgery,Yes,Recovered
T01639,A01639,Cryotherapy,No,Recovered
T01640,A01640,Knee Replacement,Yes,Recovered
T01641,A01641,CPR,No,Improved
T01642,A01642,Endoscopy,No,Recovered
T01643,A01643,Sinus Surgery,Yes,Recovered
T01644,A01644,Laser Therapy,No,Deceased
T01645,A01645,Skin Biopsy,No,Improved
T01646,A01646,Critical Monitoring,No,Improved
T01647,A01647,Fracture Fixation,Yes,Recovered
T01648,A01648,Dialysis,No,Recovered
T01649,A01649,EEG,No,Recovered
T01650,A01650,Immunotherapy,No,Improved
T01651,A01651,IV Fluids,No,Recovered
T01652,A01652,Endoscopy,No,Recovered
T01653,A01653,Critical Monitoring,No,Improved
T01654,A01654,Skin Biopsy,No,Recovered
T01655,A01655,ECG,No,Recovered
T01656,A01656,Vaccination,No,Deceased
T01657,A01657,Vaccination,No,Improved
T01658,A01658,Ear Surgery,Yes,Recovered
T01659,A01659,Insulin Therapy,No,Improved
T01660,A01660,CPR,No,Recovered
T01661,A01661,Nebulization,No,Recovered
T01662,A01662,Physiotherapy,No,Recovered
T01663,A01663,Ear Surgery,Yes,Recovered
T01664,A01664,Critical Monitoring,No,Improved
T01665,A01665,Vaccination,No,Recovered
T01666,A01666,Ventilator Support,No,Recovered
T01667,A01667,Ear Surgery,Yes,Recovered
T01668,A01668,Knee Replacement,Yes,Improved
T01669,A01669,Laser Therapy,No,Improved
T01670,A01670,Endoscopy,No,Recovered
T01671,A01671,Knee Replacement,Yes,Recovered
T01672,A01672,Skin Biopsy,No,Referred
T01673,A01673,Fracture Fixation,Yes,Improved
T01674,A01674,EEG,No,Recovered
T01675,A01675,Ventilator Support,No,Recovered
T01676,A01676,Laser Therapy,No,Recovered
T01677,A01677,ECG,No,Recovered
T01678,A01678,Chemotherapy,No,Recovered
T01679,A01679,Knee Replacement,Yes,Recovered
T01680,A01680,Ear Surgery,Yes,Recovered
T01681,A01681,Physiotherapy,No,Recovered
T01682,A01682,CPR,No,Recovered
T01683,A01683,Fracture Fixation,Yes,Recovered
T01684,A01684,Wound Suturing,Yes,Recovered
T01685,A01685,Cryotherapy,No,Recovered
T01686,A01686,Angioplasty,Yes,Recovered
T01687,A01687,Fracture Fixation,Yes,Recovered
T01688,A01688,Wound Suturing,Yes,Improved
T01689,A01689,Vaccination,No,Recovered
T01690,A01690,Wound Suturing,Yes,Improved
T01691,A01691,IV Fluids,No,Improved
T01692,A01692,Ventilator Support,No,Recovered
T01693,A01693,Ear Surgery,Yes,Improved
T01694,A01694,Ear Surgery,Yes,Recovered
T01695,A01695,Trauma Care,No,Improved
T01696,A01696,Chemotherapy,No,Recovered
T01697,A01697,Wound Suturing,Yes,Recovered
T01698,A01698,Antibiotic Therapy,No,Referred
T01699,A01699,Fracture Fixation,Yes,Recovered
T01700,A01700,IV Fluids,No,Referred
T01701,A01701,Trauma Care,No,Recovered
T01702,A01702,Fracture Fixation,Yes,Recovered
T01703,A01703,Endoscopy,No,Recovered
T01704,A01704,Fracture Fixation,Yes,Recovered
T01705,A01705,Dialysis,No,Recovered
T01706,A01706,Radiation Therapy,No,Recovered
T01707,A01707,Bypass Surgery,Yes,Recovered
T01708,A01708,CPR,No,Recovered
T01709,A01709,Skin Biopsy,No,Recovered
T01710,A01710,Angioplasty,Yes,Recovered
T01711,A01711,Fracture Fixation,Yes,Referred
T01712,A01712,Angioplasty,Yes,Recovered
T01713,A01713,Trauma Care,No,Recovered
T01714,A01714,Physiotherapy,No,Recovered
T01715,A01715,CPR,No,Recovered
T01716,A01716,Knee Replacement,Yes,Improved
T01717,A01717,Wound Suturing,Yes,Recovered
T01718,A01718,Radiation Therapy,No,Recovered
T01719,A01719,Stroke Therapy,No,Recovered
T01720,A01720,Critical Monitoring,No,Recovered
T01721,A01721,CPR,No,Improved
T01722,A01722,Sinus Surgery,Yes,Improved
T01723,A01723,Radiation Therapy,No,Recovered
T01724,A01724,Stroke Therapy,No,Recovered
T01725,A01725,Critical Monitoring,No,Recovered
T01726,A01726,Laser Therapy,No,Recovered
T01727,A01727,Ventilator Support,No,Recovered
T01728,A01728,MRI Brain,No,Recovered
T01729,A01729,Nebulization,No,Recovered
T01730,A01730,IV Fluids,No,Recovered
T01731,A01731,Immunotherapy,No,Deceased
T01732,A01732,Vaccination,No,Recovered
T01733,A01733,CPR,No,Recovered
T01734,A01734,Cryotherapy,No,Improved
T01735,A01735,CPR,No,Recovered
T01736,A01736,Vaccination,No,Recovered
T01737,A01737,Stroke Therapy,No,Recovered
T01738,A01738,Trauma Care,No,Recovered
T01739,A01739,Immunotherapy,No,Recovered
T01740,A01740,CPR,No,Recovered
T01741,A01741,Endoscopy,No,Recovered
T01742,A01742,Bypass Surgery,Yes,Recovered
T01743,A01743,Critical Monitoring,No,Recovered
T01744,A01744,Antibiotic Therapy,No,Referred
T01745,A01745,Stroke Therapy,No,Recovered
T01746,A01746,ECG,No,Recovered
T01747,A01747,Ear Surgery,Yes,Recovered
T01748,A01748,Antibiotic Therapy,No,Recovered
T01749,A01749,Physiotherapy,No,Recovered
T01750,A01750,Sinus Surgery,Yes,Referred
T01751,A01751,Trauma Care,No,Improved
T01752,A01752,Sinus Surgery,Yes,Improved
T01753,A01753,Dialysis,No,Recovered
T01754,A01754,Insulin Therapy,No,Recovered
T01755,A01755,Ventilator Support,No,Improved
T01756,A01756,Endoscopy,No,Improved
T01757,A01757,Ear Surgery,Yes,Recovered
T01758,A01758,Physiotherapy,No,Recovered
T01759,A01759,Insulin Therapy,No,Recovered
T01760,A01760,Sinus Surgery,Yes,Recovered
T01761,A01761,MRI Brain,No,Improved
T01762,A01762,Wound Suturing,Yes,Improved
T01763,A01763,Angioplasty,Yes,Recovered
T01764,A01764,Skin Biopsy,No,Improved
T01765,A01765,Bypass Surgery,Yes,Recovered
T01766,A01766,Critical Monitoring,No,Improved
T01767,A01767,Ventilator Support,No,Recovered
T01768,A01768,ECG,No,Recovered
T01769,A01769,EEG,No,Recovered
T01770,A01770,ECG,No,Recovered
T01771,A01771,Trauma Care,No,Referred
T01772,A01772,CPR,No,Recovered
T01773,A01773,Antibiotic Therapy,No,Recovered
T01774,A01774,IV Fluids,No,Recovered
T01775,A01775,Physiotherapy,No,Recovered
T01776,A01776,Immunotherapy,No,Recovered
T01777,A01777,Sinus Surgery,Yes,Recovered
T01778,A01778,EEG,No,Recovered
T01779,A01779,Nebulization,No,Deceased
T01780,A01780,Insulin Therapy,No,Recovered
T01781,A01781,Ventilator Support,No,Improved
T01782,A01782,Cryotherapy,No,Recovered
T01783,A01783,Laser Therapy,No,Recovered
T01784,A01784,Nebulization,No,Recovered
T01785,A01785,IV Fluids,No,Recovered
T01786,A01786,IV Fluids,No,Improved
T01787,A01787,Physiotherapy,No,Recovered
T01788,A01788,Radiation Therapy,No,Recovered
T01789,A01789,Radiation Therapy,No,Referred
T01790,A01790,Angioplasty,Yes,Recovered
T01791,A01791,Wound Suturing,Yes,Recovered
T01792,A01792,IV Fluids,No,Recovered
T01793,A01793,Nebulization,No,Improved
T01794,A01794,Critical Monitoring,No,Recovered
T01795,A01795,EEG,No,Recovered
T01796,A01796,Radiation Therapy,No,Recovered
T01797,A01797,Chemotherapy,No,Recovered
T01798,A01798,Wound Suturing,Yes,Recovered
T01799,A01799,Ear Surgery,Yes,Recovered
T01800,A01800,Fracture Fixation,Yes,Improved
T01801,A01801,ECG,No,Improved
T01802,A01802,Cryotherapy,No,Referred
T01803,A01803,Vaccination,No,Recovered
T01804,A01804,EEG,No,Improved
T01805,A01805,CPR,No,Recovered
T01806,A01806,Immunotherapy,No,Recovered
T01807,A01807,Nebulization,No,Recovered
T01808,A01808,Trauma Care,No,Recovered
T01809,A01809,Fracture Fixation,Yes,Recovered
T01810,A01810,Immunotherapy,No,Improved
T01811,A01811,Endoscopy,No,Recovered
T01812,A01812,Antibiotic Therapy,No,Recovered
T01813,A01813,Vaccination,No,Recovered
T01814,A01814,Stroke Therapy,No,Recovered
T01815,A01815,IV Fluids,No,Recovered
T01816,A01816,Stroke Therapy,No,Recovered
T01817,A01817,ECG,No,Recovered
T01818,A01818,Cryotherapy,No,Recovered
T01819,A01819,IV Fluids,No,Recovered
T01820,A01820,Ventilator Support,No,Recovered
T01821,A01821,Endoscopy,No,Recovered
T01822,A01822,Trauma Care,No,Recovered
T01823,A01823,Trauma Care,No,Recovered
T01824,A01824,Dialysis,No,Recovered
T01825,A01825,Bypass Surgery,Yes,Recovered
T01826,A01826,Endoscopy,No,Recovered
T01827,A01827,Vaccination,No,Recovered
T01828,A01828,Laser Therapy,No,Recovered
T01829,A01829,Sinus Surgery,Yes,Recovered
T01830,A01830,IV Fluids,No,Recovered
T01831,A01831,Insulin Therapy,No,Improved
T01832,A01832,Antibiotic Therapy,No,Recovered
T01833,A01833,CPR,No,Recovered
T01834,A01834,MRI Brain,No,Recovered
T01835,A01835,Critical Monitoring,No,Recovered
T01836,A01836,Bypass Surgery,Yes,Recovered
T01837,A01837,Vaccination,No,Improved
T01838,A01838,IV Fluids,No,Recovered
T01839,A01839,Antibiotic Therapy,No,Recovered
T01840,A01840,Laser Therapy,No,Recovered
T01841,A01841,Insulin Therapy,No,Recovered
T01842,A01842,Vaccination,No,Recovered
T01843,A01843,EEG,No,Recovered
T01844,A01844,Cryotherapy,No,Referred
T01845,A01845,Endoscopy,No,Recovered
T01846,A01846,Antibiotic Therapy,No,Recovered
T01847,A01847,Angioplasty,Yes,Recovered
T01848,A01848,Fracture Fixation,Yes,Deceased
T01849,A01849,Ventilator Support,No,Recovered
T01850,A01850,Dialysis,No,Recovered
T01851,A01851,Critical Monitoring,No,Recovered
T01852,A01852,Endoscopy,No,Recovered
T01853,A01853,Bypass Surgery,Yes,Recovered
T01854,A01854,Antibiotic Therapy,No,Referred
T01855,A01855,ECG,No,Recovered
T01856,A01856,IV Fluids,No,Recovered
T01857,A01857,Wound Suturing,Yes,Improved
T01858,A01858,Endoscopy,No,Recovered
T01859,A01859,Fracture Fixation,Yes,Improved
T01860,A01860,Antibiotic Therapy,No,Recovered
T01861,A01861,Nebulization,No,Recovered
T01862,A01862,Skin Biopsy,No,Recovered
T01863,A01863,Endoscopy,No,Recovered
T01864,A01864,Chemotherapy,No,Referred
T01865,A01865,Bypass Surgery,Yes,Improved
T01866,A01866,Dialysis,No,Improved
T01867,A01867,Sinus Surgery,Yes,Improved
T01868,A01868,Laser Therapy,No,Recovered
T01869,A01869,IV Fluids,No,Recovered
T01870,A01870,Dialysis,No,Recovered
T01871,A01871,Stroke Therapy,No,Recovered
T01872,A01872,EEG,No,Recovered
T01873,A01873,EEG,No,Recovered
T01874,A01874,Sinus Surgery,Yes,Improved
T01875,A01875,Nebulization,No,Recovered
T01876,A01876,ECG,No,Improved
T01877,A01877,Sinus Surgery,Yes,Improved
T01878,A01878,Chemotherapy,No,Recovered
T01879,A01879,Stroke Therapy,No,Recovered
T01880,A01880,Nebulization,No,Improved
T01881,A01881,EEG,No,Recovered
T01882,A01882,Chemotherapy,No,Recovered
T01883,A01883,Endoscopy,No,Recovered
T01884,A01884,Stroke Therapy,No,Recovered
T01885,A01885,IV Fluids,No,Recovered
T01886,A01886,MRI Brain,No,Recovered
T01887,A01887,Vaccination,No,Referred
T01888,A01888,Nebulization,No,Improved
T01889,A01889,IV Fluids,No,Improved
T01890,A01890,Fracture Fixation,Yes,Recovered
T01891,A01891,Vaccination,No,Recovered
T01892,A01892,Critical Monitoring,No,Recovered
T01893,A01893,ECG,No,Improved
T01894,A01894,Antibiotic Therapy,No,Improved
T01895,A01895,Fracture Fixation,Yes,Recovered
T01896,A01896,Chemotherapy,No,Improved
T01897,A01897,Trauma Care,No,Recovered
T01898,A01898,ECG,No,Referred
T01899,A01899,Antibiotic Therapy,No,Recovered
T01900,A01900,Nebulization,No,Improved
T01901,A01901,IV Fluids,No,Recovered
T01902,A01902,Skin Biopsy,No,Recovered
T01903,A01903,Fracture Fixation,Yes,Recovered
T01904,A01904,Cryotherapy,No,Recovered
T01905,A01905,Sinus Surgery,Yes,Recovered
T01906,A01906,Stroke Therapy,No,Recovered
T01907,A01907,Knee Replacement,Yes,Improved
T01908,A01908,Antibiotic Therapy,No,Recovered
T01909,A01909,ECG,No,Recovered
T01910,A01910,Ear Surgery,Yes,Improved
T01911,A01911,Skin Biopsy,No,Improved
T01912,A01912,Cryotherapy,No,Recovered
T01913,A01913,Trauma Care,No,Recovered
T01914,A01914,Knee Replacement,Yes,Recovered
T01915,A01915,CPR,No,Recovered
T01916,A01916,Ventilator Support,No,Recovered
T01917,A01917,Antibiotic Therapy,No,Improved
T01918,A01918,ECG,No,Recovered
T01919,A01919,IV Fluids,No,Improved
T01920,A01920,Cryotherapy,No,Recovered
T01921,A01921,Nebulization,No,Improved
T01922,A01922,Sinus Surgery,Yes,Recovered
T01923,A01923,ECG,No,Recovered
T01924,A01924,Bypass Surgery,Yes,Recovered
T01925,A01925,Bypass Surgery,Yes,Recovered
T01926,A01926,Trauma Care,No,Recovered
T01927,A01927,IV Fluids,No,Referred
T01928,A01928,Nebulization,No,Recovered
T01929,A01929,IV Fluids,No,Recovered
T01930,A01930,Wound Suturing,Yes,Recovered
T01931,A01931,Dialysis,No,Recovered
T01932,A01932,Knee Replacement,Yes,Recovered
T01933,A01933,Radiation Therapy,No,Recovered
T01934,A01934,Antibiotic Therapy,No,Referred
T01935,A01935,Immunotherapy,No,Recovered
T01936,A01936,Fracture Fixation,Yes,Recovered
T01937,A01937,Chemotherapy,No,Improved
T01938,A01938,CPR,No,Recovered
T01939,A01939,Dialysis,No,Recovered
T01940,A01940,CPR,No,Recovered
T01941,A01941,Wound Suturing,Yes,Deceased
T01942,A01942,Radiation Therapy,No,Referred
T01943,A01943,Radiation Therapy,No,Recovered
T01944,A01944,Ear Surgery,Yes,Recovered
T01945,A01945,Antibiotic Therapy,No,Improved
T01946,A01946,IV Fluids,No,Improved
T01947,A01947,ECG,No,Recovered
T01948,A01948,IV Fluids,No,Improved
T01949,A01949,Endoscopy,No,Recovered
T01950,A01950,IV Fluids,No,Improved
T01951,A01951,CPR,No,Improved
T01952,A01952,ECG,No,Recovered
T01953,A01953,Radiation Therapy,No,Recovered
T01954,A01954,Wound Suturing,Yes,Improved
T01955,A01955,EEG,No,Improved
T01956,A01956,Trauma Care,No,Referred
T01957,A01957,Laser Therapy,No,Recovered
T01958,A01958,Ear Surgery,Yes,Recovered
T01959,A01959,EEG,No,Improved
T01960,A01960,Sinus Surgery,Yes,Improved
T01961,A01961,Nebulization,No,Recovered
T01962,A01962,Endoscopy,No,Recovered
T01963,A01963,MRI Brain,No,Recovered
T01964,A01964,IV Fluids,No,Recovered
T01965,A01965,Endoscopy,No,Recovered
T01966,A01966,Ear Surgery,Yes,Recovered
T01967,A01967,Antibiotic Therapy,No,Recovered
T01968,A01968,IV Fluids,No,Recovered
T01969,A01969,Skin Biopsy,No,Recovered
T01970,A01970,Ear Surgery,Yes,Recovered
T01971,A01971,Physiotherapy,No,Improved
T01972,A01972,Wound Suturing,Yes,Recovered
T01973,A01973,Critical Monitoring,No,Recovered
T01974,A01974,Vaccination,No,Recovered
T01975,A01975,Bypass Surgery,Yes,Deceased
T01976,A01976,Wound Suturing,Yes,Recovered
T01977,A01977,Chemotherapy,No,Recovered
T01978,A01978,Chemotherapy,No,Improved
T01979,A01979,Chemotherapy,No,Recovered
T01980,A01980,Skin Biopsy,No,Recovered
T01981,A01981,ECG,No,Recovered
T01982,A01982,Wound Suturing,Yes,Recovered
T01983,A01983,Sinus Surgery,Yes,Recovered
T01984,A01984,Sinus Surgery,Yes,Recovered
T01985,A01985,Ventilator Support,No,Recovered
T01986,A01986,Immunotherapy,No,Recovered
T01987,A01987,Ear Surgery,Yes,Improved
T01988,A01988,Antibiotic Therapy,No,Recovered
T01989,A01989,EEG,No,Recovered
T01990,A01990,Immunotherapy,No,Recovered
T01991,A01991,Critical Monitoring,No,Improved
T01992,A01992,Stroke Therapy,No,Recovered
T01993,A01993,Knee Replacement,Yes,Recovered
T01994,A01994,Stroke Therapy,No,Recovered
T01995,A01995,Ventilator Support,No,Recovered
T01996,A01996,Angioplasty,Yes,Recovered
T01997,A01997,Physiotherapy,No,Recovered
T01998,A01998,Wound Suturing,Yes,Recovered
T01999,A01999,Bypass Surgery,Yes,Deceased
T02000,A02000,Knee Replacement,Yes,Deceased
T02001,A02001,Knee Replacement,Yes,Recovered
T02002,A02002,MRI Brain,No,Recovered
T02003,A02003,IV Fluids,No,Recovered
T02004,A02004,Insulin Therapy,No,Improved
T02005,A02005,Vaccination,No,Recovered
T02006,A02006,Trauma Care,No,Recovered
T02007,A02007,Trauma Care,No,Recovered
T02008,A02008,Immunotherapy,No,Recovered
T02009,A02009,Fracture Fixation,Yes,Recovered
T02010,A02010,Endoscopy,No,Recovered
T02011,A02011,Endoscopy,No,Recovered
T02012,A02012,Critical Monitoring,No,Deceased
T02013,A02013,Cryotherapy,No,Recovered
T02014,A02014,Vaccination,No,Recovered
T02015,A02015,Ventilator Support,No,Recovered
T02016,A02016,Stroke Therapy,No,Recovered
T02017,A02017,Wound Suturing,Yes,Recovered
T02018,A02018,Ventilator Support,No,Recovered
T02019,A02019,Immunotherapy,No,Recovered
T02020,A02020,Laser Therapy,No,Recovered
T02021,A02021,ECG,No,Recovered
T02022,A02022,Dialysis,No,Recovered
T02023,A02023,EEG,No,Recovered
T02024,A02024,Skin Biopsy,No,Recovered
T02025,A02025,Endoscopy,No,Recovered
T02026,A02026,Trauma Care,No,Improved
T02027,A02027,Dialysis,No,Recovered
T02028,A02028,Trauma Care,No,Improved
T02029,A02029,Physiotherapy,No,Deceased
T02030,A02030,Angioplasty,Yes,Improved
T02031,A02031,Nebulization,No,Recovered
T02032,A02032,Antibiotic Therapy,No,Recovered
T02033,A02033,Ventilator Support,No,Recovered
T02034,A02034,Wound Suturing,Yes,Recovered
T02035,A02035,ECG,No,Recovered
T02036,A02036,Vaccination,No,Referred
T02037,A02037,Endoscopy,No,Recovered
T02038,A02038,ECG,No,Referred
T02039,A02039,Endoscopy,No,Recovered
T02040,A02040,IV Fluids,No,Recovered
T02041,A02041,Wound Suturing,Yes,Recovered
T02042,A02042,Angioplasty,Yes,Deceased
T02043,A02043,Dialysis,No,Recovered
T02044,A02044,MRI Brain,No,Recovered
T02045,A02045,MRI Brain,No,Improved
T02046,A02046,Laser Therapy,No,Recovered
T02047,A02047,Bypass Surgery,Yes,Recovered
T02048,A02048,EEG,No,Recovered
T02049,A02049,Ear Surgery,Yes,Recovered
T02050,A02050,Fracture Fixation,Yes,Recovered
T02051,A02051,Vaccination,No,Recovered
T02052,A02052,Stroke Therapy,No,Referred
T02053,A02053,Laser Therapy,No,Improved
T02054,A02054,ECG,No,Recovered
T02055,A02055,Knee Replacement,Yes,Recovered
T02056,A02056,Wound Suturing,Yes,Recovered
T02057,A02057,Stroke Therapy,No,Recovered
T02058,A02058,Dialysis,No,Recovered
T02059,A02059,Sinus Surgery,Yes,Improved
T02060,A02060,IV Fluids,No,Improved
T02061,A02061,Chemotherapy,No,Recovered
T02062,A02062,IV Fluids,No,Improved
T02063,A02063,Ear Surgery,Yes,Recovered
T02064,A02064,Critical Monitoring,No,Recovered
T02065,A02065,Critical Monitoring,No,Recovered
T02066,A02066,ECG,No,Recovered
T02067,A02067,Knee Replacement,Yes,Recovered
T02068,A02068,CPR,No,Improved
T02069,A02069,EEG,No,Deceased
T02070,A02070,MRI Brain,No,Recovered
T02071,A02071,Wound Suturing,Yes,Recovered
T02072,A02072,Wound Suturing,Yes,Recovered
T02073,A02073,Chemotherapy,No,Recovered
T02074,A02074,Sinus Surgery,Yes,Recovered
T02075,A02075,IV Fluids,No,Recovered
T02076,A02076,Physiotherapy,No,Recovered
T02077,A02077,Immunotherapy,No,Recovered
T02078,A02078,Antibiotic Therapy,No,Improved
T02079,A02079,IV Fluids,No,Recovered
T02080,A02080,Physiotherapy,No,Recovered
T02081,A02081,Knee Replacement,Yes,Recovered
T02082,A02082,Skin Biopsy,No,Recovered
T02083,A02083,Physiotherapy,No,Recovered
T02084,A02084,Knee Replacement,Yes,Recovered
T02085,A02085,Cryotherapy,No,Improved
T02086,A02086,Antibiotic Therapy,No,Recovered
T02087,A02087,Cryotherapy,No,Referred
T02088,A02088,Critical Monitoring,No,Improved
T02089,A02089,Nebulization,No,Improved
T02090,A02090,MRI Brain,No,Improved
T02091,A02091,Radiation Therapy,No,Recovered
T02092,A02092,Radiation Therapy,No,Recovered
T02093,A02093,ECG,No,Recovered
T02094,A02094,Wound Suturing,Yes,Recovered
T02095,A02095,Ear Surgery,Yes,Recovered
T02096,A02096,Radiation Therapy,No,Improved
T02097,A02097,Angioplasty,Yes,Recovered
T02098,A02098,Sinus Surgery,Yes,Recovered
T02099,A02099,Fracture Fixation,Yes,Deceased
T02100,A02100,Cryotherapy,No,Recovered
T02101,A02101,Chemotherapy,No,Recovered
T02102,A02102,MRI Brain,No,Recovered
T02103,A02103,ECG,No,Improved
T02104,A02104,IV Fluids,No,Referred
T02105,A02105,Critical Monitoring,No,Recovered
T02106,A02106,EEG,No,Recovered
T02107,A02107,CPR,No,Recovered
T02108,A02108,Nebulization,No,Recovered
T02109,A02109,Insulin Therapy,No,Improved
T02110,A02110,Stroke Therapy,No,Recovered
T02111,A02111,CPR,No,Recovered
T02112,A02112,Bypass Surgery,Yes,Recovered
T02113,A02113,CPR,No,Recovered
T02114,A02114,Trauma Care,No,Improved
T02115,A02115,Fracture Fixation,Yes,Recovered
T02116,A02116,Angioplasty,Yes,Improved
T02117,A02117,IV Fluids,No,Recovered
T02118,A02118,Wound Suturing,Yes,Improved
T02119,A02119,ECG,No,Improved
T02120,A02120,Radiation Therapy,No,Recovered
T02121,A02121,EEG,No,Improved
T02122,A02122,Laser Therapy,No,Recovered
T02123,A02123,Physiotherapy,No,Recovered
T02124,A02124,ECG,No,Referred
T02125,A02125,Wound Suturing,Yes,Recovered
T02126,A02126,Chemotherapy,No,Improved
T02127,A02127,Chemotherapy,No,Improved
T02128,A02128,MRI Brain,No,Referred
T02129,A02129,IV Fluids,No,Recovered
T02130,A02130,Laser Therapy,No,Recovered
T02131,A02131,Cryotherapy,No,Referred
T02132,A02132,Fracture Fixation,Yes,Referred
T02133,A02133,Chemotherapy,No,Recovered
T02134,A02134,Chemotherapy,No,Recovered
T02135,A02135,Wound Suturing,Yes,Improved
T02136,A02136,Knee Replacement,Yes,Referred
T02137,A02137,Insulin Therapy,No,Recovered
T02138,A02138,Chemotherapy,No,Improved
T02139,A02139,Ventilator Support,No,Recovered
T02140,A02140,Critical Monitoring,No,Recovered
T02141,A02141,Wound Suturing,Yes,Recovered
T02142,A02142,Sinus Surgery,Yes,Recovered
T02143,A02143,Critical Monitoring,No,Referred
T02144,A02144,Fracture Fixation,Yes,Recovered
T02145,A02145,Stroke Therapy,No,Deceased
T02146,A02146,Laser Therapy,No,Improved
T02147,A02147,Ear Surgery,Yes,Recovered
T02148,A02148,Critical Monitoring,No,Improved
T02149,A02149,EEG,No,Recovered
T02150,A02150,Endoscopy,No,Recovered
T02151,A02151,Stroke Therapy,No,Improved
T02152,A02152,Critical Monitoring,No,Recovered
T02153,A02153,Ventilator Support,No,Recovered
T02154,A02154,Endoscopy,No,Recovered
T02155,A02155,Nebulization,No,Referred
T02156,A02156,Ventilator Support,No,Deceased
T02157,A02157,Cryotherapy,No,Deceased
T02158,A02158,Ventilator Support,No,Recovered
T02159,A02159,Antibiotic Therapy,No,Recovered
T02160,A02160,Critical Monitoring,No,Recovered
T02161,A02161,Angioplasty,Yes,Recovered
T02162,A02162,CPR,No,Recovered
T02163,A02163,Endoscopy,No,Improved
T02164,A02164,Bypass Surgery,Yes,Improved
T02165,A02165,Endoscopy,No,Recovered
T02166,A02166,Stroke Therapy,No,Improved
T02167,A02167,Physiotherapy,No,Recovered
T02168,A02168,Angioplasty,Yes,Recovered
T02169,A02169,Immunotherapy,No,Recovered
T02170,A02170,Nebulization,No,Improved
T02171,A02171,Ventilator Support,No,Deceased
T02172,A02172,Immunotherapy,No,Recovered
T02173,A02173,Insulin Therapy,No,Recovered
T02174,A02174,Knee Replacement,Yes,Recovered
T02175,A02175,Antibiotic Therapy,No,Recovered
T02176,A02176,Nebulization,No,Recovered
T02177,A02177,Critical Monitoring,No,Improved
T02178,A02178,Fracture Fixation,Yes,Improved
T02179,A02179,Bypass Surgery,Yes,Recovered
T02180,A02180,Immunotherapy,No,Improved
T02181,A02181,CPR,No,Recovered
T02182,A02182,EEG,No,Recovered
T02183,A02183,Wound Suturing,Yes,Recovered
T02184,A02184,Antibiotic Therapy,No,Recovered
T02185,A02185,IV Fluids,No,Recovered
T02186,A02186,CPR,No,Recovered
T02187,A02187,Endoscopy,No,Improved
T02188,A02188,IV Fluids,No,Improved
T02189,A02189,EEG,No,Improved
T02190,A02190,Immunotherapy,No,Recovered
T02191,A02191,Endoscopy,No,Recovered
T02192,A02192,CPR,No,Recovered
T02193,A02193,EEG,No,Referred
T02194,A02194,IV Fluids,No,Recovered
T02195,A02195,IV Fluids,No,Recovered
T02196,A02196,Ear Surgery,Yes,Improved
T02197,A02197,Skin Biopsy,No,Recovered
T02198,A02198,Angioplasty,Yes,Recovered
T02199,A02199,IV Fluids,No,Recovered
T02200,A02200,Immunotherapy,No,Improved
T02201,A02201,Chemotherapy,No,Recovered
T02202,A02202,CPR,No,Referred
T02203,A02203,ECG,No,Recovered
T02204,A02204,Knee Replacement,Yes,Recovered
T02205,A02205,Endoscopy,No,Recovered
T02206,A02206,EEG,No,Recovered
T02207,A02207,EEG,No,Recovered
T02208,A02208,Trauma Care,No,Improved
T02209,A02209,IV Fluids,No,Recovered
T02210,A02210,Vaccination,No,Recovered
T02211,A02211,Bypass Surgery,Yes,Recovered
T02212,A02212,CPR,No,Recovered
T02213,A02213,Chemotherapy,No,Recovered
T02214,A02214,ECG,No,Recovered
T02215,A02215,Nebulization,No,Recovered
T02216,A02216,Trauma Care,No,Referred
T02217,A02217,IV Fluids,No,Recovered
T02218,A02218,EEG,No,Improved
T02219,A02219,Critical Monitoring,No,Recovered
T02220,A02220,CPR,No,Recovered
T02221,A02221,Trauma Care,No,Referred
T02222,A02222,Physiotherapy,No,Referred
T02223,A02223,Ventilator Support,No,Referred
T02224,A02224,Endoscopy,No,Improved
T02225,A02225,Angioplasty,Yes,Referred
T02226,A02226,Ventilator Support,No,Recovered
T02227,A02227,IV Fluids,No,Improved
T02228,A02228,Chemotherapy,No,Referred
T02229,A02229,Angioplasty,Yes,Recovered
T02230,A02230,Cryotherapy,No,Recovered
T02231,A02231,Insulin Therapy,No,Recovered
T02232,A02232,Bypass Surgery,Yes,Recovered
T02233,A02233,Critical Monitoring,No,Recovered
T02234,A02234,Chemotherapy,No,Recovered
T02235,A02235,Cryotherapy,No,Recovered
T02236,A02236,Endoscopy,No,Recovered
T02237,A02237,Physiotherapy,No,Recovered
T02238,A02238,Trauma Care,No,Improved
T02239,A02239,Angioplasty,Yes,Improved
T02240,A02240,ECG,No,Recovered
T02241,A02241,Endoscopy,No,Improved
T02242,A02242,Bypass Surgery,Yes,Improved
T02243,A02243,Physiotherapy,No,Improved
T02244,A02244,Insulin Therapy,No,Improved
T02245,A02245,Trauma Care,No,Recovered
T02246,A02246,IV Fluids,No,Recovered
T02247,A02247,Ear Surgery,Yes,Recovered
T02248,A02248,ECG,No,Improved
T02249,A02249,Bypass Surgery,Yes,Recovered
T02250,A02250,Fracture Fixation,Yes,Referred
T02251,A02251,Dialysis,No,Recovered
T02252,A02252,Antibiotic Therapy,No,Recovered
T02253,A02253,Nebulization,No,Recovered
T02254,A02254,Immunotherapy,No,Recovered
T02255,A02255,Trauma Care,No,Recovered
T02256,A02256,Immunotherapy,No,Recovered
T02257,A02257,Antibiotic Therapy,No,Recovered
T02258,A02258,Critical Monitoring,No,Improved
T02259,A02259,Stroke Therapy,No,Referred
T02260,A02260,Insulin Therapy,No,Recovered
T02261,A02261,Bypass Surgery,Yes,Recovered
T02262,A02262,ECG,No,Recovered
T02263,A02263,Angioplasty,Yes,Recovered
T02264,A02264,Physiotherapy,No,Recovered
T02265,A02265,Fracture Fixation,Yes,Recovered
T02266,A02266,Vaccination,No,Improved
T02267,A02267,Antibiotic Therapy,No,Recovered
T02268,A02268,Endoscopy,No,Recovered
T02269,A02269,EEG,No,Improved
T02270,A02270,Bypass Surgery,Yes,Recovered
T02271,A02271,Vaccination,No,Recovered
T02272,A02272,Immunotherapy,No,Recovered
T02273,A02273,Fracture Fixation,Yes,Recovered
T02274,A02274,CPR,No,Recovered
T02275,A02275,Cryotherapy,No,Referred
T02276,A02276,Knee Replacement,Yes,Recovered
T02277,A02277,CPR,No,Referred
T02278,A02278,Nebulization,No,Recovered
T02279,A02279,Physiotherapy,No,Improved
T02280,A02280,Insulin Therapy,No,Recovered
T02281,A02281,Trauma Care,No,Recovered
T02282,A02282,Knee Replacement,Yes,Recovered
T02283,A02283,Fracture Fixation,Yes,Recovered
T02284,A02284,Bypass Surgery,Yes,Improved
T02285,A02285,Endoscopy,No,Recovered
T02286,A02286,Bypass Surgery,Yes,Recovered
T02287,A02287,EEG,No,Recovered
T02288,A02288,Insulin Therapy,No,Recovered
T02289,A02289,Immunotherapy,No,Recovered
T02290,A02290,Stroke Therapy,No,Recovered
T02291,A02291,EEG,No,Recovered
T02292,A02292,Trauma Care,No,Recovered
T02293,A02293,Vaccination,No,Referred
T02294,A02294,Laser Therapy,No,Recovered
T02295,A02295,Knee Replacement,Yes,Recovered
T02296,A02296,Nebulization,No,Recovered
T02297,A02297,Trauma Care,No,Recovered
T02298,A02298,Knee Replacement,Yes,Improved
T02299,A02299,Stroke Therapy,No,Recovered
T02300,A02300,Dialysis,No,Recovered
T02301,A02301,Ear Surgery,Yes,Improved
T02302,A02302,Critical Monitoring,No,Recovered
T02303,A02303,Angioplasty,Yes,Recovered
T02304,A02304,Endoscopy,No,Recovered
T02305,A02305,Wound Suturing,Yes,Recovered
T02306,A02306,Stroke Therapy,No,Improved
T02307,A02307,Radiation Therapy,No,Recovered
T02308,A02308,Insulin Therapy,No,Recovered
T02309,A02309,Chemotherapy,No,Improved
T02310,A02310,Vaccination,No,Improved
T02311,A02311,ECG,No,Recovered
T02312,A02312,IV Fluids,No,Recovered
T02313,A02313,Ear Surgery,Yes,Improved
T02314,A02314,Critical Monitoring,No,Recovered
T02315,A02315,Endoscopy,No,Recovered
T02316,A02316,Bypass Surgery,Yes,Recovered
T02317,A02317,Insulin Therapy,No,Recovered
T02318,A02318,EEG,No,Improved
T02319,A02319,Endoscopy,No,Recovered
T02320,A02320,Trauma Care,No,Recovered
T02321,A02321,MRI Brain,No,Improved
T02322,A02322,Endoscopy,No,Improved
T02323,A02323,Angioplasty,Yes,Recovered
T02324,A02324,Critical Monitoring,No,Recovered
T02325,A02325,Nebulization,No,Recovered
T02326,A02326,Fracture Fixation,Yes,Recovered
T02327,A02327,Critical Monitoring,No,Recovered
T02328,A02328,CPR,No,Recovered
T02329,A02329,Ear Surgery,Yes,Recovered
T02330,A02330,Cryotherapy,No,Recovered
T02331,A02331,Ear Surgery,Yes,Improved
T02332,A02332,IV Fluids,No,Referred
T02333,A02333,Insulin Therapy,No,Recovered
T02334,A02334,Knee Replacement,Yes,Recovered
T02335,A02335,Stroke Therapy,No,Recovered
T02336,A02336,MRI Brain,No,Recovered
T02337,A02337,Endoscopy,No,Referred
T02338,A02338,Dialysis,No,Recovered
T02339,A02339,Radiation Therapy,No,Improved
T02340,A02340,MRI Brain,No,Deceased
T02341,A02341,Wound Suturing,Yes,Recovered
T02342,A02342,Physiotherapy,No,Recovered
T02343,A02343,Wound Suturing,Yes,Improved
T02344,A02344,Stroke Therapy,No,Recovered
T02345,A02345,IV Fluids,No,Recovered
T02346,A02346,Critical Monitoring,No,Recovered
T02347,A02347,Endoscopy,No,Recovered
T02348,A02348,ECG,No,Recovered
T02349,A02349,Angioplasty,Yes,Deceased
T02350,A02350,Trauma Care,No,Recovered
T02351,A02351,IV Fluids,No,Improved
T02352,A02352,Dialysis,No,Recovered
T02353,A02353,Nebulization,No,Improved
T02354,A02354,Skin Biopsy,No,Recovered
T02355,A02355,MRI Brain,No,Recovered
T02356,A02356,MRI Brain,No,Recovered
T02357,A02357,Physiotherapy,No,Recovered
T02358,A02358,Ventilator Support,No,Recovered
T02359,A02359,Wound Suturing,Yes,Recovered
T02360,A02360,MRI Brain,No,Recovered
T02361,A02361,Angioplasty,Yes,Improved
T02362,A02362,EEG,No,Recovered
T02363,A02363,CPR,No,Recovered
T02364,A02364,Ventilator Support,No,Recovered
T02365,A02365,CPR,No,Improved
T02366,A02366,Chemotherapy,No,Recovered
T02367,A02367,MRI Brain,No,Recovered
T02368,A02368,Ventilator Support,No,Recovered
T02369,A02369,Critical Monitoring,No,Recovered
T02370,A02370,Immunotherapy,No,Recovered
T02371,A02371,Vaccination,No,Recovered
T02372,A02372,Vaccination,No,Recovered
T02373,A02373,Nebulization,No,Recovered
T02374,A02374,IV Fluids,No,Recovered
T02375,A02375,CPR,No,Improved
T02376,A02376,Dialysis,No,Referred
T02377,A02377,Trauma Care,No,Recovered
T02378,A02378,Knee Replacement,Yes,Improved
T02379,A02379,Vaccination,No,Recovered
T02380,A02380,Knee Replacement,Yes,Recovered
T02381,A02381,Endoscopy,No,Improved
T02382,A02382,Trauma Care,No,Recovered
T02383,A02383,Cryotherapy,No,Recovered
T02384,A02384,CPR,No,Recovered
T02385,A02385,Dialysis,No,Recovered
T02386,A02386,ECG,No,Recovered
T02387,A02387,Stroke Therapy,No,Recovered
T02388,A02388,Ear Surgery,Yes,Recovered
T02389,A02389,CPR,No,Recovered
T02390,A02390,Skin Biopsy,No,Recovered
T02391,A02391,Fracture Fixation,Yes,Recovered
T02392,A02392,Critical Monitoring,No,Recovered
T02393,A02393,Physiotherapy,No,Recovered
T02394,A02394,MRI Brain,No,Recovered
T02395,A02395,Endoscopy,No,Recovered
T02396,A02396,Endoscopy,No,Recovered
T02397,A02397,ECG,No,Improved
T02398,A02398,Endoscopy,No,Recovered
T02399,A02399,Endoscopy,No,Recovered
T02400,A02400,Trauma Care,No,Recovered
T02401,A02401,Laser Therapy,No,Recovered
T02402,A02402,Radiation Therapy,No,Improved
T02403,A02403,Knee Replacement,Yes,Recovered
T02404,A02404,Physiotherapy,No,Referred
T02405,A02405,IV Fluids,No,Recovered
T02406,A02406,Stroke Therapy,No,Recovered
T02407,A02407,Nebulization,No,Improved
T02408,A02408,Trauma Care,No,Recovered
T02409,A02409,Antibiotic Therapy,No,Recovered
T02410,A02410,Ear Surgery,Yes,Recovered
T02411,A02411,Bypass Surgery,Yes,Improved
T02412,A02412,Antibiotic Therapy,No,Recovered
T02413,A02413,Critical Monitoring,No,Recovered
T02414,A02414,CPR,No,Recovered
T02415,A02415,Radiation Therapy,No,Recovered
T02416,A02416,ECG,No,Recovered
T02417,A02417,Immunotherapy,No,Recovered
T02418,A02418,Sinus Surgery,Yes,Improved
T02419,A02419,Stroke Therapy,No,Recovered
T02420,A02420,Physiotherapy,No,Recovered
T02421,A02421,CPR,No,Recovered
T02422,A02422,Insulin Therapy,No,Recovered
T02423,A02423,Endoscopy,No,Recovered
T02424,A02424,Nebulization,No,Recovered
T02425,A02425,Laser Therapy,No,Recovered
T02426,A02426,Nebulization,No,Recovered
T02427,A02427,Immunotherapy,No,Recovered
T02428,A02428,Fracture Fixation,Yes,Improved
T02429,A02429,CPR,No,Recovered
T02430,A02430,Trauma Care,No,Recovered
T02431,A02431,Physiotherapy,No,Referred
T02432,A02432,ECG,No,Recovered
T02433,A02433,Sinus Surgery,Yes,Improved
T02434,A02434,Antibiotic Therapy,No,Recovered
T02435,A02435,CPR,No,Improved
T02436,A02436,Vaccination,No,Recovered
T02437,A02437,IV Fluids,No,Recovered
T02438,A02438,Vaccination,No,Improved
T02439,A02439,Sinus Surgery,Yes,Referred
T02440,A02440,Wound Suturing,Yes,Recovered
T02441,A02441,Angioplasty,Yes,Recovered
T02442,A02442,Trauma Care,No,Recovered
T02443,A02443,Physiotherapy,No,Recovered
T02444,A02444,Nebulization,No,Recovered
T02445,A02445,Antibiotic Therapy,No,Recovered
T02446,A02446,Immunotherapy,No,Recovered
T02447,A02447,MRI Brain,No,Recovered
T02448,A02448,Dialysis,No,Recovered
T02449,A02449,Critical Monitoring,No,Referred
T02450,A02450,Bypass Surgery,Yes,Recovered
T02451,A02451,Vaccination,No,Improved
T02452,A02452,Endoscopy,No,Recovered
T02453,A02453,Fracture Fixation,Yes,Recovered
T02454,A02454,Physiotherapy,No,Recovered
T02455,A02455,Fracture Fixation,Yes,Recovered
T02456,A02456,Vaccination,No,Recovered
T02457,A02457,Nebulization,No,Improved
T02458,A02458,Knee Replacement,Yes,Recovered
T02459,A02459,Knee Replacement,Yes,Recovered
T02460,A02460,Immunotherapy,No,Recovered
T02461,A02461,Critical Monitoring,No,Recovered
T02462,A02462,Ear Surgery,Yes,Recovered
T02463,A02463,CPR,No,Improved
T02464,A02464,Critical Monitoring,No,Recovered
T02465,A02465,Wound Suturing,Yes,Recovered
T02466,A02466,Trauma Care,No,Recovered
T02467,A02467,Sinus Surgery,Yes,Recovered
T02468,A02468,Radiation Therapy,No,Recovered
T02469,A02469,CPR,No,Recovered
T02470,A02470,Ear Surgery,Yes,Recovered
T02471,A02471,IV Fluids,No,Referred
T02472,A02472,EEG,No,Referred
T02473,A02473,Antibiotic Therapy,No,Improved
T02474,A02474,Bypass Surgery,Yes,Recovered
T02475,A02475,Angioplasty,Yes,Referred
T02476,A02476,Antibiotic Therapy,No,Recovered
T02477,A02477,Vaccination,No,Improved
T02478,A02478,Radiation Therapy,No,Recovered
T02479,A02479,Bypass Surgery,Yes,Improved
T02480,A02480,Stroke Therapy,No,Recovered
T02481,A02481,Insulin Therapy,No,Recovered
T02482,A02482,Chemotherapy,No,Recovered
T02483,A02483,Insulin Therapy,No,Improved
T02484,A02484,IV Fluids,No,Referred
T02485,A02485,Physiotherapy,No,Recovered
T02486,A02486,Endoscopy,No,Improved
T02487,A02487,ECG,No,Recovered
T02488,A02488,Dialysis,No,Recovered
T02489,A02489,Wound Suturing,Yes,Recovered
T02490,A02490,ECG,No,Recovered
T02491,A02491,Sinus Surgery,Yes,Recovered
T02492,A02492,Antibiotic Therapy,No,Recovered
T02493,A02493,Critical Monitoring,No,Recovered
T02494,A02494,Insulin Therapy,No,Recovered
T02495,A02495,MRI Brain,No,Recovered
T02496,A02496,Insulin Therapy,No,Improved
T02497,A02497,Ventilator Support,No,Recovered
T02498,A02498,Insulin Therapy,No,Improved
T02499,A02499,Sinus Surgery,Yes,Recovered
T02500,A02500,Skin Biopsy,No,Recovered
T02501,A02501,Ventilator Support,No,Recovered
T02502,A02502,Endoscopy,No,Recovered
T02503,A02503,Fracture Fixation,Yes,Improved
T02504,A02504,Bypass Surgery,Yes,Referred
T02505,A02505,Dialysis,No,Recovered
T02506,A02506,Radiation Therapy,No,Recovered
T02507,A02507,IV Fluids,No,Improved
T02508,A02508,Laser Therapy,No,Recovered
T02509,A02509,Antibiotic Therapy,No,Recovered
T02510,A02510,ECG,No,Improved
T02511,A02511,ECG,No,Recovered
T02512,A02512,Dialysis,No,Recovered
T02513,A02513,Cryotherapy,No,Recovered
T02514,A02514,IV Fluids,No,Recovered
T02515,A02515,Physiotherapy,No,Improved
T02516,A02516,Radiation Therapy,No,Deceased
T02517,A02517,CPR,No,Recovered
T02518,A02518,IV Fluids,No,Recovered
T02519,A02519,Skin Biopsy,No,Recovered
T02520,A02520,Radiation Therapy,No,Recovered
T02521,A02521,Dialysis,No,Recovered
T02522,A02522,IV Fluids,No,Recovered
T02523,A02523,Nebulization,No,Recovered
T02524,A02524,Nebulization,No,Referred
T02525,A02525,Nebulization,No,Recovered
T02526,A02526,Sinus Surgery,Yes,Recovered
T02527,A02527,Laser Therapy,No,Improved
T02528,A02528,Wound Suturing,Yes,Recovered
T02529,A02529,Nebulization,No,Recovered
T02530,A02530,Insulin Therapy,No,Recovered
T02531,A02531,Cryotherapy,No,Recovered
T02532,A02532,Vaccination,No,Improved
T02533,A02533,Skin Biopsy,No,Recovered
T02534,A02534,Nebulization,No,Recovered
T02535,A02535,Cryotherapy,No,Recovered
T02536,A02536,Trauma Care,No,Recovered
T02537,A02537,Wound Suturing,Yes,Recovered
T02538,A02538,Cryotherapy,No,Recovered
T02539,A02539,Immunotherapy,No,Recovered
T02540,A02540,Stroke Therapy,No,Recovered
T02541,A02541,Physiotherapy,No,Improved
T02542,A02542,Fracture Fixation,Yes,Recovered
T02543,A02543,Immunotherapy,No,Recovered
T02544,A02544,Fracture Fixation,Yes,Improved
T02545,A02545,Knee Replacement,Yes,Improved
T02546,A02546,Trauma Care,No,Recovered
T02547,A02547,IV Fluids,No,Recovered
T02548,A02548,Nebulization,No,Recovered
T02549,A02549,Stroke Therapy,No,Recovered
T02550,A02550,Wound Suturing,Yes,Recovered
T02551,A02551,Antibiotic Therapy,No,Referred
T02552,A02552,Fracture Fixation,Yes,Recovered
T02553,A02553,EEG,No,Recovered
T02554,A02554,Chemotherapy,No,Deceased
T02555,A02555,Radiation Therapy,No,Recovered
T02556,A02556,IV Fluids,No,Recovered
T02557,A02557,Bypass Surgery,Yes,Recovered
T02558,A02558,ECG,No,Recovered
T02559,A02559,Knee Replacement,Yes,Recovered
T02560,A02560,Ear Surgery,Yes,Improved
T02561,A02561,Critical Monitoring,No,Improved
T02562,A02562,Dialysis,No,Recovered
T02563,A02563,EEG,No,Recovered
T02564,A02564,Vaccination,No,Recovered
T02565,A02565,Knee Replacement,Yes,Recovered
T02566,A02566,IV Fluids,No,Recovered
T02567,A02567,Cryotherapy,No,Recovered
T02568,A02568,IV Fluids,No,Recovered
T02569,A02569,Sinus Surgery,Yes,Improved
T02570,A02570,Knee Replacement,Yes,Improved
T02571,A02571,CPR,No,Referred
T02572,A02572,Wound Suturing,Yes,Recovered
T02573,A02573,ECG,No,Recovered
T02574,A02574,Ventilator Support,No,Recovered
T02575,A02575,Endoscopy,No,Improved
T02576,A02576,Ear Surgery,Yes,Recovered
T02577,A02577,Stroke Therapy,No,Recovered
T02578,A02578,Insulin Therapy,No,Referred
T02579,A02579,Knee Replacement,Yes,Recovered
T02580,A02580,Ear Surgery,Yes,Improved
T02581,A02581,Bypass Surgery,Yes,Improved
T02582,A02582,MRI Brain,No,Recovered
T02583,A02583,Physiotherapy,No,Recovered
T02584,A02584,Bypass Surgery,Yes,Referred
T02585,A02585,Wound Suturing,Yes,Recovered
T02586,A02586,MRI Brain,No,Improved
T02587,A02587,Stroke Therapy,No,Recovered
T02588,A02588,Fracture Fixation,Yes,Recovered
T02589,A02589,Insulin Therapy,No,Recovered
T02590,A02590,Bypass Surgery,Yes,Recovered
T02591,A02591,Nebulization,No,Improved
T02592,A02592,Laser Therapy,No,Deceased
T02593,A02593,Critical Monitoring,No,Referred
T02594,A02594,CPR,No,Recovered
T02595,A02595,Cryotherapy,No,Recovered
T02596,A02596,Physiotherapy,No,Recovered
T02597,A02597,CPR,No,Improved
T02598,A02598,CPR,No,Recovered
T02599,A02599,Antibiotic Therapy,No,Recovered
T02600,A02600,Stroke Therapy,No,Referred
T02601,A02601,Knee Replacement,Yes,Recovered
T02602,A02602,Ear Surgery,Yes,Recovered
T02603,A02603,Nebulization,No,Recovered
T02604,A02604,Trauma Care,No,Recovered
T02605,A02605,Trauma Care,No,Recovered
T02606,A02606,Trauma Care,No,Recovered
T02607,A02607,Nebulization,No,Recovered
T02608,A02608,Antibiotic Therapy,No,Referred
T02609,A02609,Stroke Therapy,No,Recovered
T02610,A02610,Laser Therapy,No,Improved
T02611,A02611,Antibiotic Therapy,No,Recovered
T02612,A02612,Trauma Care,No,Recovered
T02613,A02613,Trauma Care,No,Recovered
T02614,A02614,Physiotherapy,No,Recovered
T02615,A02615,Vaccination,No,Recovered
T02616,A02616,EEG,No,Recovered
T02617,A02617,Wound Suturing,Yes,Recovered
T02618,A02618,Insulin Therapy,No,Recovered
T02619,A02619,Ventilator Support,No,Recovered
T02620,A02620,Immunotherapy,No,Improved
T02621,A02621,Critical Monitoring,No,Recovered
T02622,A02622,Critical Monitoring,No,Improved
T02623,A02623,Laser Therapy,No,Recovered
T02624,A02624,Fracture Fixation,Yes,Recovered
T02625,A02625,IV Fluids,No,Recovered
T02626,A02626,Dialysis,No,Recovered
T02627,A02627,Laser Therapy,No,Improved
T02628,A02628,Dialysis,No,Recovered
T02629,A02629,Chemotherapy,No,Recovered
T02630,A02630,Antibiotic Therapy,No,Recovered
T02631,A02631,Vaccination,No,Recovered
T02632,A02632,Trauma Care,No,Improved
T02633,A02633,Immunotherapy,No,Recovered
T02634,A02634,ECG,No,Recovered
T02635,A02635,Wound Suturing,Yes,Recovered
T02636,A02636,Knee Replacement,Yes,Recovered
T02637,A02637,Nebulization,No,Deceased
T02638,A02638,Stroke Therapy,No,Recovered
T02639,A02639,Trauma Care,No,Recovered
T02640,A02640,Ventilator Support,No,Recovered
T02641,A02641,IV Fluids,No,Recovered
T02642,A02642,Stroke Therapy,No,Recovered
T02643,A02643,Laser Therapy,No,Improved
T02644,A02644,Vaccination,No,Recovered
T02645,A02645,IV Fluids,No,Recovered
T02646,A02646,Dialysis,No,Recovered
T02647,A02647,ECG,No,Recovered
T02648,A02648,CPR,No,Improved
T02649,A02649,Immunotherapy,No,Recovered
T02650,A02650,Insulin Therapy,No,Recovered
T02651,A02651,CPR,No,Referred
T02652,A02652,Angioplasty,Yes,Recovered
T02653,A02653,Critical Monitoring,No,Recovered
T02654,A02654,EEG,No,Recovered
T02655,A02655,Knee Replacement,Yes,Recovered
T02656,A02656,Dialysis,No,Recovered
T02657,A02657,Ventilator Support,No,Improved
T02658,A02658,MRI Brain,No,Deceased
T02659,A02659,Ear Surgery,Yes,Recovered
T02660,A02660,Radiation Therapy,No,Recovered
T02661,A02661,Nebulization,No,Recovered
T02662,A02662,Angioplasty,Yes,Improved
T02663,A02663,Chemotherapy,No,Referred
T02664,A02664,CPR,No,Improved
T02665,A02665,Dialysis,No,Recovered
T02666,A02666,Skin Biopsy,No,Recovered
T02667,A02667,MRI Brain,No,Recovered
T02668,A02668,IV Fluids,No,Recovered
T02669,A02669,Cryotherapy,No,Recovered
T02670,A02670,Endoscopy,No,Recovered
T02671,A02671,Dialysis,No,Recovered
T02672,A02672,Antibiotic Therapy,No,Recovered
T02673,A02673,Ear Surgery,Yes,Recovered
T02674,A02674,Ventilator Support,No,Recovered
T02675,A02675,Immunotherapy,No,Improved
T02676,A02676,Nebulization,No,Improved
T02677,A02677,Dialysis,No,Improved
T02678,A02678,Chemotherapy,No,Recovered
T02679,A02679,Knee Replacement,Yes,Improved
T02680,A02680,Knee Replacement,Yes,Improved
T02681,A02681,IV Fluids,No,Improved
T02682,A02682,Endoscopy,No,Recovered
T02683,A02683,Cryotherapy,No,Recovered
T02684,A02684,Bypass Surgery,Yes,Recovered
T02685,A02685,Angioplasty,Yes,Recovered
T02686,A02686,Stroke Therapy,No,Recovered
T02687,A02687,Endoscopy,No,Referred
T02688,A02688,EEG,No,Recovered
T02689,A02689,Critical Monitoring,No,Recovered
T02690,A02690,IV Fluids,No,Improved
T02691,A02691,EEG,No,Recovered
T02692,A02692,Insulin Therapy,No,Improved
T02693,A02693,Critical Monitoring,No,Recovered
T02694,A02694,Insulin Therapy,No,Improved
T02695,A02695,Immunotherapy,No,Improved
T02696,A02696,Cryotherapy,No,Recovered
T02697,A02697,EEG,No,Recovered
T02698,A02698,IV Fluids,No,Improved
T02699,A02699,Skin Biopsy,No,Recovered
T02700,A02700,Stroke Therapy,No,Improved
T02701,A02701,Chemotherapy,No,Recovered
T02702,A02702,Angioplasty,Yes,Recovered
T02703,A02703,Knee Replacement,Yes,Recovered
T02704,A02704,Immunotherapy,No,Recovered
T02705,A02705,Ventilator Support,No,Improved
T02706,A02706,Chemotherapy,No,Recovered
T02707,A02707,Insulin Therapy,No,Recovered
T02708,A02708,Sinus Surgery,Yes,Recovered
T02709,A02709,Trauma Care,No,Recovered
T02710,A02710,Sinus Surgery,Yes,Recovered
T02711,A02711,Immunotherapy,No,Recovered
T02712,A02712,EEG,No,Recovered
T02713,A02713,Wound Suturing,Yes,Recovered
T02714,A02714,Antibiotic Therapy,No,Recovered
T02715,A02715,Ear Surgery,Yes,Recovered
T02716,A02716,ECG,No,Recovered
T02717,A02717,EEG,No,Recovered
T02718,A02718,EEG,No,Improved
T02719,A02719,Dialysis,No,Improved
T02720,A02720,Bypass Surgery,Yes,Recovered
T02721,A02721,EEG,No,Recovered
T02722,A02722,Trauma Care,No,Improved
T02723,A02723,Radiation Therapy,No,Recovered
T02724,A02724,Ventilator Support,No,Referred
T02725,A02725,Vaccination,No,Recovered
T02726,A02726,ECG,No,Recovered
T02727,A02727,Trauma Care,No,Recovered
T02728,A02728,EEG,No,Recovered
T02729,A02729,Bypass Surgery,Yes,Referred
T02730,A02730,Immunotherapy,No,Improved
T02731,A02731,Radiation Therapy,No,Improved
T02732,A02732,Bypass Surgery,Yes,Recovered
T02733,A02733,IV Fluids,No,Recovered
T02734,A02734,Antibiotic Therapy,No,Recovered
T02735,A02735,Insulin Therapy,No,Recovered
T02736,A02736,Insulin Therapy,No,Recovered
T02737,A02737,EEG,No,Recovered
T02738,A02738,Skin Biopsy,No,Recovered
T02739,A02739,Immunotherapy,No,Recovered
T02740,A02740,Radiation Therapy,No,Referred
T02741,A02741,Immunotherapy,No,Deceased
T02742,A02742,Knee Replacement,Yes,Improved
T02743,A02743,Wound Suturing,Yes,Improved
T02744,A02744,Sinus Surgery,Yes,Improved
T02745,A02745,Laser Therapy,No,Recovered
T02746,A02746,Critical Monitoring,No,Recovered
T02747,A02747,Radiation Therapy,No,Improved
T02748,A02748,IV Fluids,No,Recovered
T02749,A02749,Sinus Surgery,Yes,Recovered
T02750,A02750,Dialysis,No,Recovered
T02751,A02751,Trauma Care,No,Deceased
T02752,A02752,Critical Monitoring,No,Recovered
T02753,A02753,Fracture Fixation,Yes,Deceased
T02754,A02754,Knee Replacement,Yes,Recovered
T02755,A02755,Vaccination,No,Recovered
T02756,A02756,IV Fluids,No,Recovered
T02757,A02757,Physiotherapy,No,Improved
T02758,A02758,Critical Monitoring,No,Recovered
T02759,A02759,Antibiotic Therapy,No,Referred
T02760,A02760,Insulin Therapy,No,Recovered
T02761,A02761,Wound Suturing,Yes,Recovered
T02762,A02762,Chemotherapy,No,Recovered
T02763,A02763,Critical Monitoring,No,Recovered
T02764,A02764,Dialysis,No,Improved
T02765,A02765,Fracture Fixation,Yes,Recovered
T02766,A02766,Immunotherapy,No,Referred
T02767,A02767,CPR,No,Recovered
T02768,A02768,Laser Therapy,No,Improved
T02769,A02769,Ventilator Support,No,Recovered
T02770,A02770,Immunotherapy,No,Improved
T02771,A02771,Fracture Fixation,Yes,Recovered
T02772,A02772,Sinus Surgery,Yes,Recovered
T02773,A02773,Endoscopy,No,Recovered
T02774,A02774,Vaccination,No,Referred
T02775,A02775,Laser Therapy,No,Recovered
T02776,A02776,IV Fluids,No,Recovered
T02777,A02777,Chemotherapy,No,Improved
T02778,A02778,Skin Biopsy,No,Improved
T02779,A02779,Immunotherapy,No,Referred
T02780,A02780,Physiotherapy,No,Improved
T02781,A02781,Stroke Therapy,No,Recovered
T02782,A02782,Critical Monitoring,No,Recovered
T02783,A02783,Cryotherapy,No,Recovered
T02784,A02784,IV Fluids,No,Recovered
T02785,A02785,Ear Surgery,Yes,Recovered
T02786,A02786,CPR,No,Improved
T02787,A02787,Dialysis,No,Deceased
T02788,A02788,Bypass Surgery,Yes,Recovered
T02789,A02789,ECG,No,Recovered
T02790,A02790,Laser Therapy,No,Improved
T02791,A02791,MRI Brain,No,Recovered
T02792,A02792,Fracture Fixation,Yes,Recovered
T02793,A02793,Physiotherapy,No,Recovered
T02794,A02794,Sinus Surgery,Yes,Recovered
T02795,A02795,Stroke Therapy,No,Recovered
T02796,A02796,IV Fluids,No,Recovered
T02797,A02797,Ventilator Support,No,Recovered
T02798,A02798,Ear Surgery,Yes,Recovered
T02799,A02799,Endoscopy,No,Recovered
T02800,A02800,CPR,No,Recovered
T02801,A02801,Critical Monitoring,No,Recovered
T02802,A02802,Insulin Therapy,No,Recovered
T02803,A02803,Stroke Therapy,No,Recovered
T02804,A02804,Critical Monitoring,No,Recovered
T02805,A02805,Physiotherapy,No,Recovered
T02806,A02806,Sinus Surgery,Yes,Recovered
T02807,A02807,Radiation Therapy,No,Recovered
T02808,A02808,Bypass Surgery,Yes,Recovered
T02809,A02809,Angioplasty,Yes,Recovered
T02810,A02810,Radiation Therapy,No,Recovered
T02811,A02811,Dialysis,No,Recovered
T02812,A02812,Wound Suturing,Yes,Recovered
T02813,A02813,MRI Brain,No,Recovered
T02814,A02814,Knee Replacement,Yes,Recovered
T02815,A02815,Immunotherapy,No,Improved
T02816,A02816,Vaccination,No,Improved
T02817,A02817,Fracture Fixation,Yes,Referred
T02818,A02818,Trauma Care,No,Improved
T02819,A02819,Dialysis,No,Recovered
T02820,A02820,Antibiotic Therapy,No,Improved
T02821,A02821,IV Fluids,No,Recovered
T02822,A02822,Vaccination,No,Recovered
T02823,A02823,Critical Monitoring,No,Recovered
T02824,A02824,MRI Brain,No,Recovered
T02825,A02825,Wound Suturing,Yes,Recovered
T02826,A02826,Physiotherapy,No,Improved
T02827,A02827,Chemotherapy,No,Recovered
T02828,A02828,IV Fluids,No,Recovered
T02829,A02829,Physiotherapy,No,Referred
T02830,A02830,Physiotherapy,No,Recovered
T02831,A02831,Skin Biopsy,No,Recovered
T02832,A02832,Skin Biopsy,No,Improved
T02833,A02833,Immunotherapy,No,Recovered
T02834,A02834,Angioplasty,Yes,Recovered
T02835,A02835,ECG,No,Recovered
T02836,A02836,Immunotherapy,No,Recovered
T02837,A02837,CPR,No,Recovered
T02838,A02838,Ventilator Support,No,Recovered
T02839,A02839,Antibiotic Therapy,No,Recovered
T02840,A02840,Laser Therapy,No,Recovered
T02841,A02841,Critical Monitoring,No,Recovered
T02842,A02842,Radiation Therapy,No,Recovered
T02843,A02843,IV Fluids,No,Recovered
T02844,A02844,Fracture Fixation,Yes,Recovered
T02845,A02845,Dialysis,No,Recovered
T02846,A02846,Endoscopy,No,Recovered
T02847,A02847,Trauma Care,No,Referred
T02848,A02848,Stroke Therapy,No,Recovered
T02849,A02849,Sinus Surgery,Yes,Improved
T02850,A02850,Fracture Fixation,Yes,Recovered
T02851,A02851,Knee Replacement,Yes,Recovered
T02852,A02852,Radiation Therapy,No,Recovered
T02853,A02853,Bypass Surgery,Yes,Recovered
T02854,A02854,MRI Brain,No,Recovered
T02855,A02855,Radiation Therapy,No,Improved
T02856,A02856,MRI Brain,No,Referred
T02857,A02857,Wound Suturing,Yes,Recovered
T02858,A02858,Nebulization,No,Improved
T02859,A02859,Antibiotic Therapy,No,Recovered
T02860,A02860,CPR,No,Recovered
T02861,A02861,Critical Monitoring,No,Recovered
T02862,A02862,Immunotherapy,No,Recovered
T02863,A02863,IV Fluids,No,Recovered
T02864,A02864,Vaccination,No,Recovered
T02865,A02865,IV Fluids,No,Referred
T02866,A02866,Sinus Surgery,Yes,Recovered
T02867,A02867,Vaccination,No,Recovered
T02868,A02868,Ear Surgery,Yes,Recovered
T02869,A02869,CPR,No,Improved
T02870,A02870,Ventilator Support,No,Recovered
T02871,A02871,Antibiotic Therapy,No,Improved
T02872,A02872,MRI Brain,No,Recovered
T02873,A02873,Vaccination,No,Recovered
T02874,A02874,Endoscopy,No,Referred
T02875,A02875,Nebulization,No,Recovered
T02876,A02876,Immunotherapy,No,Referred
T02877,A02877,Vaccination,No,Recovered
T02878,A02878,Vaccination,No,Improved
T02879,A02879,Radiation Therapy,No,Improved
T02880,A02880,Laser Therapy,No,Referred
T02881,A02881,Dialysis,No,Recovered
T02882,A02882,Antibiotic Therapy,No,Referred
T02883,A02883,Dialysis,No,Recovered
T02884,A02884,MRI Brain,No,Recovered
T02885,A02885,ECG,No,Recovered
T02886,A02886,Physiotherapy,No,Recovered
T02887,A02887,EEG,No,Recovered
T02888,A02888,Trauma Care,No,Recovered
T02889,A02889,MRI Brain,No,Recovered
T02890,A02890,Sinus Surgery,Yes,Recovered
T02891,A02891,Laser Therapy,No,Recovered
T02892,A02892,Cryotherapy,No,Recovered
T02893,A02893,Antibiotic Therapy,No,Recovered
T02894,A02894,Dialysis,No,Recovered
T02895,A02895,MRI Brain,No,Recovered
T02896,A02896,Ear Surgery,Yes,Recovered
T02897,A02897,Trauma Care,No,Referred
T02898,A02898,Sinus Surgery,Yes,Recovered
T02899,A02899,Critical Monitoring,No,Deceased
T02900,A02900,Trauma Care,No,Recovered
T02901,A02901,Nebulization,No,Improved
T02902,A02902,Stroke Therapy,No,Recovered
T02903,A02903,Sinus Surgery,Yes,Improved
T02904,A02904,IV Fluids,No,Recovered
T02905,A02905,Insulin Therapy,No,Recovered
T02906,A02906,Angioplasty,Yes,Improved
T02907,A02907,IV Fluids,No,Recovered
T02908,A02908,Physiotherapy,No,Recovered
T02909,A02909,CPR,No,Recovered
T02910,A02910,CPR,No,Improved
T02911,A02911,Cryotherapy,No,Recovered
T02912,A02912,Dialysis,No,Improved
T02913,A02913,Chemotherapy,No,Improved
T02914,A02914,ECG,No,Recovered
T02915,A02915,Dialysis,No,Deceased
T02916,A02916,Skin Biopsy,No,Recovered
T02917,A02917,Physiotherapy,No,Improved
T02918,A02918,Trauma Care,No,Recovered
T02919,A02919,Knee Replacement,Yes,Recovered
T02920,A02920,IV Fluids,No,Improved
T02921,A02921,Stroke Therapy,No,Recovered
T02922,A02922,Sinus Surgery,Yes,Recovered
T02923,A02923,Vaccination,No,Recovered
T02924,A02924,Trauma Care,No,Recovered
T02925,A02925,Bypass Surgery,Yes,Recovered
T02926,A02926,CPR,No,Recovered
T02927,A02927,Skin Biopsy,No,Improved
T02928,A02928,Cryotherapy,No,Recovered
T02929,A02929,Angioplasty,Yes,Recovered
T02930,A02930,Angioplasty,Yes,Recovered
T02931,A02931,Stroke Therapy,No,Recovered
T02932,A02932,Critical Monitoring,No,Improved
T02933,A02933,Wound Suturing,Yes,Recovered
T02934,A02934,IV Fluids,No,Recovered
T02935,A02935,Endoscopy,No,Improved
T02936,A02936,Antibiotic Therapy,No,Improved
T02937,A02937,ECG,No,Recovered
T02938,A02938,Radiation Therapy,No,Recovered
T02939,A02939,Fracture Fixation,Yes,Recovered
T02940,A02940,Radiation Therapy,No,Improved
T02941,A02941,Physiotherapy,No,Recovered
T02942,A02942,Insulin Therapy,No,Recovered
T02943,A02943,Radiation Therapy,No,Recovered
T02944,A02944,MRI Brain,No,Referred
T02945,A02945,Physiotherapy,No,Improved
T02946,A02946,Ear Surgery,Yes,Recovered
T02947,A02947,Chemotherapy,No,Recovered
T02948,A02948,EEG,No,Recovered
T02949,A02949,Wound Suturing,Yes,Recovered
T02950,A02950,Wound Suturing,Yes,Recovered
T02951,A02951,ECG,No,Recovered
T02952,A02952,Skin Biopsy,No,Referred
T02953,A02953,Ear Surgery,Yes,Recovered
T02954,A02954,Wound Suturing,Yes,Recovered
T02955,A02955,Sinus Surgery,Yes,Improved
T02956,A02956,EEG,No,Improved
T02957,A02957,Physiotherapy,No,Improved
T02958,A02958,ECG,No,Recovered
T02959,A02959,Antibiotic Therapy,No,Recovered
T02960,A02960,Wound Suturing,Yes,Recovered
T02961,A02961,IV Fluids,No,Recovered
T02962,A02962,MRI Brain,No,Improved
T02963,A02963,Laser Therapy,No,Recovered
T02964,A02964,Physiotherapy,No,Improved
T02965,A02965,Insulin Therapy,No,Recovered
T02966,A02966,Ventilator Support,No,Recovered
T02967,A02967,Angioplasty,Yes,Recovered
T02968,A02968,Ear Surgery,Yes,Recovered
T02969,A02969,EEG,No,Recovered
T02970,A02970,MRI Brain,No,Recovered
T02971,A02971,Nebulization,No,Deceased
T02972,A02972,Ventilator Support,No,Recovered
T02973,A02973,Physiotherapy,No,Recovered
T02974,A02974,Immunotherapy,No,Recovered
T02975,A02975,Bypass Surgery,Yes,Recovered
T02976,A02976,Laser Therapy,No,Improved
T02977,A02977,Angioplasty,Yes,Referred
T02978,A02978,Trauma Care,No,Improved
T02979,A02979,Wound Suturing,Yes,Recovered
T02980,A02980,Wound Suturing,Yes,Improved
T02981,A02981,IV Fluids,No,Improved
T02982,A02982,MRI Brain,No,Recovered
T02983,A02983,Vaccination,No,Recovered
T02984,A02984,Stroke Therapy,No,Recovered
T02985,A02985,Stroke Therapy,No,Recovered
T02986,A02986,EEG,No,Recovered
T02987,A02987,Chemotherapy,No,Recovered
T02988,A02988,Bypass Surgery,Yes,Deceased
T02989,A02989,IV Fluids,No,Deceased
T02990,A02990,Knee Replacement,Yes,Improved
T02991,A02991,EEG,No,Referred
T02992,A02992,CPR,No,Recovered
T02993,A02993,IV Fluids,No,Improved
T02994,A02994,Radiation Therapy,No,Recovered
T02995,A02995,CPR,No,Recovered
T02996,A02996,Insulin Therapy,No,Recovered
T02997,A02997,Sinus Surgery,Yes,Recovered
T02998,A02998,Cryotherapy,No,Recovered
T02999,A02999,Ear Surgery,Yes,Improved
T03000,A03000,MRI Brain,No,Improved
T03001,A03001,Chemotherapy,No,Recovered
T03002,A03002,Fracture Fixation,Yes,Recovered
T03003,A03003,Fracture Fixation,Yes,Improved
T03004,A03004,Ventilator Support,No,Improved
T03005,A03005,IV Fluids,No,Recovered
T03006,A03006,Radiation Therapy,No,Recovered
T03007,A03007,Cryotherapy,No,Recovered
T03008,A03008,Bypass Surgery,Yes,Recovered
T03009,A03009,Laser Therapy,No,Recovered
T03010,A03010,Fracture Fixation,Yes,Recovered
T03011,A03011,IV Fluids,No,Recovered
T03012,A03012,Trauma Care,No,Recovered
T03013,A03013,Sinus Surgery,Yes,Recovered
T03014,A03014,Physiotherapy,No,Recovered
T03015,A03015,Insulin Therapy,No,Improved
T03016,A03016,Vaccination,No,Recovered
T03017,A03017,Sinus Surgery,Yes,Referred
T03018,A03018,Radiation Therapy,No,Referred
T03019,A03019,Vaccination,No,Recovered
T03020,A03020,Nebulization,No,Recovered
T03021,A03021,Sinus Surgery,Yes,Improved
T03022,A03022,Antibiotic Therapy,No,Improved
T03023,A03023,Dialysis,No,Improved
T03024,A03024,Sinus Surgery,Yes,Referred
T03025,A03025,Ventilator Support,No,Improved
T03026,A03026,Angioplasty,Yes,Recovered
T03027,A03027,Bypass Surgery,Yes,Recovered
T03028,A03028,Antibiotic Therapy,No,Recovered
T03029,A03029,Endoscopy,No,Recovered
T03030,A03030,Wound Suturing,Yes,Recovered
T03031,A03031,ECG,No,Recovered
T03032,A03032,Vaccination,No,Recovered
T03033,A03033,Laser Therapy,No,Recovered
T03034,A03034,Trauma Care,No,Recovered
T03035,A03035,IV Fluids,No,Recovered
T03036,A03036,Insulin Therapy,No,Improved
T03037,A03037,Wound Suturing,Yes,Improved
T03038,A03038,Dialysis,No,Improved
T03039,A03039,Dialysis,No,Recovered
T03040,A03040,Sinus Surgery,Yes,Improved
T03041,A03041,Stroke Therapy,No,Recovered
T03042,A03042,Sinus Surgery,Yes,Recovered
T03043,A03043,Angioplasty,Yes,Recovered
T03044,A03044,Radiation Therapy,No,Improved
T03045,A03045,Ventilator Support,No,Referred
T03046,A03046,Sinus Surgery,Yes,Recovered
T03047,A03047,Stroke Therapy,No,Referred
T03048,A03048,Trauma Care,No,Recovered
T03049,A03049,Nebulization,No,Improved
T03050,A03050,Endoscopy,No,Recovered
T03051,A03051,Laser Therapy,No,Recovered
T03052,A03052,Vaccination,No,Improved
T03053,A03053,Endoscopy,No,Recovered
T03054,A03054,Ventilator Support,No,Recovered
T03055,A03055,MRI Brain,No,Recovered
T03056,A03056,Critical Monitoring,No,Improved
T03057,A03057,ECG,No,Recovered
T03058,A03058,ECG,No,Recovered
T03059,A03059,Immunotherapy,No,Improved
T03060,A03060,Radiation Therapy,No,Recovered
T03061,A03061,Vaccination,No,Recovered
T03062,A03062,Physiotherapy,No,Improved
T03063,A03063,Vaccination,No,Recovered
T03064,A03064,Knee Replacement,Yes,Recovered
T03065,A03065,ECG,No,Recovered
T03066,A03066,Chemotherapy,No,Recovered
T03067,A03067,Immunotherapy,No,Recovered
T03068,A03068,Wound Suturing,Yes,Recovered
T03069,A03069,Dialysis,No,Recovered
T03070,A03070,IV Fluids,No,Recovered
T03071,A03071,Antibiotic Therapy,No,Recovered
T03072,A03072,MRI Brain,No,Recovered
T03073,A03073,Knee Replacement,Yes,Recovered
T03074,A03074,Stroke Therapy,No,Recovered
T03075,A03075,Physiotherapy,No,Improved
T03076,A03076,EEG,No,Recovered
T03077,A03077,Ear Surgery,Yes,Recovered
T03078,A03078,Dialysis,No,Recovered
T03079,A03079,Ventilator Support,No,Recovered
T03080,A03080,Dialysis,No,Referred
T03081,A03081,MRI Brain,No,Recovered
T03082,A03082,Vaccination,No,Recovered
T03083,A03083,Angioplasty,Yes,Recovered
T03084,A03084,Antibiotic Therapy,No,Improved
T03085,A03085,Immunotherapy,No,Improved
T03086,A03086,Critical Monitoring,No,Recovered
T03087,A03087,IV Fluids,No,Recovered
T03088,A03088,MRI Brain,No,Improved
T03089,A03089,Immunotherapy,No,Improved
T03090,A03090,MRI Brain,No,Deceased
T03091,A03091,Stroke Therapy,No,Recovered
T03092,A03092,Fracture Fixation,Yes,Improved
T03093,A03093,CPR,No,Recovered
T03094,A03094,Wound Suturing,Yes,Recovered
T03095,A03095,Antibiotic Therapy,No,Improved
T03096,A03096,Sinus Surgery,Yes,Recovered
T03097,A03097,Ear Surgery,Yes,Recovered
T03098,A03098,Cryotherapy,No,Recovered
T03099,A03099,IV Fluids,No,Recovered
T03100,A03100,Antibiotic Therapy,No,Referred
T03101,A03101,Knee Replacement,Yes,Improved
T03102,A03102,Nebulization,No,Recovered
T03103,A03103,Fracture Fixation,Yes,Recovered
T03104,A03104,Fracture Fixation,Yes,Recovered
T03105,A03105,Dialysis,No,Improved
T03106,A03106,Dialysis,No,Improved
T03107,A03107,Bypass Surgery,Yes,Recovered
T03108,A03108,Physiotherapy,No,Recovered
T03109,A03109,Bypass Surgery,Yes,Improved
T03110,A03110,Wound Suturing,Yes,Recovered
T03111,A03111,Vaccination,No,Improved
T03112,A03112,Physiotherapy,No,Recovered
T03113,A03113,IV Fluids,No,Recovered
T03114,A03114,Cryotherapy,No,Recovered
T03115,A03115,Ear Surgery,Yes,Deceased
T03116,A03116,Laser Therapy,No,Recovered
T03117,A03117,Insulin Therapy,No,Improved
T03118,A03118,IV Fluids,No,Recovered
T03119,A03119,Stroke Therapy,No,Recovered
T03120,A03120,Dialysis,No,Recovered
T03121,A03121,Trauma Care,No,Recovered
T03122,A03122,IV Fluids,No,Recovered
T03123,A03123,Physiotherapy,No,Recovered
T03124,A03124,Radiation Therapy,No,Recovered
T03125,A03125,CPR,No,Recovered
T03126,A03126,Bypass Surgery,Yes,Recovered
T03127,A03127,Wound Suturing,Yes,Recovered
T03128,A03128,Sinus Surgery,Yes,Recovered
T03129,A03129,Chemotherapy,No,Recovered
T03130,A03130,CPR,No,Improved
T03131,A03131,Sinus Surgery,Yes,Recovered
T03132,A03132,IV Fluids,No,Recovered
T03133,A03133,Ear Surgery,Yes,Recovered
T03134,A03134,ECG,No,Improved
T03135,A03135,Antibiotic Therapy,No,Improved
T03136,A03136,Ear Surgery,Yes,Recovered
T03137,A03137,Sinus Surgery,Yes,Recovered
T03138,A03138,Nebulization,No,Recovered
T03139,A03139,Angioplasty,Yes,Recovered
T03140,A03140,Antibiotic Therapy,No,Improved
T03141,A03141,Laser Therapy,No,Recovered
T03142,A03142,EEG,No,Recovered
T03143,A03143,Stroke Therapy,No,Improved
T03144,A03144,IV Fluids,No,Deceased
T03145,A03145,Bypass Surgery,Yes,Recovered
T03146,A03146,EEG,No,Recovered
T03147,A03147,Chemotherapy,No,Improved
T03148,A03148,Chemotherapy,No,Recovered
T03149,A03149,Physiotherapy,No,Referred
T03150,A03150,Chemotherapy,No,Improved
T03151,A03151,Laser Therapy,No,Recovered
T03152,A03152,Wound Suturing,Yes,Improved
T03153,A03153,Vaccination,No,Recovered
T03154,A03154,Physiotherapy,No,Recovered
T03155,A03155,Wound Suturing,Yes,Improved
T03156,A03156,IV Fluids,No,Recovered
T03157,A03157,Endoscopy,No,Recovered
T03158,A03158,Chemotherapy,No,Recovered
T03159,A03159,Ventilator Support,No,Recovered
T03160,A03160,IV Fluids,No,Improved
T03161,A03161,Chemotherapy,No,Recovered
T03162,A03162,Bypass Surgery,Yes,Recovered
T03163,A03163,Skin Biopsy,No,Recovered
T03164,A03164,Ventilator Support,No,Recovered
T03165,A03165,Sinus Surgery,Yes,Recovered
T03166,A03166,Fracture Fixation,Yes,Recovered
T03167,A03167,Bypass Surgery,Yes,Improved
T03168,A03168,Angioplasty,Yes,Improved
T03169,A03169,CPR,No,Recovered
T03170,A03170,IV Fluids,No,Recovered
T03171,A03171,Angioplasty,Yes,Recovered
T03172,A03172,EEG,No,Improved
T03173,A03173,Radiation Therapy,No,Recovered
T03174,A03174,MRI Brain,No,Recovered
T03175,A03175,ECG,No,Recovered
T03176,A03176,CPR,No,Recovered
T03177,A03177,Cryotherapy,No,Recovered
T03178,A03178,Bypass Surgery,Yes,Recovered
T03179,A03179,Fracture Fixation,Yes,Deceased
T03180,A03180,Bypass Surgery,Yes,Recovered
T03181,A03181,Stroke Therapy,No,Recovered
T03182,A03182,Dialysis,No,Referred
T03183,A03183,Ventilator Support,No,Recovered
T03184,A03184,Immunotherapy,No,Recovered
T03185,A03185,Laser Therapy,No,Recovered
T03186,A03186,ECG,No,Recovered
T03187,A03187,EEG,No,Recovered
T03188,A03188,Stroke Therapy,No,Recovered
T03189,A03189,Immunotherapy,No,Referred
T03190,A03190,Fracture Fixation,Yes,Recovered
T03191,A03191,EEG,No,Improved
T03192,A03192,Angioplasty,Yes,Recovered
T03193,A03193,IV Fluids,No,Recovered
T03194,A03194,Vaccination,No,Recovered
T03195,A03195,Antibiotic Therapy,No,Referred
T03196,A03196,CPR,No,Improved
T03197,A03197,Radiation Therapy,No,Recovered
T03198,A03198,Wound Suturing,Yes,Recovered
T03199,A03199,ECG,No,Recovered
T03200,A03200,Immunotherapy,No,Improved
T03201,A03201,Antibiotic Therapy,No,Improved
T03202,A03202,Wound Suturing,Yes,Recovered
T03203,A03203,Angioplasty,Yes,Recovered
T03204,A03204,Critical Monitoring,No,Recovered
T03205,A03205,Radiation Therapy,No,Improved
T03206,A03206,Critical Monitoring,No,Recovered
T03207,A03207,Dialysis,No,Recovered
T03208,A03208,IV Fluids,No,Recovered
T03209,A03209,Nebulization,No,Recovered
T03210,A03210,Antibiotic Therapy,No,Recovered
T03211,A03211,Wound Suturing,Yes,Recovered
T03212,A03212,Fracture Fixation,Yes,Recovered
T03213,A03213,IV Fluids,No,Improved
T03214,A03214,Critical Monitoring,No,Recovered
T03215,A03215,Fracture Fixation,Yes,Recovered
T03216,A03216,Immunotherapy,No,Recovered
T03217,A03217,ECG,No,Improved
T03218,A03218,Vaccination,No,Recovered
T03219,A03219,Ear Surgery,Yes,Referred
T03220,A03220,Physiotherapy,No,Referred
T03221,A03221,Fracture Fixation,Yes,Improved
T03222,A03222,Wound Suturing,Yes,Improved
T03223,A03223,Ventilator Support,No,Recovered
T03224,A03224,Antibiotic Therapy,No,Recovered
T03225,A03225,Vaccination,No,Recovered
T03226,A03226,Angioplasty,Yes,Recovered
T03227,A03227,Dialysis,No,Improved
T03228,A03228,Vaccination,No,Recovered
T03229,A03229,Stroke Therapy,No,Recovered
T03230,A03230,Knee Replacement,Yes,Recovered
T03231,A03231,Immunotherapy,No,Recovered
T03232,A03232,IV Fluids,No,Improved
T03233,A03233,Nebulization,No,Recovered
T03234,A03234,Cryotherapy,No,Improved
T03235,A03235,Trauma Care,No,Recovered
T03236,A03236,Radiation Therapy,No,Recovered
T03237,A03237,Sinus Surgery,Yes,Referred
T03238,A03238,IV Fluids,No,Referred
T03239,A03239,Chemotherapy,No,Referred
T03240,A03240,EEG,No,Recovered
T03241,A03241,Angioplasty,Yes,Recovered
T03242,A03242,Critical Monitoring,No,Improved
T03243,A03243,Knee Replacement,Yes,Recovered
T03244,A03244,Ventilator Support,No,Recovered
T03245,A03245,CPR,No,Recovered
T03246,A03246,Bypass Surgery,Yes,Improved
T03247,A03247,Physiotherapy,No,Recovered
T03248,A03248,Chemotherapy,No,Recovered
T03249,A03249,IV Fluids,No,Recovered
T03250,A03250,Trauma Care,No,Recovered
T03251,A03251,Insulin Therapy,No,Recovered
T03252,A03252,Trauma Care,No,Recovered
T03253,A03253,ECG,No,Recovered
T03254,A03254,EEG,No,Recovered
T03255,A03255,MRI Brain,No,Improved
T03256,A03256,Angioplasty,Yes,Recovered
T03257,A03257,Ventilator Support,No,Recovered
T03258,A03258,Fracture Fixation,Yes,Referred
T03259,A03259,Antibiotic Therapy,No,Improved
T03260,A03260,MRI Brain,No,Referred
T03261,A03261,IV Fluids,No,Recovered
T03262,A03262,Trauma Care,No,Recovered
T03263,A03263,Physiotherapy,No,Recovered
T03264,A03264,Immunotherapy,No,Improved
T03265,A03265,Immunotherapy,No,Recovered
T03266,A03266,Ear Surgery,Yes,Improved
T03267,A03267,CPR,No,Recovered
T03268,A03268,Wound Suturing,Yes,Recovered
T03269,A03269,ECG,No,Recovered
T03270,A03270,Wound Suturing,Yes,Improved
T03271,A03271,Bypass Surgery,Yes,Referred
T03272,A03272,Stroke Therapy,No,Recovered
T03273,A03273,Ventilator Support,No,Recovered
T03274,A03274,Ear Surgery,Yes,Recovered
T03275,A03275,Sinus Surgery,Yes,Deceased
T03276,A03276,Knee Replacement,Yes,Referred
T03277,A03277,IV Fluids,No,Recovered
T03278,A03278,Ear Surgery,Yes,Recovered
T03279,A03279,Trauma Care,No,Recovered
T03280,A03280,Ear Surgery,Yes,Recovered
T03281,A03281,Insulin Therapy,No,Recovered
T03282,A03282,Stroke Therapy,No,Recovered
T03283,A03283,Physiotherapy,No,Recovered
T03284,A03284,Laser Therapy,No,Improved
T03285,A03285,Ventilator Support,No,Recovered
T03286,A03286,Skin Biopsy,No,Recovered
T03287,A03287,Angioplasty,Yes,Improved
T03288,A03288,Fracture Fixation,Yes,Improved
T03289,A03289,Trauma Care,No,Recovered
T03290,A03290,Trauma Care,No,Referred
T03291,A03291,IV Fluids,No,Recovered
T03292,A03292,Vaccination,No,Improved
T03293,A03293,Stroke Therapy,No,Recovered
T03294,A03294,Bypass Surgery,Yes,Improved
T03295,A03295,Wound Suturing,Yes,Recovered
T03296,A03296,Sinus Surgery,Yes,Improved
T03297,A03297,ECG,No,Recovered
T03298,A03298,Fracture Fixation,Yes,Recovered
T03299,A03299,Critical Monitoring,No,Improved
T03300,A03300,Wound Suturing,Yes,Recovered
T03301,A03301,Physiotherapy,No,Referred
T03302,A03302,Knee Replacement,Yes,Recovered
T03303,A03303,Sinus Surgery,Yes,Recovered
T03304,A03304,Bypass Surgery,Yes,Deceased
T03305,A03305,Antibiotic Therapy,No,Recovered
T03306,A03306,Antibiotic Therapy,No,Improved
T03307,A03307,Laser Therapy,No,Recovered
T03308,A03308,Dialysis,No,Improved
T03309,A03309,Wound Suturing,Yes,Recovered
T03310,A03310,Insulin Therapy,No,Recovered
T03311,A03311,Stroke Therapy,No,Recovered
T03312,A03312,Wound Suturing,Yes,Recovered
T03313,A03313,Trauma Care,No,Recovered
T03314,A03314,Laser Therapy,No,Recovered
T03315,A03315,Endoscopy,No,Recovered
T03316,A03316,Chemotherapy,No,Recovered
T03317,A03317,Trauma Care,No,Recovered
T03318,A03318,Bypass Surgery,Yes,Recovered
T03319,A03319,Dialysis,No,Recovered
T03320,A03320,IV Fluids,No,Recovered
T03321,A03321,Sinus Surgery,Yes,Recovered
T03322,A03322,Stroke Therapy,No,Referred
T03323,A03323,MRI Brain,No,Recovered
T03324,A03324,Trauma Care,No,Recovered
T03325,A03325,Antibiotic Therapy,No,Recovered
T03326,A03326,Ear Surgery,Yes,Recovered
T03327,A03327,IV Fluids,No,Recovered
T03328,A03328,Laser Therapy,No,Referred
T03329,A03329,Antibiotic Therapy,No,Recovered
T03330,A03330,Bypass Surgery,Yes,Recovered
T03331,A03331,Vaccination,No,Recovered
T03332,A03332,Ear Surgery,Yes,Recovered
T03333,A03333,Trauma Care,No,Recovered
T03334,A03334,CPR,No,Recovered
T03335,A03335,Immunotherapy,No,Recovered
T03336,A03336,Chemotherapy,No,Recovered
T03337,A03337,Insulin Therapy,No,Referred
T03338,A03338,ECG,No,Recovered
T03339,A03339,Trauma Care,No,Improved
T03340,A03340,Ear Surgery,Yes,Improved
T03341,A03341,Ventilator Support,No,Recovered
T03342,A03342,Antibiotic Therapy,No,Improved
T03343,A03343,MRI Brain,No,Recovered
T03344,A03344,Trauma Care,No,Recovered
T03345,A03345,IV Fluids,No,Recovered
T03346,A03346,IV Fluids,No,Recovered
T03347,A03347,Immunotherapy,No,Recovered
T03348,A03348,ECG,No,Recovered
T03349,A03349,Ear Surgery,Yes,Improved
T03350,A03350,Critical Monitoring,No,Recovered
T03351,A03351,Insulin Therapy,No,Recovered
T03352,A03352,Ear Surgery,Yes,Improved
T03353,A03353,Vaccination,No,Recovered
T03354,A03354,Endoscopy,No,Recovered
T03355,A03355,Fracture Fixation,Yes,Referred
T03356,A03356,Ventilator Support,No,Recovered
T03357,A03357,IV Fluids,No,Recovered
T03358,A03358,Fracture Fixation,Yes,Recovered
T03359,A03359,Knee Replacement,Yes,Recovered
T03360,A03360,Chemotherapy,No,Recovered
T03361,A03361,Chemotherapy,No,Improved
T03362,A03362,Bypass Surgery,Yes,Improved
T03363,A03363,Wound Suturing,Yes,Recovered
T03364,A03364,Nebulization,No,Recovered
T03365,A03365,Trauma Care,No,Recovered
T03366,A03366,Radiation Therapy,No,Recovered
T03367,A03367,Wound Suturing,Yes,Recovered
T03368,A03368,Trauma Care,No,Recovered
T03369,A03369,Ventilator Support,No,Recovered
T03370,A03370,Antibiotic Therapy,No,Recovered
T03371,A03371,MRI Brain,No,Recovered
T03372,A03372,Nebulization,No,Recovered
T03373,A03373,Ear Surgery,Yes,Recovered
T03374,A03374,Skin Biopsy,No,Recovered
T03375,A03375,Physiotherapy,No,Deceased
T03376,A03376,Immunotherapy,No,Recovered
T03377,A03377,Cryotherapy,No,Recovered
T03378,A03378,Knee Replacement,Yes,Improved
T03379,A03379,Immunotherapy,No,Recovered
T03380,A03380,Insulin Therapy,No,Recovered
T03381,A03381,MRI Brain,No,Recovered
T03382,A03382,Stroke Therapy,No,Recovered
T03383,A03383,Insulin Therapy,No,Recovered
T03384,A03384,Trauma Care,No,Recovered
T03385,A03385,Nebulization,No,Recovered
T03386,A03386,Dialysis,No,Recovered
T03387,A03387,Cryotherapy,No,Improved
T03388,A03388,Angioplasty,Yes,Recovered
T03389,A03389,CPR,No,Recovered
T03390,A03390,CPR,No,Recovered
T03391,A03391,Trauma Care,No,Recovered
T03392,A03392,Trauma Care,No,Recovered
T03393,A03393,Insulin Therapy,No,Improved
T03394,A03394,Bypass Surgery,Yes,Recovered
T03395,A03395,Wound Suturing,Yes,Recovered
T03396,A03396,Endoscopy,No,Improved
T03397,A03397,Skin Biopsy,No,Improved
T03398,A03398,Radiation Therapy,No,Recovered
T03399,A03399,Insulin Therapy,No,Improved
T03400,A03400,Trauma Care,No,Recovered
T03401,A03401,MRI Brain,No,Recovered
T03402,A03402,Cryotherapy,No,Recovered
T03403,A03403,Knee Replacement,Yes,Recovered
T03404,A03404,Physiotherapy,No,Recovered
T03405,A03405,Laser Therapy,No,Recovered
T03406,A03406,Radiation Therapy,No,Improved
T03407,A03407,Physiotherapy,No,Recovered
T03408,A03408,Wound Suturing,Yes,Recovered
T03409,A03409,Fracture Fixation,Yes,Recovered
T03410,A03410,Endoscopy,No,Recovered
T03411,A03411,Ventilator Support,No,Recovered
T03412,A03412,IV Fluids,No,Recovered
T03413,A03413,Ventilator Support,No,Improved
T03414,A03414,Fracture Fixation,Yes,Improved
T03415,A03415,Immunotherapy,No,Recovered
T03416,A03416,Critical Monitoring,No,Referred
T03417,A03417,Fracture Fixation,Yes,Recovered
T03418,A03418,Antibiotic Therapy,No,Improved
T03419,A03419,Chemotherapy,No,Recovered
T03420,A03420,EEG,No,Recovered
T03421,A03421,Skin Biopsy,No,Recovered
T03422,A03422,Radiation Therapy,No,Recovered
T03423,A03423,Physiotherapy,No,Recovered
T03424,A03424,Chemotherapy,No,Recovered
T03425,A03425,Stroke Therapy,No,Recovered
T03426,A03426,Immunotherapy,No,Referred
T03427,A03427,Endoscopy,No,Improved
T03428,A03428,Radiation Therapy,No,Deceased
T03429,A03429,MRI Brain,No,Deceased
T03430,A03430,Antibiotic Therapy,No,Improved
T03431,A03431,Chemotherapy,No,Recovered
T03432,A03432,Radiation Therapy,No,Recovered
T03433,A03433,Critical Monitoring,No,Improved
T03434,A03434,Radiation Therapy,No,Recovered
T03435,A03435,MRI Brain,No,Recovered
T03436,A03436,Fracture Fixation,Yes,Recovered
T03437,A03437,Angioplasty,Yes,Referred
T03438,A03438,Skin Biopsy,No,Recovered
T03439,A03439,Ventilator Support,No,Recovered
T03440,A03440,Fracture Fixation,Yes,Recovered
T03441,A03441,Immunotherapy,No,Recovered
T03442,A03442,Endoscopy,No,Recovered
T03443,A03443,IV Fluids,No,Improved
T03444,A03444,Skin Biopsy,No,Deceased
T03445,A03445,Sinus Surgery,Yes,Improved
T03446,A03446,Physiotherapy,No,Recovered
T03447,A03447,Dialysis,No,Recovered
T03448,A03448,Immunotherapy,No,Recovered
T03449,A03449,CPR,No,Recovered
T03450,A03450,Immunotherapy,No,Recovered
T03451,A03451,ECG,No,Recovered
T03452,A03452,Sinus Surgery,Yes,Recovered
T03453,A03453,Physiotherapy,No,Recovered
T03454,A03454,Skin Biopsy,No,Improved
T03455,A03455,Ventilator Support,No,Recovered
T03456,A03456,Wound Suturing,Yes,Improved
T03457,A03457,Fracture Fixation,Yes,Recovered
T03458,A03458,EEG,No,Recovered
T03459,A03459,Trauma Care,No,Recovered
T03460,A03460,Sinus Surgery,Yes,Recovered
T03461,A03461,Chemotherapy,No,Recovered
T03462,A03462,Ventilator Support,No,Recovered
T03463,A03463,Physiotherapy,No,Recovered
T03464,A03464,Critical Monitoring,No,Improved
T03465,A03465,Chemotherapy,No,Deceased
T03466,A03466,Chemotherapy,No,Recovered
T03467,A03467,Bypass Surgery,Yes,Recovered
T03468,A03468,Bypass Surgery,Yes,Improved
T03469,A03469,EEG,No,Recovered
T03470,A03470,Endoscopy,No,Improved
T03471,A03471,Knee Replacement,Yes,Recovered
T03472,A03472,Sinus Surgery,Yes,Recovered
T03473,A03473,Stroke Therapy,No,Recovered
T03474,A03474,Fracture Fixation,Yes,Recovered
T03475,A03475,Wound Suturing,Yes,Recovered
T03476,A03476,Immunotherapy,No,Improved
T03477,A03477,Dialysis,No,Improved
T03478,A03478,EEG,No,Improved
T03479,A03479,Laser Therapy,No,Recovered
T03480,A03480,Laser Therapy,No,Improved
T03481,A03481,Critical Monitoring,No,Improved
T03482,A03482,Vaccination,No,Recovered
T03483,A03483,Laser Therapy,No,Recovered
T03484,A03484,Angioplasty,Yes,Improved
T03485,A03485,Stroke Therapy,No,Referred
T03486,A03486,Skin Biopsy,No,Recovered
T03487,A03487,Nebulization,No,Recovered
T03488,A03488,Skin Biopsy,No,Recovered
T03489,A03489,Trauma Care,No,Recovered
T03490,A03490,Cryotherapy,No,Recovered
T03491,A03491,Stroke Therapy,No,Referred
T03492,A03492,Immunotherapy,No,Referred
T03493,A03493,Radiation Therapy,No,Recovered
T03494,A03494,Nebulization,No,Improved
T03495,A03495,Ear Surgery,Yes,Recovered
T03496,A03496,Insulin Therapy,No,Recovered
T03497,A03497,MRI Brain,No,Improved
T03498,A03498,Physiotherapy,No,Recovered
T03499,A03499,Dialysis,No,Recovered
T03500,A03500,EEG,No,Recovered
T03501,A03501,Stroke Therapy,No,Recovered
T03502,A03502,Antibiotic Therapy,No,Recovered
T03503,A03503,Cryotherapy,No,Recovered
T03504,A03504,Wound Suturing,Yes,Recovered
T03505,A03505,Nebulization,No,Recovered
T03506,A03506,IV Fluids,No,Recovered
T03507,A03507,Radiation Therapy,No,Deceased
T03508,A03508,Fracture Fixation,Yes,Recovered
T03509,A03509,Laser Therapy,No,Recovered
T03510,A03510,Chemotherapy,No,Recovered
T03511,A03511,Vaccination,No,Improved
T03512,A03512,Wound Suturing,Yes,Recovered
T03513,A03513,Insulin Therapy,No,Improved
T03514,A03514,Endoscopy,No,Referred
T03515,A03515,Vaccination,No,Recovered
T03516,A03516,Chemotherapy,No,Recovered
T03517,A03517,Wound Suturing,Yes,Recovered
T03518,A03518,Nebulization,No,Recovered
T03519,A03519,Vaccination,No,Recovered
T03520,A03520,Endoscopy,No,Recovered
T03521,A03521,Dialysis,No,Deceased
T03522,A03522,Ventilator Support,No,Recovered
T03523,A03523,Endoscopy,No,Deceased
T03524,A03524,Immunotherapy,No,Recovered
T03525,A03525,Vaccination,No,Recovered
T03526,A03526,Dialysis,No,Improved
T03527,A03527,Knee Replacement,Yes,Referred
T03528,A03528,Ventilator Support,No,Recovered
T03529,A03529,Bypass Surgery,Yes,Recovered
T03530,A03530,Endoscopy,No,Recovered
T03531,A03531,Bypass Surgery,Yes,Recovered
T03532,A03532,Nebulization,No,Referred
T03533,A03533,CPR,No,Recovered
T03534,A03534,Cryotherapy,No,Improved
T03535,A03535,IV Fluids,No,Recovered
T03536,A03536,Chemotherapy,No,Improved
T03537,A03537,MRI Brain,No,Recovered
T03538,A03538,EEG,No,Recovered
T03539,A03539,Insulin Therapy,No,Recovered
T03540,A03540,Trauma Care,No,Recovered
T03541,A03541,MRI Brain,No,Recovered
T03542,A03542,Bypass Surgery,Yes,Recovered
T03543,A03543,Critical Monitoring,No,Recovered
T03544,A03544,Wound Suturing,Yes,Recovered
T03545,A03545,Insulin Therapy,No,Recovered
T03546,A03546,Nebulization,No,Recovered
T03547,A03547,Vaccination,No,Deceased
T03548,A03548,IV Fluids,No,Recovered
T03549,A03549,Nebulization,No,Recovered
T03550,A03550,CPR,No,Referred
T03551,A03551,IV Fluids,No,Recovered
T03552,A03552,Ear Surgery,Yes,Improved
T03553,A03553,Angioplasty,Yes,Recovered
T03554,A03554,Nebulization,No,Recovered
T03555,A03555,Stroke Therapy,No,Recovered
T03556,A03556,Dialysis,No,Improved
T03557,A03557,Chemotherapy,No,Recovered
T03558,A03558,Sinus Surgery,Yes,Improved
T03559,A03559,Laser Therapy,No,Improved
T03560,A03560,Knee Replacement,Yes,Recovered
T03561,A03561,Critical Monitoring,No,Deceased
T03562,A03562,IV Fluids,No,Improved
T03563,A03563,Dialysis,No,Recovered
T03564,A03564,Physiotherapy,No,Recovered
T03565,A03565,ECG,No,Recovered
T03566,A03566,Angioplasty,Yes,Deceased
T03567,A03567,Bypass Surgery,Yes,Deceased
T03568,A03568,Vaccination,No,Referred
T03569,A03569,Critical Monitoring,No,Improved
T03570,A03570,MRI Brain,No,Recovered
T03571,A03571,CPR,No,Referred
T03572,A03572,Nebulization,No,Recovered
T03573,A03573,Nebulization,No,Improved
T03574,A03574,Ear Surgery,Yes,Recovered
T03575,A03575,Knee Replacement,Yes,Recovered
T03576,A03576,Radiation Therapy,No,Recovered
T03577,A03577,Laser Therapy,No,Improved
T03578,A03578,Laser Therapy,No,Recovered
T03579,A03579,CPR,No,Recovered
T03580,A03580,Vaccination,No,Improved
T03581,A03581,Chemotherapy,No,Recovered
T03582,A03582,Antibiotic Therapy,No,Improved
T03583,A03583,Stroke Therapy,No,Recovered
T03584,A03584,EEG,No,Improved
T03585,A03585,Dialysis,No,Recovered
T03586,A03586,Critical Monitoring,No,Recovered
T03587,A03587,Insulin Therapy,No,Recovered
T03588,A03588,Nebulization,No,Recovered
T03589,A03589,Fracture Fixation,Yes,Recovered
T03590,A03590,Wound Suturing,Yes,Recovered
T03591,A03591,Cryotherapy,No,Recovered
T03592,A03592,Radiation Therapy,No,Recovered
T03593,A03593,Sinus Surgery,Yes,Deceased
T03594,A03594,Ear Surgery,Yes,Recovered
T03595,A03595,CPR,No,Recovered
T03596,A03596,Angioplasty,Yes,Recovered
T03597,A03597,ECG,No,Recovered
T03598,A03598,Angioplasty,Yes,Improved
T03599,A03599,Ventilator Support,No,Recovered
T03600,A03600,Chemotherapy,No,Recovered
T03601,A03601,Sinus Surgery,Yes,Recovered
T03602,A03602,Stroke Therapy,No,Recovered
T03603,A03603,Wound Suturing,Yes,Recovered
T03604,A03604,ECG,No,Recovered
T03605,A03605,Immunotherapy,No,Recovered
T03606,A03606,Insulin Therapy,No,Recovered
T03607,A03607,Ear Surgery,Yes,Recovered
T03608,A03608,Wound Suturing,Yes,Improved
T03609,A03609,IV Fluids,No,Improved
T03610,A03610,IV Fluids,No,Recovered
T03611,A03611,Antibiotic Therapy,No,Recovered
T03612,A03612,CPR,No,Recovered
T03613,A03613,Ear Surgery,Yes,Recovered
T03614,A03614,IV Fluids,No,Recovered
T03615,A03615,IV Fluids,No,Recovered
T03616,A03616,Skin Biopsy,No,Recovered
T03617,A03617,ECG,No,Recovered
T03618,A03618,Vaccination,No,Improved
T03619,A03619,Critical Monitoring,No,Recovered
T03620,A03620,IV Fluids,No,Improved
T03621,A03621,CPR,No,Recovered
T03622,A03622,Ventilator Support,No,Recovered
T03623,A03623,Ear Surgery,Yes,Recovered
T03624,A03624,Ear Surgery,Yes,Referred
T03625,A03625,Stroke Therapy,No,Recovered
T03626,A03626,Bypass Surgery,Yes,Recovered
T03627,A03627,Laser Therapy,No,Improved
T03628,A03628,Bypass Surgery,Yes,Recovered
T03629,A03629,Stroke Therapy,No,Recovered
T03630,A03630,Wound Suturing,Yes,Recovered
T03631,A03631,Insulin Therapy,No,Recovered
T03632,A03632,Endoscopy,No,Recovered
T03633,A03633,Insulin Therapy,No,Recovered
T03634,A03634,Insulin Therapy,No,Recovered
T03635,A03635,Ventilator Support,No,Recovered
T03636,A03636,Skin Biopsy,No,Recovered
T03637,A03637,Dialysis,No,Improved
T03638,A03638,Fracture Fixation,Yes,Recovered
T03639,A03639,Ear Surgery,Yes,Improved
T03640,A03640,IV Fluids,No,Recovered
T03641,A03641,Stroke Therapy,No,Recovered
T03642,A03642,Dialysis,No,Recovered
T03643,A03643,Radiation Therapy,No,Recovered
T03644,A03644,Trauma Care,No,Improved
T03645,A03645,EEG,No,Recovered
T03646,A03646,Insulin Therapy,No,Recovered
T03647,A03647,Dialysis,No,Recovered
T03648,A03648,Ear Surgery,Yes,Improved
T03649,A03649,Dialysis,No,Referred
T03650,A03650,Radiation Therapy,No,Recovered
T03651,A03651,Critical Monitoring,No,Improved
T03652,A03652,Critical Monitoring,No,Recovered
T03653,A03653,Immunotherapy,No,Recovered
T03654,A03654,EEG,No,Improved
T03655,A03655,Antibiotic Therapy,No,Recovered
T03656,A03656,Ear Surgery,Yes,Referred
T03657,A03657,Ear Surgery,Yes,Referred
T03658,A03658,CPR,No,Recovered
T03659,A03659,Immunotherapy,No,Recovered
T03660,A03660,Ear Surgery,Yes,Referred
T03661,A03661,IV Fluids,No,Recovered
T03662,A03662,Cryotherapy,No,Recovered
T03663,A03663,Laser Therapy,No,Recovered
T03664,A03664,Trauma Care,No,Recovered
T03665,A03665,Nebulization,No,Deceased
T03666,A03666,Wound Suturing,Yes,Recovered
T03667,A03667,Skin Biopsy,No,Recovered
T03668,A03668,Angioplasty,Yes,Recovered
T03669,A03669,ECG,No,Recovered
T03670,A03670,Nebulization,No,Improved
T03671,A03671,Cryotherapy,No,Recovered
T03672,A03672,Bypass Surgery,Yes,Recovered
T03673,A03673,Dialysis,No,Recovered
T03674,A03674,Knee Replacement,Yes,Recovered
T03675,A03675,IV Fluids,No,Improved
T03676,A03676,Immunotherapy,No,Deceased
T03677,A03677,IV Fluids,No,Recovered
T03678,A03678,Stroke Therapy,No,Recovered
T03679,A03679,Radiation Therapy,No,Recovered
T03680,A03680,Chemotherapy,No,Improved
T03681,A03681,IV Fluids,No,Referred
T03682,A03682,Radiation Therapy,No,Recovered
T03683,A03683,Immunotherapy,No,Recovered
T03684,A03684,Skin Biopsy,No,Recovered
T03685,A03685,CPR,No,Recovered
T03686,A03686,Trauma Care,No,Recovered
T03687,A03687,Wound Suturing,Yes,Recovered
T03688,A03688,Critical Monitoring,No,Deceased
T03689,A03689,Bypass Surgery,Yes,Referred
T03690,A03690,Fracture Fixation,Yes,Recovered
T03691,A03691,Fracture Fixation,Yes,Recovered
T03692,A03692,EEG,No,Improved
T03693,A03693,IV Fluids,No,Recovered
T03694,A03694,Dialysis,No,Improved
T03695,A03695,Wound Suturing,Yes,Improved
T03696,A03696,Endoscopy,No,Recovered
T03697,A03697,Physiotherapy,No,Referred
T03698,A03698,IV Fluids,No,Recovered
T03699,A03699,Bypass Surgery,Yes,Referred
T03700,A03700,Nebulization,No,Recovered
T03701,A03701,Vaccination,No,Improved
T03702,A03702,Vaccination,No,Recovered
T03703,A03703,Nebulization,No,Recovered
T03704,A03704,Critical Monitoring,No,Referred
T03705,A03705,Vaccination,No,Recovered
T03706,A03706,Insulin Therapy,No,Improved
T03707,A03707,Knee Replacement,Yes,Recovered
T03708,A03708,Ear Surgery,Yes,Recovered
T03709,A03709,Cryotherapy,No,Recovered
T03710,A03710,Wound Suturing,Yes,Recovered
T03711,A03711,Insulin Therapy,No,Improved
T03712,A03712,Endoscopy,No,Improved
T03713,A03713,Laser Therapy,No,Improved
T03714,A03714,Trauma Care,No,Recovered
T03715,A03715,Dialysis,No,Recovered
T03716,A03716,Sinus Surgery,Yes,Recovered
T03717,A03717,Physiotherapy,No,Recovered
T03718,A03718,Ear Surgery,Yes,Deceased
T03719,A03719,ECG,No,Recovered
T03720,A03720,Stroke Therapy,No,Improved
T03721,A03721,Wound Suturing,Yes,Recovered
T03722,A03722,Ear Surgery,Yes,Recovered
T03723,A03723,EEG,No,Improved
T03724,A03724,Nebulization,No,Improved
T03725,A03725,Chemotherapy,No,Recovered
T03726,A03726,Ventilator Support,No,Recovered
T03727,A03727,Radiation Therapy,No,Recovered
T03728,A03728,Fracture Fixation,Yes,Recovered
T03729,A03729,Angioplasty,Yes,Recovered
T03730,A03730,CPR,No,Recovered
T03731,A03731,Sinus Surgery,Yes,Recovered
T03732,A03732,Chemotherapy,No,Recovered
T03733,A03733,Angioplasty,Yes,Recovered
T03734,A03734,Cryotherapy,No,Deceased
T03735,A03735,IV Fluids,No,Recovered
T03736,A03736,Radiation Therapy,No,Recovered
T03737,A03737,Chemotherapy,No,Recovered
T03738,A03738,Ventilator Support,No,Improved
T03739,A03739,Wound Suturing,Yes,Improved
T03740,A03740,Antibiotic Therapy,No,Recovered
T03741,A03741,Immunotherapy,No,Recovered
T03742,A03742,Fracture Fixation,Yes,Recovered
T03743,A03743,Wound Suturing,Yes,Recovered
T03744,A03744,Insulin Therapy,No,Recovered
T03745,A03745,Ventilator Support,No,Recovered
T03746,A03746,Laser Therapy,No,Recovered
T03747,A03747,EEG,No,Recovered
T03748,A03748,Knee Replacement,Yes,Recovered
T03749,A03749,Vaccination,No,Recovered
T03750,A03750,Sinus Surgery,Yes,Recovered
T03751,A03751,IV Fluids,No,Improved
T03752,A03752,Physiotherapy,No,Recovered
T03753,A03753,Sinus Surgery,Yes,Recovered
T03754,A03754,Physiotherapy,No,Recovered
T03755,A03755,ECG,No,Deceased
T03756,A03756,Laser Therapy,No,Recovered
T03757,A03757,Radiation Therapy,No,Recovered
T03758,A03758,Laser Therapy,No,Recovered
T03759,A03759,Endoscopy,No,Recovered
T03760,A03760,Wound Suturing,Yes,Recovered
T03761,A03761,Physiotherapy,No,Recovered
T03762,A03762,Cryotherapy,No,Recovered
T03763,A03763,Wound Suturing,Yes,Recovered
T03764,A03764,Antibiotic Therapy,No,Improved
T03765,A03765,Vaccination,No,Improved
T03766,A03766,Critical Monitoring,No,Recovered
T03767,A03767,Wound Suturing,Yes,Recovered
T03768,A03768,Immunotherapy,No,Recovered
T03769,A03769,Trauma Care,No,Recovered
T03770,A03770,Fracture Fixation,Yes,Improved
T03771,A03771,Bypass Surgery,Yes,Recovered
T03772,A03772,Knee Replacement,Yes,Recovered
T03773,A03773,EEG,No,Improved
T03774,A03774,Knee Replacement,Yes,Recovered
T03775,A03775,Radiation Therapy,No,Improved
T03776,A03776,Critical Monitoring,No,Improved
T03777,A03777,Critical Monitoring,No,Improved
T03778,A03778,Sinus Surgery,Yes,Recovered
T03779,A03779,Radiation Therapy,No,Recovered
T03780,A03780,Nebulization,No,Recovered
T03781,A03781,Antibiotic Therapy,No,Recovered
T03782,A03782,Bypass Surgery,Yes,Recovered
T03783,A03783,Fracture Fixation,Yes,Recovered
T03784,A03784,CPR,No,Improved
T03785,A03785,Physiotherapy,No,Recovered
T03786,A03786,CPR,No,Referred
T03787,A03787,Immunotherapy,No,Referred
T03788,A03788,Sinus Surgery,Yes,Referred
T03789,A03789,Bypass Surgery,Yes,Improved
T03790,A03790,Nebulization,No,Referred
T03791,A03791,CPR,No,Recovered
T03792,A03792,CPR,No,Recovered
T03793,A03793,IV Fluids,No,Recovered
T03794,A03794,MRI Brain,No,Improved
T03795,A03795,Laser Therapy,No,Improved
T03796,A03796,Stroke Therapy,No,Recovered
T03797,A03797,ECG,No,Recovered
T03798,A03798,Angioplasty,Yes,Recovered
T03799,A03799,Stroke Therapy,No,Recovered
T03800,A03800,Sinus Surgery,Yes,Recovered
T03801,A03801,MRI Brain,No,Recovered
T03802,A03802,Ear Surgery,Yes,Recovered
T03803,A03803,Chemotherapy,No,Recovered
T03804,A03804,Stroke Therapy,No,Recovered
T03805,A03805,Bypass Surgery,Yes,Deceased
T03806,A03806,Stroke Therapy,No,Recovered
T03807,A03807,Trauma Care,No,Recovered
T03808,A03808,IV Fluids,No,Recovered
T03809,A03809,Dialysis,No,Improved
T03810,A03810,Dialysis,No,Recovered
T03811,A03811,Trauma Care,No,Recovered
T03812,A03812,Chemotherapy,No,Referred
T03813,A03813,IV Fluids,No,Improved
T03814,A03814,Trauma Care,No,Improved
T03815,A03815,Ventilator Support,No,Recovered
T03816,A03816,Nebulization,No,Improved
T03817,A03817,Wound Suturing,Yes,Improved
T03818,A03818,CPR,No,Recovered
T03819,A03819,Insulin Therapy,No,Recovered
T03820,A03820,Endoscopy,No,Improved
T03821,A03821,MRI Brain,No,Recovered
T03822,A03822,CPR,No,Recovered
T03823,A03823,Insulin Therapy,No,Recovered
T03824,A03824,Endoscopy,No,Referred
T03825,A03825,Physiotherapy,No,Recovered
T03826,A03826,ECG,No,Recovered
T03827,A03827,Trauma Care,No,Improved
T03828,A03828,Laser Therapy,No,Recovered
T03829,A03829,Physiotherapy,No,Improved
T03830,A03830,Cryotherapy,No,Improved
T03831,A03831,Sinus Surgery,Yes,Recovered
T03832,A03832,ECG,No,Recovered
T03833,A03833,Wound Suturing,Yes,Recovered
T03834,A03834,Sinus Surgery,Yes,Improved
T03835,A03835,Vaccination,No,Recovered
T03836,A03836,Wound Suturing,Yes,Recovered
T03837,A03837,Fracture Fixation,Yes,Recovered
T03838,A03838,Wound Suturing,Yes,Recovered
T03839,A03839,Ventilator Support,No,Referred
T03840,A03840,Chemotherapy,No,Recovered
T03841,A03841,Physiotherapy,No,Recovered
T03842,A03842,Radiation Therapy,No,Recovered
T03843,A03843,CPR,No,Recovered
T03844,A03844,Critical Monitoring,No,Recovered
T03845,A03845,Trauma Care,No,Recovered
T03846,A03846,Immunotherapy,No,Recovered
T03847,A03847,Physiotherapy,No,Recovered
T03848,A03848,Antibiotic Therapy,No,Referred
T03849,A03849,Radiation Therapy,No,Referred
T03850,A03850,IV Fluids,No,Recovered
T03851,A03851,Insulin Therapy,No,Improved
T03852,A03852,IV Fluids,No,Recovered
T03853,A03853,IV Fluids,No,Referred
T03854,A03854,Wound Suturing,Yes,Recovered
T03855,A03855,Ear Surgery,Yes,Recovered
T03856,A03856,Chemotherapy,No,Referred
T03857,A03857,Physiotherapy,No,Recovered
T03858,A03858,Immunotherapy,No,Recovered
T03859,A03859,Ear Surgery,Yes,Recovered
T03860,A03860,Vaccination,No,Improved
T03861,A03861,Nebulization,No,Recovered
T03862,A03862,IV Fluids,No,Referred
T03863,A03863,Angioplasty,Yes,Improved
T03864,A03864,Insulin Therapy,No,Improved
T03865,A03865,Physiotherapy,No,Recovered
T03866,A03866,Ear Surgery,Yes,Recovered
T03867,A03867,EEG,No,Improved
T03868,A03868,IV Fluids,No,Improved
T03869,A03869,IV Fluids,No,Recovered
T03870,A03870,Insulin Therapy,No,Recovered
T03871,A03871,Trauma Care,No,Recovered
T03872,A03872,IV Fluids,No,Recovered
T03873,A03873,IV Fluids,No,Recovered
T03874,A03874,Sinus Surgery,Yes,Recovered
T03875,A03875,Trauma Care,No,Recovered
T03876,A03876,Fracture Fixation,Yes,Recovered
T03877,A03877,Physiotherapy,No,Improved
T03878,A03878,EEG,No,Recovered
T03879,A03879,IV Fluids,No,Recovered
T03880,A03880,Antibiotic Therapy,No,Recovered
T03881,A03881,MRI Brain,No,Recovered
T03882,A03882,Wound Suturing,Yes,Improved
T03883,A03883,Vaccination,No,Recovered
T03884,A03884,Radiation Therapy,No,Recovered
T03885,A03885,Laser Therapy,No,Referred
T03886,A03886,Antibiotic Therapy,No,Recovered
T03887,A03887,Chemotherapy,No,Referred
T03888,A03888,Bypass Surgery,Yes,Recovered
T03889,A03889,Ear Surgery,Yes,Referred
T03890,A03890,Knee Replacement,Yes,Recovered
T03891,A03891,Physiotherapy,No,Improved
T03892,A03892,Insulin Therapy,No,Recovered
T03893,A03893,Laser Therapy,No,Recovered
T03894,A03894,Insulin Therapy,No,Recovered
T03895,A03895,Sinus Surgery,Yes,Recovered
T03896,A03896,Physiotherapy,No,Recovered
T03897,A03897,IV Fluids,No,Recovered
T03898,A03898,Dialysis,No,Improved
T03899,A03899,Radiation Therapy,No,Recovered
T03900,A03900,IV Fluids,No,Recovered
T03901,A03901,Radiation Therapy,No,Recovered
T03902,A03902,Laser Therapy,No,Recovered
T03903,A03903,Laser Therapy,No,Improved
T03904,A03904,IV Fluids,No,Recovered
T03905,A03905,Sinus Surgery,Yes,Improved
T03906,A03906,Vaccination,No,Recovered
T03907,A03907,Laser Therapy,No,Improved
T03908,A03908,Ear Surgery,Yes,Recovered
T03909,A03909,Dialysis,No,Recovered
T03910,A03910,Knee Replacement,Yes,Referred
T03911,A03911,Angioplasty,Yes,Recovered
T03912,A03912,Cryotherapy,No,Recovered
T03913,A03913,Trauma Care,No,Recovered
T03914,A03914,Sinus Surgery,Yes,Deceased
T03915,A03915,Dialysis,No,Recovered
T03916,A03916,Bypass Surgery,Yes,Recovered
T03917,A03917,IV Fluids,No,Improved
T03918,A03918,Stroke Therapy,No,Recovered
T03919,A03919,Antibiotic Therapy,No,Recovered
T03920,A03920,Angioplasty,Yes,Referred
T03921,A03921,Angioplasty,Yes,Referred
T03922,A03922,Cryotherapy,No,Referred
T03923,A03923,EEG,No,Improved
T03924,A03924,Fracture Fixation,Yes,Recovered
T03925,A03925,Antibiotic Therapy,No,Recovered
T03926,A03926,Dialysis,No,Deceased
T03927,A03927,Physiotherapy,No,Recovered
T03928,A03928,EEG,No,Recovered
T03929,A03929,Insulin Therapy,No,Recovered
T03930,A03930,Cryotherapy,No,Recovered
T03931,A03931,Sinus Surgery,Yes,Improved
T03932,A03932,Vaccination,No,Recovered
T03933,A03933,Immunotherapy,No,Recovered
T03934,A03934,Chemotherapy,No,Recovered
T03935,A03935,Dialysis,No,Recovered
T03936,A03936,Chemotherapy,No,Recovered
T03937,A03937,Wound Suturing,Yes,Improved
T03938,A03938,Dialysis,No,Recovered
T03939,A03939,Sinus Surgery,Yes,Recovered
T03940,A03940,Laser Therapy,No,Recovered
T03941,A03941,Stroke Therapy,No,Improved
T03942,A03942,Knee Replacement,Yes,Improved
T03943,A03943,Stroke Therapy,No,Improved
T03944,A03944,Ear Surgery,Yes,Recovered
T03945,A03945,EEG,No,Recovered
T03946,A03946,Nebulization,No,Recovered
T03947,A03947,ECG,No,Recovered
T03948,A03948,ECG,No,Recovered
T03949,A03949,Dialysis,No,Recovered
T03950,A03950,Angioplasty,Yes,Recovered
T03951,A03951,Wound Suturing,Yes,Recovered
T03952,A03952,IV Fluids,No,Deceased
T03953,A03953,IV Fluids,No,Recovered
T03954,A03954,Knee Replacement,Yes,Recovered
T03955,A03955,Critical Monitoring,No,Improved
T03956,A03956,Chemotherapy,No,Recovered
T03957,A03957,Fracture Fixation,Yes,Improved
T03958,A03958,Ventilator Support,No,Improved
T03959,A03959,Endoscopy,No,Recovered
T03960,A03960,Nebulization,No,Recovered
T03961,A03961,Physiotherapy,No,Recovered
T03962,A03962,Bypass Surgery,Yes,Deceased
T03963,A03963,ECG,No,Recovered
T03964,A03964,IV Fluids,No,Recovered
T03965,A03965,Skin Biopsy,No,Recovered
T03966,A03966,Laser Therapy,No,Recovered
T03967,A03967,Sinus Surgery,Yes,Recovered
T03968,A03968,Cryotherapy,No,Deceased
T03969,A03969,Fracture Fixation,Yes,Recovered
T03970,A03970,IV Fluids,No,Referred
T03971,A03971,Ventilator Support,No,Improved
T03972,A03972,Ear Surgery,Yes,Recovered
T03973,A03973,Knee Replacement,Yes,Improved
T03974,A03974,Physiotherapy,No,Recovered
T03975,A03975,Immunotherapy,No,Referred
T03976,A03976,CPR,No,Recovered
T03977,A03977,Dialysis,No,Referred
T03978,A03978,Cryotherapy,No,Recovered
T03979,A03979,Knee Replacement,Yes,Recovered
T03980,A03980,IV Fluids,No,Deceased
T03981,A03981,Endoscopy,No,Recovered
T03982,A03982,Ear Surgery,Yes,Improved
T03983,A03983,Stroke Therapy,No,Recovered
T03984,A03984,Chemotherapy,No,Improved
T03985,A03985,Physiotherapy,No,Referred
T03986,A03986,Laser Therapy,No,Recovered
T03987,A03987,Angioplasty,Yes,Recovered
T03988,A03988,Radiation Therapy,No,Recovered
T03989,A03989,Ventilator Support,No,Recovered
T03990,A03990,Nebulization,No,Recovered
T03991,A03991,Bypass Surgery,Yes,Recovered
T03992,A03992,Nebulization,No,Recovered
T03993,A03993,Sinus Surgery,Yes,Improved
T03994,A03994,Nebulization,No,Referred
T03995,A03995,EEG,No,Recovered
T03996,A03996,Antibiotic Therapy,No,Recovered
T03997,A03997,Wound Suturing,Yes,Recovered
T03998,A03998,Dialysis,No,Recovered
T03999,A03999,Wound Suturing,Yes,Recovered
T04000,A04000,Physiotherapy,No,Recovered
T04001,A04001,Chemotherapy,No,Improved
T04002,A04002,Nebulization,No,Recovered
T04003,A04003,Knee Replacement,Yes,Recovered
T04004,A04004,ECG,No,Recovered
T04005,A04005,Sinus Surgery,Yes,Deceased
T04006,A04006,Cryotherapy,No,Recovered
T04007,A04007,IV Fluids,No,Improved
T04008,A04008,Sinus Surgery,Yes,Recovered
T04009,A04009,Physiotherapy,No,Recovered
T04010,A04010,Wound Suturing,Yes,Recovered
T04011,A04011,Chemotherapy,No,Referred
T04012,A04012,Dialysis,No,Recovered
T04013,A04013,Skin Biopsy,No,Recovered
T04014,A04014,Knee Replacement,Yes,Improved
T04015,A04015,IV Fluids,No,Recovered
T04016,A04016,CPR,No,Recovered
T04017,A04017,ECG,No,Referred
T04018,A04018,Cryotherapy,No,Recovered
T04019,A04019,Nebulization,No,Recovered
T04020,A04020,Nebulization,No,Recovered
T04021,A04021,CPR,No,Improved
T04022,A04022,Sinus Surgery,Yes,Recovered
T04023,A04023,Fracture Fixation,Yes,Improved
T04024,A04024,Fracture Fixation,Yes,Recovered
T04025,A04025,Bypass Surgery,Yes,Recovered
T04026,A04026,Fracture Fixation,Yes,Improved
T04027,A04027,Skin Biopsy,No,Recovered
T04028,A04028,IV Fluids,No,Recovered
T04029,A04029,Immunotherapy,No,Improved
T04030,A04030,Physiotherapy,No,Recovered
T04031,A04031,Nebulization,No,Recovered
T04032,A04032,Chemotherapy,No,Recovered
T04033,A04033,Ear Surgery,Yes,Improved
T04034,A04034,Critical Monitoring,No,Recovered
T04035,A04035,Bypass Surgery,Yes,Recovered
T04036,A04036,Antibiotic Therapy,No,Recovered
T04037,A04037,IV Fluids,No,Recovered
T04038,A04038,MRI Brain,No,Recovered
T04039,A04039,Wound Suturing,Yes,Recovered
T04040,A04040,Bypass Surgery,Yes,Referred
T04041,A04041,Endoscopy,No,Improved
T04042,A04042,Knee Replacement,Yes,Recovered
T04043,A04043,CPR,No,Recovered
T04044,A04044,Critical Monitoring,No,Referred
T04045,A04045,Immunotherapy,No,Recovered
T04046,A04046,Wound Suturing,Yes,Recovered
T04047,A04047,Skin Biopsy,No,Recovered
T04048,A04048,Skin Biopsy,No,Improved
T04049,A04049,Cryotherapy,No,Deceased
T04050,A04050,Chemotherapy,No,Recovered
T04051,A04051,Physiotherapy,No,Recovered
T04052,A04052,Vaccination,No,Recovered
T04053,A04053,Bypass Surgery,Yes,Improved
T04054,A04054,Immunotherapy,No,Recovered
T04055,A04055,Laser Therapy,No,Improved
T04056,A04056,ECG,No,Recovered
T04057,A04057,Trauma Care,No,Recovered
T04058,A04058,Skin Biopsy,No,Improved
T04059,A04059,Stroke Therapy,No,Referred
T04060,A04060,Radiation Therapy,No,Recovered
T04061,A04061,Wound Suturing,Yes,Recovered
T04062,A04062,ECG,No,Recovered
T04063,A04063,Stroke Therapy,No,Recovered
T04064,A04064,MRI Brain,No,Recovered
T04065,A04065,Physiotherapy,No,Recovered
T04066,A04066,Knee Replacement,Yes,Improved
T04067,A04067,Immunotherapy,No,Recovered
T04068,A04068,EEG,No,Recovered
T04069,A04069,IV Fluids,No,Recovered
T04070,A04070,Laser Therapy,No,Recovered
T04071,A04071,Immunotherapy,No,Improved
T04072,A04072,EEG,No,Referred
T04073,A04073,Angioplasty,Yes,Recovered
T04074,A04074,Chemotherapy,No,Recovered
T04075,A04075,Angioplasty,Yes,Recovered
T04076,A04076,CPR,No,Recovered
T04077,A04077,EEG,No,Recovered
T04078,A04078,Stroke Therapy,No,Recovered
T04079,A04079,Immunotherapy,No,Referred
T04080,A04080,Stroke Therapy,No,Recovered
T04081,A04081,Laser Therapy,No,Recovered
T04082,A04082,Wound Suturing,Yes,Improved
T04083,A04083,Wound Suturing,Yes,Recovered
T04084,A04084,MRI Brain,No,Recovered
T04085,A04085,Immunotherapy,No,Referred
T04086,A04086,Stroke Therapy,No,Referred
T04087,A04087,Physiotherapy,No,Recovered
T04088,A04088,ECG,No,Improved
T04089,A04089,Immunotherapy,No,Improved
T04090,A04090,IV Fluids,No,Improved
T04091,A04091,Bypass Surgery,Yes,Recovered
T04092,A04092,Sinus Surgery,Yes,Improved
T04093,A04093,MRI Brain,No,Recovered
T04094,A04094,Laser Therapy,No,Recovered
T04095,A04095,Chemotherapy,No,Recovered
T04096,A04096,Ventilator Support,No,Recovered
T04097,A04097,Insulin Therapy,No,Recovered
T04098,A04098,Ear Surgery,Yes,Improved
T04099,A04099,Radiation Therapy,No,Recovered
T04100,A04100,Skin Biopsy,No,Recovered
T04101,A04101,Ear Surgery,Yes,Recovered
T04102,A04102,Dialysis,No,Recovered
T04103,A04103,MRI Brain,No,Recovered
T04104,A04104,Bypass Surgery,Yes,Recovered
T04105,A04105,Fracture Fixation,Yes,Recovered
T04106,A04106,Ventilator Support,No,Recovered
T04107,A04107,Insulin Therapy,No,Recovered
T04108,A04108,Sinus Surgery,Yes,Recovered
T04109,A04109,Nebulization,No,Improved
T04110,A04110,Insulin Therapy,No,Improved
T04111,A04111,Bypass Surgery,Yes,Recovered
T04112,A04112,Skin Biopsy,No,Improved
T04113,A04113,Critical Monitoring,No,Recovered
T04114,A04114,Chemotherapy,No,Improved
T04115,A04115,Angioplasty,Yes,Improved
T04116,A04116,Fracture Fixation,Yes,Deceased
T04117,A04117,CPR,No,Recovered
T04118,A04118,Ear Surgery,Yes,Improved
T04119,A04119,Vaccination,No,Recovered
T04120,A04120,Trauma Care,No,Recovered
T04121,A04121,Chemotherapy,No,Referred
T04122,A04122,Vaccination,No,Improved
T04123,A04123,EEG,No,Recovered
T04124,A04124,EEG,No,Recovered
T04125,A04125,Chemotherapy,No,Recovered
T04126,A04126,Dialysis,No,Recovered
T04127,A04127,Vaccination,No,Recovered
T04128,A04128,Ventilator Support,No,Recovered
T04129,A04129,Laser Therapy,No,Improved
T04130,A04130,Skin Biopsy,No,Recovered
T04131,A04131,Radiation Therapy,No,Recovered
T04132,A04132,EEG,No,Recovered
T04133,A04133,Laser Therapy,No,Recovered
T04134,A04134,Wound Suturing,Yes,Recovered
T04135,A04135,Cryotherapy,No,Recovered
T04136,A04136,Antibiotic Therapy,No,Recovered
T04137,A04137,MRI Brain,No,Recovered
T04138,A04138,Knee Replacement,Yes,Recovered
T04139,A04139,Angioplasty,Yes,Improved
T04140,A04140,Bypass Surgery,Yes,Improved
T04141,A04141,Wound Suturing,Yes,Referred
T04142,A04142,Dialysis,No,Recovered
T04143,A04143,Trauma Care,No,Improved
T04144,A04144,Critical Monitoring,No,Referred
T04145,A04145,Ear Surgery,Yes,Recovered
T04146,A04146,Radiation Therapy,No,Deceased
T04147,A04147,Vaccination,No,Recovered
T04148,A04148,Stroke Therapy,No,Improved
T04149,A04149,Physiotherapy,No,Referred
T04150,A04150,Ear Surgery,Yes,Referred
T04151,A04151,Chemotherapy,No,Deceased
T04152,A04152,Cryotherapy,No,Improved
T04153,A04153,IV Fluids,No,Deceased
T04154,A04154,Knee Replacement,Yes,Recovered
T04155,A04155,Endoscopy,No,Improved
T04156,A04156,Laser Therapy,No,Improved
T04157,A04157,Radiation Therapy,No,Referred
T04158,A04158,ECG,No,Improved
T04159,A04159,Physiotherapy,No,Recovered
T04160,A04160,Trauma Care,No,Improved
T04161,A04161,Nebulization,No,Recovered
T04162,A04162,Critical Monitoring,No,Recovered
T04163,A04163,Physiotherapy,No,Recovered
T04164,A04164,CPR,No,Recovered
T04165,A04165,Immunotherapy,No,Recovered
T04166,A04166,Chemotherapy,No,Improved
T04167,A04167,Ventilator Support,No,Recovered
T04168,A04168,Angioplasty,Yes,Recovered
T04169,A04169,Bypass Surgery,Yes,Improved
T04170,A04170,Vaccination,No,Recovered
T04171,A04171,CPR,No,Recovered
T04172,A04172,Skin Biopsy,No,Recovered
T04173,A04173,Radiation Therapy,No,Recovered
T04174,A04174,Bypass Surgery,Yes,Recovered
T04175,A04175,Vaccination,No,Improved
T04176,A04176,Endoscopy,No,Recovered
T04177,A04177,Insulin Therapy,No,Improved
T04178,A04178,Knee Replacement,Yes,Improved
T04179,A04179,Antibiotic Therapy,No,Recovered
T04180,A04180,ECG,No,Improved
T04181,A04181,Radiation Therapy,No,Recovered
T04182,A04182,Sinus Surgery,Yes,Recovered
T04183,A04183,CPR,No,Referred
T04184,A04184,IV Fluids,No,Recovered
T04185,A04185,Physiotherapy,No,Recovered
T04186,A04186,IV Fluids,No,Deceased
T04187,A04187,IV Fluids,No,Deceased
T04188,A04188,Physiotherapy,No,Improved
T04189,A04189,Immunotherapy,No,Recovered
T04190,A04190,Critical Monitoring,No,Recovered
T04191,A04191,Radiation Therapy,No,Recovered
T04192,A04192,Cryotherapy,No,Recovered
T04193,A04193,MRI Brain,No,Improved
T04194,A04194,IV Fluids,No,Improved
T04195,A04195,Trauma Care,No,Recovered
T04196,A04196,Endoscopy,No,Recovered
T04197,A04197,Wound Suturing,Yes,Recovered
T04198,A04198,ECG,No,Improved
T04199,A04199,Wound Suturing,Yes,Recovered
T04200,A04200,Ear Surgery,Yes,Recovered
T04201,A04201,Insulin Therapy,No,Recovered
T04202,A04202,Dialysis,No,Recovered
T04203,A04203,EEG,No,Recovered
T04204,A04204,CPR,No,Recovered
T04205,A04205,Dialysis,No,Improved
T04206,A04206,CPR,No,Recovered
T04207,A04207,Knee Replacement,Yes,Deceased
T04208,A04208,Immunotherapy,No,Referred
T04209,A04209,Stroke Therapy,No,Improved
T04210,A04210,Knee Replacement,Yes,Improved
T04211,A04211,Vaccination,No,Recovered
T04212,A04212,Laser Therapy,No,Improved
T04213,A04213,Fracture Fixation,Yes,Referred
T04214,A04214,Critical Monitoring,No,Improved
T04215,A04215,Skin Biopsy,No,Recovered
T04216,A04216,Stroke Therapy,No,Recovered
T04217,A04217,Endoscopy,No,Recovered
T04218,A04218,Cryotherapy,No,Recovered
T04219,A04219,Chemotherapy,No,Recovered
T04220,A04220,Angioplasty,Yes,Recovered
T04221,A04221,Dialysis,No,Recovered
T04222,A04222,ECG,No,Recovered
T04223,A04223,Vaccination,No,Recovered
T04224,A04224,Stroke Therapy,No,Recovered
T04225,A04225,Sinus Surgery,Yes,Recovered
T04226,A04226,Ventilator Support,No,Recovered
T04227,A04227,CPR,No,Recovered
T04228,A04228,Wound Suturing,Yes,Improved
T04229,A04229,Vaccination,No,Recovered
T04230,A04230,Antibiotic Therapy,No,Recovered
T04231,A04231,Trauma Care,No,Recovered
T04232,A04232,Insulin Therapy,No,Improved
T04233,A04233,Radiation Therapy,No,Recovered
T04234,A04234,Knee Replacement,Yes,Recovered
T04235,A04235,Wound Suturing,Yes,Improved
T04236,A04236,Knee Replacement,Yes,Improved
T04237,A04237,EEG,No,Recovered
T04238,A04238,Ventilator Support,No,Recovered
T04239,A04239,IV Fluids,No,Improved
T04240,A04240,CPR,No,Recovered
T04241,A04241,Cryotherapy,No,Recovered
T04242,A04242,IV Fluids,No,Recovered
T04243,A04243,IV Fluids,No,Recovered
T04244,A04244,Nebulization,No,Recovered
T04245,A04245,MRI Brain,No,Referred
T04246,A04246,Sinus Surgery,Yes,Improved
T04247,A04247,Endoscopy,No,Recovered
T04248,A04248,Chemotherapy,No,Improved
T04249,A04249,Immunotherapy,No,Recovered
T04250,A04250,EEG,No,Recovered
T04251,A04251,Antibiotic Therapy,No,Recovered
T04252,A04252,Critical Monitoring,No,Recovered
T04253,A04253,Physiotherapy,No,Recovered
T04254,A04254,Vaccination,No,Referred
T04255,A04255,Critical Monitoring,No,Recovered
T04256,A04256,Dialysis,No,Recovered
T04257,A04257,Vaccination,No,Recovered
T04258,A04258,Endoscopy,No,Recovered
T04259,A04259,Chemotherapy,No,Recovered
T04260,A04260,Vaccination,No,Recovered
T04261,A04261,IV Fluids,No,Improved
T04262,A04262,Physiotherapy,No,Recovered
T04263,A04263,Endoscopy,No,Recovered
T04264,A04264,Angioplasty,Yes,Recovered
T04265,A04265,Knee Replacement,Yes,Improved
T04266,A04266,Chemotherapy,No,Recovered
T04267,A04267,Trauma Care,No,Recovered
T04268,A04268,IV Fluids,No,Recovered
T04269,A04269,Angioplasty,Yes,Recovered
T04270,A04270,Fracture Fixation,Yes,Recovered
T04271,A04271,IV Fluids,No,Recovered
T04272,A04272,Angioplasty,Yes,Improved
T04273,A04273,Trauma Care,No,Recovered
T04274,A04274,Sinus Surgery,Yes,Recovered
T04275,A04275,Trauma Care,No,Recovered
T04276,A04276,Knee Replacement,Yes,Recovered
T04277,A04277,Physiotherapy,No,Recovered
T04278,A04278,Knee Replacement,Yes,Recovered
T04279,A04279,MRI Brain,No,Recovered
T04280,A04280,Knee Replacement,Yes,Recovered
T04281,A04281,Ear Surgery,Yes,Recovered
T04282,A04282,MRI Brain,No,Improved
T04283,A04283,Critical Monitoring,No,Recovered
T04284,A04284,CPR,No,Improved
T04285,A04285,Wound Suturing,Yes,Referred
T04286,A04286,Angioplasty,Yes,Recovered
T04287,A04287,Nebulization,No,Recovered
T04288,A04288,Chemotherapy,No,Recovered
T04289,A04289,IV Fluids,No,Recovered
T04290,A04290,Ear Surgery,Yes,Recovered
T04291,A04291,CPR,No,Recovered
T04292,A04292,Skin Biopsy,No,Improved
T04293,A04293,IV Fluids,No,Improved
T04294,A04294,Radiation Therapy,No,Recovered
T04295,A04295,Dialysis,No,Recovered
T04296,A04296,CPR,No,Recovered
T04297,A04297,Vaccination,No,Recovered
T04298,A04298,Insulin Therapy,No,Improved
T04299,A04299,Endoscopy,No,Referred
T04300,A04300,Immunotherapy,No,Recovered
T04301,A04301,Chemotherapy,No,Improved
T04302,A04302,Physiotherapy,No,Recovered
T04303,A04303,Fracture Fixation,Yes,Recovered
T04304,A04304,Radiation Therapy,No,Recovered
T04305,A04305,Radiation Therapy,No,Improved
T04306,A04306,Radiation Therapy,No,Deceased
T04307,A04307,Critical Monitoring,No,Recovered
T04308,A04308,IV Fluids,No,Recovered
T04309,A04309,ECG,No,Improved
T04310,A04310,CPR,No,Recovered
T04311,A04311,Trauma Care,No,Recovered
T04312,A04312,MRI Brain,No,Improved
T04313,A04313,Endoscopy,No,Recovered
T04314,A04314,Dialysis,No,Improved
T04315,A04315,ECG,No,Recovered
T04316,A04316,IV Fluids,No,Improved
T04317,A04317,IV Fluids,No,Recovered
T04318,A04318,Cryotherapy,No,Recovered
T04319,A04319,Ear Surgery,Yes,Recovered
T04320,A04320,IV Fluids,No,Recovered
T04321,A04321,Angioplasty,Yes,Referred
T04322,A04322,IV Fluids,No,Recovered
T04323,A04323,Antibiotic Therapy,No,Recovered
T04324,A04324,Trauma Care,No,Recovered
T04325,A04325,Fracture Fixation,Yes,Referred
T04326,A04326,CPR,No,Recovered
T04327,A04327,Critical Monitoring,No,Improved
T04328,A04328,Immunotherapy,No,Recovered
T04329,A04329,Laser Therapy,No,Recovered
T04330,A04330,Physiotherapy,No,Recovered
T04331,A04331,Cryotherapy,No,Recovered
T04332,A04332,CPR,No,Recovered
T04333,A04333,Ear Surgery,Yes,Recovered
T04334,A04334,Sinus Surgery,Yes,Improved
T04335,A04335,Radiation Therapy,No,Recovered
T04336,A04336,Bypass Surgery,Yes,Deceased
T04337,A04337,Vaccination,No,Recovered
T04338,A04338,Insulin Therapy,No,Recovered
T04339,A04339,ECG,No,Improved
T04340,A04340,Radiation Therapy,No,Recovered
T04341,A04341,Critical Monitoring,No,Recovered
T04342,A04342,Ear Surgery,Yes,Improved
T04343,A04343,EEG,No,Recovered
T04344,A04344,EEG,No,Recovered
T04345,A04345,Sinus Surgery,Yes,Referred
T04346,A04346,MRI Brain,No,Recovered
T04347,A04347,Immunotherapy,No,Improved
T04348,A04348,Vaccination,No,Recovered
T04349,A04349,Cryotherapy,No,Recovered
T04350,A04350,Stroke Therapy,No,Recovered
T04351,A04351,Stroke Therapy,No,Recovered
T04352,A04352,ECG,No,Recovered
T04353,A04353,CPR,No,Recovered
T04354,A04354,Antibiotic Therapy,No,Recovered
T04355,A04355,MRI Brain,No,Recovered
T04356,A04356,Bypass Surgery,Yes,Recovered
T04357,A04357,Radiation Therapy,No,Referred
T04358,A04358,Ear Surgery,Yes,Improved
T04359,A04359,CPR,No,Improved
T04360,A04360,MRI Brain,No,Improved
T04361,A04361,ECG,No,Deceased
T04362,A04362,CPR,No,Recovered
T04363,A04363,Physiotherapy,No,Recovered
T04364,A04364,Bypass Surgery,Yes,Improved
T04365,A04365,Trauma Care,No,Referred
T04366,A04366,Antibiotic Therapy,No,Recovered
T04367,A04367,Immunotherapy,No,Recovered
T04368,A04368,Wound Suturing,Yes,Recovered
T04369,A04369,Nebulization,No,Recovered
T04370,A04370,Critical Monitoring,No,Recovered
T04371,A04371,Wound Suturing,Yes,Recovered
T04372,A04372,MRI Brain,No,Improved
T04373,A04373,Trauma Care,No,Recovered
T04374,A04374,IV Fluids,No,Recovered
T04375,A04375,Radiation Therapy,No,Recovered
T04376,A04376,Insulin Therapy,No,Recovered
T04377,A04377,CPR,No,Improved
T04378,A04378,CPR,No,Recovered
T04379,A04379,Endoscopy,No,Recovered
T04380,A04380,Ear Surgery,Yes,Referred
T04381,A04381,Ventilator Support,No,Recovered
T04382,A04382,Nebulization,No,Recovered
T04383,A04383,Physiotherapy,No,Recovered
T04384,A04384,Nebulization,No,Recovered
T04385,A04385,ECG,No,Recovered
T04386,A04386,EEG,No,Referred
T04387,A04387,IV Fluids,No,Recovered
T04388,A04388,Wound Suturing,Yes,Recovered
T04389,A04389,Nebulization,No,Improved
T04390,A04390,Nebulization,No,Recovered
T04391,A04391,MRI Brain,No,Referred
T04392,A04392,Bypass Surgery,Yes,Recovered
T04393,A04393,Ventilator Support,No,Recovered
T04394,A04394,Immunotherapy,No,Recovered
T04395,A04395,Trauma Care,No,Referred
T04396,A04396,Wound Suturing,Yes,Recovered
T04397,A04397,EEG,No,Recovered
T04398,A04398,Insulin Therapy,No,Recovered
T04399,A04399,Stroke Therapy,No,Recovered
T04400,A04400,Antibiotic Therapy,No,Recovered
T04401,A04401,Insulin Therapy,No,Recovered
T04402,A04402,Ear Surgery,Yes,Recovered
T04403,A04403,Angioplasty,Yes,Improved
T04404,A04404,Angioplasty,Yes,Recovered
T04405,A04405,Stroke Therapy,No,Recovered
T04406,A04406,Endoscopy,No,Improved
T04407,A04407,Cryotherapy,No,Recovered
T04408,A04408,Laser Therapy,No,Recovered
T04409,A04409,Stroke Therapy,No,Improved
T04410,A04410,Bypass Surgery,Yes,Recovered
T04411,A04411,Critical Monitoring,No,Referred
T04412,A04412,Chemotherapy,No,Recovered
T04413,A04413,Wound Suturing,Yes,Recovered
T04414,A04414,Insulin Therapy,No,Recovered
T04415,A04415,IV Fluids,No,Improved
T04416,A04416,CPR,No,Improved
T04417,A04417,Insulin Therapy,No,Referred
T04418,A04418,Skin Biopsy,No,Recovered
T04419,A04419,Wound Suturing,Yes,Recovered
T04420,A04420,Laser Therapy,No,Improved
T04421,A04421,Nebulization,No,Recovered
T04422,A04422,Chemotherapy,No,Improved
T04423,A04423,ECG,No,Recovered
T04424,A04424,Antibiotic Therapy,No,Recovered
T04425,A04425,Endoscopy,No,Improved
T04426,A04426,Laser Therapy,No,Recovered
T04427,A04427,IV Fluids,No,Improved
T04428,A04428,Insulin Therapy,No,Recovered
T04429,A04429,Immunotherapy,No,Recovered
T04430,A04430,Knee Replacement,Yes,Deceased
T04431,A04431,Physiotherapy,No,Recovered
T04432,A04432,Endoscopy,No,Recovered
T04433,A04433,Ventilator Support,No,Recovered
T04434,A04434,Physiotherapy,No,Improved
T04435,A04435,Nebulization,No,Recovered
T04436,A04436,Fracture Fixation,Yes,Recovered
T04437,A04437,MRI Brain,No,Improved
T04438,A04438,Sinus Surgery,Yes,Recovered
T04439,A04439,Radiation Therapy,No,Recovered
T04440,A04440,Stroke Therapy,No,Recovered
T04441,A04441,Nebulization,No,Improved
T04442,A04442,CPR,No,Referred
T04443,A04443,Immunotherapy,No,Recovered
T04444,A04444,Laser Therapy,No,Recovered
T04445,A04445,IV Fluids,No,Improved
T04446,A04446,Chemotherapy,No,Recovered
T04447,A04447,Chemotherapy,No,Recovered
T04448,A04448,Immunotherapy,No,Recovered
T04449,A04449,IV Fluids,No,Recovered
T04450,A04450,Radiation Therapy,No,Improved
T04451,A04451,Dialysis,No,Improved
T04452,A04452,Sinus Surgery,Yes,Recovered
T04453,A04453,ECG,No,Improved
T04454,A04454,Chemotherapy,No,Recovered
T04455,A04455,Skin Biopsy,No,Recovered
T04456,A04456,Critical Monitoring,No,Recovered
T04457,A04457,IV Fluids,No,Recovered
T04458,A04458,EEG,No,Recovered
T04459,A04459,Stroke Therapy,No,Recovered
T04460,A04460,ECG,No,Recovered
T04461,A04461,Wound Suturing,Yes,Recovered
T04462,A04462,IV Fluids,No,Improved
T04463,A04463,Angioplasty,Yes,Improved
T04464,A04464,Trauma Care,No,Recovered
T04465,A04465,Skin Biopsy,No,Recovered
T04466,A04466,Sinus Surgery,Yes,Referred
T04467,A04467,Fracture Fixation,Yes,Improved
T04468,A04468,Insulin Therapy,No,Recovered
T04469,A04469,Trauma Care,No,Recovered
T04470,A04470,Fracture Fixation,Yes,Recovered
T04471,A04471,Ventilator Support,No,Recovered
T04472,A04472,Nebulization,No,Recovered
T04473,A04473,EEG,No,Deceased
T04474,A04474,EEG,No,Improved
T04475,A04475,Physiotherapy,No,Recovered
T04476,A04476,ECG,No,Improved
T04477,A04477,Ear Surgery,Yes,Improved
T04478,A04478,Ear Surgery,Yes,Recovered
T04479,A04479,Endoscopy,No,Recovered
T04480,A04480,Cryotherapy,No,Recovered
T04481,A04481,Critical Monitoring,No,Recovered
T04482,A04482,Trauma Care,No,Improved
T04483,A04483,Bypass Surgery,Yes,Recovered
T04484,A04484,Antibiotic Therapy,No,Recovered
T04485,A04485,Trauma Care,No,Recovered
T04486,A04486,Vaccination,No,Recovered
T04487,A04487,Nebulization,No,Improved
T04488,A04488,Cryotherapy,No,Referred
T04489,A04489,Nebulization,No,Recovered
T04490,A04490,MRI Brain,No,Improved
T04491,A04491,Cryotherapy,No,Recovered
T04492,A04492,Chemotherapy,No,Recovered
T04493,A04493,Cryotherapy,No,Improved
T04494,A04494,Wound Suturing,Yes,Recovered
T04495,A04495,Laser Therapy,No,Recovered
T04496,A04496,Immunotherapy,No,Recovered
T04497,A04497,Immunotherapy,No,Recovered
T04498,A04498,Nebulization,No,Recovered
T04499,A04499,Physiotherapy,No,Recovered
T04500,A04500,Critical Monitoring,No,Recovered
T04501,A04501,Trauma Care,No,Recovered
T04502,A04502,Skin Biopsy,No,Recovered
T04503,A04503,Insulin Therapy,No,Recovered
T04504,A04504,Laser Therapy,No,Recovered
T04505,A04505,Knee Replacement,Yes,Recovered
T04506,A04506,Sinus Surgery,Yes,Recovered
T04507,A04507,Vaccination,No,Recovered
T04508,A04508,Ventilator Support,No,Recovered
T04509,A04509,Physiotherapy,No,Recovered
T04510,A04510,Immunotherapy,No,Recovered
T04511,A04511,EEG,No,Recovered
T04512,A04512,Stroke Therapy,No,Recovered
T04513,A04513,Wound Suturing,Yes,Recovered
T04514,A04514,Nebulization,No,Recovered
T04515,A04515,Stroke Therapy,No,Recovered
T04516,A04516,Sinus Surgery,Yes,Recovered
T04517,A04517,Cryotherapy,No,Recovered
T04518,A04518,Insulin Therapy,No,Recovered
T04519,A04519,Cryotherapy,No,Recovered
T04520,A04520,Immunotherapy,No,Recovered
T04521,A04521,Dialysis,No,Referred
T04522,A04522,Trauma Care,No,Recovered
T04523,A04523,Knee Replacement,Yes,Recovered
T04524,A04524,MRI Brain,No,Recovered
T04525,A04525,Immunotherapy,No,Recovered
T04526,A04526,IV Fluids,No,Improved
T04527,A04527,Bypass Surgery,Yes,Improved
T04528,A04528,Trauma Care,No,Improved
T04529,A04529,Chemotherapy,No,Deceased
T04530,A04530,Physiotherapy,No,Improved
T04531,A04531,Knee Replacement,Yes,Recovered
T04532,A04532,Nebulization,No,Recovered
T04533,A04533,Angioplasty,Yes,Improved
T04534,A04534,Sinus Surgery,Yes,Referred
T04535,A04535,Antibiotic Therapy,No,Improved
T04536,A04536,Vaccination,No,Recovered
T04537,A04537,Immunotherapy,No,Deceased
T04538,A04538,ECG,No,Improved
T04539,A04539,MRI Brain,No,Recovered
T04540,A04540,EEG,No,Recovered
T04541,A04541,Fracture Fixation,Yes,Recovered
T04542,A04542,IV Fluids,No,Improved
T04543,A04543,Bypass Surgery,Yes,Improved
T04544,A04544,Stroke Therapy,No,Improved
T04545,A04545,IV Fluids,No,Improved
T04546,A04546,Angioplasty,Yes,Improved
T04547,A04547,CPR,No,Recovered
T04548,A04548,Knee Replacement,Yes,Recovered
T04549,A04549,IV Fluids,No,Recovered
T04550,A04550,Skin Biopsy,No,Recovered
T04551,A04551,Skin Biopsy,No,Recovered
T04552,A04552,EEG,No,Recovered
T04553,A04553,Critical Monitoring,No,Improved
T04554,A04554,IV Fluids,No,Recovered
T04555,A04555,IV Fluids,No,Recovered
T04556,A04556,Angioplasty,Yes,Improved
T04557,A04557,CPR,No,Recovered
T04558,A04558,IV Fluids,No,Recovered
T04559,A04559,IV Fluids,No,Improved
T04560,A04560,Ventilator Support,No,Recovered
T04561,A04561,Nebulization,No,Recovered
T04562,A04562,Immunotherapy,No,Referred
T04563,A04563,Critical Monitoring,No,Improved
T04564,A04564,Wound Suturing,Yes,Recovered
T04565,A04565,Wound Suturing,Yes,Recovered
T04566,A04566,IV Fluids,No,Recovered
T04567,A04567,Vaccination,No,Recovered
T04568,A04568,IV Fluids,No,Recovered
T04569,A04569,Nebulization,No,Recovered
T04570,A04570,ECG,No,Recovered
T04571,A04571,Ear Surgery,Yes,Recovered
T04572,A04572,Physiotherapy,No,Recovered
T04573,A04573,Vaccination,No,Recovered
T04574,A04574,Ventilator Support,No,Referred
T04575,A04575,Nebulization,No,Recovered
T04576,A04576,ECG,No,Recovered
T04577,A04577,Antibiotic Therapy,No,Recovered
T04578,A04578,MRI Brain,No,Recovered
T04579,A04579,Chemotherapy,No,Recovered
T04580,A04580,IV Fluids,No,Recovered
T04581,A04581,ECG,No,Recovered
T04582,A04582,Nebulization,No,Recovered
T04583,A04583,Trauma Care,No,Recovered
T04584,A04584,Ear Surgery,Yes,Recovered
T04585,A04585,Skin Biopsy,No,Recovered
T04586,A04586,CPR,No,Recovered
T04587,A04587,MRI Brain,No,Recovered
T04588,A04588,Angioplasty,Yes,Recovered
T04589,A04589,IV Fluids,No,Improved
T04590,A04590,Nebulization,No,Recovered
T04591,A04591,Chemotherapy,No,Deceased
T04592,A04592,Radiation Therapy,No,Recovered
T04593,A04593,Stroke Therapy,No,Recovered
T04594,A04594,Trauma Care,No,Recovered
T04595,A04595,IV Fluids,No,Improved
T04596,A04596,IV Fluids,No,Recovered
T04597,A04597,Fracture Fixation,Yes,Improved
T04598,A04598,Knee Replacement,Yes,Recovered
T04599,A04599,IV Fluids,No,Recovered
T04600,A04600,Physiotherapy,No,Improved
T04601,A04601,Laser Therapy,No,Recovered
T04602,A04602,Ventilator Support,No,Recovered
T04603,A04603,Trauma Care,No,Improved
T04604,A04604,Cryotherapy,No,Recovered
T04605,A04605,Stroke Therapy,No,Referred
T04606,A04606,Insulin Therapy,No,Recovered
T04607,A04607,Ventilator Support,No,Recovered
T04608,A04608,MRI Brain,No,Recovered
T04609,A04609,Ventilator Support,No,Recovered
T04610,A04610,Antibiotic Therapy,No,Recovered
T04611,A04611,Immunotherapy,No,Referred
T04612,A04612,Antibiotic Therapy,No,Improved
T04613,A04613,Ear Surgery,Yes,Referred
T04614,A04614,Laser Therapy,No,Deceased
T04615,A04615,IV Fluids,No,Recovered
T04616,A04616,Angioplasty,Yes,Recovered
T04617,A04617,Ventilator Support,No,Recovered
T04618,A04618,Sinus Surgery,Yes,Recovered
T04619,A04619,Ear Surgery,Yes,Recovered
T04620,A04620,Immunotherapy,No,Recovered
T04621,A04621,Fracture Fixation,Yes,Recovered
T04622,A04622,IV Fluids,No,Recovered
T04623,A04623,Stroke Therapy,No,Recovered
T04624,A04624,Bypass Surgery,Yes,Recovered
T04625,A04625,Fracture Fixation,Yes,Recovered
T04626,A04626,Fracture Fixation,Yes,Recovered
T04627,A04627,CPR,No,Referred
T04628,A04628,Wound Suturing,Yes,Recovered
T04629,A04629,Dialysis,No,Recovered
T04630,A04630,Vaccination,No,Recovered
T04631,A04631,Antibiotic Therapy,No,Recovered
T04632,A04632,Radiation Therapy,No,Recovered
T04633,A04633,Wound Suturing,Yes,Improved
T04634,A04634,Fracture Fixation,Yes,Improved
T04635,A04635,CPR,No,Recovered
T04636,A04636,Dialysis,No,Recovered
T04637,A04637,Endoscopy,No,Recovered
T04638,A04638,Trauma Care,No,Recovered
T04639,A04639,Insulin Therapy,No,Recovered
T04640,A04640,ECG,No,Recovered
T04641,A04641,Ventilator Support,No,Recovered
T04642,A04642,ECG,No,Improved
T04643,A04643,Critical Monitoring,No,Recovered
T04644,A04644,Critical Monitoring,No,Recovered
T04645,A04645,IV Fluids,No,Improved
T04646,A04646,Bypass Surgery,Yes,Recovered
T04647,A04647,Critical Monitoring,No,Improved
T04648,A04648,IV Fluids,No,Recovered
T04649,A04649,Nebulization,No,Recovered
T04650,A04650,ECG,No,Recovered
T04651,A04651,Wound Suturing,Yes,Improved
T04652,A04652,Vaccination,No,Recovered
T04653,A04653,Insulin Therapy,No,Recovered
T04654,A04654,Chemotherapy,No,Recovered
T04655,A04655,Chemotherapy,No,Recovered
T04656,A04656,Ear Surgery,Yes,Recovered
T04657,A04657,ECG,No,Recovered
T04658,A04658,Chemotherapy,No,Improved
T04659,A04659,CPR,No,Recovered
T04660,A04660,Skin Biopsy,No,Recovered
T04661,A04661,Physiotherapy,No,Recovered
T04662,A04662,Stroke Therapy,No,Recovered
T04663,A04663,Bypass Surgery,Yes,Recovered
T04664,A04664,Vaccination,No,Referred
T04665,A04665,Knee Replacement,Yes,Referred
T04666,A04666,Insulin Therapy,No,Recovered
T04667,A04667,Ventilator Support,No,Recovered
T04668,A04668,Ventilator Support,No,Recovered
T04669,A04669,Critical Monitoring,No,Recovered
T04670,A04670,Wound Suturing,Yes,Recovered
T04671,A04671,Fracture Fixation,Yes,Recovered
T04672,A04672,Wound Suturing,Yes,Recovered
T04673,A04673,Nebulization,No,Recovered
T04674,A04674,Ventilator Support,No,Recovered
T04675,A04675,Bypass Surgery,Yes,Recovered
T04676,A04676,Fracture Fixation,Yes,Improved
T04677,A04677,Critical Monitoring,No,Recovered
T04678,A04678,Fracture Fixation,Yes,Recovered
T04679,A04679,EEG,No,Recovered
T04680,A04680,Immunotherapy,No,Referred
T04681,A04681,Immunotherapy,No,Recovered
T04682,A04682,Ear Surgery,Yes,Recovered
T04683,A04683,Bypass Surgery,Yes,Recovered
T04684,A04684,Physiotherapy,No,Recovered
T04685,A04685,Knee Replacement,Yes,Recovered
T04686,A04686,Critical Monitoring,No,Recovered
T04687,A04687,Immunotherapy,No,Recovered
T04688,A04688,Ventilator Support,No,Recovered
T04689,A04689,IV Fluids,No,Deceased
T04690,A04690,Ear Surgery,Yes,Recovered
T04691,A04691,Vaccination,No,Recovered
T04692,A04692,Antibiotic Therapy,No,Recovered
T04693,A04693,Ventilator Support,No,Recovered
T04694,A04694,MRI Brain,No,Recovered
T04695,A04695,IV Fluids,No,Recovered
T04696,A04696,Fracture Fixation,Yes,Recovered
T04697,A04697,Physiotherapy,No,Recovered
T04698,A04698,EEG,No,Recovered
T04699,A04699,Nebulization,No,Improved
T04700,A04700,Wound Suturing,Yes,Recovered
T04701,A04701,Laser Therapy,No,Recovered
T04702,A04702,Insulin Therapy,No,Recovered
T04703,A04703,Stroke Therapy,No,Recovered
T04704,A04704,IV Fluids,No,Improved
T04705,A04705,Fracture Fixation,Yes,Improved
T04706,A04706,Stroke Therapy,No,Recovered
T04707,A04707,Insulin Therapy,No,Recovered
T04708,A04708,Cryotherapy,No,Deceased
T04709,A04709,CPR,No,Recovered
T04710,A04710,MRI Brain,No,Recovered
T04711,A04711,IV Fluids,No,Recovered
T04712,A04712,Chemotherapy,No,Recovered
T04713,A04713,Ear Surgery,Yes,Recovered
T04714,A04714,Stroke Therapy,No,Recovered
T04715,A04715,Ventilator Support,No,Recovered
T04716,A04716,Ear Surgery,Yes,Referred
T04717,A04717,Chemotherapy,No,Recovered
T04718,A04718,Immunotherapy,No,Recovered
T04719,A04719,Insulin Therapy,No,Recovered
T04720,A04720,Insulin Therapy,No,Recovered
T04721,A04721,Stroke Therapy,No,Recovered
T04722,A04722,Physiotherapy,No,Recovered
T04723,A04723,Sinus Surgery,Yes,Recovered
T04724,A04724,Chemotherapy,No,Recovered
T04725,A04725,Bypass Surgery,Yes,Recovered
T04726,A04726,Bypass Surgery,Yes,Recovered
T04727,A04727,Sinus Surgery,Yes,Recovered
T04728,A04728,IV Fluids,No,Recovered
T04729,A04729,Fracture Fixation,Yes,Recovered
T04730,A04730,Laser Therapy,No,Recovered
T04731,A04731,Physiotherapy,No,Recovered
T04732,A04732,Trauma Care,No,Improved
T04733,A04733,Radiation Therapy,No,Recovered
T04734,A04734,Dialysis,No,Recovered
T04735,A04735,ECG,No,Improved
T04736,A04736,Sinus Surgery,Yes,Recovered
T04737,A04737,Trauma Care,No,Recovered
T04738,A04738,Insulin Therapy,No,Recovered
T04739,A04739,Stroke Therapy,No,Recovered
T04740,A04740,Dialysis,No,Recovered
T04741,A04741,Endoscopy,No,Recovered
T04742,A04742,Wound Suturing,Yes,Recovered
T04743,A04743,Radiation Therapy,No,Recovered
T04744,A04744,Insulin Therapy,No,Recovered
T04745,A04745,Immunotherapy,No,Improved
T04746,A04746,Laser Therapy,No,Recovered
T04747,A04747,Stroke Therapy,No,Referred
T04748,A04748,Cryotherapy,No,Recovered
T04749,A04749,Sinus Surgery,Yes,Recovered
T04750,A04750,Immunotherapy,No,Recovered
T04751,A04751,Trauma Care,No,Deceased
T04752,A04752,Skin Biopsy,No,Recovered
T04753,A04753,Immunotherapy,No,Recovered
T04754,A04754,Angioplasty,Yes,Referred
T04755,A04755,CPR,No,Recovered
T04756,A04756,Endoscopy,No,Recovered
T04757,A04757,Physiotherapy,No,Recovered
T04758,A04758,Chemotherapy,No,Recovered
T04759,A04759,Stroke Therapy,No,Improved
T04760,A04760,Skin Biopsy,No,Recovered
T04761,A04761,Wound Suturing,Yes,Recovered
T04762,A04762,Immunotherapy,No,Recovered
T04763,A04763,Antibiotic Therapy,No,Recovered
T04764,A04764,Sinus Surgery,Yes,Recovered
T04765,A04765,Cryotherapy,No,Recovered
T04766,A04766,Ventilator Support,No,Recovered
T04767,A04767,EEG,No,Improved
T04768,A04768,Skin Biopsy,No,Recovered
T04769,A04769,Ventilator Support,No,Recovered
T04770,A04770,Stroke Therapy,No,Recovered
T04771,A04771,Cryotherapy,No,Deceased
T04772,A04772,Skin Biopsy,No,Recovered
T04773,A04773,Insulin Therapy,No,Improved
T04774,A04774,Skin Biopsy,No,Improved
T04775,A04775,Dialysis,No,Recovered
T04776,A04776,EEG,No,Referred
T04777,A04777,Immunotherapy,No,Improved
T04778,A04778,CPR,No,Recovered
T04779,A04779,IV Fluids,No,Improved
T04780,A04780,CPR,No,Improved
T04781,A04781,Trauma Care,No,Recovered
T04782,A04782,Wound Suturing,Yes,Improved
T04783,A04783,Dialysis,No,Improved
T04784,A04784,Physiotherapy,No,Recovered
T04785,A04785,Stroke Therapy,No,Recovered
T04786,A04786,Ventilator Support,No,Improved
T04787,A04787,Chemotherapy,No,Recovered
T04788,A04788,EEG,No,Recovered
T04789,A04789,Angioplasty,Yes,Recovered
T04790,A04790,Immunotherapy,No,Recovered
T04791,A04791,MRI Brain,No,Recovered
T04792,A04792,Bypass Surgery,Yes,Recovered
T04793,A04793,Knee Replacement,Yes,Recovered
T04794,A04794,Insulin Therapy,No,Recovered
T04795,A04795,Insulin Therapy,No,Recovered
T04796,A04796,MRI Brain,No,Improved
T04797,A04797,Trauma Care,No,Recovered
T04798,A04798,Wound Suturing,Yes,Recovered
T04799,A04799,Critical Monitoring,No,Recovered
T04800,A04800,Critical Monitoring,No,Recovered
T04801,A04801,Wound Suturing,Yes,Recovered
T04802,A04802,Chemotherapy,No,Recovered
T04803,A04803,Nebulization,No,Recovered
T04804,A04804,MRI Brain,No,Recovered
T04805,A04805,EEG,No,Improved
T04806,A04806,Fracture Fixation,Yes,Recovered
T04807,A04807,Skin Biopsy,No,Recovered
T04808,A04808,MRI Brain,No,Recovered
T04809,A04809,Critical Monitoring,No,Improved
T04810,A04810,Angioplasty,Yes,Recovered
T04811,A04811,Nebulization,No,Referred
T04812,A04812,Nebulization,No,Improved
T04813,A04813,Bypass Surgery,Yes,Recovered
T04814,A04814,Wound Suturing,Yes,Recovered
T04815,A04815,Knee Replacement,Yes,Deceased
T04816,A04816,Ventilator Support,No,Referred
T04817,A04817,EEG,No,Recovered
T04818,A04818,CPR,No,Recovered
T04819,A04819,Laser Therapy,No,Improved
T04820,A04820,Chemotherapy,No,Recovered
T04821,A04821,Cryotherapy,No,Recovered
T04822,A04822,ECG,No,Recovered
T04823,A04823,Ventilator Support,No,Improved
T04824,A04824,Stroke Therapy,No,Referred
T04825,A04825,Trauma Care,No,Recovered
T04826,A04826,Endoscopy,No,Recovered
T04827,A04827,Angioplasty,Yes,Recovered
T04828,A04828,CPR,No,Recovered
T04829,A04829,Endoscopy,No,Referred
T04830,A04830,Nebulization,No,Recovered
T04831,A04831,Wound Suturing,Yes,Improved
T04832,A04832,Endoscopy,No,Recovered
T04833,A04833,Radiation Therapy,No,Recovered
T04834,A04834,Angioplasty,Yes,Recovered
T04835,A04835,Endoscopy,No,Improved
T04836,A04836,Angioplasty,Yes,Recovered
T04837,A04837,IV Fluids,No,Deceased
T04838,A04838,Immunotherapy,No,Referred
T04839,A04839,IV Fluids,No,Recovered
T04840,A04840,Cryotherapy,No,Recovered
T04841,A04841,Ear Surgery,Yes,Improved
T04842,A04842,Endoscopy,No,Improved
T04843,A04843,Physiotherapy,No,Recovered
T04844,A04844,Ear Surgery,Yes,Recovered
T04845,A04845,Vaccination,No,Recovered
T04846,A04846,CPR,No,Deceased
T04847,A04847,Sinus Surgery,Yes,Recovered
T04848,A04848,Nebulization,No,Referred
T04849,A04849,Wound Suturing,Yes,Recovered
T04850,A04850,Skin Biopsy,No,Recovered
T04851,A04851,Skin Biopsy,No,Improved
T04852,A04852,Immunotherapy,No,Recovered
T04853,A04853,MRI Brain,No,Recovered
T04854,A04854,CPR,No,Recovered
T04855,A04855,Stroke Therapy,No,Referred
T04856,A04856,Angioplasty,Yes,Recovered
T04857,A04857,Radiation Therapy,No,Recovered
T04858,A04858,IV Fluids,No,Recovered
T04859,A04859,Insulin Therapy,No,Referred
T04860,A04860,CPR,No,Improved
T04861,A04861,MRI Brain,No,Improved
T04862,A04862,Angioplasty,Yes,Improved
T04863,A04863,Antibiotic Therapy,No,Improved
T04864,A04864,CPR,No,Recovered
T04865,A04865,Knee Replacement,Yes,Recovered
T04866,A04866,Endoscopy,No,Improved
T04867,A04867,CPR,No,Recovered
T04868,A04868,Endoscopy,No,Improved
T04869,A04869,Laser Therapy,No,Improved
T04870,A04870,Vaccination,No,Recovered
T04871,A04871,Knee Replacement,Yes,Recovered
T04872,A04872,ECG,No,Recovered
T04873,A04873,Bypass Surgery,Yes,Referred
T04874,A04874,Critical Monitoring,No,Referred
T04875,A04875,Immunotherapy,No,Recovered
T04876,A04876,Wound Suturing,Yes,Referred
T04877,A04877,EEG,No,Improved
T04878,A04878,Wound Suturing,Yes,Recovered
T04879,A04879,Cryotherapy,No,Recovered
T04880,A04880,Sinus Surgery,Yes,Deceased
T04881,A04881,Radiation Therapy,No,Improved
T04882,A04882,Cryotherapy,No,Referred
T04883,A04883,Ventilator Support,No,Recovered
T04884,A04884,Bypass Surgery,Yes,Recovered
T04885,A04885,Chemotherapy,No,Recovered
T04886,A04886,EEG,No,Improved
T04887,A04887,Dialysis,No,Recovered
T04888,A04888,Sinus Surgery,Yes,Improved
T04889,A04889,Sinus Surgery,Yes,Recovered
T04890,A04890,Chemotherapy,No,Recovered
T04891,A04891,Trauma Care,No,Improved
T04892,A04892,IV Fluids,No,Recovered
T04893,A04893,Wound Suturing,Yes,Recovered
T04894,A04894,IV Fluids,No,Recovered
T04895,A04895,Immunotherapy,No,Recovered
T04896,A04896,CPR,No,Improved
T04897,A04897,Angioplasty,Yes,Recovered
T04898,A04898,Stroke Therapy,No,Recovered
T04899,A04899,Sinus Surgery,Yes,Recovered
T04900,A04900,Immunotherapy,No,Recovered
T04901,A04901,Cryotherapy,No,Referred
T04902,A04902,Ear Surgery,Yes,Improved
T04903,A04903,Insulin Therapy,No,Referred
T04904,A04904,Trauma Care,No,Improved
T04905,A04905,Bypass Surgery,Yes,Recovered
T04906,A04906,Endoscopy,No,Referred
T04907,A04907,Ear Surgery,Yes,Deceased
T04908,A04908,Immunotherapy,No,Recovered
T04909,A04909,Dialysis,No,Recovered
T04910,A04910,Wound Suturing,Yes,Improved
T04911,A04911,Wound Suturing,Yes,Recovered
T04912,A04912,Endoscopy,No,Recovered
T04913,A04913,CPR,No,Referred
T04914,A04914,EEG,No,Improved
T04915,A04915,IV Fluids,No,Recovered
T04916,A04916,Laser Therapy,No,Improved
T04917,A04917,IV Fluids,No,Improved
T04918,A04918,Ventilator Support,No,Improved
T04919,A04919,Bypass Surgery,Yes,Recovered
T04920,A04920,Endoscopy,No,Recovered
T04921,A04921,MRI Brain,No,Recovered
T04922,A04922,Sinus Surgery,Yes,Recovered
T04923,A04923,Trauma Care,No,Recovered
T04924,A04924,Physiotherapy,No,Recovered
T04925,A04925,Endoscopy,No,Recovered
T04926,A04926,Critical Monitoring,No,Improved
T04927,A04927,Vaccination,No,Recovered
T04928,A04928,Ventilator Support,No,Recovered
T04929,A04929,Dialysis,No,Recovered
T04930,A04930,Skin Biopsy,No,Referred
T04931,A04931,Vaccination,No,Recovered
T04932,A04932,Knee Replacement,Yes,Recovered
T04933,A04933,MRI Brain,No,Recovered
T04934,A04934,Physiotherapy,No,Recovered
T04935,A04935,Bypass Surgery,Yes,Recovered
T04936,A04936,Fracture Fixation,Yes,Recovered
T04937,A04937,Nebulization,No,Recovered
T04938,A04938,Fracture Fixation,Yes,Recovered
T04939,A04939,Wound Suturing,Yes,Recovered
T04940,A04940,Endoscopy,No,Referred
T04941,A04941,Antibiotic Therapy,No,Improved
T04942,A04942,Cryotherapy,No,Deceased
T04943,A04943,Bypass Surgery,Yes,Recovered
T04944,A04944,Sinus Surgery,Yes,Improved
T04945,A04945,Physiotherapy,No,Recovered
T04946,A04946,IV Fluids,No,Recovered
T04947,A04947,Dialysis,No,Recovered
T04948,A04948,Insulin Therapy,No,Recovered
T04949,A04949,Dialysis,No,Recovered
T04950,A04950,Immunotherapy,No,Recovered
T04951,A04951,Cryotherapy,No,Recovered
T04952,A04952,EEG,No,Recovered
T04953,A04953,Immunotherapy,No,Improved
T04954,A04954,IV Fluids,No,Recovered
T04955,A04955,Nebulization,No,Deceased
T04956,A04956,Critical Monitoring,No,Recovered
T04957,A04957,Physiotherapy,No,Recovered
T04958,A04958,Sinus Surgery,Yes,Recovered
T04959,A04959,Immunotherapy,No,Recovered
T04960,A04960,EEG,No,Recovered
T04961,A04961,Cryotherapy,No,Improved
T04962,A04962,Endoscopy,No,Recovered
T04963,A04963,Physiotherapy,No,Improved
T04964,A04964,IV Fluids,No,Improved
T04965,A04965,Endoscopy,No,Recovered
T04966,A04966,ECG,No,Referred
T04967,A04967,ECG,No,Recovered
T04968,A04968,Critical Monitoring,No,Recovered
T04969,A04969,Skin Biopsy,No,Recovered
T04970,A04970,Knee Replacement,Yes,Recovered
T04971,A04971,Skin Biopsy,No,Recovered
T04972,A04972,Endoscopy,No,Recovered
T04973,A04973,EEG,No,Recovered
T04974,A04974,Chemotherapy,No,Recovered
T04975,A04975,Fracture Fixation,Yes,Recovered
T04976,A04976,Dialysis,No,Referred
T04977,A04977,Chemotherapy,No,Recovered
T04978,A04978,Critical Monitoring,No,Recovered
T04979,A04979,Stroke Therapy,No,Recovered
T04980,A04980,Immunotherapy,No,Referred
T04981,A04981,Stroke Therapy,No,Recovered
T04982,A04982,Stroke Therapy,No,Recovered
T04983,A04983,Radiation Therapy,No,Recovered
T04984,A04984,Endoscopy,No,Referred
T04985,A04985,Wound Suturing,Yes,Recovered
T04986,A04986,CPR,No,Recovered
T04987,A04987,Chemotherapy,No,Recovered
T04988,A04988,Insulin Therapy,No,Recovered
T04989,A04989,Chemotherapy,No,Recovered
T04990,A04990,Fracture Fixation,Yes,Referred
T04991,A04991,EEG,No,Recovered
T04992,A04992,Endoscopy,No,Recovered
T04993,A04993,Ventilator Support,No,Improved
T04994,A04994,Sinus Surgery,Yes,Recovered
T04995,A04995,Knee Replacement,Yes,Recovered
T04996,A04996,Critical Monitoring,No,Referred
T04997,A04997,Radiation Therapy,No,Recovered
T04998,A04998,Dialysis,No,Recovered
T04999,A04999,Endoscopy,No,Recovered
T05000,A05000,Vaccination,No,Recovered
T05001,A05001,Antibiotic Therapy,No,Recovered
T05002,A05002,EEG,No,Recovered
T05003,A05003,MRI Brain,No,Improved
T05004,A05004,Endoscopy,No,Recovered
T05005,A05005,EEG,No,Recovered
T05006,A05006,Dialysis,No,Improved
T05007,A05007,Knee Replacement,Yes,Deceased
T05008,A05008,Stroke Therapy,No,Recovered
T05009,A05009,Critical Monitoring,No,Recovered
T05010,A05010,Sinus Surgery,Yes,Recovered
T05011,A05011,ECG,No,Recovered
T05012,A05012,Wound Suturing,Yes,Recovered
T05013,A05013,Endoscopy,No,Recovered
T05014,A05014,Stroke Therapy,No,Improved
T05015,A05015,Trauma Care,No,Improved
T05016,A05016,ECG,No,Recovered
T05017,A05017,Vaccination,No,Recovered
T05018,A05018,MRI Brain,No,Recovered
T05019,A05019,Insulin Therapy,No,Improved
T05020,A05020,Vaccination,No,Recovered
T05021,A05021,Endoscopy,No,Improved
T05022,A05022,Bypass Surgery,Yes,Improved
T05023,A05023,Laser Therapy,No,Recovered
T05024,A05024,Angioplasty,Yes,Improved
T05025,A05025,Nebulization,No,Recovered
T05026,A05026,Endoscopy,No,Recovered
T05027,A05027,Vaccination,No,Recovered
T05028,A05028,IV Fluids,No,Recovered
T05029,A05029,Cryotherapy,No,Recovered
T05030,A05030,IV Fluids,No,Recovered
T05031,A05031,Nebulization,No,Recovered
T05032,A05032,Trauma Care,No,Recovered
T05033,A05033,IV Fluids,No,Recovered
T05034,A05034,ECG,No,Recovered
T05035,A05035,Vaccination,No,Recovered
T05036,A05036,Physiotherapy,No,Recovered
T05037,A05037,Endoscopy,No,Recovered
T05038,A05038,Angioplasty,Yes,Improved
T05039,A05039,Chemotherapy,No,Recovered
T05040,A05040,Sinus Surgery,Yes,Improved
T05041,A05041,Chemotherapy,No,Recovered
T05042,A05042,Nebulization,No,Improved
T05043,A05043,Antibiotic Therapy,No,Recovered
T05044,A05044,Stroke Therapy,No,Recovered
T05045,A05045,Critical Monitoring,No,Improved
T05046,A05046,MRI Brain,No,Recovered
T05047,A05047,Chemotherapy,No,Referred
T05048,A05048,Knee Replacement,Yes,Improved
T05049,A05049,Chemotherapy,No,Recovered
T05050,A05050,Ear Surgery,Yes,Improved
T05051,A05051,Insulin Therapy,No,Recovered
T05052,A05052,Chemotherapy,No,Recovered
T05053,A05053,Dialysis,No,Recovered
T05054,A05054,Sinus Surgery,Yes,Improved
T05055,A05055,Skin Biopsy,No,Referred
T05056,A05056,Nebulization,No,Recovered
T05057,A05057,Immunotherapy,No,Recovered
T05058,A05058,IV Fluids,No,Recovered
T05059,A05059,Physiotherapy,No,Improved
T05060,A05060,CPR,No,Recovered
T05061,A05061,Ear Surgery,Yes,Recovered
T05062,A05062,Endoscopy,No,Recovered
T05063,A05063,Stroke Therapy,No,Improved
T05064,A05064,Physiotherapy,No,Recovered
T05065,A05065,Cryotherapy,No,Recovered
T05066,A05066,Cryotherapy,No,Recovered
T05067,A05067,Chemotherapy,No,Recovered
T05068,A05068,Insulin Therapy,No,Recovered
T05069,A05069,Endoscopy,No,Referred
T05070,A05070,ECG,No,Recovered
T05071,A05071,MRI Brain,No,Recovered
T05072,A05072,Insulin Therapy,No,Recovered
T05073,A05073,IV Fluids,No,Recovered
T05074,A05074,Insulin Therapy,No,Recovered
T05075,A05075,CPR,No,Recovered
T05076,A05076,Immunotherapy,No,Improved
T05077,A05077,Skin Biopsy,No,Recovered
T05078,A05078,IV Fluids,No,Recovered
T05079,A05079,MRI Brain,No,Recovered
T05080,A05080,Bypass Surgery,Yes,Recovered
T05081,A05081,Fracture Fixation,Yes,Referred
T05082,A05082,Critical Monitoring,No,Recovered
T05083,A05083,MRI Brain,No,Referred
T05084,A05084,Bypass Surgery,Yes,Improved
T05085,A05085,Vaccination,No,Recovered
T05086,A05086,Immunotherapy,No,Recovered
T05087,A05087,Laser Therapy,No,Recovered
T05088,A05088,ECG,No,Recovered
T05089,A05089,CPR,No,Recovered
T05090,A05090,Radiation Therapy,No,Recovered
T05091,A05091,Nebulization,No,Recovered
T05092,A05092,MRI Brain,No,Recovered
T05093,A05093,Ear Surgery,Yes,Recovered
T05094,A05094,Nebulization,No,Recovered
T05095,A05095,Immunotherapy,No,Recovered
T05096,A05096,Stroke Therapy,No,Recovered
T05097,A05097,Sinus Surgery,Yes,Recovered
T05098,A05098,Chemotherapy,No,Recovered
T05099,A05099,Knee Replacement,Yes,Recovered
T05100,A05100,Wound Suturing,Yes,Recovered
T05101,A05101,Dialysis,No,Recovered
T05102,A05102,Nebulization,No,Improved
T05103,A05103,Trauma Care,No,Recovered
T05104,A05104,Cryotherapy,No,Recovered
T05105,A05105,Ventilator Support,No,Recovered
T05106,A05106,Trauma Care,No,Recovered
T05107,A05107,EEG,No,Recovered
T05108,A05108,Ventilator Support,No,Recovered
T05109,A05109,MRI Brain,No,Referred
T05110,A05110,CPR,No,Deceased
T05111,A05111,Trauma Care,No,Recovered
T05112,A05112,Cryotherapy,No,Recovered
T05113,A05113,Antibiotic Therapy,No,Improved
T05114,A05114,Radiation Therapy,No,Improved
T05115,A05115,Knee Replacement,Yes,Recovered
T05116,A05116,EEG,No,Improved
T05117,A05117,Angioplasty,Yes,Recovered
T05118,A05118,Ventilator Support,No,Improved
T05119,A05119,Ear Surgery,Yes,Recovered
T05120,A05120,IV Fluids,No,Recovered
T05121,A05121,Critical Monitoring,No,Recovered
T05122,A05122,Cryotherapy,No,Improved
T05123,A05123,Radiation Therapy,No,Deceased
T05124,A05124,Bypass Surgery,Yes,Recovered
T05125,A05125,Radiation Therapy,No,Recovered
T05126,A05126,Angioplasty,Yes,Recovered
T05127,A05127,Stroke Therapy,No,Recovered
T05128,A05128,Ventilator Support,No,Improved
T05129,A05129,Ear Surgery,Yes,Recovered
T05130,A05130,Ear Surgery,Yes,Improved
T05131,A05131,CPR,No,Recovered
T05132,A05132,Sinus Surgery,Yes,Recovered
T05133,A05133,Critical Monitoring,No,Improved
T05134,A05134,Trauma Care,No,Improved
T05135,A05135,CPR,No,Recovered
T05136,A05136,Ear Surgery,Yes,Deceased
T05137,A05137,CPR,No,Recovered
T05138,A05138,Insulin Therapy,No,Recovered
T05139,A05139,Ventilator Support,No,Recovered
T05140,A05140,Angioplasty,Yes,Deceased
T05141,A05141,Trauma Care,No,Recovered
T05142,A05142,IV Fluids,No,Recovered
T05143,A05143,Ear Surgery,Yes,Recovered
T05144,A05144,Endoscopy,No,Recovered
T05145,A05145,Antibiotic Therapy,No,Deceased
T05146,A05146,Insulin Therapy,No,Recovered
T05147,A05147,Nebulization,No,Recovered
T05148,A05148,Nebulization,No,Recovered
T05149,A05149,Angioplasty,Yes,Recovered
T05150,A05150,Radiation Therapy,No,Recovered
T05151,A05151,Nebulization,No,Improved
T05152,A05152,Fracture Fixation,Yes,Recovered
T05153,A05153,Chemotherapy,No,Recovered
T05154,A05154,Ear Surgery,Yes,Recovered
T05155,A05155,IV Fluids,No,Recovered
T05156,A05156,Wound Suturing,Yes,Recovered
T05157,A05157,IV Fluids,No,Recovered
T05158,A05158,Vaccination,No,Recovered
T05159,A05159,Knee Replacement,Yes,Recovered
T05160,A05160,Knee Replacement,Yes,Recovered
T05161,A05161,Critical Monitoring,No,Recovered
T05162,A05162,CPR,No,Improved
T05163,A05163,Skin Biopsy,No,Recovered
T05164,A05164,Antibiotic Therapy,No,Improved
T05165,A05165,Endoscopy,No,Improved
T05166,A05166,EEG,No,Recovered
T05167,A05167,ECG,No,Recovered
T05168,A05168,ECG,No,Recovered
T05169,A05169,MRI Brain,No,Improved
T05170,A05170,Chemotherapy,No,Recovered
T05171,A05171,CPR,No,Recovered
T05172,A05172,IV Fluids,No,Referred
T05173,A05173,Antibiotic Therapy,No,Improved
T05174,A05174,Chemotherapy,No,Improved
T05175,A05175,Fracture Fixation,Yes,Recovered
T05176,A05176,Bypass Surgery,Yes,Recovered
T05177,A05177,Knee Replacement,Yes,Improved
T05178,A05178,Ear Surgery,Yes,Recovered
T05179,A05179,Trauma Care,No,Recovered
T05180,A05180,Fracture Fixation,Yes,Recovered
T05181,A05181,Endoscopy,No,Recovered
T05182,A05182,Immunotherapy,No,Deceased
T05183,A05183,Sinus Surgery,Yes,Recovered
T05184,A05184,Endoscopy,No,Recovered
T05185,A05185,Sinus Surgery,Yes,Recovered
T05186,A05186,Sinus Surgery,Yes,Recovered
T05187,A05187,Physiotherapy,No,Improved
T05188,A05188,Insulin Therapy,No,Recovered
T05189,A05189,Bypass Surgery,Yes,Referred
T05190,A05190,Laser Therapy,No,Recovered
T05191,A05191,Antibiotic Therapy,No,Recovered
T05192,A05192,Bypass Surgery,Yes,Recovered
T05193,A05193,Laser Therapy,No,Recovered
T05194,A05194,Cryotherapy,No,Improved
T05195,A05195,Trauma Care,No,Recovered
T05196,A05196,Critical Monitoring,No,Recovered
T05197,A05197,Dialysis,No,Recovered
T05198,A05198,Laser Therapy,No,Recovered
T05199,A05199,Vaccination,No,Recovered
T05200,A05200,Ear Surgery,Yes,Recovered
T05201,A05201,Trauma Care,No,Improved
T05202,A05202,EEG,No,Recovered
T05203,A05203,Cryotherapy,No,Improved
T05204,A05204,Stroke Therapy,No,Recovered
T05205,A05205,Fracture Fixation,Yes,Recovered
T05206,A05206,Knee Replacement,Yes,Recovered
T05207,A05207,MRI Brain,No,Recovered
T05208,A05208,Critical Monitoring,No,Recovered
T05209,A05209,ECG,No,Recovered
T05210,A05210,Nebulization,No,Referred
T05211,A05211,Nebulization,No,Improved
T05212,A05212,Vaccination,No,Recovered
T05213,A05213,Ear Surgery,Yes,Deceased
T05214,A05214,MRI Brain,No,Recovered
T05215,A05215,Skin Biopsy,No,Recovered
T05216,A05216,Critical Monitoring,No,Recovered
T05217,A05217,Wound Suturing,Yes,Recovered
T05218,A05218,Immunotherapy,No,Improved
T05219,A05219,Knee Replacement,Yes,Improved
T05220,A05220,Radiation Therapy,No,Improved
T05221,A05221,Radiation Therapy,No,Recovered
T05222,A05222,Ventilator Support,No,Recovered
T05223,A05223,Ventilator Support,No,Improved
T05224,A05224,Trauma Care,No,Improved
T05225,A05225,Stroke Therapy,No,Recovered
T05226,A05226,Insulin Therapy,No,Recovered
T05227,A05227,Endoscopy,No,Recovered
T05228,A05228,Critical Monitoring,No,Recovered
T05229,A05229,Immunotherapy,No,Recovered
T05230,A05230,EEG,No,Recovered
T05231,A05231,Endoscopy,No,Recovered
T05232,A05232,Nebulization,No,Recovered
T05233,A05233,IV Fluids,No,Recovered
T05234,A05234,Physiotherapy,No,Improved
T05235,A05235,Stroke Therapy,No,Recovered
T05236,A05236,Ventilator Support,No,Improved
T05237,A05237,Dialysis,No,Recovered
T05238,A05238,Laser Therapy,No,Recovered
T05239,A05239,Ear Surgery,Yes,Recovered
T05240,A05240,Skin Biopsy,No,Recovered
T05241,A05241,Dialysis,No,Referred
T05242,A05242,ECG,No,Recovered
T05243,A05243,Trauma Care,No,Recovered
T05244,A05244,Ventilator Support,No,Improved
T05245,A05245,IV Fluids,No,Recovered
T05246,A05246,Skin Biopsy,No,Recovered
T05247,A05247,Knee Replacement,Yes,Recovered
T05248,A05248,Critical Monitoring,No,Deceased
T05249,A05249,Trauma Care,No,Improved
T05250,A05250,Vaccination,No,Improved
T05251,A05251,ECG,No,Recovered
T05252,A05252,Sinus Surgery,Yes,Recovered
T05253,A05253,Vaccination,No,Improved
T05254,A05254,Critical Monitoring,No,Referred
T05255,A05255,Fracture Fixation,Yes,Recovered
T05256,A05256,Ear Surgery,Yes,Recovered
T05257,A05257,Bypass Surgery,Yes,Recovered
T05258,A05258,Insulin Therapy,No,Referred
T05259,A05259,Insulin Therapy,No,Recovered
T05260,A05260,Radiation Therapy,No,Improved
T05261,A05261,Ear Surgery,Yes,Recovered
T05262,A05262,Stroke Therapy,No,Improved
T05263,A05263,Dialysis,No,Improved
T05264,A05264,IV Fluids,No,Recovered
T05265,A05265,Skin Biopsy,No,Recovered
T05266,A05266,IV Fluids,No,Recovered
T05267,A05267,Bypass Surgery,Yes,Recovered
T05268,A05268,Trauma Care,No,Improved
T05269,A05269,Insulin Therapy,No,Recovered
T05270,A05270,ECG,No,Recovered
T05271,A05271,IV Fluids,No,Recovered
T05272,A05272,Vaccination,No,Recovered
T05273,A05273,Knee Replacement,Yes,Recovered
T05274,A05274,Laser Therapy,No,Recovered
T05275,A05275,Insulin Therapy,No,Referred
T05276,A05276,Cryotherapy,No,Recovered
T05277,A05277,EEG,No,Improved
T05278,A05278,Insulin Therapy,No,Recovered
T05279,A05279,Insulin Therapy,No,Recovered
T05280,A05280,Laser Therapy,No,Recovered
T05281,A05281,Immunotherapy,No,Recovered
T05282,A05282,Nebulization,No,Referred
T05283,A05283,Skin Biopsy,No,Improved
T05284,A05284,Bypass Surgery,Yes,Recovered
T05285,A05285,Nebulization,No,Recovered
T05286,A05286,CPR,No,Recovered
T05287,A05287,Wound Suturing,Yes,Recovered
T05288,A05288,IV Fluids,No,Recovered
T05289,A05289,CPR,No,Improved
T05290,A05290,Knee Replacement,Yes,Improved
T05291,A05291,IV Fluids,No,Referred
T05292,A05292,Physiotherapy,No,Recovered
T05293,A05293,Nebulization,No,Improved
T05294,A05294,EEG,No,Improved
T05295,A05295,Skin Biopsy,No,Improved
T05296,A05296,Vaccination,No,Improved
T05297,A05297,ECG,No,Recovered
T05298,A05298,Dialysis,No,Recovered
T05299,A05299,Knee Replacement,Yes,Improved
T05300,A05300,Ventilator Support,No,Recovered
T05301,A05301,Cryotherapy,No,Recovered
T05302,A05302,MRI Brain,No,Recovered
T05303,A05303,Ear Surgery,Yes,Recovered
T05304,A05304,IV Fluids,No,Recovered
T05305,A05305,Knee Replacement,Yes,Recovered
T05306,A05306,Bypass Surgery,Yes,Deceased
T05307,A05307,Physiotherapy,No,Improved
T05308,A05308,Angioplasty,Yes,Recovered
T05309,A05309,Physiotherapy,No,Referred
T05310,A05310,Sinus Surgery,Yes,Recovered
T05311,A05311,Knee Replacement,Yes,Recovered
T05312,A05312,Dialysis,No,Recovered
T05313,A05313,Ear Surgery,Yes,Recovered
T05314,A05314,IV Fluids,No,Improved
T05315,A05315,EEG,No,Recovered
T05316,A05316,Antibiotic Therapy,No,Improved
T05317,A05317,MRI Brain,No,Improved
T05318,A05318,ECG,No,Recovered
T05319,A05319,Trauma Care,No,Deceased
T05320,A05320,Trauma Care,No,Recovered
T05321,A05321,Nebulization,No,Referred
T05322,A05322,Ear Surgery,Yes,Recovered
T05323,A05323,Angioplasty,Yes,Recovered
T05324,A05324,Trauma Care,No,Recovered
T05325,A05325,Ear Surgery,Yes,Improved
T05326,A05326,IV Fluids,No,Deceased
T05327,A05327,Radiation Therapy,No,Recovered
T05328,A05328,Insulin Therapy,No,Recovered
T05329,A05329,Insulin Therapy,No,Recovered
T05330,A05330,Physiotherapy,No,Improved
T05331,A05331,Nebulization,No,Improved
T05332,A05332,CPR,No,Referred
T05333,A05333,IV Fluids,No,Recovered
T05334,A05334,Vaccination,No,Recovered
T05335,A05335,Skin Biopsy,No,Recovered
T05336,A05336,Endoscopy,No,Improved
T05337,A05337,Ventilator Support,No,Recovered
T05338,A05338,Skin Biopsy,No,Recovered
T05339,A05339,MRI Brain,No,Recovered
T05340,A05340,Nebulization,No,Recovered
T05341,A05341,Chemotherapy,No,Recovered
T05342,A05342,Vaccination,No,Improved
T05343,A05343,EEG,No,Referred
T05344,A05344,Knee Replacement,Yes,Recovered
T05345,A05345,Laser Therapy,No,Recovered
T05346,A05346,CPR,No,Recovered
T05347,A05347,Laser Therapy,No,Recovered
T05348,A05348,MRI Brain,No,Improved
T05349,A05349,ECG,No,Recovered
T05350,A05350,MRI Brain,No,Recovered
T05351,A05351,Ventilator Support,No,Recovered
T05352,A05352,Dialysis,No,Recovered
T05353,A05353,Wound Suturing,Yes,Recovered
T05354,A05354,Radiation Therapy,No,Referred
T05355,A05355,IV Fluids,No,Recovered
T05356,A05356,MRI Brain,No,Recovered
T05357,A05357,ECG,No,Recovered
T05358,A05358,Chemotherapy,No,Recovered
T05359,A05359,MRI Brain,No,Improved
T05360,A05360,IV Fluids,No,Recovered
T05361,A05361,Ear Surgery,Yes,Recovered
T05362,A05362,CPR,No,Deceased
T05363,A05363,CPR,No,Improved
T05364,A05364,Physiotherapy,No,Recovered
T05365,A05365,Dialysis,No,Recovered
T05366,A05366,Nebulization,No,Improved
T05367,A05367,ECG,No,Recovered
T05368,A05368,Dialysis,No,Recovered
T05369,A05369,Ear Surgery,Yes,Recovered
T05370,A05370,MRI Brain,No,Recovered
T05371,A05371,Physiotherapy,No,Improved
T05372,A05372,IV Fluids,No,Recovered
T05373,A05373,Laser Therapy,No,Recovered
T05374,A05374,Insulin Therapy,No,Recovered
T05375,A05375,Immunotherapy,No,Recovered
T05376,A05376,Sinus Surgery,Yes,Recovered
T05377,A05377,Insulin Therapy,No,Recovered
T05378,A05378,Skin Biopsy,No,Recovered
T05379,A05379,Ventilator Support,No,Deceased
T05380,A05380,Antibiotic Therapy,No,Recovered
T05381,A05381,IV Fluids,No,Recovered
T05382,A05382,Wound Suturing,Yes,Recovered
T05383,A05383,Stroke Therapy,No,Recovered
T05384,A05384,Nebulization,No,Improved
T05385,A05385,Stroke Therapy,No,Recovered
T05386,A05386,Nebulization,No,Improved
T05387,A05387,Antibiotic Therapy,No,Recovered
T05388,A05388,Skin Biopsy,No,Improved
T05389,A05389,Trauma Care,No,Recovered
T05390,A05390,EEG,No,Recovered
T05391,A05391,Antibiotic Therapy,No,Improved
T05392,A05392,MRI Brain,No,Recovered
T05393,A05393,Nebulization,No,Recovered
T05394,A05394,ECG,No,Recovered
T05395,A05395,Trauma Care,No,Recovered
T05396,A05396,MRI Brain,No,Improved
T05397,A05397,Ventilator Support,No,Referred
T05398,A05398,Chemotherapy,No,Improved
T05399,A05399,EEG,No,Recovered
T05400,A05400,Physiotherapy,No,Recovered
T05401,A05401,Cryotherapy,No,Recovered
T05402,A05402,Antibiotic Therapy,No,Recovered
T05403,A05403,Immunotherapy,No,Referred
T05404,A05404,Knee Replacement,Yes,Recovered
T05405,A05405,Insulin Therapy,No,Recovered
T05406,A05406,Stroke Therapy,No,Recovered
T05407,A05407,Stroke Therapy,No,Recovered
T05408,A05408,IV Fluids,No,Improved
T05409,A05409,Stroke Therapy,No,Recovered
T05410,A05410,CPR,No,Recovered
T05411,A05411,MRI Brain,No,Recovered
T05412,A05412,Dialysis,No,Recovered
T05413,A05413,Skin Biopsy,No,Recovered
T05414,A05414,Knee Replacement,Yes,Recovered
T05415,A05415,Ventilator Support,No,Recovered
T05416,A05416,Sinus Surgery,Yes,Recovered
T05417,A05417,IV Fluids,No,Recovered
T05418,A05418,Stroke Therapy,No,Recovered
T05419,A05419,Knee Replacement,Yes,Recovered
T05420,A05420,MRI Brain,No,Improved
T05421,A05421,Sinus Surgery,Yes,Recovered
T05422,A05422,IV Fluids,No,Deceased
T05423,A05423,Nebulization,No,Recovered
T05424,A05424,Trauma Care,No,Referred
T05425,A05425,Physiotherapy,No,Recovered
T05426,A05426,Stroke Therapy,No,Improved
T05427,A05427,IV Fluids,No,Recovered
T05428,A05428,Antibiotic Therapy,No,Referred
T05429,A05429,Chemotherapy,No,Recovered
T05430,A05430,CPR,No,Improved
T05431,A05431,IV Fluids,No,Recovered
T05432,A05432,Physiotherapy,No,Recovered
T05433,A05433,IV Fluids,No,Recovered
T05434,A05434,Cryotherapy,No,Recovered
T05435,A05435,CPR,No,Recovered
T05436,A05436,MRI Brain,No,Recovered
T05437,A05437,IV Fluids,No,Recovered
T05438,A05438,Ear Surgery,Yes,Recovered
T05439,A05439,Insulin Therapy,No,Recovered
T05440,A05440,Vaccination,No,Recovered
T05441,A05441,Dialysis,No,Recovered
T05442,A05442,Wound Suturing,Yes,Recovered
T05443,A05443,CPR,No,Recovered
T05444,A05444,Nebulization,No,Recovered
T05445,A05445,ECG,No,Improved
T05446,A05446,Knee Replacement,Yes,Improved
T05447,A05447,Trauma Care,No,Recovered
T05448,A05448,Ventilator Support,No,Recovered
T05449,A05449,Cryotherapy,No,Recovered
T05450,A05450,Immunotherapy,No,Improved
T05451,A05451,Skin Biopsy,No,Recovered
T05452,A05452,MRI Brain,No,Recovered
T05453,A05453,IV Fluids,No,Recovered
T05454,A05454,MRI Brain,No,Recovered
T05455,A05455,Fracture Fixation,Yes,Deceased
T05456,A05456,Radiation Therapy,No,Recovered
T05457,A05457,Wound Suturing,Yes,Improved
T05458,A05458,Laser Therapy,No,Recovered
T05459,A05459,Skin Biopsy,No,Improved
T05460,A05460,Physiotherapy,No,Recovered
T05461,A05461,Dialysis,No,Recovered
T05462,A05462,Ear Surgery,Yes,Recovered
T05463,A05463,Radiation Therapy,No,Recovered
T05464,A05464,Sinus Surgery,Yes,Improved
T05465,A05465,Stroke Therapy,No,Improved
T05466,A05466,Bypass Surgery,Yes,Recovered
T05467,A05467,Dialysis,No,Recovered
T05468,A05468,ECG,No,Recovered
T05469,A05469,IV Fluids,No,Recovered
T05470,A05470,Knee Replacement,Yes,Recovered
T05471,A05471,IV Fluids,No,Referred
T05472,A05472,Dialysis,No,Recovered
T05473,A05473,Immunotherapy,No,Improved
T05474,A05474,EEG,No,Recovered
T05475,A05475,Physiotherapy,No,Recovered
T05476,A05476,Vaccination,No,Recovered
T05477,A05477,Immunotherapy,No,Recovered
T05478,A05478,CPR,No,Recovered
T05479,A05479,Endoscopy,No,Recovered
T05480,A05480,IV Fluids,No,Deceased
T05481,A05481,Antibiotic Therapy,No,Improved
T05482,A05482,EEG,No,Improved
T05483,A05483,Vaccination,No,Recovered
T05484,A05484,Wound Suturing,Yes,Referred
T05485,A05485,Laser Therapy,No,Improved
T05486,A05486,Vaccination,No,Improved
T05487,A05487,Physiotherapy,No,Recovered
T05488,A05488,Critical Monitoring,No,Improved
T05489,A05489,Angioplasty,Yes,Referred
T05490,A05490,Ear Surgery,Yes,Recovered
T05491,A05491,EEG,No,Referred
T05492,A05492,Ventilator Support,No,Recovered
T05493,A05493,EEG,No,Deceased
T05494,A05494,Dialysis,No,Recovered
T05495,A05495,MRI Brain,No,Recovered
T05496,A05496,Vaccination,No,Recovered
T05497,A05497,ECG,No,Deceased
T05498,A05498,Cryotherapy,No,Referred
T05499,A05499,Nebulization,No,Improved
T05500,A05500,MRI Brain,No,Recovered
T05501,A05501,Angioplasty,Yes,Recovered
T05502,A05502,Vaccination,No,Recovered
T05503,A05503,Antibiotic Therapy,No,Deceased
T05504,A05504,Knee Replacement,Yes,Recovered
T05505,A05505,Laser Therapy,No,Improved
T05506,A05506,Radiation Therapy,No,Recovered
T05507,A05507,Nebulization,No,Recovered
T05508,A05508,Vaccination,No,Recovered
T05509,A05509,Radiation Therapy,No,Recovered
T05510,A05510,Bypass Surgery,Yes,Recovered
T05511,A05511,Knee Replacement,Yes,Recovered
T05512,A05512,Bypass Surgery,Yes,Recovered
T05513,A05513,Angioplasty,Yes,Recovered
T05514,A05514,Antibiotic Therapy,No,Recovered
T05515,A05515,Skin Biopsy,No,Deceased
T05516,A05516,Vaccination,No,Recovered
T05517,A05517,Ventilator Support,No,Recovered
T05518,A05518,Wound Suturing,Yes,Recovered
T05519,A05519,Bypass Surgery,Yes,Improved
T05520,A05520,EEG,No,Recovered
T05521,A05521,Laser Therapy,No,Recovered
T05522,A05522,Trauma Care,No,Recovered
T05523,A05523,IV Fluids,No,Recovered
T05524,A05524,Sinus Surgery,Yes,Recovered
T05525,A05525,Chemotherapy,No,Recovered
T05526,A05526,Sinus Surgery,Yes,Referred
T05527,A05527,Sinus Surgery,Yes,Referred
T05528,A05528,Stroke Therapy,No,Recovered
T05529,A05529,Physiotherapy,No,Improved
T05530,A05530,CPR,No,Recovered
T05531,A05531,Laser Therapy,No,Improved
T05532,A05532,Antibiotic Therapy,No,Recovered
T05533,A05533,CPR,No,Recovered
T05534,A05534,Knee Replacement,Yes,Recovered
T05535,A05535,Insulin Therapy,No,Referred
T05536,A05536,Nebulization,No,Recovered
T05537,A05537,Trauma Care,No,Recovered
T05538,A05538,Angioplasty,Yes,Improved
T05539,A05539,Immunotherapy,No,Improved
T05540,A05540,EEG,No,Recovered
T05541,A05541,Ear Surgery,Yes,Referred
T05542,A05542,Dialysis,No,Recovered
T05543,A05543,Sinus Surgery,Yes,Recovered
T05544,A05544,EEG,No,Recovered
T05545,A05545,Ear Surgery,Yes,Improved
T05546,A05546,EEG,No,Recovered
T05547,A05547,Immunotherapy,No,Recovered
T05548,A05548,Physiotherapy,No,Recovered
T05549,A05549,Knee Replacement,Yes,Recovered
T05550,A05550,Sinus Surgery,Yes,Recovered
T05551,A05551,IV Fluids,No,Improved
T05552,A05552,CPR,No,Recovered
T05553,A05553,Cryotherapy,No,Improved
T05554,A05554,Critical Monitoring,No,Referred
T05555,A05555,Physiotherapy,No,Recovered
T05556,A05556,IV Fluids,No,Recovered
T05557,A05557,Ear Surgery,Yes,Recovered
T05558,A05558,ECG,No,Recovered
T05559,A05559,CPR,No,Recovered
T05560,A05560,Critical Monitoring,No,Improved
T05561,A05561,Fracture Fixation,Yes,Recovered
T05562,A05562,Chemotherapy,No,Improved
T05563,A05563,Insulin Therapy,No,Deceased
T05564,A05564,Bypass Surgery,Yes,Recovered
T05565,A05565,Angioplasty,Yes,Recovered
T05566,A05566,Antibiotic Therapy,No,Improved
T05567,A05567,Knee Replacement,Yes,Recovered
T05568,A05568,Insulin Therapy,No,Improved
T05569,A05569,Sinus Surgery,Yes,Improved
T05570,A05570,EEG,No,Recovered
T05571,A05571,MRI Brain,No,Referred
T05572,A05572,EEG,No,Recovered
T05573,A05573,EEG,No,Improved
T05574,A05574,Fracture Fixation,Yes,Recovered
T05575,A05575,Antibiotic Therapy,No,Recovered
T05576,A05576,Fracture Fixation,Yes,Recovered
T05577,A05577,Skin Biopsy,No,Recovered
T05578,A05578,Dialysis,No,Improved
T05579,A05579,Vaccination,No,Recovered
T05580,A05580,Wound Suturing,Yes,Improved
T05581,A05581,Radiation Therapy,No,Recovered
T05582,A05582,Cryotherapy,No,Recovered
T05583,A05583,Physiotherapy,No,Recovered
T05584,A05584,Nebulization,No,Recovered
T05585,A05585,Knee Replacement,Yes,Improved
T05586,A05586,Trauma Care,No,Recovered
T05587,A05587,Ear Surgery,Yes,Recovered
T05588,A05588,EEG,No,Recovered
T05589,A05589,Trauma Care,No,Recovered
T05590,A05590,Angioplasty,Yes,Deceased
T05591,A05591,Angioplasty,Yes,Deceased
T05592,A05592,Bypass Surgery,Yes,Recovered
T05593,A05593,ECG,No,Recovered
T05594,A05594,Wound Suturing,Yes,Referred
T05595,A05595,Chemotherapy,No,Recovered
T05596,A05596,Critical Monitoring,No,Recovered
T05597,A05597,Critical Monitoring,No,Improved
T05598,A05598,Trauma Care,No,Improved
T05599,A05599,Fracture Fixation,Yes,Improved
T05600,A05600,Fracture Fixation,Yes,Recovered
T05601,A05601,ECG,No,Recovered
T05602,A05602,Bypass Surgery,Yes,Referred
T05603,A05603,Radiation Therapy,No,Recovered
T05604,A05604,Fracture Fixation,Yes,Referred
T05605,A05605,Dialysis,No,Improved
T05606,A05606,Critical Monitoring,No,Recovered
T05607,A05607,Critical Monitoring,No,Improved
T05608,A05608,Stroke Therapy,No,Recovered
T05609,A05609,Laser Therapy,No,Referred
T05610,A05610,Nebulization,No,Recovered
T05611,A05611,Critical Monitoring,No,Improved
T05612,A05612,Endoscopy,No,Recovered
T05613,A05613,Stroke Therapy,No,Recovered
T05614,A05614,Bypass Surgery,Yes,Recovered
T05615,A05615,Ear Surgery,Yes,Referred
T05616,A05616,Nebulization,No,Recovered
T05617,A05617,Sinus Surgery,Yes,Recovered
T05618,A05618,Endoscopy,No,Recovered
T05619,A05619,Dialysis,No,Recovered
T05620,A05620,CPR,No,Recovered
T05621,A05621,Ear Surgery,Yes,Recovered
T05622,A05622,Sinus Surgery,Yes,Improved
T05623,A05623,Ear Surgery,Yes,Recovered
T05624,A05624,Skin Biopsy,No,Referred
T05625,A05625,IV Fluids,No,Recovered
T05626,A05626,Sinus Surgery,Yes,Recovered
T05627,A05627,EEG,No,Referred
T05628,A05628,EEG,No,Recovered
T05629,A05629,Trauma Care,No,Recovered
T05630,A05630,Knee Replacement,Yes,Recovered
T05631,A05631,Trauma Care,No,Recovered
T05632,A05632,ECG,No,Recovered
T05633,A05633,Sinus Surgery,Yes,Recovered
T05634,A05634,IV Fluids,No,Recovered
T05635,A05635,Dialysis,No,Recovered
T05636,A05636,IV Fluids,No,Recovered
T05637,A05637,Dialysis,No,Recovered
T05638,A05638,Knee Replacement,Yes,Improved
T05639,A05639,Immunotherapy,No,Recovered
T05640,A05640,Dialysis,No,Recovered
T05641,A05641,IV Fluids,No,Recovered
T05642,A05642,Physiotherapy,No,Recovered
T05643,A05643,Critical Monitoring,No,Referred
T05644,A05644,CPR,No,Recovered
T05645,A05645,Immunotherapy,No,Recovered
T05646,A05646,IV Fluids,No,Recovered
T05647,A05647,Knee Replacement,Yes,Recovered
T05648,A05648,Ear Surgery,Yes,Improved
T05649,A05649,Stroke Therapy,No,Recovered
T05650,A05650,Sinus Surgery,Yes,Recovered
T05651,A05651,MRI Brain,No,Recovered
T05652,A05652,EEG,No,Recovered
T05653,A05653,Nebulization,No,Recovered
T05654,A05654,Fracture Fixation,Yes,Recovered
T05655,A05655,Cryotherapy,No,Improved
T05656,A05656,Antibiotic Therapy,No,Deceased
T05657,A05657,Nebulization,No,Recovered
T05658,A05658,Nebulization,No,Recovered
T05659,A05659,Immunotherapy,No,Referred
T05660,A05660,ECG,No,Recovered
T05661,A05661,Trauma Care,No,Recovered
T05662,A05662,Vaccination,No,Improved
T05663,A05663,Radiation Therapy,No,Improved
T05664,A05664,Sinus Surgery,Yes,Recovered
T05665,A05665,Knee Replacement,Yes,Recovered
T05666,A05666,Physiotherapy,No,Improved
T05667,A05667,Knee Replacement,Yes,Recovered
T05668,A05668,Laser Therapy,No,Recovered
T05669,A05669,Wound Suturing,Yes,Recovered
T05670,A05670,Bypass Surgery,Yes,Referred
T05671,A05671,Trauma Care,No,Improved
T05672,A05672,Bypass Surgery,Yes,Recovered
T05673,A05673,Skin Biopsy,No,Recovered
T05674,A05674,Fracture Fixation,Yes,Recovered
T05675,A05675,Radiation Therapy,No,Improved
T05676,A05676,Critical Monitoring,No,Recovered
T05677,A05677,Trauma Care,No,Recovered
T05678,A05678,CPR,No,Referred
T05679,A05679,Sinus Surgery,Yes,Improved
T05680,A05680,Antibiotic Therapy,No,Deceased
T05681,A05681,EEG,No,Improved
T05682,A05682,IV Fluids,No,Improved
T05683,A05683,Ventilator Support,No,Recovered
T05684,A05684,Dialysis,No,Recovered
T05685,A05685,Laser Therapy,No,Recovered
T05686,A05686,Angioplasty,Yes,Recovered
T05687,A05687,Chemotherapy,No,Referred
T05688,A05688,Critical Monitoring,No,Recovered
T05689,A05689,Vaccination,No,Recovered
T05690,A05690,Insulin Therapy,No,Improved
T05691,A05691,IV Fluids,No,Recovered
T05692,A05692,Endoscopy,No,Recovered
T05693,A05693,CPR,No,Recovered
T05694,A05694,Angioplasty,Yes,Recovered
T05695,A05695,Laser Therapy,No,Recovered
T05696,A05696,Physiotherapy,No,Recovered
T05697,A05697,ECG,No,Recovered
T05698,A05698,Nebulization,No,Improved
T05699,A05699,Laser Therapy,No,Recovered
T05700,A05700,Chemotherapy,No,Recovered
T05701,A05701,EEG,No,Improved
T05702,A05702,Critical Monitoring,No,Recovered
T05703,A05703,Stroke Therapy,No,Recovered
T05704,A05704,Ear Surgery,Yes,Recovered
T05705,A05705,Laser Therapy,No,Improved
T05706,A05706,Skin Biopsy,No,Recovered
T05707,A05707,Knee Replacement,Yes,Recovered
T05708,A05708,Physiotherapy,No,Improved
T05709,A05709,Immunotherapy,No,Improved
T05710,A05710,Knee Replacement,Yes,Improved
T05711,A05711,Endoscopy,No,Recovered
T05712,A05712,Bypass Surgery,Yes,Recovered
T05713,A05713,ECG,No,Recovered
T05714,A05714,Stroke Therapy,No,Recovered
T05715,A05715,Sinus Surgery,Yes,Improved
T05716,A05716,IV Fluids,No,Recovered
T05717,A05717,Knee Replacement,Yes,Recovered
T05718,A05718,Stroke Therapy,No,Recovered
T05719,A05719,Antibiotic Therapy,No,Recovered
T05720,A05720,Immunotherapy,No,Recovered
T05721,A05721,Fracture Fixation,Yes,Recovered
T05722,A05722,Fracture Fixation,Yes,Improved
T05723,A05723,Skin Biopsy,No,Recovered
T05724,A05724,Knee Replacement,Yes,Recovered
T05725,A05725,Ear Surgery,Yes,Recovered
T05726,A05726,Critical Monitoring,No,Recovered
T05727,A05727,Sinus Surgery,Yes,Recovered
T05728,A05728,IV Fluids,No,Recovered
T05729,A05729,IV Fluids,No,Recovered
T05730,A05730,Stroke Therapy,No,Recovered
T05731,A05731,IV Fluids,No,Recovered
T05732,A05732,Nebulization,No,Recovered
T05733,A05733,ECG,No,Recovered
T05734,A05734,Angioplasty,Yes,Improved
T05735,A05735,IV Fluids,No,Recovered
T05736,A05736,Ear Surgery,Yes,Recovered
T05737,A05737,Bypass Surgery,Yes,Recovered
T05738,A05738,Endoscopy,No,Recovered
T05739,A05739,Angioplasty,Yes,Recovered
T05740,A05740,Ventilator Support,No,Recovered
T05741,A05741,MRI Brain,No,Recovered
T05742,A05742,Trauma Care,No,Improved
T05743,A05743,Immunotherapy,No,Recovered
T05744,A05744,Trauma Care,No,Recovered
T05745,A05745,Stroke Therapy,No,Recovered
T05746,A05746,Physiotherapy,No,Recovered
T05747,A05747,Stroke Therapy,No,Recovered
T05748,A05748,Vaccination,No,Recovered
T05749,A05749,Immunotherapy,No,Recovered
T05750,A05750,Skin Biopsy,No,Recovered
T05751,A05751,Fracture Fixation,Yes,Recovered
T05752,A05752,Knee Replacement,Yes,Improved
T05753,A05753,Knee Replacement,Yes,Improved
T05754,A05754,Ventilator Support,No,Recovered
T05755,A05755,Endoscopy,No,Recovered
T05756,A05756,Physiotherapy,No,Recovered
T05757,A05757,EEG,No,Recovered
T05758,A05758,Wound Suturing,Yes,Recovered
T05759,A05759,Ventilator Support,No,Recovered
T05760,A05760,Dialysis,No,Recovered
T05761,A05761,Fracture Fixation,Yes,Recovered
T05762,A05762,Stroke Therapy,No,Recovered
T05763,A05763,Chemotherapy,No,Deceased
T05764,A05764,Skin Biopsy,No,Recovered
T05765,A05765,MRI Brain,No,Recovered
T05766,A05766,Stroke Therapy,No,Recovered
T05767,A05767,Nebulization,No,Improved
T05768,A05768,Angioplasty,Yes,Recovered
T05769,A05769,Skin Biopsy,No,Recovered
T05770,A05770,Dialysis,No,Improved
T05771,A05771,Physiotherapy,No,Recovered
T05772,A05772,Skin Biopsy,No,Improved
T05773,A05773,Ear Surgery,Yes,Recovered
T05774,A05774,Critical Monitoring,No,Recovered
T05775,A05775,Laser Therapy,No,Improved
T05776,A05776,Critical Monitoring,No,Recovered
T05777,A05777,Stroke Therapy,No,Recovered
T05778,A05778,Wound Suturing,Yes,Recovered
T05779,A05779,Nebulization,No,Recovered
T05780,A05780,Angioplasty,Yes,Improved
T05781,A05781,Critical Monitoring,No,Improved
T05782,A05782,Endoscopy,No,Recovered
T05783,A05783,Wound Suturing,Yes,Recovered
T05784,A05784,Antibiotic Therapy,No,Recovered
T05785,A05785,Trauma Care,No,Deceased
T05786,A05786,Skin Biopsy,No,Recovered
T05787,A05787,Ear Surgery,Yes,Recovered
T05788,A05788,Insulin Therapy,No,Recovered
T05789,A05789,Endoscopy,No,Recovered
T05790,A05790,Dialysis,No,Recovered
T05791,A05791,Critical Monitoring,No,Recovered
T05792,A05792,Knee Replacement,Yes,Recovered
T05793,A05793,Dialysis,No,Improved
T05794,A05794,Antibiotic Therapy,No,Recovered
T05795,A05795,Angioplasty,Yes,Deceased
T05796,A05796,Immunotherapy,No,Recovered
T05797,A05797,Bypass Surgery,Yes,Recovered
T05798,A05798,Sinus Surgery,Yes,Recovered
T05799,A05799,Radiation Therapy,No,Referred
T05800,A05800,Nebulization,No,Recovered
T05801,A05801,MRI Brain,No,Recovered
T05802,A05802,Cryotherapy,No,Recovered
T05803,A05803,Immunotherapy,No,Recovered
T05804,A05804,Nebulization,No,Recovered
T05805,A05805,Stroke Therapy,No,Recovered
T05806,A05806,Fracture Fixation,Yes,Recovered
T05807,A05807,Immunotherapy,No,Recovered
T05808,A05808,Endoscopy,No,Recovered
T05809,A05809,Radiation Therapy,No,Recovered
T05810,A05810,Endoscopy,No,Recovered
T05811,A05811,Laser Therapy,No,Recovered
T05812,A05812,Radiation Therapy,No,Recovered
T05813,A05813,Chemotherapy,No,Recovered
T05814,A05814,Physiotherapy,No,Recovered
T05815,A05815,Stroke Therapy,No,Recovered
T05816,A05816,Dialysis,No,Recovered
T05817,A05817,Vaccination,No,Recovered
T05818,A05818,Insulin Therapy,No,Recovered
T05819,A05819,Wound Suturing,Yes,Improved
T05820,A05820,IV Fluids,No,Recovered
T05821,A05821,Cryotherapy,No,Recovered
T05822,A05822,Ventilator Support,No,Improved
T05823,A05823,Skin Biopsy,No,Deceased
T05824,A05824,Fracture Fixation,Yes,Recovered
T05825,A05825,Insulin Therapy,No,Recovered
T05826,A05826,Vaccination,No,Recovered
T05827,A05827,IV Fluids,No,Recovered
T05828,A05828,Cryotherapy,No,Recovered
T05829,A05829,Stroke Therapy,No,Recovered
T05830,A05830,Chemotherapy,No,Improved
T05831,A05831,Nebulization,No,Recovered
T05832,A05832,Chemotherapy,No,Recovered
T05833,A05833,Endoscopy,No,Improved
T05834,A05834,IV Fluids,No,Recovered
T05835,A05835,MRI Brain,No,Recovered
T05836,A05836,Radiation Therapy,No,Recovered
T05837,A05837,IV Fluids,No,Recovered
T05838,A05838,Nebulization,No,Recovered
T05839,A05839,EEG,No,Recovered
T05840,A05840,Vaccination,No,Recovered
T05841,A05841,Knee Replacement,Yes,Recovered
T05842,A05842,CPR,No,Recovered
T05843,A05843,Sinus Surgery,Yes,Recovered
T05844,A05844,Antibiotic Therapy,No,Improved
T05845,A05845,Stroke Therapy,No,Recovered
T05846,A05846,IV Fluids,No,Recovered
T05847,A05847,Sinus Surgery,Yes,Recovered
T05848,A05848,CPR,No,Recovered
T05849,A05849,Sinus Surgery,Yes,Recovered
T05850,A05850,ECG,No,Recovered
T05851,A05851,Dialysis,No,Improved
T05852,A05852,CPR,No,Recovered
T05853,A05853,Insulin Therapy,No,Recovered
T05854,A05854,Immunotherapy,No,Improved
T05855,A05855,Ear Surgery,Yes,Improved
T05856,A05856,Wound Suturing,Yes,Recovered
T05857,A05857,Immunotherapy,No,Recovered
T05858,A05858,Critical Monitoring,No,Recovered
T05859,A05859,Chemotherapy,No,Recovered
T05860,A05860,Wound Suturing,Yes,Improved
T05861,A05861,Critical Monitoring,No,Recovered
T05862,A05862,Physiotherapy,No,Recovered
T05863,A05863,Wound Suturing,Yes,Recovered
T05864,A05864,Cryotherapy,No,Recovered
T05865,A05865,Fracture Fixation,Yes,Recovered
T05866,A05866,EEG,No,Recovered
T05867,A05867,Endoscopy,No,Improved
T05868,A05868,Immunotherapy,No,Recovered
T05869,A05869,MRI Brain,No,Recovered
T05870,A05870,Angioplasty,Yes,Recovered
T05871,A05871,Endoscopy,No,Recovered
T05872,A05872,Trauma Care,No,Recovered
T05873,A05873,Dialysis,No,Improved
T05874,A05874,Ear Surgery,Yes,Improved
T05875,A05875,CPR,No,Recovered
T05876,A05876,MRI Brain,No,Recovered
T05877,A05877,Chemotherapy,No,Recovered
T05878,A05878,Vaccination,No,Recovered
T05879,A05879,Chemotherapy,No,Recovered
T05880,A05880,Sinus Surgery,Yes,Recovered
T05881,A05881,CPR,No,Recovered
T05882,A05882,Ventilator Support,No,Referred
T05883,A05883,Angioplasty,Yes,Recovered
T05884,A05884,Vaccination,No,Improved
T05885,A05885,CPR,No,Recovered
T05886,A05886,Physiotherapy,No,Recovered
T05887,A05887,EEG,No,Recovered
T05888,A05888,Nebulization,No,Recovered
T05889,A05889,Skin Biopsy,No,Recovered
T05890,A05890,CPR,No,Recovered
T05891,A05891,Fracture Fixation,Yes,Recovered
T05892,A05892,Immunotherapy,No,Recovered
T05893,A05893,Wound Suturing,Yes,Recovered
T05894,A05894,Radiation Therapy,No,Recovered
T05895,A05895,CPR,No,Recovered
T05896,A05896,EEG,No,Recovered
T05897,A05897,Knee Replacement,Yes,Recovered
T05898,A05898,Insulin Therapy,No,Recovered
T05899,A05899,Angioplasty,Yes,Recovered
T05900,A05900,Knee Replacement,Yes,Recovered
T05901,A05901,IV Fluids,No,Recovered
T05902,A05902,EEG,No,Recovered
T05903,A05903,Physiotherapy,No,Recovered
T05904,A05904,Antibiotic Therapy,No,Recovered
T05905,A05905,Chemotherapy,No,Referred
T05906,A05906,IV Fluids,No,Referred
T05907,A05907,Nebulization,No,Improved
T05908,A05908,Angioplasty,Yes,Recovered
T05909,A05909,Ear Surgery,Yes,Recovered
T05910,A05910,EEG,No,Recovered
T05911,A05911,IV Fluids,No,Recovered
T05912,A05912,EEG,No,Recovered
T05913,A05913,EEG,No,Recovered
T05914,A05914,EEG,No,Improved
T05915,A05915,Stroke Therapy,No,Recovered
T05916,A05916,Vaccination,No,Recovered
T05917,A05917,Bypass Surgery,Yes,Recovered
T05918,A05918,IV Fluids,No,Recovered
T05919,A05919,Endoscopy,No,Recovered
T05920,A05920,Knee Replacement,Yes,Recovered
T05921,A05921,Trauma Care,No,Recovered
T05922,A05922,EEG,No,Improved
T05923,A05923,IV Fluids,No,Recovered
T05924,A05924,IV Fluids,No,Recovered
T05925,A05925,Physiotherapy,No,Recovered
T05926,A05926,Bypass Surgery,Yes,Improved
T05927,A05927,Chemotherapy,No,Recovered
T05928,A05928,Critical Monitoring,No,Recovered
T05929,A05929,ECG,No,Recovered
T05930,A05930,IV Fluids,No,Referred
T05931,A05931,Dialysis,No,Recovered
T05932,A05932,Ear Surgery,Yes,Deceased
T05933,A05933,Endoscopy,No,Improved
T05934,A05934,Fracture Fixation,Yes,Improved
T05935,A05935,Ventilator Support,No,Improved
T05936,A05936,Stroke Therapy,No,Improved
T05937,A05937,Wound Suturing,Yes,Referred
T05938,A05938,Ventilator Support,No,Recovered
T05939,A05939,Ventilator Support,No,Recovered
T05940,A05940,Antibiotic Therapy,No,Recovered
T05941,A05941,Angioplasty,Yes,Recovered
T05942,A05942,Fracture Fixation,Yes,Referred
T05943,A05943,IV Fluids,No,Recovered
T05944,A05944,IV Fluids,No,Recovered
T05945,A05945,Immunotherapy,No,Recovered
T05946,A05946,Ventilator Support,No,Recovered
T05947,A05947,IV Fluids,No,Recovered
T05948,A05948,Angioplasty,Yes,Recovered
T05949,A05949,Physiotherapy,No,Recovered
T05950,A05950,IV Fluids,No,Improved
T05951,A05951,ECG,No,Recovered
T05952,A05952,Ventilator Support,No,Recovered
T05953,A05953,Cryotherapy,No,Recovered
T05954,A05954,MRI Brain,No,Improved
T05955,A05955,Vaccination,No,Recovered
T05956,A05956,Sinus Surgery,Yes,Recovered
T05957,A05957,Ventilator Support,No,Recovered
T05958,A05958,Endoscopy,No,Improved
T05959,A05959,Antibiotic Therapy,No,Recovered
T05960,A05960,Angioplasty,Yes,Recovered
T05961,A05961,MRI Brain,No,Recovered
T05962,A05962,Dialysis,No,Recovered
T05963,A05963,Stroke Therapy,No,Recovered
T05964,A05964,CPR,No,Improved
T05965,A05965,Skin Biopsy,No,Recovered
T05966,A05966,CPR,No,Recovered
T05967,A05967,ECG,No,Recovered
T05968,A05968,Ventilator Support,No,Improved
T05969,A05969,Sinus Surgery,Yes,Recovered
T05970,A05970,Radiation Therapy,No,Recovered
T05971,A05971,Bypass Surgery,Yes,Recovered
T05972,A05972,ECG,No,Recovered
T05973,A05973,Laser Therapy,No,Referred
T05974,A05974,Sinus Surgery,Yes,Recovered
T05975,A05975,Stroke Therapy,No,Recovered
T05976,A05976,Trauma Care,No,Referred
T05977,A05977,Skin Biopsy,No,Recovered
T05978,A05978,ECG,No,Improved
T05979,A05979,EEG,No,Recovered
T05980,A05980,Angioplasty,Yes,Recovered
T05981,A05981,Immunotherapy,No,Recovered
T05982,A05982,Chemotherapy,No,Recovered
T05983,A05983,Nebulization,No,Recovered
T05984,A05984,Chemotherapy,No,Recovered
T05985,A05985,IV Fluids,No,Recovered
T05986,A05986,ECG,No,Recovered
T05987,A05987,EEG,No,Improved
T05988,A05988,Stroke Therapy,No,Referred
T05989,A05989,Antibiotic Therapy,No,Referred
T05990,A05990,Fracture Fixation,Yes,Recovered
T05991,A05991,Vaccination,No,Improved
T05992,A05992,CPR,No,Referred
T05993,A05993,Immunotherapy,No,Improved
T05994,A05994,Vaccination,No,Recovered
T05995,A05995,Insulin Therapy,No,Referred
T05996,A05996,IV Fluids,No,Improved
T05997,A05997,Ear Surgery,Yes,Improved
T05998,A05998,Sinus Surgery,Yes,Referred
T05999,A05999,Sinus Surgery,Yes,Improved
T06000,A06000,Fracture Fixation,Yes,Recovered
T06001,A06001,Cryotherapy,No,Recovered
T06002,A06002,Dialysis,No,Recovered
T06003,A06003,Angioplasty,Yes,Improved
T06004,A06004,Skin Biopsy,No,Recovered
T06005,A06005,Ventilator Support,No,Recovered
T06006,A06006,Vaccination,No,Recovered
T06007,A06007,Knee Replacement,Yes,Recovered
T06008,A06008,Critical Monitoring,No,Recovered
T06009,A06009,Stroke Therapy,No,Recovered
T06010,A06010,Dialysis,No,Recovered
T06011,A06011,Sinus Surgery,Yes,Improved
T06012,A06012,Critical Monitoring,No,Recovered
T06013,A06013,Angioplasty,Yes,Recovered
T06014,A06014,EEG,No,Deceased
T06015,A06015,Dialysis,No,Recovered
T06016,A06016,Wound Suturing,Yes,Recovered
T06017,A06017,Trauma Care,No,Recovered
T06018,A06018,ECG,No,Recovered
T06019,A06019,Ventilator Support,No,Recovered
T06020,A06020,Physiotherapy,No,Recovered
T06021,A06021,MRI Brain,No,Improved
T06022,A06022,Insulin Therapy,No,Improved
T06023,A06023,Ear Surgery,Yes,Recovered
T06024,A06024,Angioplasty,Yes,Recovered
T06025,A06025,Fracture Fixation,Yes,Recovered
T06026,A06026,Antibiotic Therapy,No,Recovered
T06027,A06027,Insulin Therapy,No,Deceased
T06028,A06028,MRI Brain,No,Recovered
T06029,A06029,IV Fluids,No,Recovered
T06030,A06030,CPR,No,Recovered
T06031,A06031,Dialysis,No,Referred
T06032,A06032,MRI Brain,No,Recovered
T06033,A06033,Endoscopy,No,Improved
T06034,A06034,ECG,No,Recovered
T06035,A06035,Nebulization,No,Referred
T06036,A06036,Immunotherapy,No,Recovered
T06037,A06037,IV Fluids,No,Recovered
T06038,A06038,Laser Therapy,No,Recovered
T06039,A06039,Immunotherapy,No,Recovered
T06040,A06040,ECG,No,Recovered
T06041,A06041,IV Fluids,No,Improved
T06042,A06042,Endoscopy,No,Recovered
T06043,A06043,Insulin Therapy,No,Recovered
T06044,A06044,Ear Surgery,Yes,Improved
T06045,A06045,EEG,No,Recovered
T06046,A06046,Cryotherapy,No,Recovered
T06047,A06047,ECG,No,Recovered
T06048,A06048,Insulin Therapy,No,Recovered
T06049,A06049,Skin Biopsy,No,Recovered
T06050,A06050,Antibiotic Therapy,No,Improved
T06051,A06051,MRI Brain,No,Recovered
T06052,A06052,ECG,No,Recovered
T06053,A06053,IV Fluids,No,Recovered
T06054,A06054,Insulin Therapy,No,Recovered
T06055,A06055,Immunotherapy,No,Recovered
T06056,A06056,ECG,No,Improved
T06057,A06057,IV Fluids,No,Recovered
T06058,A06058,Ventilator Support,No,Recovered
T06059,A06059,Ventilator Support,No,Recovered
T06060,A06060,Endoscopy,No,Recovered
T06061,A06061,Nebulization,No,Recovered
T06062,A06062,Dialysis,No,Referred
T06063,A06063,Bypass Surgery,Yes,Improved
T06064,A06064,Nebulization,No,Referred
T06065,A06065,Stroke Therapy,No,Improved
T06066,A06066,Endoscopy,No,Recovered
T06067,A06067,Insulin Therapy,No,Recovered
T06068,A06068,Antibiotic Therapy,No,Recovered
T06069,A06069,Dialysis,No,Improved
T06070,A06070,Physiotherapy,No,Improved
T06071,A06071,ECG,No,Recovered
T06072,A06072,EEG,No,Referred
T06073,A06073,Dialysis,No,Improved
T06074,A06074,EEG,No,Recovered
T06075,A06075,Cryotherapy,No,Improved
T06076,A06076,IV Fluids,No,Recovered
T06077,A06077,Knee Replacement,Yes,Recovered
T06078,A06078,Fracture Fixation,Yes,Recovered
T06079,A06079,Ventilator Support,No,Recovered
T06080,A06080,Critical Monitoring,No,Referred
T06081,A06081,Insulin Therapy,No,Deceased
T06082,A06082,EEG,No,Recovered
T06083,A06083,EEG,No,Recovered
T06084,A06084,Critical Monitoring,No,Recovered
T06085,A06085,Angioplasty,Yes,Recovered
T06086,A06086,Critical Monitoring,No,Improved
T06087,A06087,CPR,No,Recovered
T06088,A06088,Wound Suturing,Yes,Recovered
T06089,A06089,Radiation Therapy,No,Improved
T06090,A06090,Skin Biopsy,No,Recovered
T06091,A06091,Ear Surgery,Yes,Recovered
T06092,A06092,Stroke Therapy,No,Recovered
T06093,A06093,Laser Therapy,No,Recovered
T06094,A06094,Bypass Surgery,Yes,Recovered
T06095,A06095,Trauma Care,No,Recovered
T06096,A06096,Ventilator Support,No,Recovered
T06097,A06097,Immunotherapy,No,Recovered
T06098,A06098,Chemotherapy,No,Recovered
T06099,A06099,Sinus Surgery,Yes,Improved
T06100,A06100,Angioplasty,Yes,Recovered
T06101,A06101,Radiation Therapy,No,Recovered
T06102,A06102,Cryotherapy,No,Recovered
T06103,A06103,Physiotherapy,No,Recovered
T06104,A06104,Trauma Care,No,Recovered
T06105,A06105,Skin Biopsy,No,Recovered
T06106,A06106,Endoscopy,No,Improved
T06107,A06107,Immunotherapy,No,Recovered
T06108,A06108,Antibiotic Therapy,No,Improved
T06109,A06109,ECG,No,Referred
T06110,A06110,Nebulization,No,Deceased
T06111,A06111,Skin Biopsy,No,Recovered
T06112,A06112,IV Fluids,No,Recovered
T06113,A06113,Fracture Fixation,Yes,Recovered
T06114,A06114,Wound Suturing,Yes,Recovered
T06115,A06115,CPR,No,Recovered
T06116,A06116,Immunotherapy,No,Recovered
T06117,A06117,Ventilator Support,No,Recovered
T06118,A06118,Nebulization,No,Improved
T06119,A06119,CPR,No,Recovered
T06120,A06120,Critical Monitoring,No,Recovered
T06121,A06121,Radiation Therapy,No,Recovered
T06122,A06122,Nebulization,No,Recovered
T06123,A06123,Knee Replacement,Yes,Recovered
T06124,A06124,Dialysis,No,Improved
T06125,A06125,Sinus Surgery,Yes,Recovered
T06126,A06126,IV Fluids,No,Recovered
T06127,A06127,Insulin Therapy,No,Recovered
T06128,A06128,Radiation Therapy,No,Referred
T06129,A06129,Critical Monitoring,No,Recovered
T06130,A06130,Cryotherapy,No,Recovered
T06131,A06131,Sinus Surgery,Yes,Recovered
T06132,A06132,EEG,No,Recovered
T06133,A06133,EEG,No,Improved
T06134,A06134,Ear Surgery,Yes,Recovered
T06135,A06135,Antibiotic Therapy,No,Recovered
T06136,A06136,Bypass Surgery,Yes,Recovered
T06137,A06137,IV Fluids,No,Recovered
T06138,A06138,Fracture Fixation,Yes,Referred
T06139,A06139,Chemotherapy,No,Recovered
T06140,A06140,EEG,No,Recovered
T06141,A06141,CPR,No,Recovered
T06142,A06142,EEG,No,Recovered
T06143,A06143,CPR,No,Improved
T06144,A06144,IV Fluids,No,Recovered
T06145,A06145,EEG,No,Recovered
T06146,A06146,Angioplasty,Yes,Recovered
T06147,A06147,Bypass Surgery,Yes,Recovered
T06148,A06148,Chemotherapy,No,Recovered
T06149,A06149,Radiation Therapy,No,Recovered
T06150,A06150,IV Fluids,No,Improved
T06151,A06151,Skin Biopsy,No,Recovered
T06152,A06152,Angioplasty,Yes,Improved
T06153,A06153,Wound Suturing,Yes,Recovered
T06154,A06154,Stroke Therapy,No,Recovered
T06155,A06155,Insulin Therapy,No,Referred
T06156,A06156,Critical Monitoring,No,Recovered
T06157,A06157,Ear Surgery,Yes,Recovered
T06158,A06158,Nebulization,No,Recovered
T06159,A06159,Vaccination,No,Referred
T06160,A06160,Trauma Care,No,Improved
T06161,A06161,Laser Therapy,No,Recovered
T06162,A06162,Bypass Surgery,Yes,Recovered
T06163,A06163,Wound Suturing,Yes,Improved
T06164,A06164,Sinus Surgery,Yes,Recovered
T06165,A06165,Skin Biopsy,No,Recovered
T06166,A06166,Antibiotic Therapy,No,Deceased
T06167,A06167,IV Fluids,No,Recovered
T06168,A06168,MRI Brain,No,Improved
T06169,A06169,Radiation Therapy,No,Recovered
T06170,A06170,Vaccination,No,Recovered
T06171,A06171,Critical Monitoring,No,Improved
T06172,A06172,Dialysis,No,Improved
T06173,A06173,Ear Surgery,Yes,Improved
T06174,A06174,Knee Replacement,Yes,Recovered
T06175,A06175,Skin Biopsy,No,Deceased
T06176,A06176,Trauma Care,No,Recovered
T06177,A06177,IV Fluids,No,Referred
T06178,A06178,IV Fluids,No,Recovered
T06179,A06179,Sinus Surgery,Yes,Recovered
T06180,A06180,MRI Brain,No,Improved
T06181,A06181,ECG,No,Recovered
T06182,A06182,Radiation Therapy,No,Recovered
T06183,A06183,CPR,No,Recovered
T06184,A06184,Antibiotic Therapy,No,Recovered
T06185,A06185,CPR,No,Referred
T06186,A06186,Stroke Therapy,No,Referred
T06187,A06187,IV Fluids,No,Recovered
T06188,A06188,Dialysis,No,Recovered
T06189,A06189,Nebulization,No,Improved
T06190,A06190,Bypass Surgery,Yes,Recovered
T06191,A06191,EEG,No,Referred
T06192,A06192,Physiotherapy,No,Recovered
T06193,A06193,Trauma Care,No,Recovered
T06194,A06194,Stroke Therapy,No,Recovered
T06195,A06195,Dialysis,No,Recovered
T06196,A06196,Wound Suturing,Yes,Recovered
T06197,A06197,Endoscopy,No,Recovered
T06198,A06198,Chemotherapy,No,Recovered
T06199,A06199,Radiation Therapy,No,Recovered
T06200,A06200,Critical Monitoring,No,Recovered
T06201,A06201,CPR,No,Recovered
T06202,A06202,Stroke Therapy,No,Recovered
T06203,A06203,Radiation Therapy,No,Recovered
T06204,A06204,Fracture Fixation,Yes,Referred
T06205,A06205,Trauma Care,No,Improved
T06206,A06206,Immunotherapy,No,Improved
T06207,A06207,Immunotherapy,No,Recovered
T06208,A06208,Immunotherapy,No,Recovered
T06209,A06209,Physiotherapy,No,Recovered
T06210,A06210,Wound Suturing,Yes,Recovered
T06211,A06211,MRI Brain,No,Recovered
T06212,A06212,Angioplasty,Yes,Recovered
T06213,A06213,Insulin Therapy,No,Recovered
T06214,A06214,IV Fluids,No,Deceased
T06215,A06215,Ear Surgery,Yes,Referred
T06216,A06216,EEG,No,Recovered
T06217,A06217,MRI Brain,No,Recovered
T06218,A06218,Critical Monitoring,No,Improved
T06219,A06219,ECG,No,Recovered
T06220,A06220,MRI Brain,No,Referred
T06221,A06221,Antibiotic Therapy,No,Recovered
T06222,A06222,Trauma Care,No,Recovered
T06223,A06223,Ear Surgery,Yes,Recovered
T06224,A06224,Nebulization,No,Referred
T06225,A06225,Cryotherapy,No,Recovered
T06226,A06226,Angioplasty,Yes,Recovered
T06227,A06227,Wound Suturing,Yes,Recovered
T06228,A06228,Fracture Fixation,Yes,Improved
T06229,A06229,Ventilator Support,No,Recovered
T06230,A06230,Wound Suturing,Yes,Recovered
T06231,A06231,Fracture Fixation,Yes,Improved
T06232,A06232,Radiation Therapy,No,Improved
T06233,A06233,Vaccination,No,Referred
T06234,A06234,Trauma Care,No,Improved
T06235,A06235,Trauma Care,No,Improved
T06236,A06236,Wound Suturing,Yes,Recovered
T06237,A06237,Nebulization,No,Recovered
T06238,A06238,Bypass Surgery,Yes,Improved
T06239,A06239,CPR,No,Improved
T06240,A06240,Antibiotic Therapy,No,Recovered
T06241,A06241,ECG,No,Recovered
T06242,A06242,Immunotherapy,No,Improved
T06243,A06243,Dialysis,No,Recovered
T06244,A06244,CPR,No,Recovered
T06245,A06245,IV Fluids,No,Recovered
T06246,A06246,CPR,No,Recovered
T06247,A06247,Fracture Fixation,Yes,Recovered
T06248,A06248,Dialysis,No,Improved
T06249,A06249,Vaccination,No,Recovered
T06250,A06250,Stroke Therapy,No,Recovered
T06251,A06251,Sinus Surgery,Yes,Improved
T06252,A06252,Physiotherapy,No,Recovered
T06253,A06253,Trauma Care,No,Recovered
T06254,A06254,Fracture Fixation,Yes,Referred
T06255,A06255,Endoscopy,No,Improved
T06256,A06256,Ventilator Support,No,Recovered
T06257,A06257,Sinus Surgery,Yes,Recovered
T06258,A06258,ECG,No,Improved
T06259,A06259,Chemotherapy,No,Recovered
T06260,A06260,Dialysis,No,Recovered
T06261,A06261,Critical Monitoring,No,Recovered
T06262,A06262,Endoscopy,No,Recovered
T06263,A06263,EEG,No,Recovered
T06264,A06264,Ventilator Support,No,Improved
T06265,A06265,Trauma Care,No,Improved
T06266,A06266,Physiotherapy,No,Recovered
T06267,A06267,Bypass Surgery,Yes,Recovered
T06268,A06268,Angioplasty,Yes,Recovered
T06269,A06269,Sinus Surgery,Yes,Recovered
T06270,A06270,Ear Surgery,Yes,Referred
T06271,A06271,Nebulization,No,Recovered
T06272,A06272,Angioplasty,Yes,Recovered
T06273,A06273,CPR,No,Recovered
T06274,A06274,Trauma Care,No,Recovered
T06275,A06275,IV Fluids,No,Recovered
T06276,A06276,Angioplasty,Yes,Recovered
T06277,A06277,Endoscopy,No,Recovered
T06278,A06278,Nebulization,No,Improved
T06279,A06279,Knee Replacement,Yes,Recovered
T06280,A06280,Physiotherapy,No,Recovered
T06281,A06281,Nebulization,No,Recovered
T06282,A06282,Chemotherapy,No,Improved
T06283,A06283,IV Fluids,No,Recovered
T06284,A06284,IV Fluids,No,Recovered
T06285,A06285,Nebulization,No,Recovered
T06286,A06286,Wound Suturing,Yes,Recovered
T06287,A06287,IV Fluids,No,Referred
T06288,A06288,Angioplasty,Yes,Recovered
T06289,A06289,Ear Surgery,Yes,Recovered
T06290,A06290,Ear Surgery,Yes,Recovered
T06291,A06291,Radiation Therapy,No,Recovered
T06292,A06292,Chemotherapy,No,Recovered
T06293,A06293,CPR,No,Recovered
T06294,A06294,IV Fluids,No,Recovered
T06295,A06295,Vaccination,No,Recovered
T06296,A06296,Ventilator Support,No,Referred
T06297,A06297,MRI Brain,No,Improved
T06298,A06298,Fracture Fixation,Yes,Improved
T06299,A06299,Stroke Therapy,No,Referred
T06300,A06300,IV Fluids,No,Recovered
T06301,A06301,Ventilator Support,No,Recovered
T06302,A06302,Knee Replacement,Yes,Recovered
T06303,A06303,Trauma Care,No,Improved
T06304,A06304,Wound Suturing,Yes,Improved
T06305,A06305,Chemotherapy,No,Recovered
T06306,A06306,Insulin Therapy,No,Referred
T06307,A06307,Sinus Surgery,Yes,Recovered
T06308,A06308,Critical Monitoring,No,Improved
T06309,A06309,Fracture Fixation,Yes,Recovered
T06310,A06310,ECG,No,Improved
T06311,A06311,IV Fluids,No,Recovered
T06312,A06312,Knee Replacement,Yes,Improved
T06313,A06313,Ear Surgery,Yes,Recovered
T06314,A06314,Wound Suturing,Yes,Recovered
T06315,A06315,Antibiotic Therapy,No,Improved
T06316,A06316,Insulin Therapy,No,Recovered
T06317,A06317,Bypass Surgery,Yes,Recovered
T06318,A06318,Nebulization,No,Recovered
T06319,A06319,ECG,No,Improved
T06320,A06320,Wound Suturing,Yes,Improved
T06321,A06321,Fracture Fixation,Yes,Recovered
T06322,A06322,CPR,No,Improved
T06323,A06323,Antibiotic Therapy,No,Recovered
T06324,A06324,Ventilator Support,No,Improved
T06325,A06325,IV Fluids,No,Recovered
T06326,A06326,Trauma Care,No,Recovered
T06327,A06327,Critical Monitoring,No,Improved
T06328,A06328,ECG,No,Improved
T06329,A06329,Knee Replacement,Yes,Improved
T06330,A06330,Nebulization,No,Recovered
T06331,A06331,Ear Surgery,Yes,Recovered
T06332,A06332,Nebulization,No,Recovered
T06333,A06333,Dialysis,No,Referred
T06334,A06334,Antibiotic Therapy,No,Recovered
T06335,A06335,Sinus Surgery,Yes,Recovered
T06336,A06336,MRI Brain,No,Referred
T06337,A06337,Physiotherapy,No,Recovered
T06338,A06338,Angioplasty,Yes,Referred
T06339,A06339,CPR,No,Recovered
T06340,A06340,IV Fluids,No,Recovered
T06341,A06341,Nebulization,No,Improved
T06342,A06342,Sinus Surgery,Yes,Improved
T06343,A06343,CPR,No,Recovered
T06344,A06344,ECG,No,Recovered
T06345,A06345,MRI Brain,No,Recovered
T06346,A06346,Vaccination,No,Recovered
T06347,A06347,Wound Suturing,Yes,Recovered
T06348,A06348,Cryotherapy,No,Recovered
T06349,A06349,MRI Brain,No,Improved
T06350,A06350,Trauma Care,No,Recovered
T06351,A06351,ECG,No,Recovered
T06352,A06352,Nebulization,No,Recovered
T06353,A06353,Vaccination,No,Recovered
T06354,A06354,Cryotherapy,No,Improved
T06355,A06355,Endoscopy,No,Improved
T06356,A06356,Immunotherapy,No,Improved
T06357,A06357,Insulin Therapy,No,Improved
T06358,A06358,Wound Suturing,Yes,Recovered
T06359,A06359,Antibiotic Therapy,No,Recovered
T06360,A06360,Vaccination,No,Recovered
T06361,A06361,CPR,No,Recovered
T06362,A06362,Wound Suturing,Yes,Improved
T06363,A06363,Knee Replacement,Yes,Recovered
T06364,A06364,EEG,No,Improved
T06365,A06365,Critical Monitoring,No,Recovered
T06366,A06366,Critical Monitoring,No,Recovered
T06367,A06367,Nebulization,No,Improved
T06368,A06368,Endoscopy,No,Recovered
T06369,A06369,Physiotherapy,No,Deceased
T06370,A06370,Fracture Fixation,Yes,Referred
T06371,A06371,Radiation Therapy,No,Recovered
T06372,A06372,Dialysis,No,Recovered
T06373,A06373,Ear Surgery,Yes,Recovered
T06374,A06374,EEG,No,Recovered
T06375,A06375,Trauma Care,No,Recovered
T06376,A06376,Trauma Care,No,Recovered
T06377,A06377,Sinus Surgery,Yes,Recovered
T06378,A06378,Physiotherapy,No,Improved
T06379,A06379,IV Fluids,No,Recovered
T06380,A06380,Antibiotic Therapy,No,Recovered
T06381,A06381,Fracture Fixation,Yes,Recovered
T06382,A06382,Knee Replacement,Yes,Deceased
T06383,A06383,Bypass Surgery,Yes,Referred
T06384,A06384,Antibiotic Therapy,No,Recovered
T06385,A06385,Wound Suturing,Yes,Recovered
T06386,A06386,Wound Suturing,Yes,Recovered
T06387,A06387,Vaccination,No,Recovered
T06388,A06388,Bypass Surgery,Yes,Recovered
T06389,A06389,Antibiotic Therapy,No,Referred
T06390,A06390,Nebulization,No,Recovered
T06391,A06391,Laser Therapy,No,Recovered
T06392,A06392,Insulin Therapy,No,Referred
T06393,A06393,Physiotherapy,No,Improved
T06394,A06394,Ventilator Support,No,Recovered
T06395,A06395,Cryotherapy,No,Improved
T06396,A06396,Ear Surgery,Yes,Recovered
T06397,A06397,Skin Biopsy,No,Recovered
T06398,A06398,Trauma Care,No,Deceased
T06399,A06399,Vaccination,No,Recovered
T06400,A06400,Chemotherapy,No,Recovered
T06401,A06401,Skin Biopsy,No,Recovered
T06402,A06402,Knee Replacement,Yes,Recovered
T06403,A06403,Physiotherapy,No,Recovered
T06404,A06404,Insulin Therapy,No,Recovered
T06405,A06405,Endoscopy,No,Recovered
T06406,A06406,MRI Brain,No,Recovered
T06407,A06407,Fracture Fixation,Yes,Referred
T06408,A06408,IV Fluids,No,Recovered
T06409,A06409,Sinus Surgery,Yes,Recovered
T06410,A06410,Laser Therapy,No,Recovered
T06411,A06411,Nebulization,No,Referred
T06412,A06412,CPR,No,Recovered
T06413,A06413,Critical Monitoring,No,Recovered
T06414,A06414,CPR,No,Recovered
T06415,A06415,EEG,No,Recovered
T06416,A06416,Ear Surgery,Yes,Recovered
T06417,A06417,MRI Brain,No,Recovered
T06418,A06418,Antibiotic Therapy,No,Recovered
T06419,A06419,Dialysis,No,Recovered
T06420,A06420,Critical Monitoring,No,Recovered
T06421,A06421,Immunotherapy,No,Improved
T06422,A06422,EEG,No,Referred
T06423,A06423,ECG,No,Recovered
T06424,A06424,Chemotherapy,No,Deceased
T06425,A06425,Skin Biopsy,No,Referred
T06426,A06426,Antibiotic Therapy,No,Recovered
T06427,A06427,ECG,No,Recovered
T06428,A06428,Skin Biopsy,No,Recovered
T06429,A06429,ECG,No,Recovered
T06430,A06430,Nebulization,No,Recovered
T06431,A06431,Radiation Therapy,No,Recovered
T06432,A06432,EEG,No,Improved
T06433,A06433,Insulin Therapy,No,Recovered
T06434,A06434,Laser Therapy,No,Improved
T06435,A06435,Bypass Surgery,Yes,Recovered
T06436,A06436,Wound Suturing,Yes,Improved
T06437,A06437,Stroke Therapy,No,Recovered
T06438,A06438,EEG,No,Improved
T06439,A06439,Chemotherapy,No,Referred
T06440,A06440,IV Fluids,No,Improved
T06441,A06441,Wound Suturing,Yes,Recovered
T06442,A06442,Angioplasty,Yes,Recovered
T06443,A06443,Knee Replacement,Yes,Recovered
T06444,A06444,CPR,No,Improved
T06445,A06445,Bypass Surgery,Yes,Recovered
T06446,A06446,Ventilator Support,No,Improved
T06447,A06447,Dialysis,No,Improved
T06448,A06448,Sinus Surgery,Yes,Improved
T06449,A06449,ECG,No,Recovered
T06450,A06450,MRI Brain,No,Recovered
T06451,A06451,Trauma Care,No,Referred
T06452,A06452,Chemotherapy,No,Recovered
T06453,A06453,Knee Replacement,Yes,Recovered
T06454,A06454,Skin Biopsy,No,Recovered
T06455,A06455,Laser Therapy,No,Recovered
T06456,A06456,Laser Therapy,No,Referred
T06457,A06457,EEG,No,Referred
T06458,A06458,EEG,No,Recovered
T06459,A06459,Antibiotic Therapy,No,Recovered
T06460,A06460,Dialysis,No,Recovered
T06461,A06461,Cryotherapy,No,Improved
T06462,A06462,Dialysis,No,Recovered
T06463,A06463,Immunotherapy,No,Improved
T06464,A06464,Endoscopy,No,Referred
T06465,A06465,Antibiotic Therapy,No,Recovered
T06466,A06466,Knee Replacement,Yes,Recovered
T06467,A06467,Cryotherapy,No,Improved
T06468,A06468,Antibiotic Therapy,No,Improved
T06469,A06469,Fracture Fixation,Yes,Recovered
T06470,A06470,Critical Monitoring,No,Improved
T06471,A06471,Trauma Care,No,Improved
T06472,A06472,ECG,No,Improved
T06473,A06473,Vaccination,No,Recovered
T06474,A06474,Vaccination,No,Recovered
T06475,A06475,Critical Monitoring,No,Improved
T06476,A06476,Stroke Therapy,No,Recovered
T06477,A06477,Physiotherapy,No,Recovered
T06478,A06478,MRI Brain,No,Recovered
T06479,A06479,Immunotherapy,No,Recovered
T06480,A06480,EEG,No,Improved
T06481,A06481,Wound Suturing,Yes,Improved
T06482,A06482,Skin Biopsy,No,Referred
T06483,A06483,Physiotherapy,No,Improved
T06484,A06484,Laser Therapy,No,Recovered
T06485,A06485,Critical Monitoring,No,Recovered
T06486,A06486,CPR,No,Recovered
T06487,A06487,Skin Biopsy,No,Recovered
T06488,A06488,Endoscopy,No,Recovered
T06489,A06489,Angioplasty,Yes,Recovered
T06490,A06490,Radiation Therapy,No,Recovered
T06491,A06491,Bypass Surgery,Yes,Recovered
T06492,A06492,Bypass Surgery,Yes,Recovered
T06493,A06493,Cryotherapy,No,Improved
T06494,A06494,Insulin Therapy,No,Recovered
T06495,A06495,Critical Monitoring,No,Recovered
T06496,A06496,Dialysis,No,Recovered
T06497,A06497,Physiotherapy,No,Recovered
T06498,A06498,Wound Suturing,Yes,Recovered
T06499,A06499,ECG,No,Recovered
T06500,A06500,Fracture Fixation,Yes,Recovered
T06501,A06501,Physiotherapy,No,Recovered
T06502,A06502,Trauma Care,No,Improved
T06503,A06503,Ear Surgery,Yes,Recovered
T06504,A06504,Sinus Surgery,Yes,Recovered
T06505,A06505,IV Fluids,No,Referred
T06506,A06506,Sinus Surgery,Yes,Improved
T06507,A06507,Endoscopy,No,Referred
T06508,A06508,Trauma Care,No,Improved
T06509,A06509,Endoscopy,No,Recovered
T06510,A06510,MRI Brain,No,Recovered
T06511,A06511,Radiation Therapy,No,Recovered
T06512,A06512,Skin Biopsy,No,Recovered
T06513,A06513,Stroke Therapy,No,Recovered
T06514,A06514,Skin Biopsy,No,Recovered
T06515,A06515,Fracture Fixation,Yes,Recovered
T06516,A06516,Wound Suturing,Yes,Recovered
T06517,A06517,Radiation Therapy,No,Recovered
T06518,A06518,Stroke Therapy,No,Recovered
T06519,A06519,Dialysis,No,Recovered
T06520,A06520,EEG,No,Recovered
T06521,A06521,CPR,No,Recovered
T06522,A06522,Trauma Care,No,Recovered
T06523,A06523,CPR,No,Recovered
T06524,A06524,Bypass Surgery,Yes,Recovered
T06525,A06525,IV Fluids,No,Recovered
T06526,A06526,EEG,No,Improved
T06527,A06527,Nebulization,No,Recovered
T06528,A06528,IV Fluids,No,Referred
T06529,A06529,Physiotherapy,No,Improved
T06530,A06530,IV Fluids,No,Recovered
T06531,A06531,MRI Brain,No,Recovered
T06532,A06532,Nebulization,No,Recovered
T06533,A06533,Fracture Fixation,Yes,Recovered
T06534,A06534,Endoscopy,No,Recovered
T06535,A06535,Ear Surgery,Yes,Recovered
T06536,A06536,Laser Therapy,No,Recovered
T06537,A06537,Knee Replacement,Yes,Recovered
T06538,A06538,Chemotherapy,No,Recovered
T06539,A06539,Chemotherapy,No,Recovered
T06540,A06540,Trauma Care,No,Recovered
T06541,A06541,Sinus Surgery,Yes,Recovered
T06542,A06542,Immunotherapy,No,Referred
T06543,A06543,Vaccination,No,Referred
T06544,A06544,Laser Therapy,No,Recovered
T06545,A06545,Antibiotic Therapy,No,Recovered
T06546,A06546,Insulin Therapy,No,Recovered
T06547,A06547,CPR,No,Recovered
T06548,A06548,Immunotherapy,No,Recovered
T06549,A06549,Physiotherapy,No,Recovered
T06550,A06550,Trauma Care,No,Recovered
T06551,A06551,Angioplasty,Yes,Recovered
T06552,A06552,IV Fluids,No,Recovered
T06553,A06553,Angioplasty,Yes,Recovered
T06554,A06554,Vaccination,No,Improved
T06555,A06555,IV Fluids,No,Recovered
T06556,A06556,Dialysis,No,Improved
T06557,A06557,Cryotherapy,No,Recovered
T06558,A06558,Skin Biopsy,No,Recovered
T06559,A06559,Trauma Care,No,Referred
T06560,A06560,Cryotherapy,No,Referred
T06561,A06561,Physiotherapy,No,Recovered
T06562,A06562,Endoscopy,No,Improved
T06563,A06563,Insulin Therapy,No,Recovered
T06564,A06564,Insulin Therapy,No,Deceased
T06565,A06565,Radiation Therapy,No,Improved
T06566,A06566,ECG,No,Improved
T06567,A06567,Dialysis,No,Recovered
T06568,A06568,Wound Suturing,Yes,Recovered
T06569,A06569,Fracture Fixation,Yes,Recovered
T06570,A06570,Ventilator Support,No,Recovered
T06571,A06571,Skin Biopsy,No,Recovered
T06572,A06572,Insulin Therapy,No,Recovered
T06573,A06573,IV Fluids,No,Recovered
T06574,A06574,Physiotherapy,No,Recovered
T06575,A06575,Stroke Therapy,No,Recovered
T06576,A06576,Ear Surgery,Yes,Recovered
T06577,A06577,Stroke Therapy,No,Recovered
T06578,A06578,Knee Replacement,Yes,Recovered
T06579,A06579,Dialysis,No,Recovered
T06580,A06580,Nebulization,No,Improved
T06581,A06581,ECG,No,Recovered
T06582,A06582,Dialysis,No,Improved
T06583,A06583,Insulin Therapy,No,Recovered
T06584,A06584,Wound Suturing,Yes,Improved
T06585,A06585,EEG,No,Improved
T06586,A06586,IV Fluids,No,Recovered
T06587,A06587,Endoscopy,No,Recovered
T06588,A06588,Nebulization,No,Recovered
T06589,A06589,Physiotherapy,No,Recovered
T06590,A06590,CPR,No,Recovered
T06591,A06591,Trauma Care,No,Recovered
T06592,A06592,Angioplasty,Yes,Recovered
T06593,A06593,Insulin Therapy,No,Recovered
T06594,A06594,Dialysis,No,Referred
T06595,A06595,EEG,No,Recovered
T06596,A06596,Nebulization,No,Recovered
T06597,A06597,MRI Brain,No,Recovered
T06598,A06598,Vaccination,No,Recovered
T06599,A06599,Physiotherapy,No,Recovered
T06600,A06600,Ear Surgery,Yes,Recovered
T06601,A06601,Dialysis,No,Recovered
T06602,A06602,Radiation Therapy,No,Recovered
T06603,A06603,Knee Replacement,Yes,Recovered
T06604,A06604,Angioplasty,Yes,Recovered
T06605,A06605,Trauma Care,No,Recovered
T06606,A06606,MRI Brain,No,Recovered
T06607,A06607,Immunotherapy,No,Recovered
T06608,A06608,Wound Suturing,Yes,Improved
T06609,A06609,Trauma Care,No,Recovered
T06610,A06610,Ventilator Support,No,Recovered
T06611,A06611,Radiation Therapy,No,Recovered
T06612,A06612,Trauma Care,No,Recovered
T06613,A06613,Bypass Surgery,Yes,Recovered
T06614,A06614,Ear Surgery,Yes,Recovered
T06615,A06615,Stroke Therapy,No,Improved
T06616,A06616,Skin Biopsy,No,Recovered
T06617,A06617,Wound Suturing,Yes,Recovered
T06618,A06618,IV Fluids,No,Improved
T06619,A06619,Immunotherapy,No,Deceased
T06620,A06620,MRI Brain,No,Improved
T06621,A06621,IV Fluids,No,Recovered
T06622,A06622,Knee Replacement,Yes,Improved
T06623,A06623,Ear Surgery,Yes,Recovered
T06624,A06624,IV Fluids,No,Referred
T06625,A06625,Immunotherapy,No,Recovered
T06626,A06626,ECG,No,Recovered
T06627,A06627,IV Fluids,No,Improved
T06628,A06628,Wound Suturing,Yes,Recovered
T06629,A06629,Angioplasty,Yes,Recovered
T06630,A06630,Chemotherapy,No,Improved
T06631,A06631,Dialysis,No,Recovered
T06632,A06632,Cryotherapy,No,Recovered
T06633,A06633,Sinus Surgery,Yes,Recovered
T06634,A06634,EEG,No,Recovered
T06635,A06635,Fracture Fixation,Yes,Recovered
T06636,A06636,Fracture Fixation,Yes,Recovered
T06637,A06637,Radiation Therapy,No,Recovered
T06638,A06638,Stroke Therapy,No,Recovered
T06639,A06639,Ear Surgery,Yes,Recovered
T06640,A06640,Wound Suturing,Yes,Improved
T06641,A06641,EEG,No,Improved
T06642,A06642,Trauma Care,No,Recovered
T06643,A06643,EEG,No,Recovered
T06644,A06644,Endoscopy,No,Recovered
T06645,A06645,Wound Suturing,Yes,Recovered
T06646,A06646,IV Fluids,No,Recovered
T06647,A06647,Laser Therapy,No,Recovered
T06648,A06648,Ear Surgery,Yes,Referred
T06649,A06649,Endoscopy,No,Improved
T06650,A06650,Immunotherapy,No,Recovered
T06651,A06651,Vaccination,No,Recovered
T06652,A06652,Insulin Therapy,No,Recovered
T06653,A06653,Critical Monitoring,No,Recovered
T06654,A06654,Ventilator Support,No,Recovered
T06655,A06655,IV Fluids,No,Recovered
T06656,A06656,Immunotherapy,No,Improved
T06657,A06657,Angioplasty,Yes,Recovered
T06658,A06658,Fracture Fixation,Yes,Referred
T06659,A06659,Sinus Surgery,Yes,Improved
T06660,A06660,EEG,No,Improved
T06661,A06661,Knee Replacement,Yes,Referred
T06662,A06662,Vaccination,No,Recovered
T06663,A06663,Sinus Surgery,Yes,Recovered
T06664,A06664,Immunotherapy,No,Improved
T06665,A06665,Skin Biopsy,No,Recovered
T06666,A06666,ECG,No,Recovered
T06667,A06667,Sinus Surgery,Yes,Recovered
T06668,A06668,Angioplasty,Yes,Recovered
T06669,A06669,EEG,No,Improved
T06670,A06670,Stroke Therapy,No,Recovered
T06671,A06671,Trauma Care,No,Recovered
T06672,A06672,Skin Biopsy,No,Recovered
T06673,A06673,Dialysis,No,Recovered
T06674,A06674,Ventilator Support,No,Recovered
T06675,A06675,Wound Suturing,Yes,Recovered
T06676,A06676,Nebulization,No,Recovered
T06677,A06677,Antibiotic Therapy,No,Improved
T06678,A06678,Immunotherapy,No,Recovered
T06679,A06679,Insulin Therapy,No,Recovered
T06680,A06680,Cryotherapy,No,Recovered
T06681,A06681,Chemotherapy,No,Recovered
T06682,A06682,CPR,No,Improved
T06683,A06683,Angioplasty,Yes,Recovered
T06684,A06684,Immunotherapy,No,Recovered
T06685,A06685,CPR,No,Recovered
T06686,A06686,CPR,No,Recovered
T06687,A06687,IV Fluids,No,Recovered
T06688,A06688,Stroke Therapy,No,Recovered
T06689,A06689,Critical Monitoring,No,Recovered
T06690,A06690,Physiotherapy,No,Recovered
T06691,A06691,Physiotherapy,No,Recovered
T06692,A06692,Radiation Therapy,No,Recovered
T06693,A06693,Bypass Surgery,Yes,Referred
T06694,A06694,Critical Monitoring,No,Recovered
T06695,A06695,Radiation Therapy,No,Recovered
T06696,A06696,CPR,No,Deceased
T06697,A06697,IV Fluids,No,Recovered
T06698,A06698,Nebulization,No,Recovered
T06699,A06699,Knee Replacement,Yes,Recovered
T06700,A06700,Physiotherapy,No,Recovered
T06701,A06701,Bypass Surgery,Yes,Recovered
T06702,A06702,Angioplasty,Yes,Recovered
T06703,A06703,Skin Biopsy,No,Improved
T06704,A06704,IV Fluids,No,Recovered
T06705,A06705,Wound Suturing,Yes,Deceased
T06706,A06706,Radiation Therapy,No,Referred
T06707,A06707,Insulin Therapy,No,Recovered
T06708,A06708,Trauma Care,No,Recovered
T06709,A06709,Chemotherapy,No,Recovered
T06710,A06710,Vaccination,No,Recovered
T06711,A06711,Vaccination,No,Improved
T06712,A06712,IV Fluids,No,Deceased
T06713,A06713,Immunotherapy,No,Recovered
T06714,A06714,Fracture Fixation,Yes,Recovered
T06715,A06715,Immunotherapy,No,Recovered
T06716,A06716,Stroke Therapy,No,Recovered
T06717,A06717,EEG,No,Improved
T06718,A06718,Bypass Surgery,Yes,Improved
T06719,A06719,Radiation Therapy,No,Recovered
T06720,A06720,Physiotherapy,No,Recovered
T06721,A06721,Sinus Surgery,Yes,Recovered
T06722,A06722,IV Fluids,No,Recovered
T06723,A06723,Wound Suturing,Yes,Recovered
T06724,A06724,Trauma Care,No,Recovered
T06725,A06725,Ventilator Support,No,Recovered
T06726,A06726,Radiation Therapy,No,Improved
T06727,A06727,Bypass Surgery,Yes,Recovered
T06728,A06728,Chemotherapy,No,Recovered
T06729,A06729,Critical Monitoring,No,Recovered
T06730,A06730,Laser Therapy,No,Recovered
T06731,A06731,Bypass Surgery,Yes,Recovered
T06732,A06732,MRI Brain,No,Recovered
T06733,A06733,Endoscopy,No,Recovered
T06734,A06734,Ear Surgery,Yes,Recovered
T06735,A06735,Endoscopy,No,Recovered
T06736,A06736,Ventilator Support,No,Recovered
T06737,A06737,Insulin Therapy,No,Recovered
T06738,A06738,IV Fluids,No,Recovered
T06739,A06739,Trauma Care,No,Referred
T06740,A06740,Chemotherapy,No,Improved
T06741,A06741,Bypass Surgery,Yes,Recovered
T06742,A06742,Physiotherapy,No,Improved
T06743,A06743,Fracture Fixation,Yes,Recovered
T06744,A06744,Endoscopy,No,Improved
T06745,A06745,MRI Brain,No,Recovered
T06746,A06746,CPR,No,Referred
T06747,A06747,Angioplasty,Yes,Recovered
T06748,A06748,Chemotherapy,No,Improved
T06749,A06749,Skin Biopsy,No,Recovered
T06750,A06750,Laser Therapy,No,Recovered
T06751,A06751,Bypass Surgery,Yes,Recovered
T06752,A06752,Ventilator Support,No,Improved
T06753,A06753,Angioplasty,Yes,Recovered
T06754,A06754,MRI Brain,No,Improved
T06755,A06755,Knee Replacement,Yes,Improved
T06756,A06756,ECG,No,Recovered
T06757,A06757,Antibiotic Therapy,No,Referred
T06758,A06758,Vaccination,No,Improved
T06759,A06759,Immunotherapy,No,Recovered
T06760,A06760,Cryotherapy,No,Deceased
T06761,A06761,Laser Therapy,No,Recovered
T06762,A06762,Sinus Surgery,Yes,Referred
T06763,A06763,CPR,No,Recovered
T06764,A06764,CPR,No,Improved
T06765,A06765,CPR,No,Deceased
T06766,A06766,Cryotherapy,No,Recovered
T06767,A06767,Sinus Surgery,Yes,Improved
T06768,A06768,Skin Biopsy,No,Recovered
T06769,A06769,Sinus Surgery,Yes,Improved
T06770,A06770,Antibiotic Therapy,No,Improved
T06771,A06771,Nebulization,No,Recovered
T06772,A06772,Physiotherapy,No,Recovered
T06773,A06773,Radiation Therapy,No,Recovered
T06774,A06774,Ventilator Support,No,Recovered
T06775,A06775,Laser Therapy,No,Improved
T06776,A06776,EEG,No,Improved
T06777,A06777,ECG,No,Improved
T06778,A06778,Nebulization,No,Recovered
T06779,A06779,Dialysis,No,Recovered
T06780,A06780,Ear Surgery,Yes,Improved
T06781,A06781,Insulin Therapy,No,Recovered
T06782,A06782,Wound Suturing,Yes,Recovered
T06783,A06783,Ventilator Support,No,Recovered
T06784,A06784,Physiotherapy,No,Recovered
T06785,A06785,Trauma Care,No,Improved
T06786,A06786,Angioplasty,Yes,Recovered
T06787,A06787,Angioplasty,Yes,Recovered
T06788,A06788,Wound Suturing,Yes,Recovered
T06789,A06789,Bypass Surgery,Yes,Recovered
T06790,A06790,ECG,No,Improved
T06791,A06791,Insulin Therapy,No,Recovered
T06792,A06792,Ventilator Support,No,Recovered
T06793,A06793,Dialysis,No,Recovered
T06794,A06794,Cryotherapy,No,Recovered
T06795,A06795,Antibiotic Therapy,No,Recovered
T06796,A06796,Antibiotic Therapy,No,Recovered
T06797,A06797,IV Fluids,No,Recovered
T06798,A06798,Angioplasty,Yes,Recovered
T06799,A06799,Critical Monitoring,No,Recovered
T06800,A06800,Critical Monitoring,No,Recovered
T06801,A06801,Wound Suturing,Yes,Recovered
T06802,A06802,Insulin Therapy,No,Recovered
T06803,A06803,Insulin Therapy,No,Recovered
T06804,A06804,Insulin Therapy,No,Recovered
T06805,A06805,Nebulization,No,Recovered
T06806,A06806,Critical Monitoring,No,Improved
T06807,A06807,Physiotherapy,No,Recovered
T06808,A06808,Endoscopy,No,Referred
T06809,A06809,Knee Replacement,Yes,Recovered
T06810,A06810,Immunotherapy,No,Improved
T06811,A06811,IV Fluids,No,Recovered
T06812,A06812,Nebulization,No,Improved
T06813,A06813,Knee Replacement,Yes,Recovered
T06814,A06814,CPR,No,Recovered
T06815,A06815,Stroke Therapy,No,Improved
T06816,A06816,Chemotherapy,No,Recovered
T06817,A06817,Chemotherapy,No,Recovered
T06818,A06818,Radiation Therapy,No,Recovered
T06819,A06819,Vaccination,No,Recovered
T06820,A06820,Cryotherapy,No,Improved
T06821,A06821,Cryotherapy,No,Recovered
T06822,A06822,Nebulization,No,Recovered
T06823,A06823,IV Fluids,No,Referred
T06824,A06824,Physiotherapy,No,Improved
T06825,A06825,Critical Monitoring,No,Improved
T06826,A06826,Physiotherapy,No,Recovered
T06827,A06827,Critical Monitoring,No,Recovered
T06828,A06828,EEG,No,Recovered
T06829,A06829,Sinus Surgery,Yes,Recovered
T06830,A06830,Radiation Therapy,No,Recovered
T06831,A06831,Critical Monitoring,No,Improved
T06832,A06832,IV Fluids,No,Improved
T06833,A06833,Fracture Fixation,Yes,Recovered
T06834,A06834,Bypass Surgery,Yes,Recovered
T06835,A06835,IV Fluids,No,Improved
T06836,A06836,Insulin Therapy,No,Recovered
T06837,A06837,IV Fluids,No,Improved
T06838,A06838,Fracture Fixation,Yes,Recovered
T06839,A06839,Radiation Therapy,No,Recovered
T06840,A06840,Physiotherapy,No,Recovered
T06841,A06841,Sinus Surgery,Yes,Recovered
T06842,A06842,Insulin Therapy,No,Improved
T06843,A06843,Skin Biopsy,No,Referred
T06844,A06844,Chemotherapy,No,Recovered
T06845,A06845,Chemotherapy,No,Recovered
T06846,A06846,Ear Surgery,Yes,Recovered
T06847,A06847,Physiotherapy,No,Recovered
T06848,A06848,Chemotherapy,No,Recovered
T06849,A06849,ECG,No,Recovered
T06850,A06850,Critical Monitoring,No,Recovered
T06851,A06851,Nebulization,No,Recovered
T06852,A06852,Trauma Care,No,Recovered
T06853,A06853,Fracture Fixation,Yes,Recovered
T06854,A06854,ECG,No,Recovered
T06855,A06855,Sinus Surgery,Yes,Recovered
T06856,A06856,IV Fluids,No,Recovered
T06857,A06857,Chemotherapy,No,Improved
T06858,A06858,Sinus Surgery,Yes,Improved
T06859,A06859,Insulin Therapy,No,Recovered
T06860,A06860,EEG,No,Recovered
T06861,A06861,Dialysis,No,Deceased
T06862,A06862,Knee Replacement,Yes,Improved
T06863,A06863,Antibiotic Therapy,No,Recovered
T06864,A06864,Physiotherapy,No,Recovered
T06865,A06865,IV Fluids,No,Recovered
T06866,A06866,Nebulization,No,Referred
T06867,A06867,Dialysis,No,Recovered
T06868,A06868,IV Fluids,No,Recovered
T06869,A06869,Stroke Therapy,No,Recovered
T06870,A06870,Antibiotic Therapy,No,Recovered
T06871,A06871,Wound Suturing,Yes,Recovered
T06872,A06872,Skin Biopsy,No,Recovered
T06873,A06873,Radiation Therapy,No,Improved
T06874,A06874,Bypass Surgery,Yes,Recovered
T06875,A06875,Vaccination,No,Recovered
T06876,A06876,Laser Therapy,No,Recovered
T06877,A06877,Insulin Therapy,No,Referred
T06878,A06878,Sinus Surgery,Yes,Recovered
T06879,A06879,Critical Monitoring,No,Recovered
T06880,A06880,Trauma Care,No,Recovered
T06881,A06881,Chemotherapy,No,Improved
T06882,A06882,Ventilator Support,No,Recovered
T06883,A06883,Sinus Surgery,Yes,Recovered
T06884,A06884,EEG,No,Recovered
T06885,A06885,Immunotherapy,No,Recovered
T06886,A06886,EEG,No,Recovered
T06887,A06887,Antibiotic Therapy,No,Recovered
T06888,A06888,ECG,No,Recovered
T06889,A06889,Wound Suturing,Yes,Improved
T06890,A06890,Insulin Therapy,No,Recovered
T06891,A06891,Ventilator Support,No,Recovered
T06892,A06892,Critical Monitoring,No,Deceased
T06893,A06893,Immunotherapy,No,Recovered
T06894,A06894,IV Fluids,No,Improved
T06895,A06895,Wound Suturing,Yes,Recovered
T06896,A06896,Nebulization,No,Recovered
T06897,A06897,Knee Replacement,Yes,Recovered
T06898,A06898,Dialysis,No,Recovered
T06899,A06899,Wound Suturing,Yes,Improved
T06900,A06900,Sinus Surgery,Yes,Recovered
T06901,A06901,Knee Replacement,Yes,Recovered
T06902,A06902,Nebulization,No,Recovered
T06903,A06903,Nebulization,No,Recovered
T06904,A06904,Angioplasty,Yes,Recovered
T06905,A06905,MRI Brain,No,Deceased
T06906,A06906,Dialysis,No,Recovered
T06907,A06907,Endoscopy,No,Recovered
T06908,A06908,Physiotherapy,No,Improved
T06909,A06909,Nebulization,No,Improved
T06910,A06910,ECG,No,Recovered
T06911,A06911,Radiation Therapy,No,Recovered
T06912,A06912,Cryotherapy,No,Improved
T06913,A06913,Chemotherapy,No,Recovered
T06914,A06914,Dialysis,No,Improved
T06915,A06915,Chemotherapy,No,Recovered
T06916,A06916,MRI Brain,No,Recovered
T06917,A06917,Sinus Surgery,Yes,Referred
T06918,A06918,Immunotherapy,No,Recovered
T06919,A06919,Insulin Therapy,No,Improved
T06920,A06920,Stroke Therapy,No,Recovered
T06921,A06921,Endoscopy,No,Recovered
T06922,A06922,Nebulization,No,Deceased
T06923,A06923,Cryotherapy,No,Recovered
T06924,A06924,Trauma Care,No,Recovered
T06925,A06925,Nebulization,No,Recovered
T06926,A06926,Dialysis,No,Recovered
T06927,A06927,Stroke Therapy,No,Recovered
T06928,A06928,Ear Surgery,Yes,Improved
T06929,A06929,Trauma Care,No,Recovered
T06930,A06930,Bypass Surgery,Yes,Recovered
T06931,A06931,Trauma Care,No,Improved
T06932,A06932,Critical Monitoring,No,Recovered
T06933,A06933,Chemotherapy,No,Recovered
T06934,A06934,Dialysis,No,Recovered
T06935,A06935,Physiotherapy,No,Recovered
T06936,A06936,EEG,No,Recovered
T06937,A06937,Bypass Surgery,Yes,Improved
T06938,A06938,Endoscopy,No,Recovered
T06939,A06939,Vaccination,No,Improved
T06940,A06940,CPR,No,Improved
T06941,A06941,Radiation Therapy,No,Referred
T06942,A06942,Laser Therapy,No,Referred
T06943,A06943,Nebulization,No,Improved
T06944,A06944,Fracture Fixation,Yes,Recovered
T06945,A06945,Dialysis,No,Recovered
T06946,A06946,Dialysis,No,Recovered
T06947,A06947,Physiotherapy,No,Deceased
T06948,A06948,Nebulization,No,Recovered
T06949,A06949,CPR,No,Referred
T06950,A06950,ECG,No,Recovered
T06951,A06951,Knee Replacement,Yes,Recovered
T06952,A06952,Knee Replacement,Yes,Improved
T06953,A06953,Antibiotic Therapy,No,Recovered
T06954,A06954,EEG,No,Recovered
T06955,A06955,EEG,No,Recovered
T06956,A06956,Chemotherapy,No,Referred
T06957,A06957,Knee Replacement,Yes,Improved
T06958,A06958,Sinus Surgery,Yes,Recovered
T06959,A06959,Stroke Therapy,No,Recovered
T06960,A06960,IV Fluids,No,Recovered
T06961,A06961,Ear Surgery,Yes,Deceased
T06962,A06962,Ventilator Support,No,Recovered
T06963,A06963,Endoscopy,No,Improved
T06964,A06964,Chemotherapy,No,Recovered
T06965,A06965,Stroke Therapy,No,Recovered
T06966,A06966,Ear Surgery,Yes,Improved
T06967,A06967,Endoscopy,No,Recovered
T06968,A06968,Knee Replacement,Yes,Recovered
T06969,A06969,Bypass Surgery,Yes,Recovered
T06970,A06970,Knee Replacement,Yes,Recovered
T06971,A06971,Immunotherapy,No,Recovered
T06972,A06972,IV Fluids,No,Recovered
T06973,A06973,Bypass Surgery,Yes,Improved
T06974,A06974,Radiation Therapy,No,Improved
T06975,A06975,Dialysis,No,Recovered
T06976,A06976,ECG,No,Recovered
T06977,A06977,Angioplasty,Yes,Recovered
T06978,A06978,Insulin Therapy,No,Recovered
T06979,A06979,Ear Surgery,Yes,Recovered
T06980,A06980,Insulin Therapy,No,Recovered
T06981,A06981,Laser Therapy,No,Recovered
T06982,A06982,IV Fluids,No,Recovered
T06983,A06983,Bypass Surgery,Yes,Referred
T06984,A06984,IV Fluids,No,Improved
T06985,A06985,Skin Biopsy,No,Recovered
T06986,A06986,Ventilator Support,No,Recovered
T06987,A06987,Fracture Fixation,Yes,Recovered
T06988,A06988,Immunotherapy,No,Recovered
T06989,A06989,Fracture Fixation,Yes,Improved
T06990,A06990,Immunotherapy,No,Recovered
T06991,A06991,Ear Surgery,Yes,Recovered
T06992,A06992,IV Fluids,No,Referred
T06993,A06993,Critical Monitoring,No,Recovered
T06994,A06994,Knee Replacement,Yes,Recovered
T06995,A06995,Laser Therapy,No,Recovered
T06996,A06996,Insulin Therapy,No,Improved
T06997,A06997,ECG,No,Recovered
T06998,A06998,Dialysis,No,Recovered
T06999,A06999,Wound Suturing,Yes,Recovered
T07000,A07000,Antibiotic Therapy,No,Improved
T07001,A07001,Trauma Care,No,Recovered
T07002,A07002,Dialysis,No,Recovered
T07003,A07003,Skin Biopsy,No,Recovered
T07004,A07004,Laser Therapy,No,Recovered
T07005,A07005,Skin Biopsy,No,Recovered
T07006,A07006,MRI Brain,No,Recovered
T07007,A07007,Physiotherapy,No,Improved
T07008,A07008,Insulin Therapy,No,Recovered
T07009,A07009,Ventilator Support,No,Recovered
T07010,A07010,Sinus Surgery,Yes,Improved
T07011,A07011,Laser Therapy,No,Improved
T07012,A07012,Nebulization,No,Recovered
T07013,A07013,MRI Brain,No,Deceased
T07014,A07014,EEG,No,Recovered
T07015,A07015,Knee Replacement,Yes,Recovered
T07016,A07016,Nebulization,No,Recovered
T07017,A07017,Stroke Therapy,No,Improved
T07018,A07018,Stroke Therapy,No,Referred
T07019,A07019,Fracture Fixation,Yes,Recovered
T07020,A07020,IV Fluids,No,Improved
T07021,A07021,Wound Suturing,Yes,Referred
T07022,A07022,EEG,No,Recovered
T07023,A07023,Cryotherapy,No,Recovered
T07024,A07024,Immunotherapy,No,Improved
T07025,A07025,IV Fluids,No,Recovered
T07026,A07026,Dialysis,No,Improved
T07027,A07027,IV Fluids,No,Recovered
T07028,A07028,Vaccination,No,Recovered
T07029,A07029,Skin Biopsy,No,Recovered
T07030,A07030,Chemotherapy,No,Recovered
T07031,A07031,Nebulization,No,Improved
T07032,A07032,ECG,No,Recovered
T07033,A07033,Chemotherapy,No,Improved
T07034,A07034,Antibiotic Therapy,No,Recovered
T07035,A07035,Critical Monitoring,No,Recovered
T07036,A07036,Skin Biopsy,No,Recovered
T07037,A07037,Vaccination,No,Referred
T07038,A07038,Trauma Care,No,Improved
T07039,A07039,Endoscopy,No,Recovered
T07040,A07040,Chemotherapy,No,Improved
T07041,A07041,MRI Brain,No,Recovered
T07042,A07042,Knee Replacement,Yes,Recovered
T07043,A07043,Sinus Surgery,Yes,Referred
T07044,A07044,Stroke Therapy,No,Recovered
T07045,A07045,ECG,No,Improved
T07046,A07046,Angioplasty,Yes,Recovered
T07047,A07047,Wound Suturing,Yes,Recovered
T07048,A07048,Vaccination,No,Referred
T07049,A07049,Vaccination,No,Recovered
T07050,A07050,Immunotherapy,No,Improved
T07051,A07051,Skin Biopsy,No,Recovered
T07052,A07052,Trauma Care,No,Recovered
T07053,A07053,MRI Brain,No,Recovered
T07054,A07054,MRI Brain,No,Recovered
T07055,A07055,Dialysis,No,Recovered
T07056,A07056,Knee Replacement,Yes,Improved
T07057,A07057,Bypass Surgery,Yes,Recovered
T07058,A07058,Critical Monitoring,No,Improved
T07059,A07059,Ventilator Support,No,Recovered
T07060,A07060,Stroke Therapy,No,Improved
T07061,A07061,Dialysis,No,Recovered
T07062,A07062,Immunotherapy,No,Recovered
T07063,A07063,CPR,No,Recovered
T07064,A07064,Vaccination,No,Recovered
T07065,A07065,Immunotherapy,No,Improved
T07066,A07066,Critical Monitoring,No,Recovered
T07067,A07067,MRI Brain,No,Recovered
T07068,A07068,ECG,No,Recovered
T07069,A07069,ECG,No,Improved
T07070,A07070,CPR,No,Recovered
T07071,A07071,Cryotherapy,No,Recovered
T07072,A07072,Ventilator Support,No,Recovered
T07073,A07073,Physiotherapy,No,Recovered
T07074,A07074,Radiation Therapy,No,Improved
T07075,A07075,Nebulization,No,Recovered
T07076,A07076,Cryotherapy,No,Recovered
T07077,A07077,Knee Replacement,Yes,Improved
T07078,A07078,Fracture Fixation,Yes,Recovered
T07079,A07079,Wound Suturing,Yes,Recovered
T07080,A07080,CPR,No,Improved
T07081,A07081,Fracture Fixation,Yes,Improved
T07082,A07082,Dialysis,No,Recovered
T07083,A07083,Trauma Care,No,Deceased
T07084,A07084,Ventilator Support,No,Recovered
T07085,A07085,Ear Surgery,Yes,Improved
T07086,A07086,Ear Surgery,Yes,Recovered
T07087,A07087,Wound Suturing,Yes,Recovered
T07088,A07088,Sinus Surgery,Yes,Recovered
T07089,A07089,Dialysis,No,Recovered
T07090,A07090,Endoscopy,No,Recovered
T07091,A07091,Ear Surgery,Yes,Recovered
T07092,A07092,Sinus Surgery,Yes,Recovered
T07093,A07093,Trauma Care,No,Improved
T07094,A07094,Endoscopy,No,Improved
T07095,A07095,Wound Suturing,Yes,Recovered
T07096,A07096,Ear Surgery,Yes,Recovered
T07097,A07097,IV Fluids,No,Improved
T07098,A07098,Radiation Therapy,No,Recovered
T07099,A07099,Bypass Surgery,Yes,Improved
T07100,A07100,Critical Monitoring,No,Recovered
T07101,A07101,Nebulization,No,Recovered
T07102,A07102,ECG,No,Referred
T07103,A07103,MRI Brain,No,Recovered
T07104,A07104,IV Fluids,No,Improved
T07105,A07105,MRI Brain,No,Recovered
T07106,A07106,Knee Replacement,Yes,Recovered
T07107,A07107,Wound Suturing,Yes,Recovered
T07108,A07108,Wound Suturing,Yes,Recovered
T07109,A07109,ECG,No,Referred
T07110,A07110,Physiotherapy,No,Recovered
T07111,A07111,CPR,No,Recovered
T07112,A07112,IV Fluids,No,Recovered
T07113,A07113,Insulin Therapy,No,Recovered
T07114,A07114,Physiotherapy,No,Recovered
T07115,A07115,Physiotherapy,No,Improved
T07116,A07116,Critical Monitoring,No,Improved
T07117,A07117,Antibiotic Therapy,No,Recovered
T07118,A07118,Critical Monitoring,No,Recovered
T07119,A07119,ECG,No,Recovered
T07120,A07120,EEG,No,Recovered
T07121,A07121,Trauma Care,No,Recovered
T07122,A07122,ECG,No,Recovered
T07123,A07123,Cryotherapy,No,Recovered
T07124,A07124,Immunotherapy,No,Recovered
T07125,A07125,CPR,No,Recovered
T07126,A07126,Fracture Fixation,Yes,Recovered
T07127,A07127,Nebulization,No,Recovered
T07128,A07128,Critical Monitoring,No,Deceased
T07129,A07129,Sinus Surgery,Yes,Recovered
T07130,A07130,Trauma Care,No,Improved
T07131,A07131,Knee Replacement,Yes,Recovered
T07132,A07132,Angioplasty,Yes,Improved
T07133,A07133,Immunotherapy,No,Recovered
T07134,A07134,CPR,No,Recovered
T07135,A07135,Ventilator Support,No,Recovered
T07136,A07136,Angioplasty,Yes,Recovered
T07137,A07137,Nebulization,No,Improved
T07138,A07138,Vaccination,No,Recovered
T07139,A07139,Fracture Fixation,Yes,Recovered
T07140,A07140,Laser Therapy,No,Recovered
T07141,A07141,Trauma Care,No,Improved
T07142,A07142,Fracture Fixation,Yes,Recovered
T07143,A07143,IV Fluids,No,Recovered
T07144,A07144,Radiation Therapy,No,Recovered
T07145,A07145,CPR,No,Recovered
T07146,A07146,Physiotherapy,No,Recovered
T07147,A07147,Dialysis,No,Recovered
T07148,A07148,Knee Replacement,Yes,Improved
T07149,A07149,Chemotherapy,No,Recovered
T07150,A07150,EEG,No,Recovered
T07151,A07151,Ventilator Support,No,Improved
T07152,A07152,Critical Monitoring,No,Recovered
T07153,A07153,EEG,No,Recovered
T07154,A07154,Chemotherapy,No,Recovered
T07155,A07155,CPR,No,Recovered
T07156,A07156,Fracture Fixation,Yes,Improved
T07157,A07157,Endoscopy,No,Recovered
T07158,A07158,IV Fluids,No,Referred
T07159,A07159,Insulin Therapy,No,Recovered
T07160,A07160,Angioplasty,Yes,Recovered
T07161,A07161,Nebulization,No,Recovered
T07162,A07162,Fracture Fixation,Yes,Improved
T07163,A07163,Immunotherapy,No,Improved
T07164,A07164,Laser Therapy,No,Improved
T07165,A07165,Ventilator Support,No,Recovered
T07166,A07166,MRI Brain,No,Deceased
T07167,A07167,CPR,No,Referred
T07168,A07168,Sinus Surgery,Yes,Recovered
T07169,A07169,Antibiotic Therapy,No,Recovered
T07170,A07170,CPR,No,Referred
T07171,A07171,Dialysis,No,Recovered
T07172,A07172,Vaccination,No,Improved
T07173,A07173,Radiation Therapy,No,Improved
T07174,A07174,Immunotherapy,No,Recovered
T07175,A07175,Knee Replacement,Yes,Recovered
T07176,A07176,Stroke Therapy,No,Recovered
T07177,A07177,Wound Suturing,Yes,Deceased
T07178,A07178,Fracture Fixation,Yes,Recovered
T07179,A07179,CPR,No,Improved
T07180,A07180,Fracture Fixation,Yes,Recovered
T07181,A07181,Ear Surgery,Yes,Recovered
T07182,A07182,EEG,No,Recovered
T07183,A07183,Endoscopy,No,Recovered
T07184,A07184,Bypass Surgery,Yes,Improved
T07185,A07185,Sinus Surgery,Yes,Recovered
T07186,A07186,Immunotherapy,No,Recovered
T07187,A07187,Antibiotic Therapy,No,Recovered
T07188,A07188,Physiotherapy,No,Referred
T07189,A07189,Bypass Surgery,Yes,Recovered
T07190,A07190,Chemotherapy,No,Recovered
T07191,A07191,Physiotherapy,No,Improved
T07192,A07192,Endoscopy,No,Recovered
T07193,A07193,Angioplasty,Yes,Improved
T07194,A07194,ECG,No,Recovered
T07195,A07195,Laser Therapy,No,Improved
T07196,A07196,EEG,No,Improved
T07197,A07197,Ear Surgery,Yes,Referred
T07198,A07198,IV Fluids,No,Improved
T07199,A07199,Knee Replacement,Yes,Recovered
T07200,A07200,ECG,No,Recovered
T07201,A07201,Chemotherapy,No,Recovered
T07202,A07202,Wound Suturing,Yes,Recovered
T07203,A07203,IV Fluids,No,Improved
T07204,A07204,EEG,No,Recovered
T07205,A07205,Radiation Therapy,No,Recovered
T07206,A07206,Endoscopy,No,Recovered
T07207,A07207,Trauma Care,No,Recovered
T07208,A07208,ECG,No,Recovered
T07209,A07209,Immunotherapy,No,Deceased
T07210,A07210,Dialysis,No,Improved
T07211,A07211,Skin Biopsy,No,Recovered
T07212,A07212,Antibiotic Therapy,No,Recovered
T07213,A07213,IV Fluids,No,Recovered
T07214,A07214,Nebulization,No,Improved
T07215,A07215,Skin Biopsy,No,Improved
T07216,A07216,MRI Brain,No,Recovered
T07217,A07217,CPR,No,Recovered
T07218,A07218,Vaccination,No,Recovered
T07219,A07219,Wound Suturing,Yes,Recovered
T07220,A07220,Bypass Surgery,Yes,Recovered
T07221,A07221,Sinus Surgery,Yes,Recovered
T07222,A07222,Sinus Surgery,Yes,Recovered
T07223,A07223,Nebulization,No,Recovered
T07224,A07224,Physiotherapy,No,Recovered
T07225,A07225,Dialysis,No,Improved
T07226,A07226,Angioplasty,Yes,Improved
T07227,A07227,ECG,No,Recovered
T07228,A07228,Ear Surgery,Yes,Recovered
T07229,A07229,Radiation Therapy,No,Referred
T07230,A07230,Endoscopy,No,Recovered
T07231,A07231,Sinus Surgery,Yes,Improved
T07232,A07232,Endoscopy,No,Recovered
T07233,A07233,CPR,No,Recovered
T07234,A07234,Ear Surgery,Yes,Recovered
T07235,A07235,IV Fluids,No,Recovered
T07236,A07236,Antibiotic Therapy,No,Recovered
T07237,A07237,Nebulization,No,Recovered
T07238,A07238,Laser Therapy,No,Recovered
T07239,A07239,Angioplasty,Yes,Recovered
T07240,A07240,Laser Therapy,No,Recovered
T07241,A07241,Antibiotic Therapy,No,Improved
T07242,A07242,Dialysis,No,Recovered
T07243,A07243,Chemotherapy,No,Recovered
T07244,A07244,Ventilator Support,No,Recovered
T07245,A07245,MRI Brain,No,Recovered
T07246,A07246,Fracture Fixation,Yes,Recovered
T07247,A07247,Stroke Therapy,No,Recovered
T07248,A07248,MRI Brain,No,Improved
T07249,A07249,ECG,No,Recovered
T07250,A07250,Fracture Fixation,Yes,Recovered
T07251,A07251,Trauma Care,No,Recovered
T07252,A07252,Laser Therapy,No,Recovered
T07253,A07253,Chemotherapy,No,Improved
T07254,A07254,Angioplasty,Yes,Improved
T07255,A07255,IV Fluids,No,Recovered
T07256,A07256,CPR,No,Recovered
T07257,A07257,MRI Brain,No,Improved
T07258,A07258,Physiotherapy,No,Recovered
T07259,A07259,Critical Monitoring,No,Improved
T07260,A07260,Dialysis,No,Improved
T07261,A07261,Antibiotic Therapy,No,Improved
T07262,A07262,IV Fluids,No,Improved
T07263,A07263,Wound Suturing,Yes,Recovered
T07264,A07264,IV Fluids,No,Referred
T07265,A07265,Fracture Fixation,Yes,Recovered
T07266,A07266,Knee Replacement,Yes,Recovered
T07267,A07267,EEG,No,Recovered
T07268,A07268,Bypass Surgery,Yes,Recovered
T07269,A07269,IV Fluids,No,Recovered
T07270,A07270,Skin Biopsy,No,Deceased
T07271,A07271,Cryotherapy,No,Improved
T07272,A07272,EEG,No,Recovered
T07273,A07273,CPR,No,Recovered
T07274,A07274,Radiation Therapy,No,Improved
T07275,A07275,Physiotherapy,No,Deceased
T07276,A07276,MRI Brain,No,Recovered
T07277,A07277,CPR,No,Improved
T07278,A07278,Radiation Therapy,No,Recovered
T07279,A07279,Knee Replacement,Yes,Recovered
T07280,A07280,Insulin Therapy,No,Referred
T07281,A07281,Insulin Therapy,No,Recovered
T07282,A07282,Dialysis,No,Recovered
T07283,A07283,Trauma Care,No,Improved
T07284,A07284,Nebulization,No,Improved
T07285,A07285,MRI Brain,No,Recovered
T07286,A07286,Knee Replacement,Yes,Recovered
T07287,A07287,EEG,No,Recovered
T07288,A07288,Knee Replacement,Yes,Referred
T07289,A07289,Critical Monitoring,No,Recovered
T07290,A07290,EEG,No,Recovered
T07291,A07291,CPR,No,Improved
T07292,A07292,Trauma Care,No,Deceased
T07293,A07293,Trauma Care,No,Recovered
T07294,A07294,Angioplasty,Yes,Recovered
T07295,A07295,Bypass Surgery,Yes,Recovered
T07296,A07296,Ventilator Support,No,Recovered
T07297,A07297,Antibiotic Therapy,No,Referred
T07298,A07298,ECG,No,Improved
T07299,A07299,Immunotherapy,No,Recovered
T07300,A07300,Insulin Therapy,No,Deceased
T07301,A07301,Skin Biopsy,No,Improved
T07302,A07302,Knee Replacement,Yes,Recovered
T07303,A07303,Chemotherapy,No,Recovered
T07304,A07304,EEG,No,Recovered
T07305,A07305,Trauma Care,No,Improved
T07306,A07306,Ear Surgery,Yes,Deceased
T07307,A07307,Ear Surgery,Yes,Improved
T07308,A07308,Fracture Fixation,Yes,Recovered
T07309,A07309,Angioplasty,Yes,Improved
T07310,A07310,Dialysis,No,Recovered
T07311,A07311,Stroke Therapy,No,Recovered
T07312,A07312,Endoscopy,No,Recovered
T07313,A07313,Angioplasty,Yes,Recovered
T07314,A07314,Nebulization,No,Recovered
T07315,A07315,Angioplasty,Yes,Recovered
T07316,A07316,Sinus Surgery,Yes,Recovered
T07317,A07317,Cryotherapy,No,Recovered
T07318,A07318,Dialysis,No,Recovered
T07319,A07319,Ventilator Support,No,Recovered
T07320,A07320,MRI Brain,No,Recovered
T07321,A07321,Antibiotic Therapy,No,Recovered
T07322,A07322,Knee Replacement,Yes,Recovered
T07323,A07323,ECG,No,Recovered
T07324,A07324,Insulin Therapy,No,Improved
T07325,A07325,Trauma Care,No,Deceased
T07326,A07326,Insulin Therapy,No,Recovered
T07327,A07327,Ventilator Support,No,Recovered
T07328,A07328,Antibiotic Therapy,No,Recovered
T07329,A07329,Dialysis,No,Recovered
T07330,A07330,Vaccination,No,Improved
T07331,A07331,IV Fluids,No,Recovered
T07332,A07332,Ear Surgery,Yes,Referred
T07333,A07333,Insulin Therapy,No,Recovered
T07334,A07334,Wound Suturing,Yes,Recovered
T07335,A07335,Insulin Therapy,No,Deceased
T07336,A07336,Ventilator Support,No,Improved
T07337,A07337,Ear Surgery,Yes,Recovered
T07338,A07338,IV Fluids,No,Recovered
T07339,A07339,Stroke Therapy,No,Improved
T07340,A07340,ECG,No,Recovered
T07341,A07341,Stroke Therapy,No,Recovered
T07342,A07342,Insulin Therapy,No,Referred
T07343,A07343,Vaccination,No,Improved
T07344,A07344,Stroke Therapy,No,Referred
T07345,A07345,Vaccination,No,Recovered
T07346,A07346,Chemotherapy,No,Recovered
T07347,A07347,MRI Brain,No,Referred
T07348,A07348,Sinus Surgery,Yes,Recovered
T07349,A07349,Chemotherapy,No,Deceased
T07350,A07350,Sinus Surgery,Yes,Referred
T07351,A07351,Bypass Surgery,Yes,Recovered
T07352,A07352,Angioplasty,Yes,Improved
T07353,A07353,Vaccination,No,Recovered
T07354,A07354,ECG,No,Recovered
T07355,A07355,Nebulization,No,Recovered
T07356,A07356,Nebulization,No,Recovered
T07357,A07357,Nebulization,No,Recovered
T07358,A07358,Trauma Care,No,Referred
T07359,A07359,Sinus Surgery,Yes,Improved
T07360,A07360,CPR,No,Improved
T07361,A07361,Antibiotic Therapy,No,Recovered
T07362,A07362,Cryotherapy,No,Recovered
T07363,A07363,Antibiotic Therapy,No,Recovered
T07364,A07364,EEG,No,Recovered
T07365,A07365,Cryotherapy,No,Recovered
T07366,A07366,Angioplasty,Yes,Improved
T07367,A07367,Physiotherapy,No,Recovered
T07368,A07368,Angioplasty,Yes,Recovered
T07369,A07369,Ventilator Support,No,Recovered
T07370,A07370,CPR,No,Recovered
T07371,A07371,Knee Replacement,Yes,Recovered
T07372,A07372,Knee Replacement,Yes,Recovered
T07373,A07373,ECG,No,Recovered
T07374,A07374,IV Fluids,No,Recovered
T07375,A07375,Stroke Therapy,No,Recovered
T07376,A07376,Wound Suturing,Yes,Improved
T07377,A07377,Cryotherapy,No,Recovered
T07378,A07378,Ear Surgery,Yes,Recovered
T07379,A07379,Trauma Care,No,Recovered
T07380,A07380,CPR,No,Improved
T07381,A07381,Critical Monitoring,No,Recovered
T07382,A07382,Antibiotic Therapy,No,Recovered
T07383,A07383,Ear Surgery,Yes,Recovered
T07384,A07384,Ventilator Support,No,Referred
T07385,A07385,Knee Replacement,Yes,Recovered
T07386,A07386,CPR,No,Recovered
T07387,A07387,Endoscopy,No,Improved
T07388,A07388,Physiotherapy,No,Recovered
T07389,A07389,Chemotherapy,No,Recovered
T07390,A07390,Endoscopy,No,Recovered
T07391,A07391,Chemotherapy,No,Recovered
T07392,A07392,Ear Surgery,Yes,Improved
T07393,A07393,Cryotherapy,No,Recovered
T07394,A07394,Physiotherapy,No,Recovered
T07395,A07395,MRI Brain,No,Recovered
T07396,A07396,Endoscopy,No,Recovered
T07397,A07397,Stroke Therapy,No,Recovered
T07398,A07398,EEG,No,Recovered
T07399,A07399,Dialysis,No,Recovered
T07400,A07400,Fracture Fixation,Yes,Recovered
T07401,A07401,Stroke Therapy,No,Deceased
T07402,A07402,Nebulization,No,Improved
T07403,A07403,Wound Suturing,Yes,Referred
T07404,A07404,Knee Replacement,Yes,Recovered
T07405,A07405,Trauma Care,No,Recovered
T07406,A07406,Endoscopy,No,Recovered
T07407,A07407,Dialysis,No,Recovered
T07408,A07408,CPR,No,Improved
T07409,A07409,Endoscopy,No,Recovered
T07410,A07410,Bypass Surgery,Yes,Improved
T07411,A07411,Dialysis,No,Recovered
T07412,A07412,Trauma Care,No,Recovered
T07413,A07413,Wound Suturing,Yes,Recovered
T07414,A07414,Insulin Therapy,No,Improved
T07415,A07415,Knee Replacement,Yes,Recovered
T07416,A07416,Fracture Fixation,Yes,Recovered
T07417,A07417,Radiation Therapy,No,Recovered
T07418,A07418,Radiation Therapy,No,Recovered
T07419,A07419,IV Fluids,No,Recovered
T07420,A07420,Critical Monitoring,No,Recovered
T07421,A07421,Fracture Fixation,Yes,Referred
T07422,A07422,Nebulization,No,Recovered
T07423,A07423,Antibiotic Therapy,No,Recovered
T07424,A07424,Immunotherapy,No,Recovered
T07425,A07425,Bypass Surgery,Yes,Improved
T07426,A07426,IV Fluids,No,Recovered
T07427,A07427,Immunotherapy,No,Recovered
T07428,A07428,Critical Monitoring,No,Recovered
T07429,A07429,Trauma Care,No,Recovered
T07430,A07430,Vaccination,No,Referred
T07431,A07431,IV Fluids,No,Improved
T07432,A07432,Ear Surgery,Yes,Recovered
T07433,A07433,Fracture Fixation,Yes,Recovered
T07434,A07434,Ventilator Support,No,Recovered
T07435,A07435,Ear Surgery,Yes,Improved
T07436,A07436,Chemotherapy,No,Recovered
T07437,A07437,Physiotherapy,No,Improved
T07438,A07438,Fracture Fixation,Yes,Recovered
T07439,A07439,Stroke Therapy,No,Recovered
T07440,A07440,Fracture Fixation,Yes,Recovered
T07441,A07441,Vaccination,No,Recovered
T07442,A07442,EEG,No,Improved
T07443,A07443,Skin Biopsy,No,Improved
T07444,A07444,Antibiotic Therapy,No,Recovered
T07445,A07445,Critical Monitoring,No,Recovered
T07446,A07446,Trauma Care,No,Recovered
T07447,A07447,Angioplasty,Yes,Referred
T07448,A07448,Radiation Therapy,No,Recovered
T07449,A07449,CPR,No,Recovered
T07450,A07450,Laser Therapy,No,Recovered
T07451,A07451,Sinus Surgery,Yes,Recovered
T07452,A07452,Skin Biopsy,No,Recovered
T07453,A07453,Ventilator Support,No,Recovered
T07454,A07454,Endoscopy,No,Recovered
T07455,A07455,Stroke Therapy,No,Recovered
T07456,A07456,MRI Brain,No,Recovered
T07457,A07457,IV Fluids,No,Recovered
T07458,A07458,Ventilator Support,No,Recovered
T07459,A07459,Dialysis,No,Recovered
T07460,A07460,Critical Monitoring,No,Recovered
T07461,A07461,Antibiotic Therapy,No,Recovered
T07462,A07462,Cryotherapy,No,Improved
T07463,A07463,Immunotherapy,No,Referred
T07464,A07464,Laser Therapy,No,Recovered
T07465,A07465,Chemotherapy,No,Recovered
T07466,A07466,ECG,No,Recovered
T07467,A07467,CPR,No,Recovered
T07468,A07468,Nebulization,No,Improved
T07469,A07469,Ventilator Support,No,Improved
T07470,A07470,Physiotherapy,No,Recovered
T07471,A07471,Bypass Surgery,Yes,Recovered
T07472,A07472,Critical Monitoring,No,Improved
T07473,A07473,Nebulization,No,Referred
T07474,A07474,Antibiotic Therapy,No,Recovered
T07475,A07475,Cryotherapy,No,Recovered
T07476,A07476,IV Fluids,No,Referred
T07477,A07477,Insulin Therapy,No,Recovered
T07478,A07478,EEG,No,Recovered
T07479,A07479,Critical Monitoring,No,Recovered
T07480,A07480,Ear Surgery,Yes,Recovered
T07481,A07481,Wound Suturing,Yes,Recovered
T07482,A07482,Angioplasty,Yes,Recovered
T07483,A07483,Trauma Care,No,Referred
T07484,A07484,Dialysis,No,Deceased
T07485,A07485,Insulin Therapy,No,Recovered
T07486,A07486,Vaccination,No,Recovered
T07487,A07487,Knee Replacement,Yes,Recovered
T07488,A07488,Nebulization,No,Recovered
T07489,A07489,Immunotherapy,No,Improved
T07490,A07490,Stroke Therapy,No,Recovered
T07491,A07491,Bypass Surgery,Yes,Recovered
T07492,A07492,Angioplasty,Yes,Recovered
T07493,A07493,Knee Replacement,Yes,Recovered
T07494,A07494,Wound Suturing,Yes,Recovered
T07495,A07495,Wound Suturing,Yes,Recovered
T07496,A07496,Nebulization,No,Recovered
T07497,A07497,Knee Replacement,Yes,Recovered
T07498,A07498,EEG,No,Recovered
T07499,A07499,Vaccination,No,Improved
T07500,A07500,EEG,No,Recovered
T07501,A07501,Physiotherapy,No,Recovered
T07502,A07502,Antibiotic Therapy,No,Recovered
T07503,A07503,Nebulization,No,Recovered
T07504,A07504,Nebulization,No,Recovered
T07505,A07505,Radiation Therapy,No,Recovered
T07506,A07506,MRI Brain,No,Recovered
T07507,A07507,Cryotherapy,No,Recovered
T07508,A07508,Sinus Surgery,Yes,Referred
T07509,A07509,Physiotherapy,No,Recovered
T07510,A07510,Fracture Fixation,Yes,Recovered
T07511,A07511,Bypass Surgery,Yes,Improved
T07512,A07512,Critical Monitoring,No,Recovered
T07513,A07513,Critical Monitoring,No,Recovered
T07514,A07514,Dialysis,No,Recovered
T07515,A07515,Fracture Fixation,Yes,Recovered
T07516,A07516,Endoscopy,No,Recovered
T07517,A07517,Immunotherapy,No,Recovered
T07518,A07518,Ear Surgery,Yes,Recovered
T07519,A07519,Endoscopy,No,Improved
T07520,A07520,Trauma Care,No,Recovered
T07521,A07521,Nebulization,No,Recovered
T07522,A07522,Antibiotic Therapy,No,Recovered
T07523,A07523,Laser Therapy,No,Recovered
T07524,A07524,IV Fluids,No,Recovered
T07525,A07525,CPR,No,Improved
T07526,A07526,Critical Monitoring,No,Recovered
T07527,A07527,Skin Biopsy,No,Recovered
T07528,A07528,Trauma Care,No,Referred
T07529,A07529,Chemotherapy,No,Recovered
T07530,A07530,Ear Surgery,Yes,Recovered
T07531,A07531,IV Fluids,No,Recovered
T07532,A07532,Chemotherapy,No,Referred
T07533,A07533,Wound Suturing,Yes,Improved
T07534,A07534,Knee Replacement,Yes,Recovered
T07535,A07535,Knee Replacement,Yes,Recovered
T07536,A07536,Angioplasty,Yes,Recovered
T07537,A07537,IV Fluids,No,Recovered
T07538,A07538,Angioplasty,Yes,Recovered
T07539,A07539,Endoscopy,No,Recovered
T07540,A07540,Fracture Fixation,Yes,Recovered
T07541,A07541,Vaccination,No,Recovered
T07542,A07542,EEG,No,Recovered
T07543,A07543,IV Fluids,No,Recovered
T07544,A07544,Dialysis,No,Recovered
T07545,A07545,Radiation Therapy,No,Recovered
T07546,A07546,Skin Biopsy,No,Deceased
T07547,A07547,Antibiotic Therapy,No,Referred
T07548,A07548,Dialysis,No,Recovered
T07549,A07549,ECG,No,Recovered
T07550,A07550,IV Fluids,No,Recovered
T07551,A07551,Angioplasty,Yes,Recovered
T07552,A07552,Chemotherapy,No,Recovered
T07553,A07553,Stroke Therapy,No,Referred
T07554,A07554,Antibiotic Therapy,No,Recovered
T07555,A07555,Knee Replacement,Yes,Improved
T07556,A07556,Dialysis,No,Referred
T07557,A07557,IV Fluids,No,Recovered
T07558,A07558,Radiation Therapy,No,Deceased
T07559,A07559,Sinus Surgery,Yes,Recovered
T07560,A07560,Chemotherapy,No,Recovered
T07561,A07561,Bypass Surgery,Yes,Recovered
T07562,A07562,ECG,No,Recovered
T07563,A07563,Bypass Surgery,Yes,Recovered
T07564,A07564,Physiotherapy,No,Recovered
T07565,A07565,CPR,No,Improved
T07566,A07566,ECG,No,Recovered
T07567,A07567,Laser Therapy,No,Recovered
T07568,A07568,IV Fluids,No,Recovered
T07569,A07569,Insulin Therapy,No,Recovered
T07570,A07570,Angioplasty,Yes,Recovered
T07571,A07571,Stroke Therapy,No,Deceased
T07572,A07572,Skin Biopsy,No,Recovered
T07573,A07573,Skin Biopsy,No,Recovered
T07574,A07574,Skin Biopsy,No,Improved
T07575,A07575,Knee Replacement,Yes,Recovered
T07576,A07576,Knee Replacement,Yes,Recovered
T07577,A07577,Laser Therapy,No,Improved
T07578,A07578,Bypass Surgery,Yes,Recovered
T07579,A07579,Ventilator Support,No,Recovered
T07580,A07580,Vaccination,No,Recovered
T07581,A07581,IV Fluids,No,Recovered
T07582,A07582,Immunotherapy,No,Recovered
T07583,A07583,Wound Suturing,Yes,Recovered
T07584,A07584,IV Fluids,No,Recovered
T07585,A07585,Vaccination,No,Recovered
T07586,A07586,Angioplasty,Yes,Recovered
T07587,A07587,Wound Suturing,Yes,Recovered
T07588,A07588,IV Fluids,No,Improved
T07589,A07589,Nebulization,No,Recovered
T07590,A07590,Nebulization,No,Recovered
T07591,A07591,Radiation Therapy,No,Improved
T07592,A07592,IV Fluids,No,Recovered
T07593,A07593,Stroke Therapy,No,Recovered
T07594,A07594,Nebulization,No,Referred
T07595,A07595,Ventilator Support,No,Improved
T07596,A07596,Wound Suturing,Yes,Improved
T07597,A07597,Fracture Fixation,Yes,Recovered
T07598,A07598,ECG,No,Improved
T07599,A07599,MRI Brain,No,Recovered
T07600,A07600,ECG,No,Recovered
T07601,A07601,MRI Brain,No,Recovered
T07602,A07602,Skin Biopsy,No,Improved
T07603,A07603,Chemotherapy,No,Recovered
T07604,A07604,Trauma Care,No,Improved
T07605,A07605,Wound Suturing,Yes,Improved
T07606,A07606,CPR,No,Recovered
T07607,A07607,EEG,No,Recovered
T07608,A07608,Dialysis,No,Recovered
T07609,A07609,Dialysis,No,Improved
T07610,A07610,ECG,No,Recovered
T07611,A07611,Ear Surgery,Yes,Improved
T07612,A07612,Insulin Therapy,No,Referred
T07613,A07613,Insulin Therapy,No,Recovered
T07614,A07614,Immunotherapy,No,Referred
T07615,A07615,Trauma Care,No,Recovered
T07616,A07616,Antibiotic Therapy,No,Recovered
T07617,A07617,Fracture Fixation,Yes,Improved
T07618,A07618,IV Fluids,No,Recovered
T07619,A07619,Bypass Surgery,Yes,Recovered
T07620,A07620,Insulin Therapy,No,Improved
T07621,A07621,IV Fluids,No,Recovered
T07622,A07622,MRI Brain,No,Recovered
T07623,A07623,Bypass Surgery,Yes,Recovered
T07624,A07624,Fracture Fixation,Yes,Recovered
T07625,A07625,Cryotherapy,No,Recovered
T07626,A07626,ECG,No,Deceased
T07627,A07627,Stroke Therapy,No,Recovered
T07628,A07628,Antibiotic Therapy,No,Recovered
T07629,A07629,Trauma Care,No,Recovered
T07630,A07630,CPR,No,Improved
T07631,A07631,Ventilator Support,No,Recovered
T07632,A07632,IV Fluids,No,Improved
T07633,A07633,Trauma Care,No,Recovered
T07634,A07634,Immunotherapy,No,Improved
T07635,A07635,Wound Suturing,Yes,Recovered
T07636,A07636,CPR,No,Recovered
T07637,A07637,Ear Surgery,Yes,Recovered
T07638,A07638,Nebulization,No,Improved
T07639,A07639,EEG,No,Recovered
T07640,A07640,CPR,No,Recovered
T07641,A07641,Insulin Therapy,No,Recovered
T07642,A07642,Fracture Fixation,Yes,Recovered
T07643,A07643,IV Fluids,No,Recovered
T07644,A07644,IV Fluids,No,Recovered
T07645,A07645,Bypass Surgery,Yes,Recovered
T07646,A07646,CPR,No,Recovered
T07647,A07647,IV Fluids,No,Recovered
T07648,A07648,Dialysis,No,Recovered
T07649,A07649,Cryotherapy,No,Recovered
T07650,A07650,Trauma Care,No,Recovered
T07651,A07651,Cryotherapy,No,Improved
T07652,A07652,Laser Therapy,No,Recovered
T07653,A07653,Nebulization,No,Recovered
T07654,A07654,Laser Therapy,No,Improved
T07655,A07655,Nebulization,No,Recovered
T07656,A07656,Endoscopy,No,Recovered
T07657,A07657,IV Fluids,No,Recovered
T07658,A07658,CPR,No,Recovered
T07659,A07659,Knee Replacement,Yes,Improved
T07660,A07660,Stroke Therapy,No,Referred
T07661,A07661,Angioplasty,Yes,Recovered
T07662,A07662,Dialysis,No,Recovered
T07663,A07663,Insulin Therapy,No,Improved
T07664,A07664,Knee Replacement,Yes,Recovered
T07665,A07665,Chemotherapy,No,Improved
T07666,A07666,Radiation Therapy,No,Recovered
T07667,A07667,Bypass Surgery,Yes,Recovered
T07668,A07668,Laser Therapy,No,Recovered
T07669,A07669,CPR,No,Referred
T07670,A07670,Insulin Therapy,No,Recovered
T07671,A07671,Trauma Care,No,Recovered
T07672,A07672,Trauma Care,No,Recovered
T07673,A07673,Chemotherapy,No,Recovered
T07674,A07674,Skin Biopsy,No,Recovered
T07675,A07675,Laser Therapy,No,Recovered
T07676,A07676,IV Fluids,No,Recovered
T07677,A07677,Ventilator Support,No,Recovered
T07678,A07678,CPR,No,Recovered
T07679,A07679,Dialysis,No,Referred
T07680,A07680,Ear Surgery,Yes,Recovered
T07681,A07681,EEG,No,Recovered
T07682,A07682,Ventilator Support,No,Recovered
T07683,A07683,Radiation Therapy,No,Improved
T07684,A07684,Bypass Surgery,Yes,Recovered
T07685,A07685,Skin Biopsy,No,Recovered
T07686,A07686,Radiation Therapy,No,Improved
T07687,A07687,Laser Therapy,No,Recovered
T07688,A07688,Knee Replacement,Yes,Recovered
T07689,A07689,Dialysis,No,Recovered
T07690,A07690,IV Fluids,No,Recovered
T07691,A07691,Immunotherapy,No,Recovered
T07692,A07692,Trauma Care,No,Recovered
T07693,A07693,Angioplasty,Yes,Improved
T07694,A07694,EEG,No,Improved
T07695,A07695,Knee Replacement,Yes,Recovered
T07696,A07696,Angioplasty,Yes,Recovered
T07697,A07697,Nebulization,No,Recovered
T07698,A07698,ECG,No,Recovered
T07699,A07699,Laser Therapy,No,Recovered
T07700,A07700,Nebulization,No,Recovered
T07701,A07701,Nebulization,No,Improved
T07702,A07702,Immunotherapy,No,Recovered
T07703,A07703,Laser Therapy,No,Recovered
T07704,A07704,Chemotherapy,No,Referred
T07705,A07705,CPR,No,Recovered
T07706,A07706,ECG,No,Improved
T07707,A07707,Physiotherapy,No,Recovered
T07708,A07708,MRI Brain,No,Recovered
T07709,A07709,Nebulization,No,Improved
T07710,A07710,Dialysis,No,Recovered
T07711,A07711,Vaccination,No,Recovered
T07712,A07712,Fracture Fixation,Yes,Recovered
T07713,A07713,Trauma Care,No,Recovered
T07714,A07714,Knee Replacement,Yes,Recovered
T07715,A07715,Endoscopy,No,Recovered
T07716,A07716,Laser Therapy,No,Recovered
T07717,A07717,Trauma Care,No,Improved
T07718,A07718,Wound Suturing,Yes,Improved
T07719,A07719,Wound Suturing,Yes,Improved
T07720,A07720,Vaccination,No,Recovered
T07721,A07721,ECG,No,Recovered
T07722,A07722,Angioplasty,Yes,Recovered
T07723,A07723,Physiotherapy,No,Recovered
T07724,A07724,Ear Surgery,Yes,Improved
T07725,A07725,Angioplasty,Yes,Recovered
T07726,A07726,Wound Suturing,Yes,Recovered
T07727,A07727,Critical Monitoring,No,Recovered
T07728,A07728,Antibiotic Therapy,No,Recovered
T07729,A07729,Immunotherapy,No,Recovered
T07730,A07730,Sinus Surgery,Yes,Improved
T07731,A07731,EEG,No,Improved
T07732,A07732,Endoscopy,No,Improved
T07733,A07733,Sinus Surgery,Yes,Recovered
T07734,A07734,Wound Suturing,Yes,Recovered
T07735,A07735,MRI Brain,No,Recovered
T07736,A07736,ECG,No,Recovered
T07737,A07737,Insulin Therapy,No,Recovered
T07738,A07738,IV Fluids,No,Improved
T07739,A07739,Ventilator Support,No,Recovered
T07740,A07740,MRI Brain,No,Recovered
T07741,A07741,Nebulization,No,Recovered
T07742,A07742,CPR,No,Recovered
T07743,A07743,Stroke Therapy,No,Recovered
T07744,A07744,Dialysis,No,Recovered
T07745,A07745,MRI Brain,No,Improved
T07746,A07746,Laser Therapy,No,Recovered
T07747,A07747,Critical Monitoring,No,Recovered
T07748,A07748,Trauma Care,No,Recovered
T07749,A07749,Knee Replacement,Yes,Recovered
T07750,A07750,Dialysis,No,Recovered
T07751,A07751,IV Fluids,No,Recovered
T07752,A07752,Chemotherapy,No,Recovered
T07753,A07753,Physiotherapy,No,Recovered
T07754,A07754,MRI Brain,No,Recovered
T07755,A07755,Trauma Care,No,Recovered
T07756,A07756,Dialysis,No,Recovered
T07757,A07757,Physiotherapy,No,Recovered
T07758,A07758,Critical Monitoring,No,Recovered
T07759,A07759,Antibiotic Therapy,No,Improved
T07760,A07760,Dialysis,No,Recovered
T07761,A07761,Trauma Care,No,Recovered
T07762,A07762,Vaccination,No,Recovered
T07763,A07763,Cryotherapy,No,Recovered
T07764,A07764,IV Fluids,No,Deceased
T07765,A07765,Sinus Surgery,Yes,Recovered
T07766,A07766,Stroke Therapy,No,Improved
T07767,A07767,Radiation Therapy,No,Recovered
T07768,A07768,Trauma Care,No,Recovered
T07769,A07769,Bypass Surgery,Yes,Improved
T07770,A07770,IV Fluids,No,Recovered
T07771,A07771,Insulin Therapy,No,Improved
T07772,A07772,Radiation Therapy,No,Recovered
T07773,A07773,Nebulization,No,Recovered
T07774,A07774,Chemotherapy,No,Recovered
T07775,A07775,Immunotherapy,No,Recovered
T07776,A07776,CPR,No,Improved
T07777,A07777,Fracture Fixation,Yes,Recovered
T07778,A07778,Chemotherapy,No,Recovered
T07779,A07779,Trauma Care,No,Referred
T07780,A07780,ECG,No,Recovered
T07781,A07781,Knee Replacement,Yes,Recovered
T07782,A07782,Antibiotic Therapy,No,Recovered
T07783,A07783,ECG,No,Recovered
T07784,A07784,Sinus Surgery,Yes,Recovered
T07785,A07785,Antibiotic Therapy,No,Improved
T07786,A07786,Laser Therapy,No,Recovered
T07787,A07787,Insulin Therapy,No,Recovered
T07788,A07788,ECG,No,Recovered
T07789,A07789,Cryotherapy,No,Recovered
T07790,A07790,Sinus Surgery,Yes,Improved
T07791,A07791,EEG,No,Improved
T07792,A07792,Physiotherapy,No,Improved
T07793,A07793,ECG,No,Recovered
T07794,A07794,Chemotherapy,No,Recovered
T07795,A07795,CPR,No,Improved
T07796,A07796,IV Fluids,No,Recovered
T07797,A07797,Angioplasty,Yes,Recovered
T07798,A07798,Fracture Fixation,Yes,Improved
T07799,A07799,Critical Monitoring,No,Recovered
T07800,A07800,ECG,No,Recovered
T07801,A07801,Sinus Surgery,Yes,Recovered
T07802,A07802,Immunotherapy,No,Recovered
T07803,A07803,Fracture Fixation,Yes,Recovered
T07804,A07804,Physiotherapy,No,Recovered
T07805,A07805,IV Fluids,No,Recovered
T07806,A07806,Vaccination,No,Recovered
T07807,A07807,MRI Brain,No,Improved
T07808,A07808,Vaccination,No,Recovered
T07809,A07809,Critical Monitoring,No,Improved
T07810,A07810,Laser Therapy,No,Improved
T07811,A07811,Endoscopy,No,Recovered
T07812,A07812,Critical Monitoring,No,Improved
T07813,A07813,IV Fluids,No,Recovered
T07814,A07814,Physiotherapy,No,Recovered
T07815,A07815,Immunotherapy,No,Improved
T07816,A07816,Dialysis,No,Recovered
T07817,A07817,Vaccination,No,Recovered
T07818,A07818,Ventilator Support,No,Improved
T07819,A07819,Sinus Surgery,Yes,Recovered
T07820,A07820,Endoscopy,No,Recovered
T07821,A07821,Stroke Therapy,No,Recovered
T07822,A07822,Knee Replacement,Yes,Recovered
T07823,A07823,ECG,No,Referred
T07824,A07824,IV Fluids,No,Recovered
T07825,A07825,Knee Replacement,Yes,Improved
T07826,A07826,EEG,No,Improved
T07827,A07827,Skin Biopsy,No,Recovered
T07828,A07828,ECG,No,Improved
T07829,A07829,Vaccination,No,Recovered
T07830,A07830,Fracture Fixation,Yes,Referred
T07831,A07831,ECG,No,Recovered
T07832,A07832,Laser Therapy,No,Improved
T07833,A07833,Ear Surgery,Yes,Recovered
T07834,A07834,Sinus Surgery,Yes,Recovered
T07835,A07835,Fracture Fixation,Yes,Deceased
T07836,A07836,Antibiotic Therapy,No,Improved
T07837,A07837,MRI Brain,No,Recovered
T07838,A07838,IV Fluids,No,Recovered
T07839,A07839,Insulin Therapy,No,Improved
T07840,A07840,Laser Therapy,No,Recovered
T07841,A07841,Laser Therapy,No,Referred
T07842,A07842,Fracture Fixation,Yes,Recovered
T07843,A07843,EEG,No,Improved
T07844,A07844,Critical Monitoring,No,Improved
T07845,A07845,Angioplasty,Yes,Recovered
T07846,A07846,Skin Biopsy,No,Recovered
T07847,A07847,Trauma Care,No,Recovered
T07848,A07848,EEG,No,Recovered
T07849,A07849,Radiation Therapy,No,Recovered
T07850,A07850,IV Fluids,No,Recovered
T07851,A07851,Fracture Fixation,Yes,Improved
T07852,A07852,Insulin Therapy,No,Recovered
T07853,A07853,Stroke Therapy,No,Recovered
T07854,A07854,Chemotherapy,No,Recovered
T07855,A07855,Stroke Therapy,No,Improved
T07856,A07856,Nebulization,No,Recovered
T07857,A07857,Vaccination,No,Recovered
T07858,A07858,Fracture Fixation,Yes,Recovered
T07859,A07859,Angioplasty,Yes,Improved
T07860,A07860,Endoscopy,No,Recovered
T07861,A07861,Angioplasty,Yes,Recovered
T07862,A07862,Radiation Therapy,No,Referred
T07863,A07863,Vaccination,No,Recovered
T07864,A07864,Wound Suturing,Yes,Improved
T07865,A07865,Immunotherapy,No,Recovered
T07866,A07866,CPR,No,Improved
T07867,A07867,Knee Replacement,Yes,Recovered
T07868,A07868,Endoscopy,No,Recovered
T07869,A07869,Insulin Therapy,No,Improved
T07870,A07870,Immunotherapy,No,Recovered
T07871,A07871,IV Fluids,No,Recovered
T07872,A07872,Laser Therapy,No,Recovered
T07873,A07873,Sinus Surgery,Yes,Recovered
T07874,A07874,IV Fluids,No,Recovered
T07875,A07875,Dialysis,No,Improved
T07876,A07876,Immunotherapy,No,Recovered
T07877,A07877,IV Fluids,No,Recovered
T07878,A07878,Wound Suturing,Yes,Recovered
T07879,A07879,Radiation Therapy,No,Recovered
T07880,A07880,Sinus Surgery,Yes,Improved
T07881,A07881,Vaccination,No,Improved
T07882,A07882,Radiation Therapy,No,Recovered
T07883,A07883,Nebulization,No,Recovered
T07884,A07884,Stroke Therapy,No,Recovered
T07885,A07885,Nebulization,No,Improved
T07886,A07886,Sinus Surgery,Yes,Referred
T07887,A07887,Critical Monitoring,No,Recovered
T07888,A07888,Physiotherapy,No,Improved
T07889,A07889,Trauma Care,No,Improved
T07890,A07890,Laser Therapy,No,Recovered
T07891,A07891,CPR,No,Recovered
T07892,A07892,Angioplasty,Yes,Recovered
T07893,A07893,Physiotherapy,No,Recovered
T07894,A07894,Physiotherapy,No,Recovered
T07895,A07895,Chemotherapy,No,Improved
T07896,A07896,Wound Suturing,Yes,Recovered
T07897,A07897,Dialysis,No,Improved
T07898,A07898,Cryotherapy,No,Recovered
T07899,A07899,IV Fluids,No,Recovered
T07900,A07900,Insulin Therapy,No,Recovered
T07901,A07901,Cryotherapy,No,Recovered
T07902,A07902,Ventilator Support,No,Improved
T07903,A07903,IV Fluids,No,Improved
T07904,A07904,Nebulization,No,Recovered
T07905,A07905,Wound Suturing,Yes,Improved
T07906,A07906,Dialysis,No,Recovered
T07907,A07907,Wound Suturing,Yes,Recovered
T07908,A07908,Laser Therapy,No,Recovered
T07909,A07909,Nebulization,No,Improved
T07910,A07910,Physiotherapy,No,Improved
T07911,A07911,Vaccination,No,Recovered
T07912,A07912,IV Fluids,No,Recovered
T07913,A07913,CPR,No,Improved
T07914,A07914,Ventilator Support,No,Improved
T07915,A07915,Physiotherapy,No,Improved
T07916,A07916,Radiation Therapy,No,Recovered
T07917,A07917,MRI Brain,No,Recovered
T07918,A07918,IV Fluids,No,Recovered
T07919,A07919,Stroke Therapy,No,Recovered
T07920,A07920,Trauma Care,No,Recovered
T07921,A07921,Trauma Care,No,Referred
T07922,A07922,MRI Brain,No,Recovered
T07923,A07923,Ventilator Support,No,Recovered
T07924,A07924,Fracture Fixation,Yes,Recovered
T07925,A07925,Cryotherapy,No,Recovered
T07926,A07926,Wound Suturing,Yes,Recovered
T07927,A07927,Insulin Therapy,No,Recovered
T07928,A07928,Wound Suturing,Yes,Recovered
T07929,A07929,Trauma Care,No,Recovered
T07930,A07930,Sinus Surgery,Yes,Recovered
T07931,A07931,Nebulization,No,Recovered
T07932,A07932,Wound Suturing,Yes,Recovered
T07933,A07933,IV Fluids,No,Recovered
T07934,A07934,Cryotherapy,No,Recovered
T07935,A07935,Radiation Therapy,No,Deceased
T07936,A07936,Sinus Surgery,Yes,Recovered
T07937,A07937,Fracture Fixation,Yes,Recovered
T07938,A07938,Laser Therapy,No,Improved
T07939,A07939,Nebulization,No,Improved
T07940,A07940,ECG,No,Recovered
T07941,A07941,Endoscopy,No,Recovered
T07942,A07942,Wound Suturing,Yes,Referred
T07943,A07943,Endoscopy,No,Recovered
T07944,A07944,Ear Surgery,Yes,Recovered
T07945,A07945,IV Fluids,No,Improved
T07946,A07946,Fracture Fixation,Yes,Recovered
T07947,A07947,EEG,No,Recovered
T07948,A07948,ECG,No,Improved
T07949,A07949,Physiotherapy,No,Recovered
T07950,A07950,MRI Brain,No,Recovered
T07951,A07951,Immunotherapy,No,Recovered
T07952,A07952,Bypass Surgery,Yes,Deceased
T07953,A07953,Fracture Fixation,Yes,Recovered
T07954,A07954,Critical Monitoring,No,Improved
T07955,A07955,IV Fluids,No,Recovered
T07956,A07956,Angioplasty,Yes,Recovered
T07957,A07957,EEG,No,Recovered
T07958,A07958,CPR,No,Improved
T07959,A07959,Endoscopy,No,Recovered
T07960,A07960,CPR,No,Recovered
T07961,A07961,Wound Suturing,Yes,Recovered
T07962,A07962,Angioplasty,Yes,Improved
T07963,A07963,IV Fluids,No,Recovered
T07964,A07964,ECG,No,Recovered
T07965,A07965,Vaccination,No,Recovered
T07966,A07966,Angioplasty,Yes,Recovered
T07967,A07967,Laser Therapy,No,Recovered
T07968,A07968,Skin Biopsy,No,Recovered
T07969,A07969,IV Fluids,No,Recovered
T07970,A07970,Insulin Therapy,No,Recovered
T07971,A07971,Trauma Care,No,Recovered
T07972,A07972,Angioplasty,Yes,Recovered
T07973,A07973,Knee Replacement,Yes,Improved
T07974,A07974,Critical Monitoring,No,Referred
T07975,A07975,Wound Suturing,Yes,Recovered
T07976,A07976,Fracture Fixation,Yes,Recovered
T07977,A07977,Bypass Surgery,Yes,Recovered
T07978,A07978,Knee Replacement,Yes,Recovered
T07979,A07979,Nebulization,No,Improved
T07980,A07980,Ear Surgery,Yes,Recovered
T07981,A07981,Ear Surgery,Yes,Recovered
T07982,A07982,Endoscopy,No,Recovered
T07983,A07983,Knee Replacement,Yes,Recovered
T07984,A07984,Physiotherapy,No,Recovered
T07985,A07985,Endoscopy,No,Recovered
T07986,A07986,Cryotherapy,No,Recovered
T07987,A07987,Endoscopy,No,Recovered
T07988,A07988,IV Fluids,No,Recovered
T07989,A07989,Laser Therapy,No,Recovered
T07990,A07990,IV Fluids,No,Recovered
T07991,A07991,Insulin Therapy,No,Recovered
T07992,A07992,Antibiotic Therapy,No,Recovered
T07993,A07993,Laser Therapy,No,Recovered
T07994,A07994,Skin Biopsy,No,Referred
T07995,A07995,Fracture Fixation,Yes,Recovered
T07996,A07996,ECG,No,Recovered
T07997,A07997,Ventilator Support,No,Recovered
T07998,A07998,Nebulization,No,Recovered
T07999,A07999,EEG,No,Recovered
T08000,A08000,Radiation Therapy,No,Recovered
T08001,A08001,Endoscopy,No,Recovered
T08002,A08002,Radiation Therapy,No,Recovered
T08003,A08003,Chemotherapy,No,Recovered
T08004,A08004,Fracture Fixation,Yes,Recovered
T08005,A08005,CPR,No,Improved
T08006,A08006,Trauma Care,No,Recovered
T08007,A08007,IV Fluids,No,Improved
T08008,A08008,Fracture Fixation,Yes,Recovered
T08009,A08009,Wound Suturing,Yes,Recovered
T08010,A08010,Vaccination,No,Recovered
T08011,A08011,Chemotherapy,No,Recovered
T08012,A08012,Skin Biopsy,No,Improved
T08013,A08013,Ventilator Support,No,Recovered
T08014,A08014,Laser Therapy,No,Recovered
T08015,A08015,Fracture Fixation,Yes,Recovered
T08016,A08016,IV Fluids,No,Recovered
T08017,A08017,Cryotherapy,No,Recovered
T08018,A08018,Ear Surgery,Yes,Recovered
T08019,A08019,ECG,No,Improved
T08020,A08020,Skin Biopsy,No,Improved
T08021,A08021,MRI Brain,No,Recovered
T08022,A08022,MRI Brain,No,Recovered
T08023,A08023,Vaccination,No,Recovered
T08024,A08024,Knee Replacement,Yes,Improved
T08025,A08025,Wound Suturing,Yes,Referred
T08026,A08026,Angioplasty,Yes,Recovered
T08027,A08027,Wound Suturing,Yes,Recovered
T08028,A08028,Knee Replacement,Yes,Improved
T08029,A08029,Chemotherapy,No,Recovered
T08030,A08030,Critical Monitoring,No,Referred
T08031,A08031,Stroke Therapy,No,Recovered
T08032,A08032,ECG,No,Improved
T08033,A08033,Ventilator Support,No,Recovered
T08034,A08034,Antibiotic Therapy,No,Improved
T08035,A08035,Physiotherapy,No,Improved
T08036,A08036,CPR,No,Recovered
T08037,A08037,Endoscopy,No,Recovered
T08038,A08038,Angioplasty,Yes,Improved
T08039,A08039,Stroke Therapy,No,Recovered
T08040,A08040,Laser Therapy,No,Recovered
T08041,A08041,Fracture Fixation,Yes,Improved
T08042,A08042,Vaccination,No,Improved
T08043,A08043,MRI Brain,No,Recovered
T08044,A08044,Laser Therapy,No,Recovered
T08045,A08045,Physiotherapy,No,Improved
T08046,A08046,Laser Therapy,No,Recovered
T08047,A08047,Bypass Surgery,Yes,Recovered
T08048,A08048,IV Fluids,No,Improved
T08049,A08049,Laser Therapy,No,Recovered
T08050,A08050,Wound Suturing,Yes,Improved
T08051,A08051,Bypass Surgery,Yes,Recovered
T08052,A08052,IV Fluids,No,Referred
T08053,A08053,EEG,No,Recovered
T08054,A08054,Cryotherapy,No,Recovered
T08055,A08055,IV Fluids,No,Recovered
T08056,A08056,Dialysis,No,Deceased
T08057,A08057,Bypass Surgery,Yes,Recovered
T08058,A08058,Bypass Surgery,Yes,Recovered
T08059,A08059,EEG,No,Recovered
T08060,A08060,Dialysis,No,Improved
T08061,A08061,Bypass Surgery,Yes,Recovered
T08062,A08062,Nebulization,No,Referred
T08063,A08063,Dialysis,No,Referred
T08064,A08064,EEG,No,Recovered
T08065,A08065,Dialysis,No,Recovered
T08066,A08066,Stroke Therapy,No,Recovered
T08067,A08067,Laser Therapy,No,Recovered
T08068,A08068,Physiotherapy,No,Recovered
T08069,A08069,IV Fluids,No,Recovered
T08070,A08070,EEG,No,Improved
T08071,A08071,Ventilator Support,No,Improved
T08072,A08072,Cryotherapy,No,Recovered
T08073,A08073,Bypass Surgery,Yes,Recovered
T08074,A08074,Immunotherapy,No,Recovered
T08075,A08075,Sinus Surgery,Yes,Recovered
T08076,A08076,Wound Suturing,Yes,Recovered
T08077,A08077,Skin Biopsy,No,Recovered
T08078,A08078,Physiotherapy,No,Improved
T08079,A08079,Endoscopy,No,Recovered
T08080,A08080,Critical Monitoring,No,Improved
T08081,A08081,Dialysis,No,Recovered
T08082,A08082,Antibiotic Therapy,No,Improved
T08083,A08083,Nebulization,No,Recovered
T08084,A08084,Laser Therapy,No,Improved
T08085,A08085,IV Fluids,No,Recovered
T08086,A08086,Wound Suturing,Yes,Recovered
T08087,A08087,IV Fluids,No,Recovered
T08088,A08088,Chemotherapy,No,Referred
T08089,A08089,IV Fluids,No,Deceased
T08090,A08090,Fracture Fixation,Yes,Recovered
T08091,A08091,Radiation Therapy,No,Referred
T08092,A08092,IV Fluids,No,Referred
T08093,A08093,Critical Monitoring,No,Recovered
T08094,A08094,IV Fluids,No,Recovered
T08095,A08095,IV Fluids,No,Recovered
T08096,A08096,Chemotherapy,No,Deceased
T08097,A08097,Immunotherapy,No,Deceased
T08098,A08098,Bypass Surgery,Yes,Recovered
T08099,A08099,IV Fluids,No,Recovered
T08100,A08100,Ear Surgery,Yes,Recovered
T08101,A08101,Ventilator Support,No,Recovered
T08102,A08102,Fracture Fixation,Yes,Recovered
T08103,A08103,Ear Surgery,Yes,Recovered
T08104,A08104,EEG,No,Recovered
T08105,A08105,Ear Surgery,Yes,Improved
T08106,A08106,Antibiotic Therapy,No,Recovered
T08107,A08107,Fracture Fixation,Yes,Recovered
T08108,A08108,Physiotherapy,No,Recovered
T08109,A08109,MRI Brain,No,Recovered
T08110,A08110,IV Fluids,No,Improved
T08111,A08111,Nebulization,No,Recovered
T08112,A08112,Chemotherapy,No,Recovered
T08113,A08113,Critical Monitoring,No,Recovered
T08114,A08114,Knee Replacement,Yes,Referred
T08115,A08115,Radiation Therapy,No,Improved
T08116,A08116,Trauma Care,No,Recovered
T08117,A08117,Bypass Surgery,Yes,Recovered
T08118,A08118,Ventilator Support,No,Recovered
T08119,A08119,Radiation Therapy,No,Recovered
T08120,A08120,Immunotherapy,No,Recovered
T08121,A08121,MRI Brain,No,Recovered
T08122,A08122,Antibiotic Therapy,No,Recovered
T08123,A08123,IV Fluids,No,Improved
T08124,A08124,Ventilator Support,No,Recovered
T08125,A08125,Knee Replacement,Yes,Recovered
T08126,A08126,IV Fluids,No,Recovered
T08127,A08127,MRI Brain,No,Referred
T08128,A08128,Sinus Surgery,Yes,Recovered
T08129,A08129,Ventilator Support,No,Recovered
T08130,A08130,Dialysis,No,Recovered
T08131,A08131,Physiotherapy,No,Improved
T08132,A08132,Wound Suturing,Yes,Recovered
T08133,A08133,Ear Surgery,Yes,Improved
T08134,A08134,Nebulization,No,Improved
T08135,A08135,Stroke Therapy,No,Recovered
T08136,A08136,Radiation Therapy,No,Improved
T08137,A08137,Sinus Surgery,Yes,Recovered
T08138,A08138,Dialysis,No,Recovered
T08139,A08139,IV Fluids,No,Recovered
T08140,A08140,Bypass Surgery,Yes,Recovered
T08141,A08141,Trauma Care,No,Recovered
T08142,A08142,Critical Monitoring,No,Recovered
T08143,A08143,Wound Suturing,Yes,Recovered
T08144,A08144,Sinus Surgery,Yes,Recovered
T08145,A08145,Ventilator Support,No,Recovered
T08146,A08146,Immunotherapy,No,Recovered
T08147,A08147,Ventilator Support,No,Improved
T08148,A08148,Fracture Fixation,Yes,Recovered
T08149,A08149,Laser Therapy,No,Recovered
T08150,A08150,MRI Brain,No,Improved
T08151,A08151,Vaccination,No,Recovered
T08152,A08152,Wound Suturing,Yes,Referred
T08153,A08153,EEG,No,Referred
T08154,A08154,Fracture Fixation,Yes,Recovered
T08155,A08155,Vaccination,No,Recovered
T08156,A08156,Skin Biopsy,No,Recovered
T08157,A08157,Radiation Therapy,No,Recovered
T08158,A08158,Vaccination,No,Recovered
T08159,A08159,EEG,No,Recovered
T08160,A08160,Stroke Therapy,No,Recovered
T08161,A08161,Knee Replacement,Yes,Recovered
T08162,A08162,Wound Suturing,Yes,Recovered
T08163,A08163,Laser Therapy,No,Recovered
T08164,A08164,ECG,No,Recovered
T08165,A08165,Endoscopy,No,Recovered
T08166,A08166,Critical Monitoring,No,Recovered
T08167,A08167,Chemotherapy,No,Improved
T08168,A08168,Nebulization,No,Recovered
T08169,A08169,Chemotherapy,No,Recovered
T08170,A08170,ECG,No,Recovered
T08171,A08171,Endoscopy,No,Recovered
T08172,A08172,Sinus Surgery,Yes,Recovered
T08173,A08173,Nebulization,No,Recovered
T08174,A08174,Stroke Therapy,No,Recovered
T08175,A08175,Sinus Surgery,Yes,Recovered
T08176,A08176,Ear Surgery,Yes,Recovered
T08177,A08177,Sinus Surgery,Yes,Recovered
T08178,A08178,Trauma Care,No,Recovered
T08179,A08179,Fracture Fixation,Yes,Recovered
T08180,A08180,EEG,No,Recovered
T08181,A08181,EEG,No,Recovered
T08182,A08182,CPR,No,Recovered
T08183,A08183,Stroke Therapy,No,Improved
T08184,A08184,MRI Brain,No,Recovered
T08185,A08185,Trauma Care,No,Recovered
T08186,A08186,MRI Brain,No,Recovered
T08187,A08187,Ventilator Support,No,Recovered
T08188,A08188,ECG,No,Recovered
T08189,A08189,Dialysis,No,Recovered
T08190,A08190,IV Fluids,No,Improved
T08191,A08191,Vaccination,No,Recovered
T08192,A08192,Vaccination,No,Recovered
T08193,A08193,Ear Surgery,Yes,Recovered
T08194,A08194,Ear Surgery,Yes,Improved
T08195,A08195,Immunotherapy,No,Improved
T08196,A08196,Antibiotic Therapy,No,Recovered
T08197,A08197,Insulin Therapy,No,Recovered
T08198,A08198,Fracture Fixation,Yes,Recovered
T08199,A08199,Ventilator Support,No,Improved
T08200,A08200,Ventilator Support,No,Improved
T08201,A08201,Knee Replacement,Yes,Recovered
T08202,A08202,Angioplasty,Yes,Recovered
T08203,A08203,Knee Replacement,Yes,Recovered
T08204,A08204,Fracture Fixation,Yes,Improved
T08205,A08205,Ventilator Support,No,Recovered
T08206,A08206,Chemotherapy,No,Recovered
T08207,A08207,Radiation Therapy,No,Recovered
T08208,A08208,Dialysis,No,Recovered
T08209,A08209,Nebulization,No,Recovered
T08210,A08210,IV Fluids,No,Recovered
T08211,A08211,Endoscopy,No,Recovered
T08212,A08212,Endoscopy,No,Recovered
T08213,A08213,Physiotherapy,No,Referred
T08214,A08214,Sinus Surgery,Yes,Improved
T08215,A08215,Physiotherapy,No,Improved
T08216,A08216,Antibiotic Therapy,No,Recovered
T08217,A08217,Dialysis,No,Recovered
T08218,A08218,Sinus Surgery,Yes,Recovered
T08219,A08219,Dialysis,No,Recovered
T08220,A08220,Vaccination,No,Recovered
T08221,A08221,Physiotherapy,No,Deceased
T08222,A08222,Sinus Surgery,Yes,Recovered
T08223,A08223,Wound Suturing,Yes,Recovered
T08224,A08224,Stroke Therapy,No,Recovered
T08225,A08225,Nebulization,No,Recovered
T08226,A08226,Vaccination,No,Recovered
T08227,A08227,Physiotherapy,No,Improved
T08228,A08228,Knee Replacement,Yes,Improved
T08229,A08229,Critical Monitoring,No,Recovered
T08230,A08230,Sinus Surgery,Yes,Recovered
T08231,A08231,Insulin Therapy,No,Recovered
T08232,A08232,MRI Brain,No,Referred
T08233,A08233,Laser Therapy,No,Recovered
T08234,A08234,Radiation Therapy,No,Improved
T08235,A08235,Radiation Therapy,No,Improved
T08236,A08236,Laser Therapy,No,Recovered
T08237,A08237,Vaccination,No,Recovered
T08238,A08238,Insulin Therapy,No,Improved
T08239,A08239,MRI Brain,No,Recovered
T08240,A08240,Ventilator Support,No,Recovered
T08241,A08241,Sinus Surgery,Yes,Improved
T08242,A08242,IV Fluids,No,Recovered
T08243,A08243,Nebulization,No,Recovered
T08244,A08244,EEG,No,Recovered
T08245,A08245,Vaccination,No,Referred
T08246,A08246,Wound Suturing,Yes,Recovered
T08247,A08247,Wound Suturing,Yes,Recovered
T08248,A08248,Critical Monitoring,No,Recovered
T08249,A08249,Chemotherapy,No,Recovered
T08250,A08250,Critical Monitoring,No,Recovered
T08251,A08251,Ventilator Support,No,Recovered
T08252,A08252,MRI Brain,No,Recovered
T08253,A08253,Wound Suturing,Yes,Recovered
T08254,A08254,Nebulization,No,Recovered
T08255,A08255,Critical Monitoring,No,Recovered
T08256,A08256,Immunotherapy,No,Recovered
T08257,A08257,Laser Therapy,No,Recovered
T08258,A08258,Critical Monitoring,No,Recovered
T08259,A08259,Angioplasty,Yes,Improved
T08260,A08260,Angioplasty,Yes,Improved
T08261,A08261,Ear Surgery,Yes,Recovered
T08262,A08262,Antibiotic Therapy,No,Improved
T08263,A08263,Physiotherapy,No,Recovered
T08264,A08264,Fracture Fixation,Yes,Referred
T08265,A08265,Knee Replacement,Yes,Recovered
T08266,A08266,Endoscopy,No,Recovered
T08267,A08267,IV Fluids,No,Recovered
T08268,A08268,Ventilator Support,No,Recovered
T08269,A08269,Ventilator Support,No,Recovered
T08270,A08270,IV Fluids,No,Recovered
T08271,A08271,Trauma Care,No,Recovered
T08272,A08272,Nebulization,No,Recovered
T08273,A08273,Skin Biopsy,No,Recovered
T08274,A08274,IV Fluids,No,Recovered
T08275,A08275,Trauma Care,No,Recovered
T08276,A08276,EEG,No,Recovered
T08277,A08277,Ear Surgery,Yes,Recovered
T08278,A08278,Ear Surgery,Yes,Recovered
T08279,A08279,MRI Brain,No,Recovered
T08280,A08280,Stroke Therapy,No,Improved
T08281,A08281,Ear Surgery,Yes,Recovered
T08282,A08282,Ear Surgery,Yes,Referred
T08283,A08283,Sinus Surgery,Yes,Recovered
T08284,A08284,Endoscopy,No,Recovered
T08285,A08285,Nebulization,No,Recovered
T08286,A08286,Dialysis,No,Improved
T08287,A08287,Laser Therapy,No,Recovered
T08288,A08288,Cryotherapy,No,Improved
T08289,A08289,Immunotherapy,No,Recovered
T08290,A08290,Antibiotic Therapy,No,Recovered
T08291,A08291,ECG,No,Recovered
T08292,A08292,Physiotherapy,No,Recovered
T08293,A08293,Cryotherapy,No,Recovered
T08294,A08294,EEG,No,Improved
T08295,A08295,Insulin Therapy,No,Recovered
T08296,A08296,Ear Surgery,Yes,Recovered
T08297,A08297,Sinus Surgery,Yes,Recovered
T08298,A08298,Endoscopy,No,Recovered
T08299,A08299,Cryotherapy,No,Deceased
T08300,A08300,ECG,No,Referred
T08301,A08301,Wound Suturing,Yes,Improved
T08302,A08302,Nebulization,No,Recovered
T08303,A08303,Chemotherapy,No,Recovered
T08304,A08304,Fracture Fixation,Yes,Improved
T08305,A08305,Vaccination,No,Recovered
T08306,A08306,Trauma Care,No,Referred
T08307,A08307,Cryotherapy,No,Recovered
T08308,A08308,Wound Suturing,Yes,Recovered
T08309,A08309,Wound Suturing,Yes,Recovered
T08310,A08310,Knee Replacement,Yes,Recovered
T08311,A08311,Vaccination,No,Recovered
T08312,A08312,Radiation Therapy,No,Referred
T08313,A08313,CPR,No,Recovered
T08314,A08314,Dialysis,No,Referred
T08315,A08315,Chemotherapy,No,Recovered
T08316,A08316,Stroke Therapy,No,Recovered
T08317,A08317,Dialysis,No,Deceased
T08318,A08318,Sinus Surgery,Yes,Referred
T08319,A08319,Fracture Fixation,Yes,Recovered
T08320,A08320,Sinus Surgery,Yes,Improved
T08321,A08321,Wound Suturing,Yes,Referred
T08322,A08322,IV Fluids,No,Recovered
T08323,A08323,Wound Suturing,Yes,Recovered
T08324,A08324,ECG,No,Recovered
T08325,A08325,Critical Monitoring,No,Improved
T08326,A08326,Nebulization,No,Recovered
T08327,A08327,Knee Replacement,Yes,Recovered
T08328,A08328,Vaccination,No,Recovered
T08329,A08329,Fracture Fixation,Yes,Improved
T08330,A08330,Skin Biopsy,No,Recovered
T08331,A08331,IV Fluids,No,Recovered
T08332,A08332,Trauma Care,No,Referred
T08333,A08333,Critical Monitoring,No,Recovered
T08334,A08334,Ventilator Support,No,Recovered
T08335,A08335,ECG,No,Recovered
T08336,A08336,Stroke Therapy,No,Deceased
T08337,A08337,Sinus Surgery,Yes,Recovered
T08338,A08338,Endoscopy,No,Recovered
T08339,A08339,Immunotherapy,No,Recovered
T08340,A08340,Ventilator Support,No,Improved
T08341,A08341,Stroke Therapy,No,Recovered
T08342,A08342,Bypass Surgery,Yes,Recovered
T08343,A08343,Chemotherapy,No,Recovered
T08344,A08344,Ear Surgery,Yes,Improved
T08345,A08345,Nebulization,No,Improved
T08346,A08346,Radiation Therapy,No,Recovered
T08347,A08347,Immunotherapy,No,Recovered
T08348,A08348,Antibiotic Therapy,No,Recovered
T08349,A08349,CPR,No,Recovered
T08350,A08350,MRI Brain,No,Recovered
T08351,A08351,Stroke Therapy,No,Recovered
T08352,A08352,Physiotherapy,No,Recovered
T08353,A08353,Sinus Surgery,Yes,Recovered
T08354,A08354,Endoscopy,No,Recovered
T08355,A08355,IV Fluids,No,Improved
T08356,A08356,Physiotherapy,No,Recovered
T08357,A08357,IV Fluids,No,Improved
T08358,A08358,Wound Suturing,Yes,Referred
T08359,A08359,Stroke Therapy,No,Recovered
T08360,A08360,Physiotherapy,No,Improved
T08361,A08361,Angioplasty,Yes,Improved
T08362,A08362,ECG,No,Improved
T08363,A08363,Sinus Surgery,Yes,Recovered
T08364,A08364,Ventilator Support,No,Recovered
T08365,A08365,Chemotherapy,No,Improved
T08366,A08366,ECG,No,Recovered
T08367,A08367,Endoscopy,No,Improved
T08368,A08368,Chemotherapy,No,Recovered
T08369,A08369,Laser Therapy,No,Recovered
T08370,A08370,IV Fluids,No,Recovered
T08371,A08371,Stroke Therapy,No,Recovered
T08372,A08372,Physiotherapy,No,Recovered
T08373,A08373,IV Fluids,No,Recovered
T08374,A08374,Fracture Fixation,Yes,Referred
T08375,A08375,CPR,No,Referred
T08376,A08376,Immunotherapy,No,Improved
T08377,A08377,IV Fluids,No,Referred
T08378,A08378,Ear Surgery,Yes,Improved
T08379,A08379,IV Fluids,No,Recovered
T08380,A08380,MRI Brain,No,Recovered
T08381,A08381,Nebulization,No,Recovered
T08382,A08382,ECG,No,Improved
T08383,A08383,Dialysis,No,Recovered
T08384,A08384,Wound Suturing,Yes,Recovered
T08385,A08385,Dialysis,No,Improved
T08386,A08386,Knee Replacement,Yes,Recovered
T08387,A08387,IV Fluids,No,Improved
T08388,A08388,CPR,No,Recovered
T08389,A08389,Knee Replacement,Yes,Referred
T08390,A08390,Endoscopy,No,Improved
T08391,A08391,MRI Brain,No,Recovered
T08392,A08392,ECG,No,Referred
T08393,A08393,Angioplasty,Yes,Recovered
T08394,A08394,Laser Therapy,No,Recovered
T08395,A08395,Fracture Fixation,Yes,Recovered
T08396,A08396,EEG,No,Recovered
T08397,A08397,Angioplasty,Yes,Referred
T08398,A08398,CPR,No,Recovered
T08399,A08399,Insulin Therapy,No,Improved
T08400,A08400,Immunotherapy,No,Recovered
T08401,A08401,Wound Suturing,Yes,Improved
T08402,A08402,Angioplasty,Yes,Recovered
T08403,A08403,Chemotherapy,No,Recovered
T08404,A08404,Endoscopy,No,Recovered
T08405,A08405,MRI Brain,No,Recovered
T08406,A08406,IV Fluids,No,Improved
T08407,A08407,Immunotherapy,No,Recovered
T08408,A08408,IV Fluids,No,Recovered
T08409,A08409,EEG,No,Deceased
T08410,A08410,Antibiotic Therapy,No,Referred
T08411,A08411,Vaccination,No,Recovered
T08412,A08412,CPR,No,Improved
T08413,A08413,Laser Therapy,No,Referred
T08414,A08414,IV Fluids,No,Recovered
T08415,A08415,CPR,No,Deceased
T08416,A08416,Dialysis,No,Recovered
T08417,A08417,IV Fluids,No,Recovered
T08418,A08418,CPR,No,Recovered
T08419,A08419,Ear Surgery,Yes,Recovered
T08420,A08420,IV Fluids,No,Referred
T08421,A08421,Cryotherapy,No,Recovered
T08422,A08422,Nebulization,No,Improved
T08423,A08423,Fracture Fixation,Yes,Recovered
T08424,A08424,Laser Therapy,No,Improved
T08425,A08425,Ventilator Support,No,Improved
T08426,A08426,Cryotherapy,No,Referred
T08427,A08427,Nebulization,No,Recovered
T08428,A08428,ECG,No,Recovered
T08429,A08429,Skin Biopsy,No,Recovered
T08430,A08430,Angioplasty,Yes,Recovered
T08431,A08431,MRI Brain,No,Recovered
T08432,A08432,Chemotherapy,No,Improved
T08433,A08433,Nebulization,No,Recovered
T08434,A08434,IV Fluids,No,Referred
T08435,A08435,Trauma Care,No,Recovered
T08436,A08436,Endoscopy,No,Improved
T08437,A08437,Bypass Surgery,Yes,Improved
T08438,A08438,Physiotherapy,No,Recovered
T08439,A08439,Angioplasty,Yes,Deceased
T08440,A08440,Vaccination,No,Recovered
T08441,A08441,EEG,No,Recovered
T08442,A08442,Insulin Therapy,No,Improved
T08443,A08443,Knee Replacement,Yes,Recovered
T08444,A08444,Dialysis,No,Recovered
T08445,A08445,Cryotherapy,No,Recovered
T08446,A08446,Cryotherapy,No,Recovered
T08447,A08447,Stroke Therapy,No,Recovered
T08448,A08448,IV Fluids,No,Recovered
T08449,A08449,MRI Brain,No,Referred
T08450,A08450,Physiotherapy,No,Recovered
T08451,A08451,Physiotherapy,No,Recovered
T08452,A08452,Stroke Therapy,No,Recovered
T08453,A08453,Nebulization,No,Recovered
T08454,A08454,Skin Biopsy,No,Recovered
T08455,A08455,Laser Therapy,No,Recovered
T08456,A08456,Immunotherapy,No,Recovered
T08457,A08457,Bypass Surgery,Yes,Recovered
T08458,A08458,Ear Surgery,Yes,Improved
T08459,A08459,ECG,No,Referred
T08460,A08460,MRI Brain,No,Improved
T08461,A08461,Wound Suturing,Yes,Referred
T08462,A08462,Fracture Fixation,Yes,Improved
T08463,A08463,Laser Therapy,No,Recovered
T08464,A08464,Physiotherapy,No,Recovered
T08465,A08465,Chemotherapy,No,Recovered
T08466,A08466,CPR,No,Recovered
T08467,A08467,Insulin Therapy,No,Recovered
T08468,A08468,Ear Surgery,Yes,Recovered
T08469,A08469,Laser Therapy,No,Improved
T08470,A08470,Endoscopy,No,Referred
T08471,A08471,Antibiotic Therapy,No,Recovered
T08472,A08472,IV Fluids,No,Improved
T08473,A08473,Skin Biopsy,No,Deceased
T08474,A08474,Skin Biopsy,No,Recovered
T08475,A08475,Chemotherapy,No,Recovered
T08476,A08476,IV Fluids,No,Recovered
T08477,A08477,Angioplasty,Yes,Deceased
T08478,A08478,IV Fluids,No,Recovered
T08479,A08479,Wound Suturing,Yes,Improved
T08480,A08480,Nebulization,No,Recovered
T08481,A08481,Antibiotic Therapy,No,Improved
T08482,A08482,Laser Therapy,No,Recovered
T08483,A08483,ECG,No,Recovered
T08484,A08484,Wound Suturing,Yes,Improved
T08485,A08485,Endoscopy,No,Recovered
T08486,A08486,CPR,No,Recovered
T08487,A08487,Immunotherapy,No,Referred
T08488,A08488,Wound Suturing,Yes,Recovered
T08489,A08489,IV Fluids,No,Recovered
T08490,A08490,Physiotherapy,No,Recovered
T08491,A08491,Vaccination,No,Recovered
T08492,A08492,Insulin Therapy,No,Recovered
T08493,A08493,Dialysis,No,Recovered
T08494,A08494,Antibiotic Therapy,No,Referred
T08495,A08495,CPR,No,Recovered
T08496,A08496,Immunotherapy,No,Improved
T08497,A08497,Stroke Therapy,No,Improved
T08498,A08498,Ventilator Support,No,Recovered
T08499,A08499,Insulin Therapy,No,Recovered
T08500,A08500,Critical Monitoring,No,Improved
T08501,A08501,Critical Monitoring,No,Recovered
T08502,A08502,Sinus Surgery,Yes,Recovered
T08503,A08503,Endoscopy,No,Improved
T08504,A08504,Dialysis,No,Recovered
T08505,A08505,Ventilator Support,No,Improved
T08506,A08506,CPR,No,Recovered
T08507,A08507,Wound Suturing,Yes,Recovered
T08508,A08508,Knee Replacement,Yes,Recovered
T08509,A08509,Fracture Fixation,Yes,Recovered
T08510,A08510,Knee Replacement,Yes,Recovered
T08511,A08511,Trauma Care,No,Recovered
T08512,A08512,Dialysis,No,Deceased
T08513,A08513,Radiation Therapy,No,Recovered
T08514,A08514,Sinus Surgery,Yes,Deceased
T08515,A08515,Critical Monitoring,No,Recovered
T08516,A08516,Angioplasty,Yes,Recovered
T08517,A08517,Sinus Surgery,Yes,Recovered
T08518,A08518,Trauma Care,No,Deceased
T08519,A08519,IV Fluids,No,Recovered
T08520,A08520,Skin Biopsy,No,Improved
T08521,A08521,Immunotherapy,No,Recovered
T08522,A08522,Chemotherapy,No,Recovered
T08523,A08523,ECG,No,Deceased
T08524,A08524,Angioplasty,Yes,Recovered
T08525,A08525,ECG,No,Recovered
T08526,A08526,Fracture Fixation,Yes,Recovered
T08527,A08527,ECG,No,Recovered
T08528,A08528,Nebulization,No,Recovered
T08529,A08529,Immunotherapy,No,Improved
T08530,A08530,Ear Surgery,Yes,Improved
T08531,A08531,IV Fluids,No,Referred
T08532,A08532,EEG,No,Recovered
T08533,A08533,Immunotherapy,No,Recovered
T08534,A08534,Trauma Care,No,Improved
T08535,A08535,MRI Brain,No,Recovered
T08536,A08536,IV Fluids,No,Recovered
T08537,A08537,Laser Therapy,No,Recovered
T08538,A08538,Insulin Therapy,No,Recovered
T08539,A08539,ECG,No,Referred
T08540,A08540,Bypass Surgery,Yes,Recovered
T08541,A08541,Sinus Surgery,Yes,Recovered
T08542,A08542,Wound Suturing,Yes,Recovered
T08543,A08543,ECG,No,Recovered
T08544,A08544,Immunotherapy,No,Referred
T08545,A08545,Trauma Care,No,Recovered
T08546,A08546,Skin Biopsy,No,Recovered
T08547,A08547,Critical Monitoring,No,Improved
T08548,A08548,Chemotherapy,No,Recovered
T08549,A08549,Insulin Therapy,No,Recovered
T08550,A08550,Bypass Surgery,Yes,Improved
T08551,A08551,Vaccination,No,Improved
T08552,A08552,Critical Monitoring,No,Recovered
T08553,A08553,Angioplasty,Yes,Recovered
T08554,A08554,CPR,No,Improved
T08555,A08555,Physiotherapy,No,Improved
T08556,A08556,Ear Surgery,Yes,Recovered
T08557,A08557,MRI Brain,No,Recovered
T08558,A08558,ECG,No,Recovered
T08559,A08559,IV Fluids,No,Recovered
T08560,A08560,EEG,No,Recovered
T08561,A08561,Vaccination,No,Recovered
T08562,A08562,Immunotherapy,No,Recovered
T08563,A08563,Endoscopy,No,Recovered
T08564,A08564,Fracture Fixation,Yes,Recovered
T08565,A08565,Vaccination,No,Improved
T08566,A08566,Angioplasty,Yes,Recovered
T08567,A08567,Radiation Therapy,No,Recovered
T08568,A08568,Ventilator Support,No,Recovered
T08569,A08569,MRI Brain,No,Improved
T08570,A08570,Antibiotic Therapy,No,Recovered
T08571,A08571,Insulin Therapy,No,Improved
T08572,A08572,Antibiotic Therapy,No,Recovered
T08573,A08573,Bypass Surgery,Yes,Recovered
T08574,A08574,Cryotherapy,No,Recovered
T08575,A08575,MRI Brain,No,Improved
T08576,A08576,CPR,No,Recovered
T08577,A08577,IV Fluids,No,Recovered
T08578,A08578,ECG,No,Recovered
T08579,A08579,Ventilator Support,No,Recovered
T08580,A08580,Bypass Surgery,Yes,Recovered
T08581,A08581,MRI Brain,No,Improved
T08582,A08582,ECG,No,Recovered
T08583,A08583,Angioplasty,Yes,Recovered
T08584,A08584,Skin Biopsy,No,Recovered
T08585,A08585,Physiotherapy,No,Improved
T08586,A08586,Knee Replacement,Yes,Recovered
T08587,A08587,Radiation Therapy,No,Recovered
T08588,A08588,Critical Monitoring,No,Recovered
T08589,A08589,Knee Replacement,Yes,Recovered
T08590,A08590,CPR,No,Recovered
T08591,A08591,Laser Therapy,No,Recovered
T08592,A08592,CPR,No,Improved
T08593,A08593,Bypass Surgery,Yes,Recovered
T08594,A08594,Dialysis,No,Referred
T08595,A08595,Angioplasty,Yes,Recovered
T08596,A08596,Fracture Fixation,Yes,Recovered
T08597,A08597,Insulin Therapy,No,Recovered
T08598,A08598,Vaccination,No,Improved
T08599,A08599,Endoscopy,No,Recovered
T08600,A08600,IV Fluids,No,Recovered
T08601,A08601,Knee Replacement,Yes,Recovered
T08602,A08602,Sinus Surgery,Yes,Recovered
T08603,A08603,Skin Biopsy,No,Recovered
T08604,A08604,CPR,No,Recovered
T08605,A08605,Sinus Surgery,Yes,Recovered
T08606,A08606,Critical Monitoring,No,Recovered
T08607,A08607,Chemotherapy,No,Recovered
T08608,A08608,Angioplasty,Yes,Improved
T08609,A08609,Angioplasty,Yes,Recovered
T08610,A08610,Angioplasty,Yes,Recovered
T08611,A08611,Insulin Therapy,No,Recovered
T08612,A08612,Fracture Fixation,Yes,Recovered
T08613,A08613,Radiation Therapy,No,Recovered
T08614,A08614,Critical Monitoring,No,Recovered
T08615,A08615,Ear Surgery,Yes,Recovered
T08616,A08616,CPR,No,Recovered
T08617,A08617,Knee Replacement,Yes,Recovered
T08618,A08618,Sinus Surgery,Yes,Improved
T08619,A08619,EEG,No,Improved
T08620,A08620,Immunotherapy,No,Recovered
T08621,A08621,ECG,No,Recovered
T08622,A08622,Ventilator Support,No,Recovered
T08623,A08623,Wound Suturing,Yes,Recovered
T08624,A08624,Insulin Therapy,No,Improved
T08625,A08625,Physiotherapy,No,Referred
T08626,A08626,Critical Monitoring,No,Recovered
T08627,A08627,Cryotherapy,No,Referred
T08628,A08628,CPR,No,Recovered
T08629,A08629,Endoscopy,No,Recovered
T08630,A08630,Skin Biopsy,No,Recovered
T08631,A08631,Immunotherapy,No,Improved
T08632,A08632,Wound Suturing,Yes,Recovered
T08633,A08633,Ear Surgery,Yes,Recovered
T08634,A08634,Ear Surgery,Yes,Recovered
T08635,A08635,Dialysis,No,Improved
T08636,A08636,Knee Replacement,Yes,Recovered
T08637,A08637,Sinus Surgery,Yes,Recovered
T08638,A08638,CPR,No,Recovered
T08639,A08639,CPR,No,Recovered
T08640,A08640,Nebulization,No,Recovered
T08641,A08641,Wound Suturing,Yes,Recovered
T08642,A08642,ECG,No,Recovered
T08643,A08643,Stroke Therapy,No,Recovered
T08644,A08644,Trauma Care,No,Recovered
T08645,A08645,Sinus Surgery,Yes,Recovered
T08646,A08646,IV Fluids,No,Recovered
T08647,A08647,Chemotherapy,No,Recovered
T08648,A08648,Fracture Fixation,Yes,Recovered
T08649,A08649,ECG,No,Recovered
T08650,A08650,Laser Therapy,No,Recovered
T08651,A08651,Bypass Surgery,Yes,Recovered
T08652,A08652,CPR,No,Deceased
T08653,A08653,Antibiotic Therapy,No,Recovered
T08654,A08654,Ventilator Support,No,Recovered
T08655,A08655,ECG,No,Recovered
T08656,A08656,Skin Biopsy,No,Recovered
T08657,A08657,MRI Brain,No,Referred
T08658,A08658,Sinus Surgery,Yes,Recovered
T08659,A08659,Knee Replacement,Yes,Recovered
T08660,A08660,Radiation Therapy,No,Improved
T08661,A08661,Chemotherapy,No,Recovered
T08662,A08662,ECG,No,Recovered
T08663,A08663,Chemotherapy,No,Improved
T08664,A08664,CPR,No,Recovered
T08665,A08665,Physiotherapy,No,Referred
T08666,A08666,Ventilator Support,No,Recovered
T08667,A08667,Bypass Surgery,Yes,Recovered
T08668,A08668,Vaccination,No,Recovered
T08669,A08669,Critical Monitoring,No,Improved
T08670,A08670,Nebulization,No,Improved
T08671,A08671,Chemotherapy,No,Improved
T08672,A08672,Radiation Therapy,No,Recovered
T08673,A08673,Critical Monitoring,No,Recovered
T08674,A08674,Immunotherapy,No,Recovered
T08675,A08675,IV Fluids,No,Recovered
T08676,A08676,Dialysis,No,Improved
T08677,A08677,IV Fluids,No,Recovered
T08678,A08678,Ventilator Support,No,Improved
T08679,A08679,IV Fluids,No,Recovered
T08680,A08680,Immunotherapy,No,Recovered
T08681,A08681,Vaccination,No,Improved
T08682,A08682,Chemotherapy,No,Improved
T08683,A08683,Endoscopy,No,Recovered
T08684,A08684,Trauma Care,No,Recovered
T08685,A08685,Laser Therapy,No,Recovered
T08686,A08686,IV Fluids,No,Recovered
T08687,A08687,Cryotherapy,No,Recovered
T08688,A08688,Chemotherapy,No,Improved
T08689,A08689,Bypass Surgery,Yes,Recovered
T08690,A08690,CPR,No,Improved
T08691,A08691,Sinus Surgery,Yes,Improved
T08692,A08692,Knee Replacement,Yes,Recovered
T08693,A08693,ECG,No,Improved
T08694,A08694,ECG,No,Recovered
T08695,A08695,MRI Brain,No,Recovered
T08696,A08696,Fracture Fixation,Yes,Recovered
T08697,A08697,EEG,No,Improved
T08698,A08698,Nebulization,No,Recovered
T08699,A08699,Trauma Care,No,Recovered
T08700,A08700,Skin Biopsy,No,Recovered
T08701,A08701,Radiation Therapy,No,Recovered
T08702,A08702,Trauma Care,No,Recovered
T08703,A08703,Endoscopy,No,Improved
T08704,A08704,EEG,No,Recovered
T08705,A08705,CPR,No,Improved
T08706,A08706,IV Fluids,No,Deceased
T08707,A08707,Stroke Therapy,No,Recovered
T08708,A08708,EEG,No,Recovered
T08709,A08709,EEG,No,Recovered
T08710,A08710,Dialysis,No,Recovered
T08711,A08711,Physiotherapy,No,Improved
T08712,A08712,Wound Suturing,Yes,Recovered
T08713,A08713,IV Fluids,No,Recovered
T08714,A08714,Antibiotic Therapy,No,Improved
T08715,A08715,Vaccination,No,Recovered
T08716,A08716,Sinus Surgery,Yes,Recovered
T08717,A08717,Critical Monitoring,No,Recovered
T08718,A08718,ECG,No,Improved
T08719,A08719,Fracture Fixation,Yes,Improved
T08720,A08720,Ventilator Support,No,Referred
T08721,A08721,Chemotherapy,No,Improved
T08722,A08722,EEG,No,Referred
T08723,A08723,Chemotherapy,No,Recovered
T08724,A08724,Knee Replacement,Yes,Referred
T08725,A08725,IV Fluids,No,Improved
T08726,A08726,Insulin Therapy,No,Recovered
T08727,A08727,Chemotherapy,No,Recovered
T08728,A08728,Trauma Care,No,Improved
T08729,A08729,Vaccination,No,Referred
T08730,A08730,Cryotherapy,No,Improved
T08731,A08731,CPR,No,Improved
T08732,A08732,Skin Biopsy,No,Recovered
T08733,A08733,Chemotherapy,No,Recovered
T08734,A08734,Critical Monitoring,No,Recovered
T08735,A08735,Sinus Surgery,Yes,Recovered
T08736,A08736,Chemotherapy,No,Improved
T08737,A08737,Chemotherapy,No,Recovered
T08738,A08738,ECG,No,Recovered
T08739,A08739,Vaccination,No,Recovered
T08740,A08740,Skin Biopsy,No,Recovered
T08741,A08741,Bypass Surgery,Yes,Recovered
T08742,A08742,Nebulization,No,Improved
T08743,A08743,Immunotherapy,No,Recovered
T08744,A08744,Knee Replacement,Yes,Recovered
T08745,A08745,Immunotherapy,No,Recovered
T08746,A08746,Stroke Therapy,No,Recovered
T08747,A08747,Trauma Care,No,Improved
T08748,A08748,IV Fluids,No,Recovered
T08749,A08749,Cryotherapy,No,Recovered
T08750,A08750,Nebulization,No,Recovered
T08751,A08751,Endoscopy,No,Improved
T08752,A08752,Cryotherapy,No,Recovered
T08753,A08753,Critical Monitoring,No,Recovered
T08754,A08754,Vaccination,No,Recovered
T08755,A08755,CPR,No,Recovered
T08756,A08756,Fracture Fixation,Yes,Improved
T08757,A08757,Immunotherapy,No,Referred
T08758,A08758,Ear Surgery,Yes,Improved
T08759,A08759,Nebulization,No,Recovered
T08760,A08760,Cryotherapy,No,Recovered
T08761,A08761,Immunotherapy,No,Recovered
T08762,A08762,IV Fluids,No,Recovered
T08763,A08763,Trauma Care,No,Recovered
T08764,A08764,ECG,No,Recovered
T08765,A08765,Critical Monitoring,No,Recovered
T08766,A08766,Sinus Surgery,Yes,Recovered
T08767,A08767,Skin Biopsy,No,Recovered
T08768,A08768,Knee Replacement,Yes,Recovered
T08769,A08769,Trauma Care,No,Recovered
T08770,A08770,Angioplasty,Yes,Recovered
T08771,A08771,Wound Suturing,Yes,Recovered
T08772,A08772,MRI Brain,No,Recovered
T08773,A08773,Ear Surgery,Yes,Recovered
T08774,A08774,Insulin Therapy,No,Recovered
T08775,A08775,Bypass Surgery,Yes,Recovered
T08776,A08776,Angioplasty,Yes,Improved
T08777,A08777,Dialysis,No,Recovered
T08778,A08778,Knee Replacement,Yes,Recovered
T08779,A08779,Insulin Therapy,No,Recovered
T08780,A08780,Insulin Therapy,No,Improved
T08781,A08781,Antibiotic Therapy,No,Recovered
T08782,A08782,Dialysis,No,Recovered
T08783,A08783,Ear Surgery,Yes,Recovered
T08784,A08784,Fracture Fixation,Yes,Improved
T08785,A08785,Knee Replacement,Yes,Improved
T08786,A08786,CPR,No,Improved
T08787,A08787,Endoscopy,No,Recovered
T08788,A08788,Radiation Therapy,No,Recovered
T08789,A08789,Angioplasty,Yes,Recovered
T08790,A08790,EEG,No,Recovered
T08791,A08791,Cryotherapy,No,Recovered
T08792,A08792,Ear Surgery,Yes,Improved
T08793,A08793,Immunotherapy,No,Referred
T08794,A08794,EEG,No,Recovered
T08795,A08795,MRI Brain,No,Recovered
T08796,A08796,Vaccination,No,Referred
T08797,A08797,Radiation Therapy,No,Recovered
T08798,A08798,Bypass Surgery,Yes,Recovered
T08799,A08799,Cryotherapy,No,Referred
T08800,A08800,Immunotherapy,No,Recovered
T08801,A08801,Physiotherapy,No,Improved
T08802,A08802,Physiotherapy,No,Recovered
T08803,A08803,Angioplasty,Yes,Recovered
T08804,A08804,Trauma Care,No,Recovered
T08805,A08805,Wound Suturing,Yes,Improved
T08806,A08806,Fracture Fixation,Yes,Recovered
T08807,A08807,Insulin Therapy,No,Recovered
T08808,A08808,Fracture Fixation,Yes,Recovered
T08809,A08809,ECG,No,Recovered
T08810,A08810,Laser Therapy,No,Recovered
T08811,A08811,Wound Suturing,Yes,Improved
T08812,A08812,Endoscopy,No,Recovered
T08813,A08813,CPR,No,Recovered
T08814,A08814,Dialysis,No,Recovered
T08815,A08815,Trauma Care,No,Recovered
T08816,A08816,Radiation Therapy,No,Improved
T08817,A08817,Chemotherapy,No,Recovered
T08818,A08818,Endoscopy,No,Improved
T08819,A08819,Angioplasty,Yes,Recovered
T08820,A08820,Stroke Therapy,No,Referred
T08821,A08821,Radiation Therapy,No,Recovered
T08822,A08822,Skin Biopsy,No,Improved
T08823,A08823,Wound Suturing,Yes,Referred
T08824,A08824,EEG,No,Recovered
T08825,A08825,IV Fluids,No,Referred
T08826,A08826,Sinus Surgery,Yes,Improved
T08827,A08827,Fracture Fixation,Yes,Recovered
T08828,A08828,Ventilator Support,No,Improved
T08829,A08829,Knee Replacement,Yes,Recovered
T08830,A08830,Bypass Surgery,Yes,Recovered
T08831,A08831,Fracture Fixation,Yes,Referred
T08832,A08832,EEG,No,Recovered
T08833,A08833,Skin Biopsy,No,Recovered
T08834,A08834,Wound Suturing,Yes,Recovered
T08835,A08835,Laser Therapy,No,Improved
T08836,A08836,Physiotherapy,No,Recovered
T08837,A08837,Immunotherapy,No,Recovered
T08838,A08838,MRI Brain,No,Improved
T08839,A08839,Cryotherapy,No,Recovered
T08840,A08840,Insulin Therapy,No,Recovered
T08841,A08841,Critical Monitoring,No,Recovered
T08842,A08842,Radiation Therapy,No,Recovered
T08843,A08843,Fracture Fixation,Yes,Recovered
T08844,A08844,Antibiotic Therapy,No,Recovered
T08845,A08845,Bypass Surgery,Yes,Recovered
T08846,A08846,Laser Therapy,No,Recovered
T08847,A08847,Insulin Therapy,No,Deceased
T08848,A08848,Stroke Therapy,No,Recovered
T08849,A08849,ECG,No,Recovered
T08850,A08850,Radiation Therapy,No,Recovered
T08851,A08851,EEG,No,Recovered
T08852,A08852,Nebulization,No,Improved
T08853,A08853,Ventilator Support,No,Recovered
T08854,A08854,Ventilator Support,No,Improved
T08855,A08855,Ventilator Support,No,Recovered
T08856,A08856,IV Fluids,No,Recovered
T08857,A08857,Antibiotic Therapy,No,Recovered
T08858,A08858,Insulin Therapy,No,Recovered
T08859,A08859,Immunotherapy,No,Deceased
T08860,A08860,Insulin Therapy,No,Recovered
T08861,A08861,Critical Monitoring,No,Recovered
T08862,A08862,Dialysis,No,Recovered
T08863,A08863,Stroke Therapy,No,Recovered
T08864,A08864,Chemotherapy,No,Recovered
T08865,A08865,Stroke Therapy,No,Improved
T08866,A08866,Immunotherapy,No,Recovered
T08867,A08867,Trauma Care,No,Referred
T08868,A08868,Physiotherapy,No,Improved
T08869,A08869,Knee Replacement,Yes,Improved
T08870,A08870,Radiation Therapy,No,Deceased
T08871,A08871,Chemotherapy,No,Recovered
T08872,A08872,Bypass Surgery,Yes,Improved
T08873,A08873,Antibiotic Therapy,No,Improved
T08874,A08874,Immunotherapy,No,Improved
T08875,A08875,Fracture Fixation,Yes,Referred
T08876,A08876,Ventilator Support,No,Improved
T08877,A08877,Fracture Fixation,Yes,Recovered
T08878,A08878,Angioplasty,Yes,Improved
T08879,A08879,Insulin Therapy,No,Recovered
T08880,A08880,EEG,No,Recovered
T08881,A08881,Chemotherapy,No,Recovered
T08882,A08882,IV Fluids,No,Recovered
T08883,A08883,Bypass Surgery,Yes,Improved
T08884,A08884,Angioplasty,Yes,Improved
T08885,A08885,Bypass Surgery,Yes,Recovered
T08886,A08886,Physiotherapy,No,Referred
T08887,A08887,Ear Surgery,Yes,Improved
T08888,A08888,CPR,No,Recovered
T08889,A08889,Stroke Therapy,No,Recovered
T08890,A08890,Dialysis,No,Recovered
T08891,A08891,Trauma Care,No,Recovered
T08892,A08892,Critical Monitoring,No,Recovered
T08893,A08893,MRI Brain,No,Improved
T08894,A08894,Critical Monitoring,No,Improved
T08895,A08895,Nebulization,No,Recovered
T08896,A08896,Laser Therapy,No,Recovered
T08897,A08897,Laser Therapy,No,Recovered
T08898,A08898,Dialysis,No,Improved
T08899,A08899,EEG,No,Recovered
T08900,A08900,Radiation Therapy,No,Recovered
T08901,A08901,IV Fluids,No,Recovered
T08902,A08902,Insulin Therapy,No,Recovered
T08903,A08903,Cryotherapy,No,Recovered
T08904,A08904,Vaccination,No,Recovered
T08905,A08905,Wound Suturing,Yes,Recovered
T08906,A08906,ECG,No,Recovered
T08907,A08907,Trauma Care,No,Recovered
T08908,A08908,EEG,No,Recovered
T08909,A08909,EEG,No,Recovered
T08910,A08910,Immunotherapy,No,Recovered
T08911,A08911,Knee Replacement,Yes,Recovered
T08912,A08912,Laser Therapy,No,Recovered
T08913,A08913,IV Fluids,No,Recovered
T08914,A08914,IV Fluids,No,Recovered
T08915,A08915,Bypass Surgery,Yes,Recovered
T08916,A08916,IV Fluids,No,Recovered
T08917,A08917,Insulin Therapy,No,Referred
T08918,A08918,Skin Biopsy,No,Improved
T08919,A08919,Vaccination,No,Recovered
T08920,A08920,Fracture Fixation,Yes,Recovered
T08921,A08921,Dialysis,No,Improved
T08922,A08922,Trauma Care,No,Improved
T08923,A08923,Insulin Therapy,No,Recovered
T08924,A08924,Cryotherapy,No,Recovered
T08925,A08925,Radiation Therapy,No,Referred
T08926,A08926,Ventilator Support,No,Recovered
T08927,A08927,Trauma Care,No,Improved
T08928,A08928,Dialysis,No,Improved
T08929,A08929,IV Fluids,No,Recovered
T08930,A08930,Knee Replacement,Yes,Recovered
T08931,A08931,Ventilator Support,No,Recovered
T08932,A08932,Insulin Therapy,No,Recovered
T08933,A08933,IV Fluids,No,Recovered
T08934,A08934,Physiotherapy,No,Recovered
T08935,A08935,Trauma Care,No,Recovered
T08936,A08936,Critical Monitoring,No,Improved
T08937,A08937,IV Fluids,No,Improved
T08938,A08938,Chemotherapy,No,Recovered
T08939,A08939,Stroke Therapy,No,Improved
T08940,A08940,Trauma Care,No,Improved
T08941,A08941,Laser Therapy,No,Improved
T08942,A08942,Knee Replacement,Yes,Recovered
T08943,A08943,Radiation Therapy,No,Improved
T08944,A08944,Cryotherapy,No,Improved
T08945,A08945,Immunotherapy,No,Recovered
T08946,A08946,MRI Brain,No,Recovered
T08947,A08947,Bypass Surgery,Yes,Recovered
T08948,A08948,Bypass Surgery,Yes,Recovered
T08949,A08949,Fracture Fixation,Yes,Recovered
T08950,A08950,Knee Replacement,Yes,Recovered
T08951,A08951,Ventilator Support,No,Recovered
T08952,A08952,Skin Biopsy,No,Recovered
T08953,A08953,CPR,No,Recovered
T08954,A08954,Vaccination,No,Improved
T08955,A08955,IV Fluids,No,Recovered
T08956,A08956,Ventilator Support,No,Improved
T08957,A08957,Knee Replacement,Yes,Deceased
T08958,A08958,EEG,No,Improved
T08959,A08959,Angioplasty,Yes,Improved
T08960,A08960,Immunotherapy,No,Recovered
T08961,A08961,Critical Monitoring,No,Recovered
T08962,A08962,Endoscopy,No,Recovered
T08963,A08963,Wound Suturing,Yes,Improved
T08964,A08964,Bypass Surgery,Yes,Recovered
T08965,A08965,Endoscopy,No,Recovered
T08966,A08966,CPR,No,Improved
T08967,A08967,IV Fluids,No,Recovered
T08968,A08968,Nebulization,No,Recovered
T08969,A08969,Bypass Surgery,Yes,Recovered
T08970,A08970,Cryotherapy,No,Improved
T08971,A08971,Endoscopy,No,Recovered
T08972,A08972,CPR,No,Recovered
T08973,A08973,Wound Suturing,Yes,Recovered
T08974,A08974,IV Fluids,No,Recovered
T08975,A08975,IV Fluids,No,Improved
T08976,A08976,Immunotherapy,No,Recovered
T08977,A08977,Chemotherapy,No,Referred
T08978,A08978,Ear Surgery,Yes,Recovered
T08979,A08979,Ventilator Support,No,Recovered
T08980,A08980,Fracture Fixation,Yes,Improved
T08981,A08981,Radiation Therapy,No,Recovered
T08982,A08982,IV Fluids,No,Referred
T08983,A08983,Ear Surgery,Yes,Recovered
T08984,A08984,Immunotherapy,No,Recovered
T08985,A08985,EEG,No,Recovered
T08986,A08986,Sinus Surgery,Yes,Recovered
T08987,A08987,IV Fluids,No,Improved
T08988,A08988,Skin Biopsy,No,Recovered
T08989,A08989,Ear Surgery,Yes,Improved
T08990,A08990,Knee Replacement,Yes,Recovered
T08991,A08991,CPR,No,Recovered
T08992,A08992,IV Fluids,No,Recovered
T08993,A08993,CPR,No,Recovered
T08994,A08994,Wound Suturing,Yes,Recovered
T08995,A08995,Critical Monitoring,No,Recovered
T08996,A08996,Antibiotic Therapy,No,Improved
T08997,A08997,IV Fluids,No,Improved
T08998,A08998,Nebulization,No,Referred
T08999,A08999,Antibiotic Therapy,No,Recovered
T09000,A09000,Trauma Care,No,Referred
T09001,A09001,Physiotherapy,No,Recovered
T09002,A09002,Radiation Therapy,No,Recovered
T09003,A09003,Trauma Care,No,Recovered
T09004,A09004,Sinus Surgery,Yes,Recovered
T09005,A09005,Fracture Fixation,Yes,Recovered
T09006,A09006,Sinus Surgery,Yes,Recovered
T09007,A09007,Bypass Surgery,Yes,Recovered
T09008,A09008,Stroke Therapy,No,Recovered
T09009,A09009,Cryotherapy,No,Recovered
T09010,A09010,Trauma Care,No,Recovered
T09011,A09011,Stroke Therapy,No,Improved
T09012,A09012,Insulin Therapy,No,Recovered
T09013,A09013,Bypass Surgery,Yes,Improved
T09014,A09014,Skin Biopsy,No,Improved
T09015,A09015,Radiation Therapy,No,Recovered
T09016,A09016,Insulin Therapy,No,Recovered
T09017,A09017,Ear Surgery,Yes,Improved
T09018,A09018,Wound Suturing,Yes,Recovered
T09019,A09019,Vaccination,No,Recovered
T09020,A09020,Stroke Therapy,No,Improved
T09021,A09021,IV Fluids,No,Recovered
T09022,A09022,Trauma Care,No,Improved
T09023,A09023,Vaccination,No,Recovered
T09024,A09024,Skin Biopsy,No,Recovered
T09025,A09025,Immunotherapy,No,Improved
T09026,A09026,Wound Suturing,Yes,Recovered
T09027,A09027,Knee Replacement,Yes,Recovered
T09028,A09028,MRI Brain,No,Recovered
T09029,A09029,Laser Therapy,No,Recovered
T09030,A09030,Ventilator Support,No,Recovered
T09031,A09031,Ear Surgery,Yes,Improved
T09032,A09032,Knee Replacement,Yes,Improved
T09033,A09033,Fracture Fixation,Yes,Recovered
T09034,A09034,Trauma Care,No,Recovered
T09035,A09035,Vaccination,No,Recovered
T09036,A09036,Wound Suturing,Yes,Recovered
T09037,A09037,Immunotherapy,No,Recovered
T09038,A09038,CPR,No,Recovered
T09039,A09039,Laser Therapy,No,Recovered
T09040,A09040,Ventilator Support,No,Improved
T09041,A09041,IV Fluids,No,Recovered
T09042,A09042,Immunotherapy,No,Referred
T09043,A09043,Endoscopy,No,Recovered
T09044,A09044,ECG,No,Recovered
T09045,A09045,Wound Suturing,Yes,Recovered
T09046,A09046,Nebulization,No,Recovered
T09047,A09047,Stroke Therapy,No,Recovered
T09048,A09048,Critical Monitoring,No,Recovered
T09049,A09049,Ventilator Support,No,Recovered
T09050,A09050,Radiation Therapy,No,Improved
T09051,A09051,IV Fluids,No,Recovered
T09052,A09052,Nebulization,No,Recovered
T09053,A09053,Critical Monitoring,No,Recovered
T09054,A09054,Chemotherapy,No,Recovered
T09055,A09055,Vaccination,No,Improved
T09056,A09056,Dialysis,No,Improved
T09057,A09057,Wound Suturing,Yes,Referred
T09058,A09058,Trauma Care,No,Deceased
T09059,A09059,EEG,No,Recovered
T09060,A09060,IV Fluids,No,Recovered
T09061,A09061,Angioplasty,Yes,Recovered
T09062,A09062,Critical Monitoring,No,Recovered
T09063,A09063,Wound Suturing,Yes,Recovered
T09064,A09064,Vaccination,No,Recovered
T09065,A09065,Nebulization,No,Recovered
T09066,A09066,Ear Surgery,Yes,Referred
T09067,A09067,Dialysis,No,Recovered
T09068,A09068,Insulin Therapy,No,Recovered
T09069,A09069,Dialysis,No,Recovered
T09070,A09070,Antibiotic Therapy,No,Referred
T09071,A09071,Dialysis,No,Recovered
T09072,A09072,Skin Biopsy,No,Recovered
T09073,A09073,Vaccination,No,Recovered
T09074,A09074,Insulin Therapy,No,Recovered
T09075,A09075,Chemotherapy,No,Improved
T09076,A09076,Skin Biopsy,No,Improved
T09077,A09077,EEG,No,Recovered
T09078,A09078,Stroke Therapy,No,Recovered
T09079,A09079,Critical Monitoring,No,Deceased
T09080,A09080,Wound Suturing,Yes,Recovered
T09081,A09081,Trauma Care,No,Recovered
T09082,A09082,Bypass Surgery,Yes,Recovered
T09083,A09083,Nebulization,No,Recovered
T09084,A09084,ECG,No,Improved
T09085,A09085,Ventilator Support,No,Improved
T09086,A09086,Knee Replacement,Yes,Recovered
T09087,A09087,Stroke Therapy,No,Recovered
T09088,A09088,Insulin Therapy,No,Deceased
T09089,A09089,MRI Brain,No,Recovered
T09090,A09090,Radiation Therapy,No,Deceased
T09091,A09091,Skin Biopsy,No,Recovered
T09092,A09092,Critical Monitoring,No,Recovered
T09093,A09093,Trauma Care,No,Recovered
T09094,A09094,CPR,No,Recovered
T09095,A09095,Ventilator Support,No,Referred
T09096,A09096,EEG,No,Improved
T09097,A09097,Cryotherapy,No,Recovered
T09098,A09098,Ear Surgery,Yes,Recovered
T09099,A09099,Chemotherapy,No,Recovered
T09100,A09100,Knee Replacement,Yes,Improved
T09101,A09101,IV Fluids,No,Recovered
T09102,A09102,Skin Biopsy,No,Recovered
T09103,A09103,MRI Brain,No,Recovered
T09104,A09104,Stroke Therapy,No,Recovered
T09105,A09105,Antibiotic Therapy,No,Recovered
T09106,A09106,Nebulization,No,Improved
T09107,A09107,Critical Monitoring,No,Recovered
T09108,A09108,Chemotherapy,No,Improved
T09109,A09109,Ventilator Support,No,Improved
T09110,A09110,Physiotherapy,No,Recovered
T09111,A09111,Trauma Care,No,Improved
T09112,A09112,Vaccination,No,Recovered
T09113,A09113,Angioplasty,Yes,Recovered
T09114,A09114,Wound Suturing,Yes,Recovered
T09115,A09115,Knee Replacement,Yes,Referred
T09116,A09116,Insulin Therapy,No,Recovered
T09117,A09117,EEG,No,Recovered
T09118,A09118,Antibiotic Therapy,No,Recovered
T09119,A09119,Wound Suturing,Yes,Recovered
T09120,A09120,Ventilator Support,No,Recovered
T09121,A09121,CPR,No,Recovered
T09122,A09122,Dialysis,No,Recovered
T09123,A09123,Dialysis,No,Recovered
T09124,A09124,Fracture Fixation,Yes,Improved
T09125,A09125,ECG,No,Recovered
T09126,A09126,Ear Surgery,Yes,Recovered
T09127,A09127,ECG,No,Recovered
T09128,A09128,Skin Biopsy,No,Recovered
T09129,A09129,Physiotherapy,No,Recovered
T09130,A09130,Critical Monitoring,No,Recovered
T09131,A09131,Laser Therapy,No,Recovered
T09132,A09132,Endoscopy,No,Recovered
T09133,A09133,Radiation Therapy,No,Recovered
T09134,A09134,Angioplasty,Yes,Referred
T09135,A09135,Antibiotic Therapy,No,Recovered
T09136,A09136,Cryotherapy,No,Recovered
T09137,A09137,Chemotherapy,No,Recovered
T09138,A09138,Ventilator Support,No,Recovered
T09139,A09139,Critical Monitoring,No,Recovered
T09140,A09140,IV Fluids,No,Recovered
T09141,A09141,Nebulization,No,Improved
T09142,A09142,Fracture Fixation,Yes,Recovered
T09143,A09143,IV Fluids,No,Improved
T09144,A09144,Wound Suturing,Yes,Recovered
T09145,A09145,Bypass Surgery,Yes,Recovered
T09146,A09146,Dialysis,No,Improved
T09147,A09147,Chemotherapy,No,Referred
T09148,A09148,Vaccination,No,Improved
T09149,A09149,Vaccination,No,Improved
T09150,A09150,Vaccination,No,Referred
T09151,A09151,IV Fluids,No,Improved
T09152,A09152,Endoscopy,No,Improved
T09153,A09153,Knee Replacement,Yes,Deceased
T09154,A09154,IV Fluids,No,Improved
T09155,A09155,Angioplasty,Yes,Recovered
T09156,A09156,IV Fluids,No,Recovered
T09157,A09157,Radiation Therapy,No,Improved
T09158,A09158,IV Fluids,No,Improved
T09159,A09159,CPR,No,Recovered
T09160,A09160,Antibiotic Therapy,No,Recovered
T09161,A09161,Vaccination,No,Recovered
T09162,A09162,Radiation Therapy,No,Recovered
T09163,A09163,EEG,No,Recovered
T09164,A09164,Ear Surgery,Yes,Recovered
T09165,A09165,Sinus Surgery,Yes,Recovered
T09166,A09166,Ear Surgery,Yes,Recovered
T09167,A09167,Antibiotic Therapy,No,Recovered
T09168,A09168,Angioplasty,Yes,Recovered
T09169,A09169,Immunotherapy,No,Improved
T09170,A09170,Immunotherapy,No,Recovered
T09171,A09171,CPR,No,Recovered
T09172,A09172,Nebulization,No,Improved
T09173,A09173,EEG,No,Recovered
T09174,A09174,Endoscopy,No,Recovered
T09175,A09175,Angioplasty,Yes,Recovered
T09176,A09176,Physiotherapy,No,Recovered
T09177,A09177,Endoscopy,No,Recovered
T09178,A09178,Endoscopy,No,Recovered
T09179,A09179,Dialysis,No,Recovered
T09180,A09180,Endoscopy,No,Improved
T09181,A09181,Insulin Therapy,No,Recovered
T09182,A09182,Physiotherapy,No,Recovered
T09183,A09183,Physiotherapy,No,Recovered
T09184,A09184,Immunotherapy,No,Recovered
T09185,A09185,Critical Monitoring,No,Recovered
T09186,A09186,Dialysis,No,Recovered
T09187,A09187,Physiotherapy,No,Recovered
T09188,A09188,Ear Surgery,Yes,Recovered
T09189,A09189,CPR,No,Recovered
T09190,A09190,ECG,No,Recovered
T09191,A09191,Knee Replacement,Yes,Improved
T09192,A09192,Stroke Therapy,No,Recovered
T09193,A09193,Antibiotic Therapy,No,Recovered
T09194,A09194,Wound Suturing,Yes,Recovered
T09195,A09195,ECG,No,Recovered
T09196,A09196,Fracture Fixation,Yes,Recovered
T09197,A09197,CPR,No,Recovered
T09198,A09198,Bypass Surgery,Yes,Recovered
T09199,A09199,IV Fluids,No,Recovered
T09200,A09200,Skin Biopsy,No,Referred
T09201,A09201,Nebulization,No,Recovered
T09202,A09202,Dialysis,No,Recovered
T09203,A09203,Stroke Therapy,No,Improved
T09204,A09204,Physiotherapy,No,Recovered
T09205,A09205,EEG,No,Recovered
T09206,A09206,ECG,No,Recovered
T09207,A09207,Cryotherapy,No,Recovered
T09208,A09208,Knee Replacement,Yes,Improved
T09209,A09209,Chemotherapy,No,Improved
T09210,A09210,Vaccination,No,Recovered
T09211,A09211,Physiotherapy,No,Referred
T09212,A09212,Sinus Surgery,Yes,Recovered
T09213,A09213,Dialysis,No,Recovered
T09214,A09214,IV Fluids,No,Referred
T09215,A09215,Chemotherapy,No,Recovered
T09216,A09216,Laser Therapy,No,Improved
T09217,A09217,Wound Suturing,Yes,Recovered
T09218,A09218,Sinus Surgery,Yes,Recovered
T09219,A09219,EEG,No,Recovered
T09220,A09220,IV Fluids,No,Recovered
T09221,A09221,Antibiotic Therapy,No,Recovered
T09222,A09222,EEG,No,Recovered
T09223,A09223,Cryotherapy,No,Recovered
T09224,A09224,Vaccination,No,Improved
T09225,A09225,CPR,No,Recovered
T09226,A09226,Physiotherapy,No,Recovered
T09227,A09227,IV Fluids,No,Recovered
T09228,A09228,Critical Monitoring,No,Recovered
T09229,A09229,Laser Therapy,No,Referred
T09230,A09230,Critical Monitoring,No,Recovered
T09231,A09231,Endoscopy,No,Recovered
T09232,A09232,Wound Suturing,Yes,Improved
T09233,A09233,Sinus Surgery,Yes,Improved
T09234,A09234,Ventilator Support,No,Recovered
T09235,A09235,Radiation Therapy,No,Recovered
T09236,A09236,Fracture Fixation,Yes,Improved
T09237,A09237,IV Fluids,No,Improved
T09238,A09238,Vaccination,No,Referred
T09239,A09239,Fracture Fixation,Yes,Referred
T09240,A09240,Antibiotic Therapy,No,Recovered
T09241,A09241,MRI Brain,No,Recovered
T09242,A09242,CPR,No,Recovered
T09243,A09243,Trauma Care,No,Recovered
T09244,A09244,Ventilator Support,No,Recovered
T09245,A09245,Radiation Therapy,No,Recovered
T09246,A09246,Angioplasty,Yes,Recovered
T09247,A09247,Laser Therapy,No,Recovered
T09248,A09248,Angioplasty,Yes,Improved
T09249,A09249,Ventilator Support,No,Recovered
T09250,A09250,Physiotherapy,No,Recovered
T09251,A09251,EEG,No,Improved
T09252,A09252,Wound Suturing,Yes,Recovered
T09253,A09253,Endoscopy,No,Recovered
T09254,A09254,Dialysis,No,Recovered
T09255,A09255,Stroke Therapy,No,Recovered
T09256,A09256,Antibiotic Therapy,No,Recovered
T09257,A09257,MRI Brain,No,Recovered
T09258,A09258,EEG,No,Improved
T09259,A09259,Laser Therapy,No,Referred
T09260,A09260,ECG,No,Recovered
T09261,A09261,Knee Replacement,Yes,Recovered
T09262,A09262,IV Fluids,No,Recovered
T09263,A09263,Insulin Therapy,No,Recovered
T09264,A09264,Antibiotic Therapy,No,Recovered
T09265,A09265,Fracture Fixation,Yes,Recovered
T09266,A09266,Ventilator Support,No,Improved
T09267,A09267,ECG,No,Recovered
T09268,A09268,Trauma Care,No,Recovered
T09269,A09269,IV Fluids,No,Recovered
T09270,A09270,Nebulization,No,Recovered
T09271,A09271,Fracture Fixation,Yes,Referred
T09272,A09272,Bypass Surgery,Yes,Improved
T09273,A09273,Nebulization,No,Recovered
T09274,A09274,Knee Replacement,Yes,Improved
T09275,A09275,Antibiotic Therapy,No,Recovered
T09276,A09276,Nebulization,No,Recovered
T09277,A09277,Laser Therapy,No,Recovered
T09278,A09278,ECG,No,Recovered
T09279,A09279,IV Fluids,No,Recovered
T09280,A09280,Sinus Surgery,Yes,Deceased
T09281,A09281,Critical Monitoring,No,Recovered
T09282,A09282,Physiotherapy,No,Recovered
T09283,A09283,Antibiotic Therapy,No,Recovered
T09284,A09284,IV Fluids,No,Improved
T09285,A09285,IV Fluids,No,Improved
T09286,A09286,Cryotherapy,No,Recovered
T09287,A09287,Endoscopy,No,Recovered
T09288,A09288,Antibiotic Therapy,No,Referred
T09289,A09289,Insulin Therapy,No,Improved
T09290,A09290,Angioplasty,Yes,Deceased
T09291,A09291,Ventilator Support,No,Recovered
T09292,A09292,Fracture Fixation,Yes,Improved
T09293,A09293,Insulin Therapy,No,Recovered
T09294,A09294,Stroke Therapy,No,Recovered
T09295,A09295,Trauma Care,No,Recovered
T09296,A09296,Vaccination,No,Recovered
T09297,A09297,Vaccination,No,Recovered
T09298,A09298,Chemotherapy,No,Improved
T09299,A09299,Dialysis,No,Recovered
T09300,A09300,MRI Brain,No,Recovered
T09301,A09301,Nebulization,No,Recovered
T09302,A09302,Fracture Fixation,Yes,Recovered
T09303,A09303,Laser Therapy,No,Recovered
T09304,A09304,Vaccination,No,Recovered
T09305,A09305,Nebulization,No,Recovered
T09306,A09306,EEG,No,Recovered
T09307,A09307,IV Fluids,No,Recovered
T09308,A09308,EEG,No,Deceased
T09309,A09309,Laser Therapy,No,Recovered
T09310,A09310,CPR,No,Deceased
T09311,A09311,Trauma Care,No,Recovered
T09312,A09312,Cryotherapy,No,Improved
T09313,A09313,IV Fluids,No,Referred
T09314,A09314,IV Fluids,No,Recovered
T09315,A09315,EEG,No,Recovered
T09316,A09316,Angioplasty,Yes,Improved
T09317,A09317,Critical Monitoring,No,Improved
T09318,A09318,Nebulization,No,Recovered
T09319,A09319,Ventilator Support,No,Recovered
T09320,A09320,Ventilator Support,No,Improved
T09321,A09321,Vaccination,No,Improved
T09322,A09322,Ventilator Support,No,Improved
T09323,A09323,Skin Biopsy,No,Recovered
T09324,A09324,Ear Surgery,Yes,Improved
T09325,A09325,CPR,No,Recovered
T09326,A09326,Nebulization,No,Recovered
T09327,A09327,Fracture Fixation,Yes,Recovered
T09328,A09328,Insulin Therapy,No,Improved
T09329,A09329,Physiotherapy,No,Recovered
T09330,A09330,Knee Replacement,Yes,Recovered
T09331,A09331,Ear Surgery,Yes,Improved
T09332,A09332,Angioplasty,Yes,Recovered
T09333,A09333,CPR,No,Recovered
T09334,A09334,IV Fluids,No,Recovered
T09335,A09335,CPR,No,Recovered
T09336,A09336,IV Fluids,No,Recovered
T09337,A09337,Chemotherapy,No,Improved
T09338,A09338,Sinus Surgery,Yes,Recovered
T09339,A09339,Radiation Therapy,No,Improved
T09340,A09340,Dialysis,No,Recovered
T09341,A09341,Laser Therapy,No,Recovered
T09342,A09342,Radiation Therapy,No,Recovered
T09343,A09343,EEG,No,Referred
T09344,A09344,Sinus Surgery,Yes,Recovered
T09345,A09345,Fracture Fixation,Yes,Recovered
T09346,A09346,Critical Monitoring,No,Improved
T09347,A09347,Stroke Therapy,No,Improved
T09348,A09348,Physiotherapy,No,Recovered
T09349,A09349,Fracture Fixation,Yes,Recovered
T09350,A09350,Critical Monitoring,No,Improved
T09351,A09351,CPR,No,Recovered
T09352,A09352,Chemotherapy,No,Recovered
T09353,A09353,Insulin Therapy,No,Recovered
T09354,A09354,Endoscopy,No,Recovered
T09355,A09355,Wound Suturing,Yes,Improved
T09356,A09356,Endoscopy,No,Recovered
T09357,A09357,Endoscopy,No,Recovered
T09358,A09358,MRI Brain,No,Referred
T09359,A09359,Chemotherapy,No,Recovered
T09360,A09360,Ear Surgery,Yes,Recovered
T09361,A09361,Physiotherapy,No,Referred
T09362,A09362,Chemotherapy,No,Improved
T09363,A09363,Fracture Fixation,Yes,Referred
T09364,A09364,Physiotherapy,No,Recovered
T09365,A09365,Sinus Surgery,Yes,Recovered
T09366,A09366,Endoscopy,No,Recovered
T09367,A09367,Radiation Therapy,No,Recovered
T09368,A09368,Antibiotic Therapy,No,Recovered
T09369,A09369,Ventilator Support,No,Recovered
T09370,A09370,Angioplasty,Yes,Improved
T09371,A09371,Ear Surgery,Yes,Improved
T09372,A09372,Antibiotic Therapy,No,Recovered
T09373,A09373,Physiotherapy,No,Referred
T09374,A09374,Radiation Therapy,No,Recovered
T09375,A09375,Laser Therapy,No,Improved
T09376,A09376,Dialysis,No,Improved
T09377,A09377,Wound Suturing,Yes,Recovered
T09378,A09378,Knee Replacement,Yes,Recovered
T09379,A09379,Fracture Fixation,Yes,Recovered
T09380,A09380,Angioplasty,Yes,Improved
T09381,A09381,Physiotherapy,No,Improved
T09382,A09382,IV Fluids,No,Recovered
T09383,A09383,Bypass Surgery,Yes,Recovered
T09384,A09384,Nebulization,No,Recovered
T09385,A09385,Antibiotic Therapy,No,Recovered
T09386,A09386,Ear Surgery,Yes,Recovered
T09387,A09387,Angioplasty,Yes,Recovered
T09388,A09388,Trauma Care,No,Recovered
T09389,A09389,Physiotherapy,No,Referred
T09390,A09390,Laser Therapy,No,Improved
T09391,A09391,Angioplasty,Yes,Improved
T09392,A09392,Ear Surgery,Yes,Recovered
T09393,A09393,Laser Therapy,No,Recovered
T09394,A09394,EEG,No,Referred
T09395,A09395,EEG,No,Recovered
T09396,A09396,Vaccination,No,Recovered
T09397,A09397,IV Fluids,No,Improved
T09398,A09398,ECG,No,Recovered
T09399,A09399,IV Fluids,No,Recovered
T09400,A09400,Cryotherapy,No,Improved
T09401,A09401,Physiotherapy,No,Recovered
T09402,A09402,ECG,No,Improved
T09403,A09403,Radiation Therapy,No,Improved
T09404,A09404,IV Fluids,No,Recovered
T09405,A09405,EEG,No,Improved
T09406,A09406,Critical Monitoring,No,Recovered
T09407,A09407,IV Fluids,No,Recovered
T09408,A09408,CPR,No,Recovered
T09409,A09409,Immunotherapy,No,Improved
T09410,A09410,Angioplasty,Yes,Recovered
T09411,A09411,Nebulization,No,Recovered
T09412,A09412,Critical Monitoring,No,Recovered
T09413,A09413,Skin Biopsy,No,Improved
T09414,A09414,ECG,No,Recovered
T09415,A09415,Nebulization,No,Deceased
T09416,A09416,Ear Surgery,Yes,Referred
T09417,A09417,Antibiotic Therapy,No,Recovered
T09418,A09418,Cryotherapy,No,Improved
T09419,A09419,Physiotherapy,No,Recovered
T09420,A09420,Wound Suturing,Yes,Recovered
T09421,A09421,Chemotherapy,No,Referred
T09422,A09422,Antibiotic Therapy,No,Recovered
T09423,A09423,Fracture Fixation,Yes,Recovered
T09424,A09424,Chemotherapy,No,Recovered
T09425,A09425,Trauma Care,No,Improved
T09426,A09426,Critical Monitoring,No,Referred
T09427,A09427,EEG,No,Recovered
T09428,A09428,ECG,No,Recovered
T09429,A09429,ECG,No,Recovered
T09430,A09430,Physiotherapy,No,Improved
T09431,A09431,IV Fluids,No,Recovered
T09432,A09432,EEG,No,Improved
T09433,A09433,Chemotherapy,No,Recovered
T09434,A09434,Angioplasty,Yes,Recovered
T09435,A09435,EEG,No,Recovered
T09436,A09436,Ear Surgery,Yes,Recovered
T09437,A09437,Ventilator Support,No,Recovered
T09438,A09438,Fracture Fixation,Yes,Recovered
T09439,A09439,Endoscopy,No,Recovered
T09440,A09440,ECG,No,Recovered
T09441,A09441,IV Fluids,No,Referred
T09442,A09442,IV Fluids,No,Recovered
T09443,A09443,Cryotherapy,No,Recovered
T09444,A09444,Trauma Care,No,Recovered
T09445,A09445,Physiotherapy,No,Recovered
T09446,A09446,Insulin Therapy,No,Recovered
T09447,A09447,Nebulization,No,Recovered
T09448,A09448,Trauma Care,No,Recovered
T09449,A09449,Bypass Surgery,Yes,Improved
T09450,A09450,IV Fluids,No,Recovered
T09451,A09451,IV Fluids,No,Recovered
T09452,A09452,Physiotherapy,No,Improved
T09453,A09453,Ear Surgery,Yes,Recovered
T09454,A09454,EEG,No,Improved
T09455,A09455,Trauma Care,No,Recovered
T09456,A09456,Cryotherapy,No,Recovered
T09457,A09457,IV Fluids,No,Recovered
T09458,A09458,IV Fluids,No,Recovered
T09459,A09459,Ventilator Support,No,Recovered
T09460,A09460,Immunotherapy,No,Improved
T09461,A09461,IV Fluids,No,Recovered
T09462,A09462,Radiation Therapy,No,Recovered
T09463,A09463,Insulin Therapy,No,Recovered
T09464,A09464,Bypass Surgery,Yes,Recovered
T09465,A09465,Antibiotic Therapy,No,Recovered
T09466,A09466,Dialysis,No,Improved
T09467,A09467,Physiotherapy,No,Recovered
T09468,A09468,ECG,No,Recovered
T09469,A09469,Angioplasty,Yes,Recovered
T09470,A09470,Fracture Fixation,Yes,Improved
T09471,A09471,CPR,No,Recovered
T09472,A09472,Dialysis,No,Deceased
T09473,A09473,Stroke Therapy,No,Improved
T09474,A09474,Ear Surgery,Yes,Improved
T09475,A09475,Endoscopy,No,Recovered
T09476,A09476,ECG,No,Improved
T09477,A09477,Cryotherapy,No,Recovered
T09478,A09478,Chemotherapy,No,Improved
T09479,A09479,Antibiotic Therapy,No,Recovered
T09480,A09480,Chemotherapy,No,Improved
T09481,A09481,Insulin Therapy,No,Referred
T09482,A09482,MRI Brain,No,Recovered
T09483,A09483,Ear Surgery,Yes,Recovered
T09484,A09484,Sinus Surgery,Yes,Recovered
T09485,A09485,Antibiotic Therapy,No,Recovered
T09486,A09486,Stroke Therapy,No,Improved
T09487,A09487,Ventilator Support,No,Recovered
T09488,A09488,Skin Biopsy,No,Recovered
T09489,A09489,Ear Surgery,Yes,Improved
T09490,A09490,Chemotherapy,No,Recovered
T09491,A09491,Nebulization,No,Referred
T09492,A09492,Stroke Therapy,No,Recovered
T09493,A09493,Bypass Surgery,Yes,Recovered
T09494,A09494,Insulin Therapy,No,Recovered
T09495,A09495,Sinus Surgery,Yes,Recovered
T09496,A09496,Critical Monitoring,No,Recovered
T09497,A09497,Stroke Therapy,No,Improved
T09498,A09498,MRI Brain,No,Recovered
T09499,A09499,EEG,No,Recovered
T09500,A09500,Fracture Fixation,Yes,Recovered
T09501,A09501,Angioplasty,Yes,Recovered
T09502,A09502,Vaccination,No,Recovered
T09503,A09503,Knee Replacement,Yes,Referred
T09504,A09504,Trauma Care,No,Improved
T09505,A09505,CPR,No,Recovered
T09506,A09506,Skin Biopsy,No,Recovered
T09507,A09507,Antibiotic Therapy,No,Improved
T09508,A09508,Chemotherapy,No,Recovered
T09509,A09509,MRI Brain,No,Recovered
T09510,A09510,Wound Suturing,Yes,Referred
T09511,A09511,Sinus Surgery,Yes,Referred
T09512,A09512,Cryotherapy,No,Referred
T09513,A09513,Critical Monitoring,No,Recovered
T09514,A09514,Angioplasty,Yes,Improved
T09515,A09515,IV Fluids,No,Recovered
T09516,A09516,Stroke Therapy,No,Recovered
T09517,A09517,Immunotherapy,No,Improved
T09518,A09518,Wound Suturing,Yes,Recovered
T09519,A09519,IV Fluids,No,Improved
T09520,A09520,Vaccination,No,Recovered
T09521,A09521,Vaccination,No,Recovered
T09522,A09522,Angioplasty,Yes,Recovered
T09523,A09523,Ear Surgery,Yes,Recovered
T09524,A09524,Endoscopy,No,Recovered
T09525,A09525,Trauma Care,No,Improved
T09526,A09526,CPR,No,Recovered
T09527,A09527,Chemotherapy,No,Recovered
T09528,A09528,EEG,No,Improved
T09529,A09529,Critical Monitoring,No,Recovered
T09530,A09530,Knee Replacement,Yes,Recovered
T09531,A09531,Vaccination,No,Recovered
T09532,A09532,Dialysis,No,Recovered
T09533,A09533,CPR,No,Recovered
T09534,A09534,MRI Brain,No,Improved
T09535,A09535,IV Fluids,No,Recovered
T09536,A09536,Insulin Therapy,No,Recovered
T09537,A09537,Skin Biopsy,No,Improved
T09538,A09538,Skin Biopsy,No,Deceased
T09539,A09539,IV Fluids,No,Recovered
T09540,A09540,MRI Brain,No,Recovered
T09541,A09541,Vaccination,No,Recovered
T09542,A09542,Trauma Care,No,Recovered
T09543,A09543,Angioplasty,Yes,Improved
T09544,A09544,Angioplasty,Yes,Recovered
T09545,A09545,Fracture Fixation,Yes,Improved
T09546,A09546,Angioplasty,Yes,Recovered
T09547,A09547,CPR,No,Referred
T09548,A09548,Radiation Therapy,No,Recovered
T09549,A09549,Wound Suturing,Yes,Recovered
T09550,A09550,Immunotherapy,No,Recovered
T09551,A09551,MRI Brain,No,Recovered
T09552,A09552,Ventilator Support,No,Recovered
T09553,A09553,Physiotherapy,No,Recovered
T09554,A09554,Stroke Therapy,No,Recovered
T09555,A09555,Nebulization,No,Recovered
T09556,A09556,Sinus Surgery,Yes,Recovered
T09557,A09557,Skin Biopsy,No,Recovered
T09558,A09558,IV Fluids,No,Recovered
T09559,A09559,Critical Monitoring,No,Improved
T09560,A09560,Skin Biopsy,No,Recovered
T09561,A09561,ECG,No,Improved
T09562,A09562,Nebulization,No,Referred
T09563,A09563,IV Fluids,No,Improved
T09564,A09564,Stroke Therapy,No,Improved
T09565,A09565,Ventilator Support,No,Recovered
T09566,A09566,Trauma Care,No,Recovered
T09567,A09567,Skin Biopsy,No,Recovered
T09568,A09568,Wound Suturing,Yes,Recovered
T09569,A09569,Ear Surgery,Yes,Deceased
T09570,A09570,Sinus Surgery,Yes,Recovered
T09571,A09571,ECG,No,Recovered
T09572,A09572,Wound Suturing,Yes,Recovered
T09573,A09573,Vaccination,No,Improved
T09574,A09574,Chemotherapy,No,Recovered
T09575,A09575,Endoscopy,No,Recovered
T09576,A09576,Nebulization,No,Recovered
T09577,A09577,Laser Therapy,No,Recovered
T09578,A09578,IV Fluids,No,Recovered
T09579,A09579,Critical Monitoring,No,Recovered
T09580,A09580,Physiotherapy,No,Recovered
T09581,A09581,Bypass Surgery,Yes,Recovered
T09582,A09582,IV Fluids,No,Improved
T09583,A09583,Cryotherapy,No,Recovered
T09584,A09584,CPR,No,Recovered
T09585,A09585,Trauma Care,No,Recovered
T09586,A09586,CPR,No,Recovered
T09587,A09587,MRI Brain,No,Recovered
T09588,A09588,EEG,No,Recovered
T09589,A09589,Trauma Care,No,Improved
T09590,A09590,IV Fluids,No,Recovered
T09591,A09591,EEG,No,Improved
T09592,A09592,Angioplasty,Yes,Improved
T09593,A09593,Cryotherapy,No,Deceased
T09594,A09594,Cryotherapy,No,Recovered
T09595,A09595,MRI Brain,No,Recovered
T09596,A09596,Physiotherapy,No,Recovered
T09597,A09597,Trauma Care,No,Improved
T09598,A09598,IV Fluids,No,Recovered
T09599,A09599,Immunotherapy,No,Recovered
T09600,A09600,Knee Replacement,Yes,Referred
T09601,A09601,ECG,No,Recovered
T09602,A09602,Dialysis,No,Recovered
T09603,A09603,Ventilator Support,No,Recovered
T09604,A09604,CPR,No,Recovered
T09605,A09605,Vaccination,No,Improved
T09606,A09606,Dialysis,No,Recovered
T09607,A09607,Insulin Therapy,No,Improved
T09608,A09608,Antibiotic Therapy,No,Recovered
T09609,A09609,Cryotherapy,No,Recovered
T09610,A09610,Immunotherapy,No,Referred
T09611,A09611,Critical Monitoring,No,Recovered
T09612,A09612,Ear Surgery,Yes,Recovered
T09613,A09613,Laser Therapy,No,Recovered
T09614,A09614,Sinus Surgery,Yes,Improved
T09615,A09615,Immunotherapy,No,Recovered
T09616,A09616,Chemotherapy,No,Recovered
T09617,A09617,IV Fluids,No,Recovered
T09618,A09618,EEG,No,Improved
T09619,A09619,Fracture Fixation,Yes,Recovered
T09620,A09620,Trauma Care,No,Improved
T09621,A09621,Immunotherapy,No,Recovered
T09622,A09622,Insulin Therapy,No,Recovered
T09623,A09623,Bypass Surgery,Yes,Recovered
T09624,A09624,MRI Brain,No,Improved
T09625,A09625,Physiotherapy,No,Referred
T09626,A09626,Fracture Fixation,Yes,Recovered
T09627,A09627,EEG,No,Improved
T09628,A09628,CPR,No,Recovered
T09629,A09629,Immunotherapy,No,Recovered
T09630,A09630,IV Fluids,No,Recovered
T09631,A09631,MRI Brain,No,Improved
T09632,A09632,Trauma Care,No,Deceased
T09633,A09633,Chemotherapy,No,Improved
T09634,A09634,Critical Monitoring,No,Recovered
T09635,A09635,CPR,No,Referred
T09636,A09636,Physiotherapy,No,Recovered
T09637,A09637,Fracture Fixation,Yes,Deceased
T09638,A09638,Angioplasty,Yes,Improved
T09639,A09639,IV Fluids,No,Recovered
T09640,A09640,ECG,No,Improved
T09641,A09641,Nebulization,No,Referred
T09642,A09642,Knee Replacement,Yes,Recovered
T09643,A09643,Critical Monitoring,No,Referred
T09644,A09644,Physiotherapy,No,Deceased
T09645,A09645,Physiotherapy,No,Recovered
T09646,A09646,Ear Surgery,Yes,Recovered
T09647,A09647,MRI Brain,No,Improved
T09648,A09648,Stroke Therapy,No,Recovered
T09649,A09649,Dialysis,No,Recovered
T09650,A09650,Stroke Therapy,No,Recovered
T09651,A09651,Trauma Care,No,Improved
T09652,A09652,Knee Replacement,Yes,Recovered
T09653,A09653,Laser Therapy,No,Recovered
T09654,A09654,Vaccination,No,Improved
T09655,A09655,IV Fluids,No,Recovered
T09656,A09656,Fracture Fixation,Yes,Recovered
T09657,A09657,Laser Therapy,No,Recovered
T09658,A09658,Physiotherapy,No,Recovered
T09659,A09659,Ear Surgery,Yes,Recovered
T09660,A09660,Knee Replacement,Yes,Recovered
T09661,A09661,IV Fluids,No,Recovered
T09662,A09662,CPR,No,Improved
T09663,A09663,CPR,No,Referred
T09664,A09664,CPR,No,Referred
T09665,A09665,Knee Replacement,Yes,Recovered
T09666,A09666,Chemotherapy,No,Recovered
T09667,A09667,Endoscopy,No,Recovered
T09668,A09668,Immunotherapy,No,Recovered
T09669,A09669,Fracture Fixation,Yes,Improved
T09670,A09670,Laser Therapy,No,Recovered
T09671,A09671,Wound Suturing,Yes,Recovered
T09672,A09672,Immunotherapy,No,Recovered
T09673,A09673,Trauma Care,No,Recovered
T09674,A09674,EEG,No,Improved
T09675,A09675,Immunotherapy,No,Recovered
T09676,A09676,MRI Brain,No,Recovered
T09677,A09677,Nebulization,No,Recovered
T09678,A09678,Wound Suturing,Yes,Recovered
T09679,A09679,Immunotherapy,No,Recovered
T09680,A09680,Nebulization,No,Recovered
T09681,A09681,Physiotherapy,No,Recovered
T09682,A09682,CPR,No,Referred
T09683,A09683,IV Fluids,No,Recovered
T09684,A09684,Immunotherapy,No,Recovered
T09685,A09685,CPR,No,Recovered
T09686,A09686,IV Fluids,No,Referred
T09687,A09687,Radiation Therapy,No,Recovered
T09688,A09688,Stroke Therapy,No,Recovered
T09689,A09689,Vaccination,No,Recovered
T09690,A09690,Trauma Care,No,Recovered
T09691,A09691,Radiation Therapy,No,Recovered
T09692,A09692,Skin Biopsy,No,Recovered
T09693,A09693,Stroke Therapy,No,Recovered
T09694,A09694,MRI Brain,No,Improved
T09695,A09695,Wound Suturing,Yes,Recovered
T09696,A09696,Immunotherapy,No,Recovered
T09697,A09697,Endoscopy,No,Referred
T09698,A09698,Ear Surgery,Yes,Recovered
T09699,A09699,IV Fluids,No,Recovered
T09700,A09700,CPR,No,Recovered
T09701,A09701,Ventilator Support,No,Improved
T09702,A09702,Skin Biopsy,No,Deceased
T09703,A09703,Laser Therapy,No,Recovered
T09704,A09704,IV Fluids,No,Recovered
T09705,A09705,EEG,No,Recovered
T09706,A09706,Insulin Therapy,No,Recovered
T09707,A09707,Insulin Therapy,No,Recovered
T09708,A09708,Vaccination,No,Recovered
T09709,A09709,Insulin Therapy,No,Recovered
T09710,A09710,Antibiotic Therapy,No,Recovered
T09711,A09711,Critical Monitoring,No,Improved
T09712,A09712,Immunotherapy,No,Recovered
T09713,A09713,Fracture Fixation,Yes,Deceased
T09714,A09714,Trauma Care,No,Improved
T09715,A09715,MRI Brain,No,Recovered
T09716,A09716,Wound Suturing,Yes,Improved
T09717,A09717,Vaccination,No,Recovered
T09718,A09718,Ear Surgery,Yes,Recovered
T09719,A09719,Stroke Therapy,No,Recovered
T09720,A09720,Physiotherapy,No,Recovered
T09721,A09721,IV Fluids,No,Improved
T09722,A09722,Cryotherapy,No,Recovered
T09723,A09723,ECG,No,Recovered
T09724,A09724,Angioplasty,Yes,Improved
T09725,A09725,Laser Therapy,No,Recovered
T09726,A09726,Ventilator Support,No,Recovered
T09727,A09727,Wound Suturing,Yes,Recovered
T09728,A09728,Trauma Care,No,Improved
T09729,A09729,CPR,No,Recovered
T09730,A09730,Fracture Fixation,Yes,Improved
T09731,A09731,Knee Replacement,Yes,Recovered
T09732,A09732,Insulin Therapy,No,Recovered
T09733,A09733,IV Fluids,No,Recovered
T09734,A09734,Immunotherapy,No,Recovered
T09735,A09735,Endoscopy,No,Recovered
T09736,A09736,Angioplasty,Yes,Recovered
T09737,A09737,Immunotherapy,No,Improved
T09738,A09738,EEG,No,Recovered
T09739,A09739,Immunotherapy,No,Referred
T09740,A09740,Bypass Surgery,Yes,Recovered
T09741,A09741,Stroke Therapy,No,Recovered
T09742,A09742,CPR,No,Recovered
T09743,A09743,Dialysis,No,Recovered
T09744,A09744,IV Fluids,No,Recovered
T09745,A09745,Ear Surgery,Yes,Improved
T09746,A09746,Nebulization,No,Recovered
T09747,A09747,Knee Replacement,Yes,Recovered
T09748,A09748,Wound Suturing,Yes,Recovered
T09749,A09749,Physiotherapy,No,Recovered
T09750,A09750,Bypass Surgery,Yes,Improved
T09751,A09751,Skin Biopsy,No,Recovered
T09752,A09752,CPR,No,Recovered
T09753,A09753,Endoscopy,No,Recovered
T09754,A09754,Wound Suturing,Yes,Referred
T09755,A09755,Sinus Surgery,Yes,Recovered
T09756,A09756,Physiotherapy,No,Improved
T09757,A09757,Ventilator Support,No,Recovered
T09758,A09758,IV Fluids,No,Recovered
T09759,A09759,IV Fluids,No,Improved
T09760,A09760,MRI Brain,No,Recovered
T09761,A09761,EEG,No,Recovered
T09762,A09762,Endoscopy,No,Recovered
T09763,A09763,Skin Biopsy,No,Improved
T09764,A09764,Laser Therapy,No,Deceased
T09765,A09765,Ear Surgery,Yes,Recovered
T09766,A09766,Wound Suturing,Yes,Improved
T09767,A09767,Trauma Care,No,Recovered
T09768,A09768,MRI Brain,No,Recovered
T09769,A09769,Wound Suturing,Yes,Recovered
T09770,A09770,Insulin Therapy,No,Recovered
T09771,A09771,Antibiotic Therapy,No,Recovered
T09772,A09772,Bypass Surgery,Yes,Improved
T09773,A09773,Ear Surgery,Yes,Recovered
T09774,A09774,Ventilator Support,No,Recovered
T09775,A09775,Cryotherapy,No,Recovered
T09776,A09776,Fracture Fixation,Yes,Recovered
T09777,A09777,IV Fluids,No,Recovered
T09778,A09778,Endoscopy,No,Recovered
T09779,A09779,Radiation Therapy,No,Recovered
T09780,A09780,Trauma Care,No,Recovered
T09781,A09781,EEG,No,Recovered
T09782,A09782,Insulin Therapy,No,Recovered
T09783,A09783,EEG,No,Recovered
T09784,A09784,Skin Biopsy,No,Recovered
T09785,A09785,Sinus Surgery,Yes,Deceased
T09786,A09786,EEG,No,Improved
T09787,A09787,Physiotherapy,No,Improved
T09788,A09788,Critical Monitoring,No,Recovered
T09789,A09789,IV Fluids,No,Recovered
T09790,A09790,Stroke Therapy,No,Improved
T09791,A09791,Sinus Surgery,Yes,Recovered
T09792,A09792,Angioplasty,Yes,Recovered
T09793,A09793,Laser Therapy,No,Recovered
T09794,A09794,Laser Therapy,No,Recovered
T09795,A09795,Skin Biopsy,No,Recovered
T09796,A09796,IV Fluids,No,Improved
T09797,A09797,ECG,No,Recovered
T09798,A09798,Critical Monitoring,No,Improved
T09799,A09799,MRI Brain,No,Recovered
T09800,A09800,Ventilator Support,No,Improved
T09801,A09801,Laser Therapy,No,Recovered
T09802,A09802,Wound Suturing,Yes,Improved
T09803,A09803,Ear Surgery,Yes,Improved
T09804,A09804,Chemotherapy,No,Improved
T09805,A09805,IV Fluids,No,Improved
T09806,A09806,Fracture Fixation,Yes,Recovered
T09807,A09807,Immunotherapy,No,Recovered
T09808,A09808,CPR,No,Recovered
T09809,A09809,ECG,No,Recovered
T09810,A09810,Critical Monitoring,No,Recovered
T09811,A09811,ECG,No,Recovered
T09812,A09812,Skin Biopsy,No,Recovered
T09813,A09813,Sinus Surgery,Yes,Recovered
T09814,A09814,Dialysis,No,Recovered
T09815,A09815,Stroke Therapy,No,Recovered
T09816,A09816,Skin Biopsy,No,Improved
T09817,A09817,Critical Monitoring,No,Recovered
T09818,A09818,MRI Brain,No,Recovered
T09819,A09819,Fracture Fixation,Yes,Recovered
T09820,A09820,Trauma Care,No,Recovered
T09821,A09821,IV Fluids,No,Improved
T09822,A09822,Nebulization,No,Recovered
T09823,A09823,Antibiotic Therapy,No,Recovered
T09824,A09824,Insulin Therapy,No,Recovered
T09825,A09825,EEG,No,Recovered
T09826,A09826,IV Fluids,No,Recovered
T09827,A09827,Radiation Therapy,No,Recovered
T09828,A09828,Knee Replacement,Yes,Deceased
T09829,A09829,Vaccination,No,Recovered
T09830,A09830,Vaccination,No,Recovered
T09831,A09831,Cryotherapy,No,Improved
T09832,A09832,Laser Therapy,No,Recovered
T09833,A09833,MRI Brain,No,Referred
T09834,A09834,Wound Suturing,Yes,Recovered
T09835,A09835,Physiotherapy,No,Recovered
T09836,A09836,Wound Suturing,Yes,Improved
T09837,A09837,Physiotherapy,No,Improved
T09838,A09838,Ventilator Support,No,Recovered
T09839,A09839,MRI Brain,No,Referred
T09840,A09840,Trauma Care,No,Recovered
T09841,A09841,Laser Therapy,No,Recovered
T09842,A09842,Laser Therapy,No,Recovered
T09843,A09843,Sinus Surgery,Yes,Recovered
T09844,A09844,Endoscopy,No,Improved
T09845,A09845,IV Fluids,No,Recovered
T09846,A09846,Immunotherapy,No,Recovered
T09847,A09847,IV Fluids,No,Recovered
T09848,A09848,Wound Suturing,Yes,Referred
T09849,A09849,Vaccination,No,Recovered
T09850,A09850,Insulin Therapy,No,Recovered
T09851,A09851,Physiotherapy,No,Improved
T09852,A09852,CPR,No,Recovered
T09853,A09853,Nebulization,No,Recovered
T09854,A09854,Knee Replacement,Yes,Recovered
T09855,A09855,Antibiotic Therapy,No,Referred
T09856,A09856,Radiation Therapy,No,Recovered
T09857,A09857,Knee Replacement,Yes,Recovered
T09858,A09858,Dialysis,No,Recovered
T09859,A09859,Vaccination,No,Improved
T09860,A09860,Ear Surgery,Yes,Recovered
T09861,A09861,ECG,No,Recovered
T09862,A09862,Cryotherapy,No,Deceased
T09863,A09863,Angioplasty,Yes,Improved
T09864,A09864,Physiotherapy,No,Improved
T09865,A09865,IV Fluids,No,Deceased
T09866,A09866,Endoscopy,No,Referred
T09867,A09867,Bypass Surgery,Yes,Improved
T09868,A09868,Insulin Therapy,No,Recovered
T09869,A09869,Stroke Therapy,No,Improved
T09870,A09870,Vaccination,No,Recovered
T09871,A09871,Endoscopy,No,Recovered
T09872,A09872,Bypass Surgery,Yes,Recovered
T09873,A09873,Insulin Therapy,No,Recovered
T09874,A09874,Physiotherapy,No,Recovered
T09875,A09875,IV Fluids,No,Recovered
T09876,A09876,Ventilator Support,No,Improved
T09877,A09877,Radiation Therapy,No,Improved
T09878,A09878,Cryotherapy,No,Recovered
T09879,A09879,MRI Brain,No,Recovered
T09880,A09880,Sinus Surgery,Yes,Referred
T09881,A09881,Skin Biopsy,No,Recovered
T09882,A09882,EEG,No,Recovered
T09883,A09883,Fracture Fixation,Yes,Recovered
T09884,A09884,Skin Biopsy,No,Recovered
T09885,A09885,IV Fluids,No,Recovered
T09886,A09886,Trauma Care,No,Recovered
T09887,A09887,Fracture Fixation,Yes,Recovered
T09888,A09888,Insulin Therapy,No,Improved
T09889,A09889,ECG,No,Recovered
T09890,A09890,EEG,No,Improved
T09891,A09891,Cryotherapy,No,Recovered
T09892,A09892,Chemotherapy,No,Improved
T09893,A09893,Dialysis,No,Recovered
T09894,A09894,Antibiotic Therapy,No,Recovered
T09895,A09895,Trauma Care,No,Improved
T09896,A09896,Dialysis,No,Deceased
T09897,A09897,Sinus Surgery,Yes,Recovered
T09898,A09898,Physiotherapy,No,Referred
T09899,A09899,Wound Suturing,Yes,Recovered
T09900,A09900,ECG,No,Improved
T09901,A09901,Trauma Care,No,Improved
T09902,A09902,Sinus Surgery,Yes,Recovered
T09903,A09903,Wound Suturing,Yes,Recovered
T09904,A09904,Chemotherapy,No,Recovered
T09905,A09905,Antibiotic Therapy,No,Recovered
T09906,A09906,Bypass Surgery,Yes,Recovered
T09907,A09907,IV Fluids,No,Recovered
T09908,A09908,Insulin Therapy,No,Recovered
T09909,A09909,MRI Brain,No,Recovered
T09910,A09910,Stroke Therapy,No,Referred
T09911,A09911,Immunotherapy,No,Recovered
T09912,A09912,Critical Monitoring,No,Improved
T09913,A09913,Bypass Surgery,Yes,Recovered
T09914,A09914,Wound Suturing,Yes,Deceased
T09915,A09915,Physiotherapy,No,Recovered
T09916,A09916,Chemotherapy,No,Improved
T09917,A09917,Antibiotic Therapy,No,Recovered
T09918,A09918,IV Fluids,No,Deceased
T09919,A09919,Nebulization,No,Recovered
T09920,A09920,CPR,No,Recovered
T09921,A09921,Stroke Therapy,No,Recovered
T09922,A09922,Knee Replacement,Yes,Recovered
T09923,A09923,Stroke Therapy,No,Recovered
T09924,A09924,Ear Surgery,Yes,Improved
T09925,A09925,Immunotherapy,No,Deceased
T09926,A09926,Physiotherapy,No,Improved
T09927,A09927,Nebulization,No,Improved
T09928,A09928,MRI Brain,No,Recovered
T09929,A09929,Skin Biopsy,No,Improved
T09930,A09930,EEG,No,Recovered
T09931,A09931,Dialysis,No,Recovered
T09932,A09932,Vaccination,No,Recovered
T09933,A09933,Ventilator Support,No,Recovered
T09934,A09934,Trauma Care,No,Deceased
T09935,A09935,IV Fluids,No,Recovered
T09936,A09936,Insulin Therapy,No,Recovered
T09937,A09937,ECG,No,Referred
T09938,A09938,CPR,No,Recovered
T09939,A09939,MRI Brain,No,Recovered
T09940,A09940,EEG,No,Referred
T09941,A09941,Critical Monitoring,No,Recovered
T09942,A09942,Skin Biopsy,No,Recovered
T09943,A09943,Fracture Fixation,Yes,Recovered
T09944,A09944,Ventilator Support,No,Recovered
T09945,A09945,Ear Surgery,Yes,Recovered
T09946,A09946,Vaccination,No,Recovered
T09947,A09947,CPR,No,Recovered
T09948,A09948,Wound Suturing,Yes,Recovered
T09949,A09949,Vaccination,No,Recovered
T09950,A09950,ECG,No,Recovered
T09951,A09951,CPR,No,Recovered
T09952,A09952,EEG,No,Referred
T09953,A09953,IV Fluids,No,Recovered
T09954,A09954,Nebulization,No,Recovered
T09955,A09955,CPR,No,Recovered
T09956,A09956,Laser Therapy,No,Recovered
T09957,A09957,Wound Suturing,Yes,Improved
T09958,A09958,Dialysis,No,Recovered
T09959,A09959,EEG,No,Recovered
T09960,A09960,IV Fluids,No,Recovered
T09961,A09961,Wound Suturing,Yes,Recovered
T09962,A09962,CPR,No,Referred
T09963,A09963,Cryotherapy,No,Recovered
T09964,A09964,MRI Brain,No,Improved
T09965,A09965,Nebulization,No,Recovered
T09966,A09966,Immunotherapy,No,Recovered
T09967,A09967,ECG,No,Recovered
T09968,A09968,IV Fluids,No,Improved
T09969,A09969,CPR,No,Recovered
T09970,A09970,Physiotherapy,No,Improved
T09971,A09971,Vaccination,No,Recovered
T09972,A09972,Cryotherapy,No,Improved
T09973,A09973,MRI Brain,No,Recovered
T09974,A09974,Laser Therapy,No,Referred
T09975,A09975,Vaccination,No,Recovered
T09976,A09976,IV Fluids,No,Referred
T09977,A09977,EEG,No,Recovered
T09978,A09978,IV Fluids,No,Improved
T09979,A09979,IV Fluids,No,Recovered
T09980,A09980,Antibiotic Therapy,No,Recovered
T09981,A09981,Wound Suturing,Yes,Deceased
T09982,A09982,CPR,No,Recovered
T09983,A09983,IV Fluids,No,Recovered
T09984,A09984,Ear Surgery,Yes,Referred
T09985,A09985,Nebulization,No,Referred
T09986,A09986,Radiation Therapy,No,Improved
T09987,A09987,Cryotherapy,No,Recovered
T09988,A09988,Fracture Fixation,Yes,Deceased
T09989,A09989,Insulin Therapy,No,Improved
T09990,A09990,Bypass Surgery,Yes,Recovered
T09991,A09991,Wound Suturing,Yes,Recovered
T09992,A09992,Endoscopy,No,Recovered
T09993,A09993,Antibiotic Therapy,No,Recovered
T09994,A09994,Antibiotic Therapy,No,Recovered
T09995,A09995,Laser Therapy,No,Improved
T09996,A09996,Ear Surgery,Yes,Recovered
T09997,A09997,Immunotherapy,No,Recovered
T09998,A09998,IV Fluids,No,Recovered
T09999,A09999,CPR,No,Improved
T10000,A10000,Bypass Surgery,Yes,Recovered
T10001,A10001,ECG,No,Recovered
T10002,A10002,Sinus Surgery,Yes,Improved
T10003,A10003,Immunotherapy,No,Recovered
T10004,A10004,Laser Therapy,No,Recovered
T10005,A10005,EEG,No,Improved
T10006,A10006,Physiotherapy,No,Recovered
T10007,A10007,Cryotherapy,No,Deceased
T10008,A10008,Critical Monitoring,No,Recovered
T10009,A10009,Antibiotic Therapy,No,Recovered
T10010,A10010,Fracture Fixation,Yes,Recovered
T10011,A10011,CPR,No,Recovered
T10012,A10012,Radiation Therapy,No,Recovered
T10013,A10013,Chemotherapy,No,Recovered
T10014,A10014,Sinus Surgery,Yes,Recovered
T10015,A10015,Cryotherapy,No,Recovered
T10016,A10016,Ventilator Support,No,Referred
T10017,A10017,Insulin Therapy,No,Recovered
T10018,A10018,EEG,No,Improved
T10019,A10019,Dialysis,No,Recovered
T10020,A10020,Physiotherapy,No,Recovered
T10021,A10021,Cryotherapy,No,Improved
T10022,A10022,Ventilator Support,No,Recovered
T10023,A10023,Angioplasty,Yes,Deceased
T10024,A10024,Physiotherapy,No,Improved
T10025,A10025,IV Fluids,No,Recovered
T10026,A10026,ECG,No,Referred
T10027,A10027,Angioplasty,Yes,Recovered
T10028,A10028,EEG,No,Recovered
T10029,A10029,Chemotherapy,No,Recovered
T10030,A10030,Nebulization,No,Recovered
T10031,A10031,MRI Brain,No,Recovered
T10032,A10032,Trauma Care,No,Recovered
T10033,A10033,Angioplasty,Yes,Recovered
T10034,A10034,Skin Biopsy,No,Recovered
T10035,A10035,EEG,No,Improved
T10036,A10036,Endoscopy,No,Recovered
T10037,A10037,Stroke Therapy,No,Recovered
T10038,A10038,Bypass Surgery,Yes,Recovered
T10039,A10039,Fracture Fixation,Yes,Recovered
T10040,A10040,Fracture Fixation,Yes,Recovered
T10041,A10041,Critical Monitoring,No,Referred
T10042,A10042,Radiation Therapy,No,Recovered
T10043,A10043,Fracture Fixation,Yes,Recovered
T10044,A10044,Endoscopy,No,Improved
T10045,A10045,Radiation Therapy,No,Improved
T10046,A10046,Nebulization,No,Recovered
T10047,A10047,Fracture Fixation,Yes,Recovered
T10048,A10048,Critical Monitoring,No,Recovered
T10049,A10049,Nebulization,No,Recovered
T10050,A10050,Skin Biopsy,No,Recovered
T10051,A10051,Immunotherapy,No,Recovered
T10052,A10052,Bypass Surgery,Yes,Recovered
T10053,A10053,Radiation Therapy,No,Recovered
T10054,A10054,Vaccination,No,Improved
T10055,A10055,Ventilator Support,No,Referred
T10056,A10056,Chemotherapy,No,Recovered
T10057,A10057,Nebulization,No,Recovered
T10058,A10058,Cryotherapy,No,Improved
T10059,A10059,Laser Therapy,No,Recovered
T10060,A10060,Trauma Care,No,Recovered
T10061,A10061,Trauma Care,No,Improved
T10062,A10062,Stroke Therapy,No,Improved
T10063,A10063,Radiation Therapy,No,Deceased
T10064,A10064,IV Fluids,No,Recovered
T10065,A10065,Physiotherapy,No,Recovered
T10066,A10066,Cryotherapy,No,Improved
T10067,A10067,Stroke Therapy,No,Recovered
T10068,A10068,Skin Biopsy,No,Recovered
T10069,A10069,Cryotherapy,No,Referred
T10070,A10070,Critical Monitoring,No,Recovered
T10071,A10071,EEG,No,Recovered
T10072,A10072,Radiation Therapy,No,Recovered
T10073,A10073,Vaccination,No,Deceased
T10074,A10074,Insulin Therapy,No,Recovered
T10075,A10075,Bypass Surgery,Yes,Referred
T10076,A10076,Dialysis,No,Recovered
T10077,A10077,MRI Brain,No,Recovered
T10078,A10078,Stroke Therapy,No,Referred
T10079,A10079,IV Fluids,No,Recovered
T10080,A10080,Vaccination,No,Recovered
T10081,A10081,Immunotherapy,No,Recovered
T10082,A10082,Trauma Care,No,Recovered
T10083,A10083,Stroke Therapy,No,Improved
T10084,A10084,Skin Biopsy,No,Deceased
T10085,A10085,Bypass Surgery,Yes,Recovered
T10086,A10086,Ear Surgery,Yes,Recovered
T10087,A10087,Antibiotic Therapy,No,Improved
T10088,A10088,Antibiotic Therapy,No,Recovered
T10089,A10089,Nebulization,No,Recovered
T10090,A10090,Critical Monitoring,No,Recovered
T10091,A10091,Fracture Fixation,Yes,Recovered
T10092,A10092,Chemotherapy,No,Improved
T10093,A10093,Bypass Surgery,Yes,Recovered
T10094,A10094,Vaccination,No,Recovered
T10095,A10095,Laser Therapy,No,Recovered
T10096,A10096,Cryotherapy,No,Improved
T10097,A10097,Cryotherapy,No,Recovered
T10098,A10098,CPR,No,Recovered
T10099,A10099,Radiation Therapy,No,Recovered
T10100,A10100,IV Fluids,No,Recovered
T10101,A10101,Ventilator Support,No,Improved
T10102,A10102,Ventilator Support,No,Improved
T10103,A10103,Bypass Surgery,Yes,Recovered
T10104,A10104,Endoscopy,No,Recovered
T10105,A10105,Chemotherapy,No,Improved
T10106,A10106,Angioplasty,Yes,Recovered
T10107,A10107,Immunotherapy,No,Recovered
T10108,A10108,IV Fluids,No,Improved
T10109,A10109,Nebulization,No,Improved
T10110,A10110,ECG,No,Referred
T10111,A10111,Bypass Surgery,Yes,Recovered
T10112,A10112,Trauma Care,No,Deceased
T10113,A10113,Ear Surgery,Yes,Improved
T10114,A10114,IV Fluids,No,Recovered
T10115,A10115,Endoscopy,No,Improved
T10116,A10116,Chemotherapy,No,Recovered
T10117,A10117,Fracture Fixation,Yes,Recovered
T10118,A10118,Cryotherapy,No,Recovered
T10119,A10119,Dialysis,No,Recovered
T10120,A10120,Ear Surgery,Yes,Recovered
T10121,A10121,Angioplasty,Yes,Recovered
T10122,A10122,CPR,No,Recovered
T10123,A10123,Angioplasty,Yes,Recovered
T10124,A10124,Insulin Therapy,No,Recovered
T10125,A10125,Fracture Fixation,Yes,Recovered
T10126,A10126,Chemotherapy,No,Recovered
T10127,A10127,Wound Suturing,Yes,Deceased
T10128,A10128,Nebulization,No,Recovered
T10129,A10129,Wound Suturing,Yes,Recovered
T10130,A10130,Physiotherapy,No,Recovered
T10131,A10131,Bypass Surgery,Yes,Deceased
T10132,A10132,Dialysis,No,Referred
T10133,A10133,Physiotherapy,No,Recovered
T10134,A10134,Sinus Surgery,Yes,Referred
T10135,A10135,Sinus Surgery,Yes,Improved
T10136,A10136,Knee Replacement,Yes,Referred
T10137,A10137,IV Fluids,No,Referred
T10138,A10138,Wound Suturing,Yes,Recovered
T10139,A10139,Chemotherapy,No,Recovered
T10140,A10140,Stroke Therapy,No,Recovered
T10141,A10141,Sinus Surgery,Yes,Improved
T10142,A10142,Radiation Therapy,No,Improved
T10143,A10143,Laser Therapy,No,Recovered
T10144,A10144,Bypass Surgery,Yes,Recovered
T10145,A10145,ECG,No,Recovered
T10146,A10146,Wound Suturing,Yes,Recovered
T10147,A10147,Immunotherapy,No,Recovered
T10148,A10148,MRI Brain,No,Recovered
T10149,A10149,Immunotherapy,No,Referred
T10150,A10150,Nebulization,No,Recovered
T10151,A10151,Nebulization,No,Recovered
T10152,A10152,Sinus Surgery,Yes,Improved
T10153,A10153,Endoscopy,No,Deceased
T10154,A10154,Ventilator Support,No,Improved
T10155,A10155,Fracture Fixation,Yes,Referred
T10156,A10156,ECG,No,Recovered
T10157,A10157,Bypass Surgery,Yes,Referred
T10158,A10158,ECG,No,Recovered
T10159,A10159,Physiotherapy,No,Recovered
T10160,A10160,Sinus Surgery,Yes,Improved
T10161,A10161,Antibiotic Therapy,No,Referred
T10162,A10162,Endoscopy,No,Recovered
T10163,A10163,Physiotherapy,No,Improved
T10164,A10164,Skin Biopsy,No,Recovered
T10165,A10165,Wound Suturing,Yes,Improved
T10166,A10166,Wound Suturing,Yes,Referred
T10167,A10167,Dialysis,No,Improved
T10168,A10168,IV Fluids,No,Recovered
T10169,A10169,Fracture Fixation,Yes,Recovered
T10170,A10170,Skin Biopsy,No,Improved
T10171,A10171,Bypass Surgery,Yes,Recovered
T10172,A10172,Knee Replacement,Yes,Referred
T10173,A10173,Critical Monitoring,No,Recovered
T10174,A10174,Chemotherapy,No,Recovered
T10175,A10175,Radiation Therapy,No,Improved
T10176,A10176,Immunotherapy,No,Referred
T10177,A10177,ECG,No,Recovered
T10178,A10178,Laser Therapy,No,Recovered
T10179,A10179,Bypass Surgery,Yes,Referred
T10180,A10180,IV Fluids,No,Referred
T10181,A10181,CPR,No,Recovered
T10182,A10182,IV Fluids,No,Recovered
T10183,A10183,CPR,No,Improved
T10184,A10184,Stroke Therapy,No,Recovered
T10185,A10185,Radiation Therapy,No,Recovered
T10186,A10186,IV Fluids,No,Recovered
T10187,A10187,Nebulization,No,Improved
T10188,A10188,Chemotherapy,No,Recovered
T10189,A10189,IV Fluids,No,Recovered
T10190,A10190,Sinus Surgery,Yes,Improved
T10191,A10191,Immunotherapy,No,Recovered
T10192,A10192,Cryotherapy,No,Recovered
T10193,A10193,Trauma Care,No,Recovered
T10194,A10194,Insulin Therapy,No,Recovered
T10195,A10195,Knee Replacement,Yes,Recovered
T10196,A10196,IV Fluids,No,Recovered
T10197,A10197,Dialysis,No,Improved
T10198,A10198,Fracture Fixation,Yes,Recovered
T10199,A10199,Bypass Surgery,Yes,Recovered
T10200,A10200,Wound Suturing,Yes,Recovered
T10201,A10201,Insulin Therapy,No,Improved
T10202,A10202,Angioplasty,Yes,Recovered
T10203,A10203,EEG,No,Recovered
T10204,A10204,Wound Suturing,Yes,Recovered
T10205,A10205,Critical Monitoring,No,Recovered
T10206,A10206,Immunotherapy,No,Referred
T10207,A10207,ECG,No,Deceased
T10208,A10208,Nebulization,No,Improved
T10209,A10209,Antibiotic Therapy,No,Improved
T10210,A10210,Physiotherapy,No,Recovered
T10211,A10211,Vaccination,No,Referred
T10212,A10212,Critical Monitoring,No,Recovered
T10213,A10213,ECG,No,Recovered
T10214,A10214,Wound Suturing,Yes,Recovered
T10215,A10215,Trauma Care,No,Recovered
T10216,A10216,Sinus Surgery,Yes,Recovered
T10217,A10217,Physiotherapy,No,Recovered
T10218,A10218,Ventilator Support,No,Recovered
T10219,A10219,Nebulization,No,Referred
T10220,A10220,Immunotherapy,No,Recovered
T10221,A10221,CPR,No,Recovered
T10222,A10222,Angioplasty,Yes,Recovered
T10223,A10223,Fracture Fixation,Yes,Improved
T10224,A10224,Fracture Fixation,Yes,Deceased
T10225,A10225,CPR,No,Recovered
T10226,A10226,IV Fluids,No,Recovered
T10227,A10227,MRI Brain,No,Recovered
T10228,A10228,Antibiotic Therapy,No,Improved
T10229,A10229,Stroke Therapy,No,Recovered
T10230,A10230,Nebulization,No,Improved
T10231,A10231,Insulin Therapy,No,Recovered
T10232,A10232,Wound Suturing,Yes,Recovered
T10233,A10233,Trauma Care,No,Recovered
T10234,A10234,Trauma Care,No,Recovered
T10235,A10235,CPR,No,Recovered
T10236,A10236,Insulin Therapy,No,Recovered
T10237,A10237,Fracture Fixation,Yes,Deceased
T10238,A10238,Nebulization,No,Recovered
T10239,A10239,Radiation Therapy,No,Recovered
T10240,A10240,Fracture Fixation,Yes,Recovered
T10241,A10241,IV Fluids,No,Recovered
T10242,A10242,Chemotherapy,No,Recovered
T10243,A10243,EEG,No,Referred
T10244,A10244,Cryotherapy,No,Improved
T10245,A10245,Chemotherapy,No,Improved
T10246,A10246,Nebulization,No,Recovered
T10247,A10247,Ear Surgery,Yes,Recovered
T10248,A10248,Physiotherapy,No,Improved
T10249,A10249,CPR,No,Recovered
T10250,A10250,Wound Suturing,Yes,Improved
T10251,A10251,Skin Biopsy,No,Recovered
T10252,A10252,Skin Biopsy,No,Recovered
T10253,A10253,Immunotherapy,No,Recovered
T10254,A10254,IV Fluids,No,Recovered
T10255,A10255,Skin Biopsy,No,Recovered
T10256,A10256,Ear Surgery,Yes,Recovered
T10257,A10257,IV Fluids,No,Recovered
T10258,A10258,Ear Surgery,Yes,Recovered
T10259,A10259,ECG,No,Recovered
T10260,A10260,Immunotherapy,No,Recovered
T10261,A10261,Stroke Therapy,No,Recovered
T10262,A10262,Immunotherapy,No,Recovered
T10263,A10263,IV Fluids,No,Recovered
T10264,A10264,CPR,No,Improved
T10265,A10265,Trauma Care,No,Recovered
T10266,A10266,Bypass Surgery,Yes,Recovered
T10267,A10267,Wound Suturing,Yes,Recovered
T10268,A10268,Angioplasty,Yes,Recovered
T10269,A10269,Insulin Therapy,No,Recovered
T10270,A10270,Fracture Fixation,Yes,Improved
T10271,A10271,Cryotherapy,No,Recovered
T10272,A10272,Sinus Surgery,Yes,Recovered
T10273,A10273,Chemotherapy,No,Recovered
T10274,A10274,Nebulization,No,Deceased
T10275,A10275,Trauma Care,No,Recovered
T10276,A10276,ECG,No,Recovered
T10277,A10277,Laser Therapy,No,Recovered
T10278,A10278,Angioplasty,Yes,Improved
T10279,A10279,ECG,No,Improved
T10280,A10280,Antibiotic Therapy,No,Recovered
T10281,A10281,Ear Surgery,Yes,Recovered
T10282,A10282,Fracture Fixation,Yes,Recovered
T10283,A10283,CPR,No,Improved
T10284,A10284,Fracture Fixation,Yes,Recovered
T10285,A10285,Immunotherapy,No,Improved
T10286,A10286,Bypass Surgery,Yes,Recovered
T10287,A10287,Angioplasty,Yes,Improved
T10288,A10288,Bypass Surgery,Yes,Recovered
T10289,A10289,Trauma Care,No,Recovered
T10290,A10290,Trauma Care,No,Recovered
T10291,A10291,Skin Biopsy,No,Recovered
T10292,A10292,Wound Suturing,Yes,Recovered
T10293,A10293,Chemotherapy,No,Improved
T10294,A10294,Angioplasty,Yes,Recovered
T10295,A10295,Angioplasty,Yes,Recovered
T10296,A10296,Laser Therapy,No,Recovered
T10297,A10297,CPR,No,Recovered
T10298,A10298,Immunotherapy,No,Recovered
T10299,A10299,Physiotherapy,No,Recovered
T10300,A10300,Stroke Therapy,No,Referred
T10301,A10301,Sinus Surgery,Yes,Recovered
T10302,A10302,Endoscopy,No,Recovered
T10303,A10303,Insulin Therapy,No,Recovered
T10304,A10304,Knee Replacement,Yes,Recovered
T10305,A10305,Vaccination,No,Recovered
T10306,A10306,Physiotherapy,No,Recovered
T10307,A10307,MRI Brain,No,Improved
T10308,A10308,Sinus Surgery,Yes,Recovered
T10309,A10309,Sinus Surgery,Yes,Improved
T10310,A10310,Physiotherapy,No,Recovered
T10311,A10311,IV Fluids,No,Recovered
T10312,A10312,CPR,No,Improved
T10313,A10313,Insulin Therapy,No,Recovered
T10314,A10314,Chemotherapy,No,Recovered
T10315,A10315,Critical Monitoring,No,Recovered
T10316,A10316,Chemotherapy,No,Recovered
T10317,A10317,Vaccination,No,Recovered
T10318,A10318,Vaccination,No,Recovered
T10319,A10319,Ventilator Support,No,Recovered
T10320,A10320,Dialysis,No,Deceased
T10321,A10321,Immunotherapy,No,Recovered
T10322,A10322,Ventilator Support,No,Referred
T10323,A10323,Bypass Surgery,Yes,Improved
T10324,A10324,Ear Surgery,Yes,Recovered
T10325,A10325,Wound Suturing,Yes,Recovered
T10326,A10326,Endoscopy,No,Recovered
T10327,A10327,Fracture Fixation,Yes,Recovered
T10328,A10328,Critical Monitoring,No,Recovered
T10329,A10329,Skin Biopsy,No,Recovered
T10330,A10330,Bypass Surgery,Yes,Recovered
T10331,A10331,Insulin Therapy,No,Recovered
T10332,A10332,IV Fluids,No,Recovered
T10333,A10333,Ventilator Support,No,Improved
T10334,A10334,Trauma Care,No,Improved
T10335,A10335,Stroke Therapy,No,Recovered
T10336,A10336,MRI Brain,No,Recovered
T10337,A10337,Vaccination,No,Recovered
T10338,A10338,Endoscopy,No,Recovered
T10339,A10339,Fracture Fixation,Yes,Recovered
T10340,A10340,Stroke Therapy,No,Recovered
T10341,A10341,Ear Surgery,Yes,Recovered
T10342,A10342,Nebulization,No,Recovered
T10343,A10343,Endoscopy,No,Deceased
T10344,A10344,Skin Biopsy,No,Recovered
T10345,A10345,Endoscopy,No,Recovered
T10346,A10346,Wound Suturing,Yes,Recovered
T10347,A10347,Wound Suturing,Yes,Recovered
T10348,A10348,CPR,No,Recovered
T10349,A10349,Physiotherapy,No,Recovered
T10350,A10350,MRI Brain,No,Recovered
T10351,A10351,CPR,No,Recovered
T10352,A10352,Endoscopy,No,Recovered
T10353,A10353,Antibiotic Therapy,No,Improved
T10354,A10354,Critical Monitoring,No,Deceased
T10355,A10355,MRI Brain,No,Recovered
T10356,A10356,Nebulization,No,Improved
T10357,A10357,Vaccination,No,Improved
T10358,A10358,Chemotherapy,No,Recovered
T10359,A10359,Antibiotic Therapy,No,Recovered
T10360,A10360,Skin Biopsy,No,Recovered
T10361,A10361,Physiotherapy,No,Recovered
T10362,A10362,Knee Replacement,Yes,Recovered
T10363,A10363,Radiation Therapy,No,Recovered
T10364,A10364,Ear Surgery,Yes,Recovered
T10365,A10365,ECG,No,Referred
T10366,A10366,Laser Therapy,No,Recovered
T10367,A10367,Immunotherapy,No,Recovered
T10368,A10368,Laser Therapy,No,Recovered
T10369,A10369,Sinus Surgery,Yes,Referred
T10370,A10370,Knee Replacement,Yes,Improved
T10371,A10371,Stroke Therapy,No,Recovered
T10372,A10372,Trauma Care,No,Recovered
T10373,A10373,Endoscopy,No,Recovered
T10374,A10374,Fracture Fixation,Yes,Recovered
T10375,A10375,Cryotherapy,No,Improved
T10376,A10376,Knee Replacement,Yes,Recovered
T10377,A10377,Nebulization,No,Recovered
T10378,A10378,IV Fluids,No,Recovered
T10379,A10379,MRI Brain,No,Recovered
T10380,A10380,IV Fluids,No,Recovered
T10381,A10381,Fracture Fixation,Yes,Recovered
T10382,A10382,EEG,No,Improved
T10383,A10383,EEG,No,Recovered
T10384,A10384,Sinus Surgery,Yes,Recovered
T10385,A10385,Laser Therapy,No,Recovered
T10386,A10386,Sinus Surgery,Yes,Recovered
T10387,A10387,Fracture Fixation,Yes,Recovered
T10388,A10388,Vaccination,No,Recovered
T10389,A10389,Nebulization,No,Improved
T10390,A10390,Skin Biopsy,No,Recovered
T10391,A10391,Trauma Care,No,Recovered
T10392,A10392,Laser Therapy,No,Recovered
T10393,A10393,Endoscopy,No,Recovered
T10394,A10394,Cryotherapy,No,Recovered
T10395,A10395,Stroke Therapy,No,Recovered
T10396,A10396,Ventilator Support,No,Recovered
T10397,A10397,Endoscopy,No,Improved
T10398,A10398,Antibiotic Therapy,No,Improved
T10399,A10399,MRI Brain,No,Recovered
T10400,A10400,Stroke Therapy,No,Referred
T10401,A10401,EEG,No,Referred
T10402,A10402,EEG,No,Recovered
T10403,A10403,Immunotherapy,No,Referred
T10404,A10404,ECG,No,Recovered
T10405,A10405,Antibiotic Therapy,No,Recovered
T10406,A10406,Physiotherapy,No,Recovered
T10407,A10407,Critical Monitoring,No,Recovered
T10408,A10408,Dialysis,No,Recovered
T10409,A10409,Chemotherapy,No,Recovered
T10410,A10410,Trauma Care,No,Improved
T10411,A10411,Antibiotic Therapy,No,Referred
T10412,A10412,Angioplasty,Yes,Referred
T10413,A10413,Ear Surgery,Yes,Improved
T10414,A10414,Antibiotic Therapy,No,Recovered
T10415,A10415,IV Fluids,No,Recovered
T10416,A10416,Vaccination,No,Recovered
T10417,A10417,Skin Biopsy,No,Referred
T10418,A10418,MRI Brain,No,Improved
T10419,A10419,Fracture Fixation,Yes,Recovered
T10420,A10420,Antibiotic Therapy,No,Improved
T10421,A10421,Antibiotic Therapy,No,Recovered
T10422,A10422,Laser Therapy,No,Recovered
T10423,A10423,Cryotherapy,No,Recovered
T10424,A10424,Knee Replacement,Yes,Improved
T10425,A10425,Angioplasty,Yes,Referred
T10426,A10426,IV Fluids,No,Recovered
T10427,A10427,Stroke Therapy,No,Recovered
T10428,A10428,IV Fluids,No,Recovered
T10429,A10429,CPR,No,Improved
T10430,A10430,Radiation Therapy,No,Improved
T10431,A10431,Critical Monitoring,No,Recovered
T10432,A10432,Chemotherapy,No,Recovered
T10433,A10433,Trauma Care,No,Recovered
T10434,A10434,Critical Monitoring,No,Recovered
T10435,A10435,Laser Therapy,No,Recovered
T10436,A10436,Immunotherapy,No,Recovered
T10437,A10437,CPR,No,Recovered
T10438,A10438,Ventilator Support,No,Recovered
T10439,A10439,Laser Therapy,No,Recovered
T10440,A10440,Trauma Care,No,Recovered
T10441,A10441,IV Fluids,No,Recovered
T10442,A10442,CPR,No,Referred
T10443,A10443,IV Fluids,No,Recovered
T10444,A10444,Physiotherapy,No,Referred
T10445,A10445,Stroke Therapy,No,Recovered
T10446,A10446,IV Fluids,No,Recovered
T10447,A10447,Knee Replacement,Yes,Recovered
T10448,A10448,Sinus Surgery,Yes,Improved
T10449,A10449,Wound Suturing,Yes,Recovered
T10450,A10450,Laser Therapy,No,Recovered
T10451,A10451,Laser Therapy,No,Recovered
T10452,A10452,Trauma Care,No,Recovered
T10453,A10453,Nebulization,No,Recovered
T10454,A10454,IV Fluids,No,Improved
T10455,A10455,Endoscopy,No,Deceased
T10456,A10456,Nebulization,No,Recovered
T10457,A10457,Insulin Therapy,No,Referred
T10458,A10458,Dialysis,No,Recovered
T10459,A10459,Bypass Surgery,Yes,Referred
T10460,A10460,Antibiotic Therapy,No,Recovered
T10461,A10461,Ear Surgery,Yes,Recovered
T10462,A10462,Vaccination,No,Referred
T10463,A10463,Ear Surgery,Yes,Recovered
T10464,A10464,Wound Suturing,Yes,Improved
T10465,A10465,Ventilator Support,No,Improved
T10466,A10466,Chemotherapy,No,Recovered
T10467,A10467,Laser Therapy,No,Recovered
T10468,A10468,Angioplasty,Yes,Recovered
T10469,A10469,CPR,No,Referred
T10470,A10470,MRI Brain,No,Recovered
T10471,A10471,Antibiotic Therapy,No,Improved
T10472,A10472,Sinus Surgery,Yes,Referred
T10473,A10473,Nebulization,No,Referred
T10474,A10474,Fracture Fixation,Yes,Referred
T10475,A10475,Ear Surgery,Yes,Recovered
T10476,A10476,CPR,No,Recovered
T10477,A10477,IV Fluids,No,Recovered
T10478,A10478,Fracture Fixation,Yes,Recovered
T10479,A10479,Antibiotic Therapy,No,Recovered
T10480,A10480,Skin Biopsy,No,Recovered
T10481,A10481,Antibiotic Therapy,No,Improved
T10482,A10482,Knee Replacement,Yes,Recovered
T10483,A10483,Immunotherapy,No,Recovered
T10484,A10484,Antibiotic Therapy,No,Recovered
T10485,A10485,Ear Surgery,Yes,Recovered
T10486,A10486,Antibiotic Therapy,No,Referred
T10487,A10487,Antibiotic Therapy,No,Referred
T10488,A10488,Antibiotic Therapy,No,Recovered
T10489,A10489,Bypass Surgery,Yes,Recovered
T10490,A10490,Radiation Therapy,No,Improved
T10491,A10491,Ear Surgery,Yes,Recovered
T10492,A10492,IV Fluids,No,Recovered
T10493,A10493,Ear Surgery,Yes,Recovered
T10494,A10494,Sinus Surgery,Yes,Recovered
T10495,A10495,IV Fluids,No,Recovered
T10496,A10496,Knee Replacement,Yes,Recovered
T10497,A10497,Wound Suturing,Yes,Referred
T10498,A10498,CPR,No,Improved
T10499,A10499,Cryotherapy,No,Improved
T10500,A10500,Chemotherapy,No,Improved
T10501,A10501,Cryotherapy,No,Recovered
T10502,A10502,Stroke Therapy,No,Recovered
T10503,A10503,EEG,No,Recovered
T10504,A10504,Skin Biopsy,No,Recovered
T10505,A10505,MRI Brain,No,Recovered
T10506,A10506,Antibiotic Therapy,No,Recovered
T10507,A10507,MRI Brain,No,Recovered
T10508,A10508,Vaccination,No,Recovered
T10509,A10509,Critical Monitoring,No,Improved
T10510,A10510,Chemotherapy,No,Recovered
T10511,A10511,Ventilator Support,No,Recovered
T10512,A10512,MRI Brain,No,Referred
T10513,A10513,Immunotherapy,No,Improved
T10514,A10514,Trauma Care,No,Improved
T10515,A10515,CPR,No,Improved
T10516,A10516,CPR,No,Recovered
T10517,A10517,Skin Biopsy,No,Referred
T10518,A10518,Fracture Fixation,Yes,Recovered
T10519,A10519,Angioplasty,Yes,Recovered
T10520,A10520,Knee Replacement,Yes,Improved
T10521,A10521,Endoscopy,No,Improved
T10522,A10522,Ear Surgery,Yes,Referred
T10523,A10523,ECG,No,Recovered
T10524,A10524,MRI Brain,No,Recovered
T10525,A10525,Physiotherapy,No,Improved
T10526,A10526,Vaccination,No,Recovered
T10527,A10527,Antibiotic Therapy,No,Recovered
T10528,A10528,Critical Monitoring,No,Recovered
T10529,A10529,Bypass Surgery,Yes,Recovered
T10530,A10530,Ventilator Support,No,Recovered
T10531,A10531,Ventilator Support,No,Recovered
T10532,A10532,Dialysis,No,Recovered
T10533,A10533,IV Fluids,No,Recovered
T10534,A10534,Physiotherapy,No,Recovered
T10535,A10535,Ear Surgery,Yes,Recovered
T10536,A10536,Dialysis,No,Improved
T10537,A10537,IV Fluids,No,Recovered
T10538,A10538,Trauma Care,No,Improved
T10539,A10539,Fracture Fixation,Yes,Recovered
T10540,A10540,Laser Therapy,No,Recovered
T10541,A10541,Bypass Surgery,Yes,Recovered
T10542,A10542,MRI Brain,No,Recovered
T10543,A10543,Ventilator Support,No,Referred
T10544,A10544,Physiotherapy,No,Deceased
T10545,A10545,Ventilator Support,No,Recovered
T10546,A10546,Angioplasty,Yes,Recovered
T10547,A10547,ECG,No,Improved
T10548,A10548,Fracture Fixation,Yes,Improved
T10549,A10549,Insulin Therapy,No,Recovered
T10550,A10550,Trauma Care,No,Recovered
T10551,A10551,Ventilator Support,No,Recovered
T10552,A10552,ECG,No,Recovered
T10553,A10553,CPR,No,Recovered
T10554,A10554,Immunotherapy,No,Recovered
T10555,A10555,Cryotherapy,No,Referred
T10556,A10556,Bypass Surgery,Yes,Recovered
T10557,A10557,Nebulization,No,Recovered
T10558,A10558,Physiotherapy,No,Recovered
T10559,A10559,Cryotherapy,No,Improved
T10560,A10560,Critical Monitoring,No,Improved
T10561,A10561,Nebulization,No,Recovered
T10562,A10562,Dialysis,No,Recovered
T10563,A10563,Angioplasty,Yes,Recovered
T10564,A10564,Fracture Fixation,Yes,Deceased
T10565,A10565,ECG,No,Deceased
T10566,A10566,Insulin Therapy,No,Recovered
T10567,A10567,Trauma Care,No,Referred
T10568,A10568,Physiotherapy,No,Recovered
T10569,A10569,ECG,No,Improved
T10570,A10570,Angioplasty,Yes,Recovered
T10571,A10571,MRI Brain,No,Recovered
T10572,A10572,Cryotherapy,No,Improved
T10573,A10573,Physiotherapy,No,Recovered
T10574,A10574,Physiotherapy,No,Deceased
T10575,A10575,Physiotherapy,No,Improved
T10576,A10576,Trauma Care,No,Improved
T10577,A10577,Dialysis,No,Recovered
T10578,A10578,Nebulization,No,Recovered
T10579,A10579,Bypass Surgery,Yes,Deceased
T10580,A10580,Wound Suturing,Yes,Recovered
T10581,A10581,Cryotherapy,No,Recovered
T10582,A10582,Angioplasty,Yes,Recovered
T10583,A10583,Bypass Surgery,Yes,Improved
T10584,A10584,Sinus Surgery,Yes,Improved
T10585,A10585,Chemotherapy,No,Recovered
T10586,A10586,EEG,No,Recovered
T10587,A10587,Fracture Fixation,Yes,Recovered
T10588,A10588,CPR,No,Improved
T10589,A10589,Wound Suturing,Yes,Recovered
T10590,A10590,Ventilator Support,No,Recovered
T10591,A10591,IV Fluids,No,Recovered
T10592,A10592,Antibiotic Therapy,No,Referred
T10593,A10593,Skin Biopsy,No,Recovered
T10594,A10594,Angioplasty,Yes,Recovered
T10595,A10595,Antibiotic Therapy,No,Recovered
T10596,A10596,Nebulization,No,Recovered
T10597,A10597,Physiotherapy,No,Recovered
T10598,A10598,Laser Therapy,No,Recovered
T10599,A10599,MRI Brain,No,Recovered
T10600,A10600,Critical Monitoring,No,Recovered
T10601,A10601,Sinus Surgery,Yes,Recovered
T10602,A10602,Wound Suturing,Yes,Improved
T10603,A10603,Wound Suturing,Yes,Recovered
T10604,A10604,Knee Replacement,Yes,Recovered
T10605,A10605,Vaccination,No,Improved
T10606,A10606,Endoscopy,No,Recovered
T10607,A10607,Dialysis,No,Recovered
T10608,A10608,Antibiotic Therapy,No,Recovered
T10609,A10609,Ventilator Support,No,Recovered
T10610,A10610,CPR,No,Recovered
T10611,A10611,Laser Therapy,No,Recovered
T10612,A10612,Antibiotic Therapy,No,Referred
T10613,A10613,ECG,No,Recovered
T10614,A10614,Stroke Therapy,No,Recovered
T10615,A10615,Insulin Therapy,No,Recovered
T10616,A10616,Nebulization,No,Recovered
T10617,A10617,Radiation Therapy,No,Improved
T10618,A10618,Chemotherapy,No,Recovered
T10619,A10619,Vaccination,No,Improved
T10620,A10620,Fracture Fixation,Yes,Recovered
T10621,A10621,Sinus Surgery,Yes,Deceased
T10622,A10622,Critical Monitoring,No,Recovered
T10623,A10623,Immunotherapy,No,Improved
T10624,A10624,IV Fluids,No,Recovered
T10625,A10625,Endoscopy,No,Recovered
T10626,A10626,Fracture Fixation,Yes,Recovered
T10627,A10627,Insulin Therapy,No,Recovered
T10628,A10628,Physiotherapy,No,Recovered
T10629,A10629,Endoscopy,No,Recovered
T10630,A10630,Critical Monitoring,No,Recovered
T10631,A10631,Angioplasty,Yes,Recovered
T10632,A10632,Physiotherapy,No,Referred
T10633,A10633,Wound Suturing,Yes,Recovered
T10634,A10634,ECG,No,Recovered
T10635,A10635,Stroke Therapy,No,Recovered
T10636,A10636,Cryotherapy,No,Deceased
T10637,A10637,Skin Biopsy,No,Recovered
T10638,A10638,Bypass Surgery,Yes,Recovered
T10639,A10639,Insulin Therapy,No,Recovered
T10640,A10640,IV Fluids,No,Recovered
T10641,A10641,Bypass Surgery,Yes,Recovered
T10642,A10642,Nebulization,No,Recovered
T10643,A10643,Knee Replacement,Yes,Recovered
T10644,A10644,Bypass Surgery,Yes,Referred
T10645,A10645,Physiotherapy,No,Recovered
T10646,A10646,CPR,No,Recovered
T10647,A10647,Fracture Fixation,Yes,Recovered
T10648,A10648,MRI Brain,No,Recovered
T10649,A10649,Sinus Surgery,Yes,Recovered
T10650,A10650,Fracture Fixation,Yes,Recovered
T10651,A10651,Antibiotic Therapy,No,Recovered
T10652,A10652,EEG,No,Recovered
T10653,A10653,MRI Brain,No,Recovered
T10654,A10654,Ear Surgery,Yes,Recovered
T10655,A10655,Fracture Fixation,Yes,Recovered
T10656,A10656,Knee Replacement,Yes,Improved
T10657,A10657,Knee Replacement,Yes,Recovered
T10658,A10658,Stroke Therapy,No,Recovered
T10659,A10659,Wound Suturing,Yes,Recovered
T10660,A10660,Dialysis,No,Improved
T10661,A10661,Radiation Therapy,No,Recovered
T10662,A10662,IV Fluids,No,Recovered
T10663,A10663,Ventilator Support,No,Recovered
T10664,A10664,IV Fluids,No,Recovered
T10665,A10665,Angioplasty,Yes,Recovered
T10666,A10666,EEG,No,Improved
T10667,A10667,Stroke Therapy,No,Recovered
T10668,A10668,CPR,No,Recovered
T10669,A10669,Sinus Surgery,Yes,Referred
T10670,A10670,ECG,No,Recovered
T10671,A10671,Trauma Care,No,Recovered
T10672,A10672,Knee Replacement,Yes,Recovered
T10673,A10673,Trauma Care,No,Recovered
T10674,A10674,Angioplasty,Yes,Recovered
T10675,A10675,Stroke Therapy,No,Recovered
T10676,A10676,Angioplasty,Yes,Recovered
T10677,A10677,Dialysis,No,Recovered
T10678,A10678,EEG,No,Improved
T10679,A10679,IV Fluids,No,Recovered
T10680,A10680,Critical Monitoring,No,Recovered
T10681,A10681,Stroke Therapy,No,Recovered
T10682,A10682,ECG,No,Improved
T10683,A10683,Immunotherapy,No,Recovered
T10684,A10684,Chemotherapy,No,Recovered
T10685,A10685,Knee Replacement,Yes,Recovered
T10686,A10686,Fracture Fixation,Yes,Recovered
T10687,A10687,Angioplasty,Yes,Recovered
T10688,A10688,EEG,No,Recovered
T10689,A10689,IV Fluids,No,Recovered
T10690,A10690,Ear Surgery,Yes,Recovered
T10691,A10691,IV Fluids,No,Recovered
T10692,A10692,Ear Surgery,Yes,Recovered
T10693,A10693,MRI Brain,No,Deceased
T10694,A10694,Stroke Therapy,No,Recovered
T10695,A10695,IV Fluids,No,Recovered
T10696,A10696,EEG,No,Improved
T10697,A10697,Angioplasty,Yes,Recovered
T10698,A10698,IV Fluids,No,Referred
T10699,A10699,Dialysis,No,Recovered
T10700,A10700,Fracture Fixation,Yes,Recovered
T10701,A10701,IV Fluids,No,Improved
T10702,A10702,Nebulization,No,Improved
T10703,A10703,Dialysis,No,Improved
T10704,A10704,Fracture Fixation,Yes,Improved
T10705,A10705,Sinus Surgery,Yes,Recovered
T10706,A10706,Stroke Therapy,No,Recovered
T10707,A10707,CPR,No,Recovered
T10708,A10708,CPR,No,Recovered
T10709,A10709,CPR,No,Referred
T10710,A10710,Knee Replacement,Yes,Recovered
T10711,A10711,Laser Therapy,No,Recovered
T10712,A10712,Antibiotic Therapy,No,Improved
T10713,A10713,Angioplasty,Yes,Recovered
T10714,A10714,EEG,No,Improved
T10715,A10715,Immunotherapy,No,Recovered
T10716,A10716,Ear Surgery,Yes,Recovered
T10717,A10717,MRI Brain,No,Recovered
T10718,A10718,Critical Monitoring,No,Recovered
T10719,A10719,Antibiotic Therapy,No,Improved
T10720,A10720,Cryotherapy,No,Referred
T10721,A10721,Immunotherapy,No,Recovered
T10722,A10722,Endoscopy,No,Recovered
T10723,A10723,EEG,No,Recovered
T10724,A10724,Wound Suturing,Yes,Recovered
T10725,A10725,ECG,No,Recovered
T10726,A10726,Fracture Fixation,Yes,Deceased
T10727,A10727,EEG,No,Recovered
T10728,A10728,Fracture Fixation,Yes,Recovered
T10729,A10729,Trauma Care,No,Improved
T10730,A10730,Fracture Fixation,Yes,Recovered
T10731,A10731,Knee Replacement,Yes,Improved
T10732,A10732,EEG,No,Recovered
T10733,A10733,Angioplasty,Yes,Recovered
T10734,A10734,Dialysis,No,Recovered
T10735,A10735,Sinus Surgery,Yes,Improved
T10736,A10736,MRI Brain,No,Improved
T10737,A10737,Fracture Fixation,Yes,Recovered
T10738,A10738,Trauma Care,No,Recovered
T10739,A10739,IV Fluids,No,Recovered
T10740,A10740,Wound Suturing,Yes,Recovered
T10741,A10741,Vaccination,No,Recovered
T10742,A10742,Physiotherapy,No,Recovered
T10743,A10743,Vaccination,No,Improved
T10744,A10744,Insulin Therapy,No,Improved
T10745,A10745,Laser Therapy,No,Recovered
T10746,A10746,MRI Brain,No,Recovered
T10747,A10747,Radiation Therapy,No,Recovered
T10748,A10748,Sinus Surgery,Yes,Improved
T10749,A10749,Physiotherapy,No,Improved
T10750,A10750,Stroke Therapy,No,Recovered
T10751,A10751,EEG,No,Recovered
T10752,A10752,Bypass Surgery,Yes,Improved
T10753,A10753,Vaccination,No,Recovered
T10754,A10754,Dialysis,No,Deceased
T10755,A10755,Insulin Therapy,No,Referred
T10756,A10756,IV Fluids,No,Recovered
T10757,A10757,Chemotherapy,No,Recovered
T10758,A10758,IV Fluids,No,Recovered
T10759,A10759,Ventilator Support,No,Recovered
T10760,A10760,Nebulization,No,Recovered
T10761,A10761,ECG,No,Recovered
T10762,A10762,Ear Surgery,Yes,Referred
T10763,A10763,Endoscopy,No,Recovered
T10764,A10764,Ear Surgery,Yes,Recovered
T10765,A10765,Fracture Fixation,Yes,Recovered
T10766,A10766,Laser Therapy,No,Recovered
T10767,A10767,Endoscopy,No,Improved
T10768,A10768,Ventilator Support,No,Improved
T10769,A10769,Ventilator Support,No,Recovered
T10770,A10770,Angioplasty,Yes,Recovered
T10771,A10771,Angioplasty,Yes,Recovered
T10772,A10772,Fracture Fixation,Yes,Recovered
T10773,A10773,Ventilator Support,No,Recovered
T10774,A10774,Physiotherapy,No,Recovered
T10775,A10775,IV Fluids,No,Improved
T10776,A10776,CPR,No,Improved
T10777,A10777,Dialysis,No,Improved
T10778,A10778,Physiotherapy,No,Improved
T10779,A10779,Trauma Care,No,Recovered
T10780,A10780,Cryotherapy,No,Recovered
T10781,A10781,Bypass Surgery,Yes,Improved
T10782,A10782,Physiotherapy,No,Improved
T10783,A10783,Sinus Surgery,Yes,Improved
T10784,A10784,Skin Biopsy,No,Recovered
T10785,A10785,Cryotherapy,No,Recovered
T10786,A10786,IV Fluids,No,Deceased
T10787,A10787,Radiation Therapy,No,Improved
T10788,A10788,Ear Surgery,Yes,Recovered
T10789,A10789,Ventilator Support,No,Deceased
T10790,A10790,Angioplasty,Yes,Recovered
T10791,A10791,Angioplasty,Yes,Recovered
T10792,A10792,Ear Surgery,Yes,Recovered
T10793,A10793,Nebulization,No,Referred
T10794,A10794,Ear Surgery,Yes,Recovered
T10795,A10795,Bypass Surgery,Yes,Recovered
T10796,A10796,Nebulization,No,Recovered
T10797,A10797,Laser Therapy,No,Recovered
T10798,A10798,Nebulization,No,Improved
T10799,A10799,Skin Biopsy,No,Recovered
T10800,A10800,Insulin Therapy,No,Recovered
T10801,A10801,Insulin Therapy,No,Recovered
T10802,A10802,MRI Brain,No,Recovered
T10803,A10803,Vaccination,No,Recovered
T10804,A10804,Angioplasty,Yes,Recovered
T10805,A10805,Vaccination,No,Recovered
T10806,A10806,Vaccination,No,Recovered
T10807,A10807,Vaccination,No,Recovered
T10808,A10808,Stroke Therapy,No,Recovered
T10809,A10809,Insulin Therapy,No,Improved
T10810,A10810,ECG,No,Recovered
T10811,A10811,Angioplasty,Yes,Improved
T10812,A10812,Stroke Therapy,No,Referred
T10813,A10813,ECG,No,Recovered
T10814,A10814,Nebulization,No,Recovered
T10815,A10815,Wound Suturing,Yes,Recovered
T10816,A10816,Stroke Therapy,No,Improved
T10817,A10817,Angioplasty,Yes,Recovered
T10818,A10818,Endoscopy,No,Recovered
T10819,A10819,Sinus Surgery,Yes,Recovered
T10820,A10820,Chemotherapy,No,Recovered
T10821,A10821,MRI Brain,No,Referred
T10822,A10822,EEG,No,Recovered
T10823,A10823,IV Fluids,No,Improved
T10824,A10824,Vaccination,No,Recovered
T10825,A10825,Ventilator Support,No,Recovered
T10826,A10826,Fracture Fixation,Yes,Recovered
T10827,A10827,Bypass Surgery,Yes,Recovered
T10828,A10828,Fracture Fixation,Yes,Referred
T10829,A10829,Antibiotic Therapy,No,Improved
T10830,A10830,Skin Biopsy,No,Recovered
T10831,A10831,EEG,No,Recovered
T10832,A10832,Ventilator Support,No,Recovered
T10833,A10833,Ear Surgery,Yes,Recovered
T10834,A10834,Knee Replacement,Yes,Recovered
T10835,A10835,Antibiotic Therapy,No,Recovered
T10836,A10836,Stroke Therapy,No,Recovered
T10837,A10837,Antibiotic Therapy,No,Recovered
T10838,A10838,Ventilator Support,No,Improved
T10839,A10839,Wound Suturing,Yes,Recovered
T10840,A10840,EEG,No,Recovered
T10841,A10841,IV Fluids,No,Recovered
T10842,A10842,CPR,No,Improved
T10843,A10843,CPR,No,Referred
T10844,A10844,Fracture Fixation,Yes,Referred
T10845,A10845,Ventilator Support,No,Recovered
T10846,A10846,Immunotherapy,No,Recovered
T10847,A10847,IV Fluids,No,Improved
T10848,A10848,Stroke Therapy,No,Recovered
T10849,A10849,Cryotherapy,No,Recovered
T10850,A10850,ECG,No,Recovered
T10851,A10851,MRI Brain,No,Recovered
T10852,A10852,Stroke Therapy,No,Recovered
T10853,A10853,Bypass Surgery,Yes,Improved
T10854,A10854,Stroke Therapy,No,Recovered
T10855,A10855,Bypass Surgery,Yes,Recovered
T10856,A10856,Wound Suturing,Yes,Referred
T10857,A10857,Critical Monitoring,No,Improved
T10858,A10858,MRI Brain,No,Recovered
T10859,A10859,IV Fluids,No,Recovered
T10860,A10860,CPR,No,Improved
T10861,A10861,ECG,No,Improved
T10862,A10862,Insulin Therapy,No,Recovered
T10863,A10863,Fracture Fixation,Yes,Deceased
T10864,A10864,Ventilator Support,No,Recovered
T10865,A10865,Antibiotic Therapy,No,Recovered
T10866,A10866,Physiotherapy,No,Recovered
T10867,A10867,Cryotherapy,No,Recovered
T10868,A10868,IV Fluids,No,Recovered
T10869,A10869,Bypass Surgery,Yes,Referred
T10870,A10870,Skin Biopsy,No,Recovered
T10871,A10871,ECG,No,Improved
T10872,A10872,IV Fluids,No,Recovered
T10873,A10873,Chemotherapy,No,Improved
T10874,A10874,Chemotherapy,No,Recovered
T10875,A10875,Nebulization,No,Recovered
T10876,A10876,CPR,No,Recovered
T10877,A10877,EEG,No,Recovered
T10878,A10878,CPR,No,Recovered
T10879,A10879,MRI Brain,No,Recovered
T10880,A10880,Ventilator Support,No,Recovered
T10881,A10881,Nebulization,No,Referred
T10882,A10882,Immunotherapy,No,Recovered
T10883,A10883,Chemotherapy,No,Recovered
T10884,A10884,Vaccination,No,Recovered
T10885,A10885,Knee Replacement,Yes,Improved
T10886,A10886,Ear Surgery,Yes,Recovered
T10887,A10887,Stroke Therapy,No,Recovered
T10888,A10888,Endoscopy,No,Recovered
T10889,A10889,Sinus Surgery,Yes,Recovered
T10890,A10890,IV Fluids,No,Recovered
T10891,A10891,Trauma Care,No,Referred
T10892,A10892,IV Fluids,No,Improved
T10893,A10893,IV Fluids,No,Recovered
T10894,A10894,Trauma Care,No,Recovered
T10895,A10895,Nebulization,No,Recovered
T10896,A10896,Sinus Surgery,Yes,Improved
T10897,A10897,Ear Surgery,Yes,Recovered
T10898,A10898,Antibiotic Therapy,No,Recovered
T10899,A10899,Physiotherapy,No,Recovered
T10900,A10900,IV Fluids,No,Recovered
T10901,A10901,Sinus Surgery,Yes,Recovered
T10902,A10902,Insulin Therapy,No,Recovered
T10903,A10903,Nebulization,No,Recovered
T10904,A10904,Stroke Therapy,No,Improved
T10905,A10905,Bypass Surgery,Yes,Recovered
T10906,A10906,Antibiotic Therapy,No,Improved
T10907,A10907,Dialysis,No,Recovered
T10908,A10908,Cryotherapy,No,Recovered
T10909,A10909,Wound Suturing,Yes,Recovered
T10910,A10910,ECG,No,Recovered
T10911,A10911,Endoscopy,No,Recovered
T10912,A10912,ECG,No,Referred
T10913,A10913,Bypass Surgery,Yes,Improved
T10914,A10914,IV Fluids,No,Recovered
T10915,A10915,Trauma Care,No,Recovered
T10916,A10916,Radiation Therapy,No,Recovered
T10917,A10917,Trauma Care,No,Recovered
T10918,A10918,Angioplasty,Yes,Recovered
T10919,A10919,Chemotherapy,No,Recovered
T10920,A10920,Knee Replacement,Yes,Recovered
T10921,A10921,Fracture Fixation,Yes,Recovered
T10922,A10922,CPR,No,Recovered
T10923,A10923,Bypass Surgery,Yes,Recovered
T10924,A10924,Bypass Surgery,Yes,Referred
T10925,A10925,Skin Biopsy,No,Recovered
T10926,A10926,Trauma Care,No,Recovered
T10927,A10927,IV Fluids,No,Recovered
T10928,A10928,Ear Surgery,Yes,Recovered
T10929,A10929,Wound Suturing,Yes,Improved
T10930,A10930,CPR,No,Recovered
T10931,A10931,MRI Brain,No,Recovered
T10932,A10932,Knee Replacement,Yes,Recovered
T10933,A10933,Trauma Care,No,Recovered
T10934,A10934,Trauma Care,No,Improved
T10935,A10935,Physiotherapy,No,Recovered
T10936,A10936,Ear Surgery,Yes,Recovered
T10937,A10937,Sinus Surgery,Yes,Recovered
T10938,A10938,Cryotherapy,No,Recovered
T10939,A10939,CPR,No,Recovered
T10940,A10940,IV Fluids,No,Recovered
T10941,A10941,Trauma Care,No,Recovered
T10942,A10942,CPR,No,Recovered
T10943,A10943,Critical Monitoring,No,Recovered
T10944,A10944,Ventilator Support,No,Recovered
T10945,A10945,CPR,No,Recovered
T10946,A10946,Vaccination,No,Improved
T10947,A10947,MRI Brain,No,Recovered
T10948,A10948,Endoscopy,No,Recovered
T10949,A10949,ECG,No,Recovered
T10950,A10950,Insulin Therapy,No,Improved
T10951,A10951,Wound Suturing,Yes,Improved
T10952,A10952,EEG,No,Recovered
T10953,A10953,ECG,No,Improved
T10954,A10954,Endoscopy,No,Recovered
T10955,A10955,Laser Therapy,No,Recovered
T10956,A10956,Bypass Surgery,Yes,Recovered
T10957,A10957,Wound Suturing,Yes,Recovered
T10958,A10958,Skin Biopsy,No,Recovered
T10959,A10959,EEG,No,Recovered
T10960,A10960,Radiation Therapy,No,Recovered
T10961,A10961,Bypass Surgery,Yes,Recovered
T10962,A10962,Sinus Surgery,Yes,Deceased
T10963,A10963,Insulin Therapy,No,Improved
T10964,A10964,EEG,No,Recovered
T10965,A10965,Angioplasty,Yes,Recovered
T10966,A10966,Bypass Surgery,Yes,Referred
T10967,A10967,Wound Suturing,Yes,Recovered
T10968,A10968,Endoscopy,No,Recovered
T10969,A10969,Dialysis,No,Recovered
T10970,A10970,Cryotherapy,No,Referred
T10971,A10971,Physiotherapy,No,Recovered
T10972,A10972,Dialysis,No,Improved
T10973,A10973,IV Fluids,No,Recovered
T10974,A10974,Stroke Therapy,No,Improved
T10975,A10975,Ear Surgery,Yes,Recovered
T10976,A10976,Skin Biopsy,No,Recovered
T10977,A10977,ECG,No,Improved
T10978,A10978,Radiation Therapy,No,Improved
T10979,A10979,Ventilator Support,No,Recovered
T10980,A10980,Ventilator Support,No,Recovered
T10981,A10981,IV Fluids,No,Recovered
T10982,A10982,Stroke Therapy,No,Recovered
T10983,A10983,Sinus Surgery,Yes,Recovered
T10984,A10984,Ventilator Support,No,Recovered
T10985,A10985,IV Fluids,No,Referred
T10986,A10986,Immunotherapy,No,Improved
T10987,A10987,IV Fluids,No,Improved
T10988,A10988,ECG,No,Recovered
T10989,A10989,Cryotherapy,No,Recovered
T10990,A10990,Angioplasty,Yes,Recovered
T10991,A10991,Physiotherapy,No,Deceased
T10992,A10992,Stroke Therapy,No,Recovered
T10993,A10993,Endoscopy,No,Recovered
T10994,A10994,MRI Brain,No,Recovered
T10995,A10995,Chemotherapy,No,Recovered
T10996,A10996,IV Fluids,No,Recovered
T10997,A10997,Vaccination,No,Improved
T10998,A10998,Nebulization,No,Recovered
T10999,A10999,Physiotherapy,No,Recovered
T11000,A11000,Trauma Care,No,Improved
T11001,A11001,Ventilator Support,No,Recovered
T11002,A11002,Ear Surgery,Yes,Improved
T11003,A11003,Bypass Surgery,Yes,Recovered
T11004,A11004,Physiotherapy,No,Recovered
T11005,A11005,Fracture Fixation,Yes,Recovered
T11006,A11006,CPR,No,Recovered
T11007,A11007,Chemotherapy,No,Recovered
T11008,A11008,IV Fluids,No,Improved
T11009,A11009,Physiotherapy,No,Improved
T11010,A11010,Knee Replacement,Yes,Recovered
T11011,A11011,Trauma Care,No,Referred
T11012,A11012,EEG,No,Recovered
T11013,A11013,Antibiotic Therapy,No,Improved
T11014,A11014,Chemotherapy,No,Recovered
T11015,A11015,Wound Suturing,Yes,Recovered
T11016,A11016,IV Fluids,No,Recovered
T11017,A11017,IV Fluids,No,Improved
T11018,A11018,Insulin Therapy,No,Improved
T11019,A11019,Ventilator Support,No,Improved
T11020,A11020,ECG,No,Improved
T11021,A11021,Endoscopy,No,Recovered
T11022,A11022,Radiation Therapy,No,Recovered
T11023,A11023,Insulin Therapy,No,Recovered
T11024,A11024,Sinus Surgery,Yes,Recovered
T11025,A11025,CPR,No,Recovered
T11026,A11026,IV Fluids,No,Recovered
T11027,A11027,Antibiotic Therapy,No,Referred
T11028,A11028,Radiation Therapy,No,Recovered
T11029,A11029,Angioplasty,Yes,Recovered
T11030,A11030,Sinus Surgery,Yes,Recovered
T11031,A11031,Insulin Therapy,No,Recovered
T11032,A11032,Insulin Therapy,No,Recovered
T11033,A11033,Bypass Surgery,Yes,Recovered
T11034,A11034,Insulin Therapy,No,Recovered
T11035,A11035,Vaccination,No,Improved
T11036,A11036,Chemotherapy,No,Recovered
T11037,A11037,Bypass Surgery,Yes,Improved
T11038,A11038,IV Fluids,No,Deceased
T11039,A11039,Laser Therapy,No,Improved
T11040,A11040,Wound Suturing,Yes,Improved
T11041,A11041,IV Fluids,No,Improved
T11042,A11042,CPR,No,Recovered
T11043,A11043,Physiotherapy,No,Referred
T11044,A11044,EEG,No,Referred
T11045,A11045,Fracture Fixation,Yes,Recovered
T11046,A11046,Nebulization,No,Recovered
T11047,A11047,Trauma Care,No,Recovered
T11048,A11048,Radiation Therapy,No,Improved
T11049,A11049,Critical Monitoring,No,Recovered
T11050,A11050,Immunotherapy,No,Recovered
T11051,A11051,CPR,No,Improved
T11052,A11052,IV Fluids,No,Recovered
T11053,A11053,EEG,No,Improved
T11054,A11054,Insulin Therapy,No,Improved
T11055,A11055,Bypass Surgery,Yes,Recovered
T11056,A11056,IV Fluids,No,Recovered
T11057,A11057,IV Fluids,No,Recovered
T11058,A11058,Physiotherapy,No,Recovered
T11059,A11059,Wound Suturing,Yes,Referred
T11060,A11060,Wound Suturing,Yes,Recovered
T11061,A11061,Antibiotic Therapy,No,Recovered
T11062,A11062,IV Fluids,No,Recovered
T11063,A11063,Stroke Therapy,No,Recovered
T11064,A11064,ECG,No,Improved
T11065,A11065,Chemotherapy,No,Deceased
T11066,A11066,CPR,No,Recovered
T11067,A11067,Knee Replacement,Yes,Recovered
T11068,A11068,CPR,No,Referred
T11069,A11069,Sinus Surgery,Yes,Recovered
T11070,A11070,Trauma Care,No,Recovered
T11071,A11071,Wound Suturing,Yes,Recovered
T11072,A11072,Insulin Therapy,No,Recovered
T11073,A11073,Angioplasty,Yes,Recovered
T11074,A11074,Immunotherapy,No,Recovered
T11075,A11075,Antibiotic Therapy,No,Improved
T11076,A11076,Chemotherapy,No,Recovered
T11077,A11077,Vaccination,No,Recovered
T11078,A11078,EEG,No,Recovered
T11079,A11079,Critical Monitoring,No,Recovered
T11080,A11080,Sinus Surgery,Yes,Improved
T11081,A11081,Fracture Fixation,Yes,Recovered
T11082,A11082,Physiotherapy,No,Recovered
T11083,A11083,Wound Suturing,Yes,Recovered
T11084,A11084,Skin Biopsy,No,Improved
T11085,A11085,Nebulization,No,Recovered
T11086,A11086,Sinus Surgery,Yes,Recovered
T11087,A11087,Angioplasty,Yes,Recovered
T11088,A11088,Knee Replacement,Yes,Recovered
T11089,A11089,Immunotherapy,No,Recovered
T11090,A11090,IV Fluids,No,Recovered
T11091,A11091,Antibiotic Therapy,No,Recovered
T11092,A11092,Wound Suturing,Yes,Recovered
T11093,A11093,Bypass Surgery,Yes,Recovered
T11094,A11094,Bypass Surgery,Yes,Recovered
T11095,A11095,Laser Therapy,No,Recovered
T11096,A11096,Physiotherapy,No,Recovered
T11097,A11097,Cryotherapy,No,Improved
T11098,A11098,Nebulization,No,Recovered
T11099,A11099,Radiation Therapy,No,Recovered
T11100,A11100,Laser Therapy,No,Recovered
T11101,A11101,Bypass Surgery,Yes,Recovered
T11102,A11102,Dialysis,No,Improved
T11103,A11103,CPR,No,Improved
T11104,A11104,Fracture Fixation,Yes,Deceased
T11105,A11105,IV Fluids,No,Improved
T11106,A11106,Physiotherapy,No,Recovered
T11107,A11107,Sinus Surgery,Yes,Recovered
T11108,A11108,Antibiotic Therapy,No,Recovered
T11109,A11109,Antibiotic Therapy,No,Recovered
T11110,A11110,Wound Suturing,Yes,Improved
T11111,A11111,Laser Therapy,No,Referred
T11112,A11112,Skin Biopsy,No,Improved
T11113,A11113,Ear Surgery,Yes,Recovered
T11114,A11114,Trauma Care,No,Referred
T11115,A11115,Vaccination,No,Recovered
T11116,A11116,Radiation Therapy,No,Recovered
T11117,A11117,Ventilator Support,No,Recovered
T11118,A11118,Cryotherapy,No,Recovered
T11119,A11119,IV Fluids,No,Improved
T11120,A11120,Radiation Therapy,No,Recovered
T11121,A11121,MRI Brain,No,Recovered
T11122,A11122,Critical Monitoring,No,Recovered
T11123,A11123,Insulin Therapy,No,Improved
T11124,A11124,Skin Biopsy,No,Recovered
T11125,A11125,Dialysis,No,Recovered
T11126,A11126,Immunotherapy,No,Recovered
T11127,A11127,Bypass Surgery,Yes,Recovered
T11128,A11128,Laser Therapy,No,Recovered
T11129,A11129,EEG,No,Deceased
T11130,A11130,Physiotherapy,No,Recovered
T11131,A11131,Trauma Care,No,Recovered
T11132,A11132,Knee Replacement,Yes,Improved
T11133,A11133,Trauma Care,No,Recovered
T11134,A11134,Ventilator Support,No,Recovered
T11135,A11135,Stroke Therapy,No,Improved
T11136,A11136,IV Fluids,No,Recovered
T11137,A11137,Immunotherapy,No,Improved
T11138,A11138,Critical Monitoring,No,Recovered
T11139,A11139,Insulin Therapy,No,Recovered
T11140,A11140,Knee Replacement,Yes,Recovered
T11141,A11141,Fracture Fixation,Yes,Recovered
T11142,A11142,Endoscopy,No,Recovered
T11143,A11143,Laser Therapy,No,Deceased
T11144,A11144,IV Fluids,No,Improved
T11145,A11145,Nebulization,No,Recovered
T11146,A11146,EEG,No,Recovered
T11147,A11147,Dialysis,No,Referred
T11148,A11148,Vaccination,No,Recovered
T11149,A11149,Physiotherapy,No,Recovered
T11150,A11150,Angioplasty,Yes,Improved
T11151,A11151,Vaccination,No,Recovered
T11152,A11152,Physiotherapy,No,Improved
T11153,A11153,Wound Suturing,Yes,Recovered
T11154,A11154,Cryotherapy,No,Recovered
T11155,A11155,Vaccination,No,Recovered
T11156,A11156,IV Fluids,No,Recovered
T11157,A11157,Angioplasty,Yes,Recovered
T11158,A11158,Endoscopy,No,Referred
T11159,A11159,Sinus Surgery,Yes,Recovered
T11160,A11160,Bypass Surgery,Yes,Recovered
T11161,A11161,Nebulization,No,Recovered
T11162,A11162,Knee Replacement,Yes,Improved
T11163,A11163,Knee Replacement,Yes,Recovered
T11164,A11164,Ventilator Support,No,Recovered
T11165,A11165,ECG,No,Recovered
T11166,A11166,Laser Therapy,No,Recovered
T11167,A11167,Dialysis,No,Improved
T11168,A11168,MRI Brain,No,Recovered
T11169,A11169,Angioplasty,Yes,Improved
T11170,A11170,Ear Surgery,Yes,Referred
T11171,A11171,Ventilator Support,No,Recovered
T11172,A11172,Fracture Fixation,Yes,Recovered
T11173,A11173,ECG,No,Referred
T11174,A11174,Cryotherapy,No,Recovered
T11175,A11175,Knee Replacement,Yes,Improved
T11176,A11176,Laser Therapy,No,Recovered
T11177,A11177,Radiation Therapy,No,Referred
T11178,A11178,Dialysis,No,Recovered
T11179,A11179,Cryotherapy,No,Improved
T11180,A11180,Wound Suturing,Yes,Recovered
T11181,A11181,Physiotherapy,No,Recovered
T11182,A11182,MRI Brain,No,Recovered
T11183,A11183,Insulin Therapy,No,Recovered
T11184,A11184,Radiation Therapy,No,Recovered
T11185,A11185,Skin Biopsy,No,Referred
T11186,A11186,Knee Replacement,Yes,Recovered
T11187,A11187,IV Fluids,No,Recovered
T11188,A11188,Fracture Fixation,Yes,Improved
T11189,A11189,IV Fluids,No,Recovered
T11190,A11190,Physiotherapy,No,Recovered
T11191,A11191,Chemotherapy,No,Recovered
T11192,A11192,MRI Brain,No,Referred
T11193,A11193,Trauma Care,No,Referred
T11194,A11194,Sinus Surgery,Yes,Recovered
T11195,A11195,Immunotherapy,No,Recovered
T11196,A11196,Wound Suturing,Yes,Recovered
T11197,A11197,Laser Therapy,No,Improved
T11198,A11198,Endoscopy,No,Recovered
T11199,A11199,Endoscopy,No,Recovered
T11200,A11200,Angioplasty,Yes,Recovered
T11201,A11201,EEG,No,Recovered
T11202,A11202,Critical Monitoring,No,Recovered
T11203,A11203,Vaccination,No,Recovered
T11204,A11204,IV Fluids,No,Recovered
T11205,A11205,Radiation Therapy,No,Recovered
T11206,A11206,Sinus Surgery,Yes,Recovered
T11207,A11207,Chemotherapy,No,Deceased
T11208,A11208,IV Fluids,No,Recovered
T11209,A11209,Endoscopy,No,Recovered
T11210,A11210,Vaccination,No,Recovered
T11211,A11211,Ventilator Support,No,Recovered
T11212,A11212,Endoscopy,No,Recovered
T11213,A11213,Radiation Therapy,No,Recovered
T11214,A11214,Dialysis,No,Recovered
T11215,A11215,Stroke Therapy,No,Recovered
T11216,A11216,Skin Biopsy,No,Improved
T11217,A11217,IV Fluids,No,Recovered
T11218,A11218,MRI Brain,No,Recovered
T11219,A11219,CPR,No,Improved
T11220,A11220,Endoscopy,No,Recovered
T11221,A11221,Angioplasty,Yes,Recovered
T11222,A11222,Bypass Surgery,Yes,Recovered
T11223,A11223,Endoscopy,No,Recovered
T11224,A11224,Sinus Surgery,Yes,Recovered
T11225,A11225,Endoscopy,No,Recovered
T11226,A11226,Sinus Surgery,Yes,Recovered
T11227,A11227,CPR,No,Recovered
T11228,A11228,ECG,No,Recovered
T11229,A11229,IV Fluids,No,Recovered
T11230,A11230,Fracture Fixation,Yes,Improved
T11231,A11231,Vaccination,No,Recovered
T11232,A11232,ECG,No,Improved
T11233,A11233,Antibiotic Therapy,No,Referred
T11234,A11234,Ventilator Support,No,Recovered
T11235,A11235,Trauma Care,No,Recovered
T11236,A11236,Critical Monitoring,No,Recovered
T11237,A11237,Skin Biopsy,No,Improved
T11238,A11238,Immunotherapy,No,Recovered
T11239,A11239,MRI Brain,No,Recovered
T11240,A11240,IV Fluids,No,Recovered
T11241,A11241,Wound Suturing,Yes,Improved
T11242,A11242,Dialysis,No,Recovered
T11243,A11243,Physiotherapy,No,Recovered
T11244,A11244,Trauma Care,No,Recovered
T11245,A11245,Endoscopy,No,Recovered
T11246,A11246,Angioplasty,Yes,Improved
T11247,A11247,Skin Biopsy,No,Referred
T11248,A11248,Bypass Surgery,Yes,Recovered
T11249,A11249,IV Fluids,No,Recovered
T11250,A11250,Cryotherapy,No,Recovered
T11251,A11251,ECG,No,Recovered
T11252,A11252,Physiotherapy,No,Recovered
T11253,A11253,Laser Therapy,No,Recovered
T11254,A11254,Angioplasty,Yes,Recovered
T11255,A11255,Endoscopy,No,Recovered
T11256,A11256,Bypass Surgery,Yes,Recovered
T11257,A11257,Skin Biopsy,No,Recovered
T11258,A11258,Wound Suturing,Yes,Recovered
T11259,A11259,Trauma Care,No,Deceased
T11260,A11260,Ventilator Support,No,Recovered
T11261,A11261,Angioplasty,Yes,Recovered
T11262,A11262,Critical Monitoring,No,Recovered
T11263,A11263,Radiation Therapy,No,Recovered
T11264,A11264,Stroke Therapy,No,Recovered
T11265,A11265,Stroke Therapy,No,Recovered
T11266,A11266,Bypass Surgery,Yes,Recovered
T11267,A11267,Insulin Therapy,No,Recovered
T11268,A11268,Trauma Care,No,Recovered
T11269,A11269,IV Fluids,No,Recovered
T11270,A11270,Dialysis,No,Recovered
T11271,A11271,Fracture Fixation,Yes,Recovered
T11272,A11272,Ventilator Support,No,Improved
T11273,A11273,Immunotherapy,No,Improved
T11274,A11274,ECG,No,Recovered
T11275,A11275,Skin Biopsy,No,Recovered
T11276,A11276,Sinus Surgery,Yes,Recovered
T11277,A11277,IV Fluids,No,Referred
T11278,A11278,Trauma Care,No,Recovered
T11279,A11279,Wound Suturing,Yes,Recovered
T11280,A11280,Antibiotic Therapy,No,Improved
T11281,A11281,Knee Replacement,Yes,Recovered
T11282,A11282,Bypass Surgery,Yes,Recovered
T11283,A11283,Stroke Therapy,No,Recovered
T11284,A11284,Knee Replacement,Yes,Recovered
T11285,A11285,Nebulization,No,Improved
T11286,A11286,Radiation Therapy,No,Recovered
T11287,A11287,Bypass Surgery,Yes,Recovered
T11288,A11288,EEG,No,Recovered
T11289,A11289,Physiotherapy,No,Improved
T11290,A11290,Immunotherapy,No,Recovered
T11291,A11291,Insulin Therapy,No,Recovered
T11292,A11292,EEG,No,Recovered
T11293,A11293,IV Fluids,No,Recovered
T11294,A11294,Critical Monitoring,No,Improved
T11295,A11295,Critical Monitoring,No,Improved
T11296,A11296,ECG,No,Recovered
T11297,A11297,Critical Monitoring,No,Recovered
T11298,A11298,CPR,No,Referred
T11299,A11299,Dialysis,No,Improved
T11300,A11300,IV Fluids,No,Recovered
T11301,A11301,Dialysis,No,Improved
T11302,A11302,IV Fluids,No,Recovered
T11303,A11303,Laser Therapy,No,Referred
T11304,A11304,Skin Biopsy,No,Improved
T11305,A11305,Ear Surgery,Yes,Recovered
T11306,A11306,Ventilator Support,No,Recovered
T11307,A11307,Dialysis,No,Deceased
T11308,A11308,Fracture Fixation,Yes,Recovered
T11309,A11309,Cryotherapy,No,Recovered
T11310,A11310,Insulin Therapy,No,Recovered
T11311,A11311,EEG,No,Recovered
T11312,A11312,Stroke Therapy,No,Improved
T11313,A11313,Insulin Therapy,No,Improved
T11314,A11314,Critical Monitoring,No,Recovered
T11315,A11315,Sinus Surgery,Yes,Improved
T11316,A11316,Vaccination,No,Recovered
T11317,A11317,Wound Suturing,Yes,Recovered
T11318,A11318,ECG,No,Improved
T11319,A11319,Immunotherapy,No,Recovered
T11320,A11320,IV Fluids,No,Recovered
T11321,A11321,Chemotherapy,No,Improved
T11322,A11322,Angioplasty,Yes,Recovered
T11323,A11323,Fracture Fixation,Yes,Recovered
T11324,A11324,ECG,No,Recovered
T11325,A11325,Radiation Therapy,No,Referred
T11326,A11326,Bypass Surgery,Yes,Recovered
T11327,A11327,Dialysis,No,Recovered
T11328,A11328,Endoscopy,No,Recovered
T11329,A11329,CPR,No,Recovered
T11330,A11330,Fracture Fixation,Yes,Improved
T11331,A11331,Sinus Surgery,Yes,Referred
T11332,A11332,Fracture Fixation,Yes,Improved
T11333,A11333,Critical Monitoring,No,Recovered
T11334,A11334,Skin Biopsy,No,Recovered
T11335,A11335,Ventilator Support,No,Improved
T11336,A11336,Insulin Therapy,No,Recovered
T11337,A11337,Ear Surgery,Yes,Improved
T11338,A11338,Fracture Fixation,Yes,Recovered
T11339,A11339,CPR,No,Recovered
T11340,A11340,CPR,No,Deceased
T11341,A11341,Wound Suturing,Yes,Recovered
T11342,A11342,Radiation Therapy,No,Recovered
T11343,A11343,Trauma Care,No,Improved
T11344,A11344,Vaccination,No,Recovered
T11345,A11345,Physiotherapy,No,Recovered
T11346,A11346,Antibiotic Therapy,No,Improved
T11347,A11347,CPR,No,Improved
T11348,A11348,Insulin Therapy,No,Recovered
T11349,A11349,Fracture Fixation,Yes,Improved
T11350,A11350,Nebulization,No,Recovered
T11351,A11351,Radiation Therapy,No,Recovered
T11352,A11352,Ear Surgery,Yes,Referred
T11353,A11353,CPR,No,Improved
T11354,A11354,Physiotherapy,No,Recovered
T11355,A11355,Wound Suturing,Yes,Improved
T11356,A11356,Fracture Fixation,Yes,Referred
T11357,A11357,Vaccination,No,Recovered
T11358,A11358,IV Fluids,No,Recovered
T11359,A11359,Physiotherapy,No,Recovered
T11360,A11360,ECG,No,Recovered
T11361,A11361,Ventilator Support,No,Improved
T11362,A11362,Ear Surgery,Yes,Improved
T11363,A11363,CPR,No,Recovered
T11364,A11364,IV Fluids,No,Deceased
T11365,A11365,Laser Therapy,No,Recovered
T11366,A11366,Antibiotic Therapy,No,Referred
T11367,A11367,Wound Suturing,Yes,Recovered
T11368,A11368,MRI Brain,No,Recovered
T11369,A11369,Stroke Therapy,No,Improved
T11370,A11370,Trauma Care,No,Recovered
T11371,A11371,Antibiotic Therapy,No,Recovered
T11372,A11372,Dialysis,No,Improved
T11373,A11373,Skin Biopsy,No,Recovered
T11374,A11374,IV Fluids,No,Recovered
T11375,A11375,Critical Monitoring,No,Recovered
T11376,A11376,CPR,No,Recovered
T11377,A11377,Cryotherapy,No,Referred
T11378,A11378,Nebulization,No,Recovered
T11379,A11379,Wound Suturing,Yes,Recovered
T11380,A11380,Chemotherapy,No,Recovered
T11381,A11381,Dialysis,No,Deceased
T11382,A11382,CPR,No,Recovered
T11383,A11383,Vaccination,No,Recovered
T11384,A11384,MRI Brain,No,Recovered
T11385,A11385,Cryotherapy,No,Recovered
T11386,A11386,Radiation Therapy,No,Recovered
T11387,A11387,CPR,No,Recovered
T11388,A11388,Insulin Therapy,No,Recovered
T11389,A11389,Insulin Therapy,No,Recovered
T11390,A11390,Critical Monitoring,No,Recovered
T11391,A11391,Angioplasty,Yes,Recovered
T11392,A11392,MRI Brain,No,Recovered
T11393,A11393,Bypass Surgery,Yes,Referred
T11394,A11394,IV Fluids,No,Improved
T11395,A11395,MRI Brain,No,Deceased
T11396,A11396,Ventilator Support,No,Recovered
T11397,A11397,Immunotherapy,No,Recovered
T11398,A11398,Chemotherapy,No,Recovered
T11399,A11399,Insulin Therapy,No,Recovered
T11400,A11400,Trauma Care,No,Recovered
T11401,A11401,MRI Brain,No,Recovered
T11402,A11402,Physiotherapy,No,Improved
T11403,A11403,Stroke Therapy,No,Recovered
T11404,A11404,IV Fluids,No,Recovered
T11405,A11405,Ventilator Support,No,Recovered
T11406,A11406,Critical Monitoring,No,Recovered
T11407,A11407,Knee Replacement,Yes,Improved
T11408,A11408,Trauma Care,No,Recovered
T11409,A11409,CPR,No,Improved
T11410,A11410,Nebulization,No,Recovered
T11411,A11411,Knee Replacement,Yes,Recovered
T11412,A11412,IV Fluids,No,Improved
T11413,A11413,Bypass Surgery,Yes,Referred
T11414,A11414,Chemotherapy,No,Recovered
T11415,A11415,ECG,No,Recovered
T11416,A11416,Laser Therapy,No,Referred
T11417,A11417,Cryotherapy,No,Recovered
T11418,A11418,Sinus Surgery,Yes,Improved
T11419,A11419,IV Fluids,No,Recovered
T11420,A11420,IV Fluids,No,Recovered
T11421,A11421,IV Fluids,No,Recovered
T11422,A11422,Wound Suturing,Yes,Recovered
T11423,A11423,Knee Replacement,Yes,Recovered
T11424,A11424,Radiation Therapy,No,Improved
T11425,A11425,Skin Biopsy,No,Recovered
T11426,A11426,Wound Suturing,Yes,Improved
T11427,A11427,Critical Monitoring,No,Deceased
T11428,A11428,Ventilator Support,No,Improved
T11429,A11429,Knee Replacement,Yes,Improved
T11430,A11430,Insulin Therapy,No,Recovered
T11431,A11431,Trauma Care,No,Recovered
T11432,A11432,Cryotherapy,No,Referred
T11433,A11433,Endoscopy,No,Recovered
T11434,A11434,Antibiotic Therapy,No,Recovered
T11435,A11435,Physiotherapy,No,Improved
T11436,A11436,EEG,No,Recovered
T11437,A11437,ECG,No,Recovered
T11438,A11438,Wound Suturing,Yes,Improved
T11439,A11439,Angioplasty,Yes,Recovered
T11440,A11440,Radiation Therapy,No,Recovered
T11441,A11441,Endoscopy,No,Recovered
T11442,A11442,Fracture Fixation,Yes,Recovered
T11443,A11443,ECG,No,Referred
T11444,A11444,Angioplasty,Yes,Recovered
T11445,A11445,Immunotherapy,No,Improved
T11446,A11446,Fracture Fixation,Yes,Recovered
T11447,A11447,Skin Biopsy,No,Recovered
T11448,A11448,Dialysis,No,Recovered
T11449,A11449,Vaccination,No,Referred
T11450,A11450,Sinus Surgery,Yes,Recovered
T11451,A11451,Insulin Therapy,No,Improved
T11452,A11452,Fracture Fixation,Yes,Improved
T11453,A11453,Physiotherapy,No,Recovered
T11454,A11454,IV Fluids,No,Recovered
T11455,A11455,Wound Suturing,Yes,Recovered
T11456,A11456,Dialysis,No,Improved
T11457,A11457,Ear Surgery,Yes,Recovered
T11458,A11458,Physiotherapy,No,Recovered
T11459,A11459,Bypass Surgery,Yes,Recovered
T11460,A11460,Immunotherapy,No,Recovered
T11461,A11461,IV Fluids,No,Recovered
T11462,A11462,Angioplasty,Yes,Recovered
T11463,A11463,Vaccination,No,Improved
T11464,A11464,Immunotherapy,No,Recovered
T11465,A11465,Physiotherapy,No,Recovered
T11466,A11466,Antibiotic Therapy,No,Recovered
T11467,A11467,Immunotherapy,No,Referred
T11468,A11468,Ventilator Support,No,Improved
T11469,A11469,Cryotherapy,No,Referred
T11470,A11470,Insulin Therapy,No,Recovered
T11471,A11471,Cryotherapy,No,Recovered
T11472,A11472,Trauma Care,No,Improved
T11473,A11473,IV Fluids,No,Improved
T11474,A11474,Critical Monitoring,No,Recovered
T11475,A11475,Ventilator Support,No,Recovered
T11476,A11476,Ventilator Support,No,Deceased
T11477,A11477,Radiation Therapy,No,Improved
T11478,A11478,ECG,No,Recovered
T11479,A11479,IV Fluids,No,Improved
T11480,A11480,Antibiotic Therapy,No,Recovered
T11481,A11481,Insulin Therapy,No,Recovered
T11482,A11482,Chemotherapy,No,Recovered
T11483,A11483,Endoscopy,No,Recovered
T11484,A11484,MRI Brain,No,Recovered
T11485,A11485,Bypass Surgery,Yes,Recovered
T11486,A11486,Bypass Surgery,Yes,Recovered
T11487,A11487,Trauma Care,No,Recovered
T11488,A11488,ECG,No,Recovered
T11489,A11489,Stroke Therapy,No,Recovered
T11490,A11490,MRI Brain,No,Recovered
T11491,A11491,Trauma Care,No,Improved
T11492,A11492,Ear Surgery,Yes,Recovered
T11493,A11493,Insulin Therapy,No,Recovered
T11494,A11494,Angioplasty,Yes,Improved
T11495,A11495,Vaccination,No,Recovered
T11496,A11496,Vaccination,No,Recovered
T11497,A11497,Physiotherapy,No,Recovered
T11498,A11498,Ear Surgery,Yes,Recovered
T11499,A11499,Laser Therapy,No,Recovered
T11500,A11500,Chemotherapy,No,Recovered
T11501,A11501,Radiation Therapy,No,Recovered
T11502,A11502,Dialysis,No,Referred
T11503,A11503,Cryotherapy,No,Referred
T11504,A11504,MRI Brain,No,Improved
T11505,A11505,Chemotherapy,No,Recovered
T11506,A11506,Ventilator Support,No,Recovered
T11507,A11507,Fracture Fixation,Yes,Recovered
T11508,A11508,Ventilator Support,No,Recovered
T11509,A11509,Chemotherapy,No,Recovered
T11510,A11510,Laser Therapy,No,Recovered
T11511,A11511,CPR,No,Recovered
T11512,A11512,Trauma Care,No,Recovered
T11513,A11513,Knee Replacement,Yes,Recovered
T11514,A11514,Fracture Fixation,Yes,Recovered
T11515,A11515,Radiation Therapy,No,Recovered
T11516,A11516,Critical Monitoring,No,Improved
T11517,A11517,Critical Monitoring,No,Recovered
T11518,A11518,Vaccination,No,Deceased
T11519,A11519,MRI Brain,No,Recovered
T11520,A11520,Critical Monitoring,No,Improved
T11521,A11521,Insulin Therapy,No,Recovered
T11522,A11522,ECG,No,Recovered
T11523,A11523,Wound Suturing,Yes,Recovered
T11524,A11524,Chemotherapy,No,Deceased
T11525,A11525,ECG,No,Improved
T11526,A11526,Knee Replacement,Yes,Recovered
T11527,A11527,Chemotherapy,No,Recovered
T11528,A11528,Fracture Fixation,Yes,Recovered
T11529,A11529,Stroke Therapy,No,Recovered
T11530,A11530,Dialysis,No,Recovered
T11531,A11531,Cryotherapy,No,Recovered
T11532,A11532,Trauma Care,No,Recovered
T11533,A11533,Antibiotic Therapy,No,Referred
T11534,A11534,Bypass Surgery,Yes,Improved
T11535,A11535,Bypass Surgery,Yes,Recovered
T11536,A11536,Endoscopy,No,Improved
T11537,A11537,Radiation Therapy,No,Improved
T11538,A11538,Dialysis,No,Recovered
T11539,A11539,Vaccination,No,Recovered
T11540,A11540,Knee Replacement,Yes,Recovered
T11541,A11541,Wound Suturing,Yes,Recovered
T11542,A11542,Vaccination,No,Referred
T11543,A11543,IV Fluids,No,Recovered
T11544,A11544,Immunotherapy,No,Recovered
T11545,A11545,Knee Replacement,Yes,Improved
T11546,A11546,Fracture Fixation,Yes,Deceased
T11547,A11547,Physiotherapy,No,Recovered
T11548,A11548,Dialysis,No,Improved
T11549,A11549,IV Fluids,No,Recovered
T11550,A11550,Radiation Therapy,No,Recovered
T11551,A11551,Skin Biopsy,No,Recovered
T11552,A11552,Chemotherapy,No,Recovered
T11553,A11553,Ear Surgery,Yes,Recovered
T11554,A11554,Endoscopy,No,Recovered
T11555,A11555,Fracture Fixation,Yes,Recovered
T11556,A11556,Dialysis,No,Recovered
T11557,A11557,Angioplasty,Yes,Deceased
T11558,A11558,Immunotherapy,No,Recovered
T11559,A11559,Endoscopy,No,Improved
T11560,A11560,Knee Replacement,Yes,Recovered
T11561,A11561,Antibiotic Therapy,No,Recovered
T11562,A11562,Immunotherapy,No,Recovered
T11563,A11563,Trauma Care,No,Recovered
T11564,A11564,IV Fluids,No,Deceased
T11565,A11565,Skin Biopsy,No,Recovered
T11566,A11566,Knee Replacement,Yes,Recovered
T11567,A11567,Nebulization,No,Recovered
T11568,A11568,Bypass Surgery,Yes,Recovered
T11569,A11569,EEG,No,Recovered
T11570,A11570,MRI Brain,No,Deceased
T11571,A11571,Chemotherapy,No,Recovered
T11572,A11572,Knee Replacement,Yes,Recovered
T11573,A11573,Endoscopy,No,Recovered
T11574,A11574,Stroke Therapy,No,Recovered
T11575,A11575,Ventilator Support,No,Recovered
T11576,A11576,CPR,No,Improved
T11577,A11577,CPR,No,Referred
T11578,A11578,Fracture Fixation,Yes,Recovered
T11579,A11579,Endoscopy,No,Recovered
T11580,A11580,Ventilator Support,No,Improved
T11581,A11581,Trauma Care,No,Recovered
T11582,A11582,Nebulization,No,Recovered
T11583,A11583,Knee Replacement,Yes,Recovered
T11584,A11584,ECG,No,Recovered
T11585,A11585,Vaccination,No,Recovered
T11586,A11586,CPR,No,Recovered
T11587,A11587,Laser Therapy,No,Recovered
T11588,A11588,MRI Brain,No,Improved
T11589,A11589,Insulin Therapy,No,Recovered
T11590,A11590,Ventilator Support,No,Recovered
T11591,A11591,Physiotherapy,No,Recovered
T11592,A11592,IV Fluids,No,Recovered
T11593,A11593,Ventilator Support,No,Recovered
T11594,A11594,Sinus Surgery,Yes,Recovered
T11595,A11595,Fracture Fixation,Yes,Improved
T11596,A11596,Insulin Therapy,No,Recovered
T11597,A11597,Chemotherapy,No,Recovered
T11598,A11598,Radiation Therapy,No,Recovered
T11599,A11599,Nebulization,No,Improved
T11600,A11600,Knee Replacement,Yes,Recovered
T11601,A11601,EEG,No,Recovered
T11602,A11602,MRI Brain,No,Recovered
T11603,A11603,IV Fluids,No,Recovered
T11604,A11604,Critical Monitoring,No,Deceased
T11605,A11605,MRI Brain,No,Recovered
T11606,A11606,Sinus Surgery,Yes,Improved
T11607,A11607,Insulin Therapy,No,Recovered
T11608,A11608,Chemotherapy,No,Recovered
T11609,A11609,Antibiotic Therapy,No,Recovered
T11610,A11610,Trauma Care,No,Recovered
T11611,A11611,Knee Replacement,Yes,Recovered
T11612,A11612,Knee Replacement,Yes,Improved
T11613,A11613,Physiotherapy,No,Recovered
T11614,A11614,Cryotherapy,No,Improved
T11615,A11615,Immunotherapy,No,Improved
T11616,A11616,Trauma Care,No,Recovered
T11617,A11617,IV Fluids,No,Improved
T11618,A11618,Wound Suturing,Yes,Recovered
T11619,A11619,Insulin Therapy,No,Referred
T11620,A11620,EEG,No,Recovered
T11621,A11621,Nebulization,No,Recovered
T11622,A11622,Vaccination,No,Recovered
T11623,A11623,Antibiotic Therapy,No,Improved
T11624,A11624,Physiotherapy,No,Recovered
T11625,A11625,Endoscopy,No,Recovered
T11626,A11626,Sinus Surgery,Yes,Recovered
T11627,A11627,Skin Biopsy,No,Improved
T11628,A11628,Insulin Therapy,No,Referred
T11629,A11629,Insulin Therapy,No,Referred
T11630,A11630,Critical Monitoring,No,Improved
T11631,A11631,Angioplasty,Yes,Recovered
T11632,A11632,Immunotherapy,No,Recovered
T11633,A11633,Nebulization,No,Recovered
T11634,A11634,Nebulization,No,Recovered
T11635,A11635,Immunotherapy,No,Referred
T11636,A11636,Radiation Therapy,No,Recovered
T11637,A11637,Ear Surgery,Yes,Recovered
T11638,A11638,Wound Suturing,Yes,Improved
T11639,A11639,Cryotherapy,No,Recovered
T11640,A11640,Nebulization,No,Recovered
T11641,A11641,ECG,No,Recovered
T11642,A11642,Stroke Therapy,No,Recovered
T11643,A11643,IV Fluids,No,Recovered
T11644,A11644,Immunotherapy,No,Recovered
T11645,A11645,Knee Replacement,Yes,Recovered
T11646,A11646,Bypass Surgery,Yes,Recovered
T11647,A11647,Stroke Therapy,No,Recovered
T11648,A11648,Chemotherapy,No,Improved
T11649,A11649,Insulin Therapy,No,Recovered
T11650,A11650,ECG,No,Recovered
T11651,A11651,Bypass Surgery,Yes,Improved
T11652,A11652,MRI Brain,No,Improved
T11653,A11653,Antibiotic Therapy,No,Referred
T11654,A11654,Endoscopy,No,Recovered
T11655,A11655,Vaccination,No,Recovered
T11656,A11656,Physiotherapy,No,Recovered
T11657,A11657,Sinus Surgery,Yes,Referred
T11658,A11658,ECG,No,Referred
T11659,A11659,Stroke Therapy,No,Recovered
T11660,A11660,Cryotherapy,No,Recovered
T11661,A11661,Ventilator Support,No,Recovered
T11662,A11662,Physiotherapy,No,Recovered
T11663,A11663,ECG,No,Recovered
T11664,A11664,Laser Therapy,No,Recovered
T11665,A11665,Skin Biopsy,No,Recovered
T11666,A11666,Trauma Care,No,Referred
T11667,A11667,Chemotherapy,No,Recovered
T11668,A11668,Sinus Surgery,Yes,Recovered
T11669,A11669,Nebulization,No,Recovered
T11670,A11670,Cryotherapy,No,Recovered
T11671,A11671,EEG,No,Referred
T11672,A11672,CPR,No,Improved
T11673,A11673,Vaccination,No,Recovered
T11674,A11674,Endoscopy,No,Recovered
T11675,A11675,Insulin Therapy,No,Recovered
T11676,A11676,Immunotherapy,No,Deceased
T11677,A11677,Stroke Therapy,No,Recovered
T11678,A11678,Dialysis,No,Recovered
T11679,A11679,IV Fluids,No,Recovered
T11680,A11680,Trauma Care,No,Recovered
T11681,A11681,EEG,No,Recovered
T11682,A11682,Trauma Care,No,Recovered
T11683,A11683,Sinus Surgery,Yes,Recovered
T11684,A11684,Ear Surgery,Yes,Recovered
T11685,A11685,Insulin Therapy,No,Recovered
T11686,A11686,Radiation Therapy,No,Recovered
T11687,A11687,Vaccination,No,Improved
T11688,A11688,Critical Monitoring,No,Referred
T11689,A11689,Ventilator Support,No,Deceased
T11690,A11690,Trauma Care,No,Recovered
T11691,A11691,Bypass Surgery,Yes,Recovered
T11692,A11692,Knee Replacement,Yes,Recovered
T11693,A11693,Chemotherapy,No,Recovered
T11694,A11694,Laser Therapy,No,Referred
T11695,A11695,Critical Monitoring,No,Recovered
T11696,A11696,Sinus Surgery,Yes,Improved
T11697,A11697,Dialysis,No,Improved
T11698,A11698,MRI Brain,No,Referred
T11699,A11699,Cryotherapy,No,Referred
T11700,A11700,Knee Replacement,Yes,Recovered
T11701,A11701,Endoscopy,No,Recovered
T11702,A11702,IV Fluids,No,Recovered
T11703,A11703,Ear Surgery,Yes,Deceased
T11704,A11704,IV Fluids,No,Deceased
T11705,A11705,Endoscopy,No,Recovered
T11706,A11706,Ear Surgery,Yes,Recovered
T11707,A11707,Chemotherapy,No,Recovered
T11708,A11708,Ventilator Support,No,Recovered
T11709,A11709,Antibiotic Therapy,No,Improved
T11710,A11710,Antibiotic Therapy,No,Deceased
T11711,A11711,Critical Monitoring,No,Recovered
T11712,A11712,Ear Surgery,Yes,Recovered
T11713,A11713,Stroke Therapy,No,Recovered
T11714,A11714,Nebulization,No,Recovered
T11715,A11715,Stroke Therapy,No,Recovered
T11716,A11716,Fracture Fixation,Yes,Referred
T11717,A11717,ECG,No,Improved
T11718,A11718,Trauma Care,No,Improved
T11719,A11719,Cryotherapy,No,Referred
T11720,A11720,Wound Suturing,Yes,Recovered
T11721,A11721,MRI Brain,No,Recovered
T11722,A11722,Wound Suturing,Yes,Improved
T11723,A11723,Dialysis,No,Referred
T11724,A11724,EEG,No,Improved
T11725,A11725,ECG,No,Improved
T11726,A11726,Knee Replacement,Yes,Deceased
T11727,A11727,CPR,No,Improved
T11728,A11728,Radiation Therapy,No,Improved
T11729,A11729,Nebulization,No,Recovered
T11730,A11730,Angioplasty,Yes,Improved
T11731,A11731,Wound Suturing,Yes,Recovered
T11732,A11732,Ventilator Support,No,Recovered
T11733,A11733,Bypass Surgery,Yes,Recovered
T11734,A11734,Fracture Fixation,Yes,Recovered
T11735,A11735,Ventilator Support,No,Recovered
T11736,A11736,Trauma Care,No,Improved
T11737,A11737,Wound Suturing,Yes,Recovered
T11738,A11738,Dialysis,No,Deceased
T11739,A11739,Skin Biopsy,No,Recovered
T11740,A11740,Stroke Therapy,No,Improved
T11741,A11741,MRI Brain,No,Recovered
T11742,A11742,Stroke Therapy,No,Improved
T11743,A11743,Bypass Surgery,Yes,Improved
T11744,A11744,IV Fluids,No,Recovered
T11745,A11745,Vaccination,No,Recovered
T11746,A11746,IV Fluids,No,Improved
T11747,A11747,Angioplasty,Yes,Improved
T11748,A11748,Endoscopy,No,Improved
T11749,A11749,Radiation Therapy,No,Recovered
T11750,A11750,Radiation Therapy,No,Recovered
T11751,A11751,Fracture Fixation,Yes,Recovered
T11752,A11752,Angioplasty,Yes,Recovered
T11753,A11753,Knee Replacement,Yes,Improved
T11754,A11754,Physiotherapy,No,Improved
T11755,A11755,Ear Surgery,Yes,Recovered
T11756,A11756,Cryotherapy,No,Recovered
T11757,A11757,Vaccination,No,Recovered
T11758,A11758,Trauma Care,No,Recovered
T11759,A11759,Knee Replacement,Yes,Recovered
T11760,A11760,EEG,No,Recovered
T11761,A11761,Wound Suturing,Yes,Recovered
T11762,A11762,Critical Monitoring,No,Recovered
T11763,A11763,Radiation Therapy,No,Recovered
T11764,A11764,Cryotherapy,No,Improved
T11765,A11765,Physiotherapy,No,Recovered
T11766,A11766,Antibiotic Therapy,No,Recovered
T11767,A11767,Dialysis,No,Recovered
T11768,A11768,IV Fluids,No,Recovered
T11769,A11769,Insulin Therapy,No,Recovered
T11770,A11770,Ear Surgery,Yes,Improved
T11771,A11771,Trauma Care,No,Recovered
T11772,A11772,Fracture Fixation,Yes,Improved
T11773,A11773,Angioplasty,Yes,Recovered
T11774,A11774,Physiotherapy,No,Improved
T11775,A11775,MRI Brain,No,Improved
T11776,A11776,ECG,No,Recovered
T11777,A11777,Trauma Care,No,Recovered
T11778,A11778,Nebulization,No,Recovered
T11779,A11779,Bypass Surgery,Yes,Improved
T11780,A11780,Endoscopy,No,Recovered
T11781,A11781,Trauma Care,No,Recovered
T11782,A11782,Vaccination,No,Improved
T11783,A11783,EEG,No,Improved
T11784,A11784,IV Fluids,No,Recovered
T11785,A11785,Insulin Therapy,No,Recovered
T11786,A11786,Chemotherapy,No,Deceased
T11787,A11787,Insulin Therapy,No,Recovered
T11788,A11788,Dialysis,No,Recovered
T11789,A11789,Cryotherapy,No,Recovered
T11790,A11790,Vaccination,No,Recovered
T11791,A11791,Wound Suturing,Yes,Recovered
T11792,A11792,Skin Biopsy,No,Recovered
T11793,A11793,Wound Suturing,Yes,Improved
T11794,A11794,Trauma Care,No,Recovered
T11795,A11795,Endoscopy,No,Recovered
T11796,A11796,Trauma Care,No,Recovered
T11797,A11797,Sinus Surgery,Yes,Improved
T11798,A11798,Cryotherapy,No,Recovered
T11799,A11799,EEG,No,Recovered
T11800,A11800,Cryotherapy,No,Improved
T11801,A11801,Chemotherapy,No,Improved
T11802,A11802,Dialysis,No,Recovered
T11803,A11803,EEG,No,Deceased
T11804,A11804,MRI Brain,No,Improved
T11805,A11805,Sinus Surgery,Yes,Recovered
T11806,A11806,Critical Monitoring,No,Recovered
T11807,A11807,Immunotherapy,No,Recovered
T11808,A11808,CPR,No,Recovered
T11809,A11809,Sinus Surgery,Yes,Referred
T11810,A11810,CPR,No,Recovered
T11811,A11811,Ventilator Support,No,Referred
T11812,A11812,Radiation Therapy,No,Recovered
T11813,A11813,CPR,No,Recovered
T11814,A11814,ECG,No,Recovered
T11815,A11815,Chemotherapy,No,Recovered
T11816,A11816,Physiotherapy,No,Improved
T11817,A11817,Nebulization,No,Recovered
T11818,A11818,Ventilator Support,No,Recovered
T11819,A11819,Sinus Surgery,Yes,Recovered
T11820,A11820,MRI Brain,No,Improved
T11821,A11821,Sinus Surgery,Yes,Recovered
T11822,A11822,Stroke Therapy,No,Recovered
T11823,A11823,MRI Brain,No,Recovered
T11824,A11824,CPR,No,Recovered
T11825,A11825,Immunotherapy,No,Recovered
T11826,A11826,Chemotherapy,No,Recovered
T11827,A11827,Ear Surgery,Yes,Recovered
T11828,A11828,Physiotherapy,No,Recovered
T11829,A11829,Angioplasty,Yes,Recovered
T11830,A11830,Stroke Therapy,No,Improved
T11831,A11831,Cryotherapy,No,Recovered
T11832,A11832,Dialysis,No,Improved
T11833,A11833,MRI Brain,No,Recovered
T11834,A11834,Dialysis,No,Recovered
T11835,A11835,ECG,No,Improved
T11836,A11836,ECG,No,Recovered
T11837,A11837,Laser Therapy,No,Recovered
T11838,A11838,Antibiotic Therapy,No,Improved
T11839,A11839,Immunotherapy,No,Recovered
T11840,A11840,Knee Replacement,Yes,Recovered
T11841,A11841,Endoscopy,No,Recovered
T11842,A11842,Skin Biopsy,No,Recovered
T11843,A11843,Bypass Surgery,Yes,Improved
T11844,A11844,Ventilator Support,No,Improved
T11845,A11845,Insulin Therapy,No,Recovered
T11846,A11846,Dialysis,No,Referred
T11847,A11847,Fracture Fixation,Yes,Deceased
T11848,A11848,Fracture Fixation,Yes,Recovered
T11849,A11849,Insulin Therapy,No,Improved
T11850,A11850,Stroke Therapy,No,Recovered
T11851,A11851,Wound Suturing,Yes,Recovered
T11852,A11852,Wound Suturing,Yes,Recovered
T11853,A11853,Immunotherapy,No,Recovered
T11854,A11854,Nebulization,No,Improved
T11855,A11855,Critical Monitoring,No,Recovered
T11856,A11856,Vaccination,No,Recovered
T11857,A11857,Cryotherapy,No,Recovered
T11858,A11858,Immunotherapy,No,Improved
T11859,A11859,Angioplasty,Yes,Recovered
T11860,A11860,Insulin Therapy,No,Recovered
T11861,A11861,Insulin Therapy,No,Improved
T11862,A11862,Dialysis,No,Improved
T11863,A11863,Trauma Care,No,Recovered
T11864,A11864,MRI Brain,No,Recovered
T11865,A11865,Skin Biopsy,No,Recovered
T11866,A11866,IV Fluids,No,Recovered
T11867,A11867,Critical Monitoring,No,Recovered
T11868,A11868,IV Fluids,No,Improved
T11869,A11869,ECG,No,Recovered
T11870,A11870,Chemotherapy,No,Improved
T11871,A11871,Critical Monitoring,No,Recovered
T11872,A11872,IV Fluids,No,Improved
T11873,A11873,Antibiotic Therapy,No,Recovered
T11874,A11874,Immunotherapy,No,Improved
T11875,A11875,EEG,No,Recovered
T11876,A11876,Ventilator Support,No,Recovered
T11877,A11877,Insulin Therapy,No,Improved
T11878,A11878,CPR,No,Improved
T11879,A11879,Ventilator Support,No,Improved
T11880,A11880,Wound Suturing,Yes,Improved
T11881,A11881,Chemotherapy,No,Recovered
T11882,A11882,Stroke Therapy,No,Referred
T11883,A11883,Stroke Therapy,No,Recovered
T11884,A11884,Dialysis,No,Improved
T11885,A11885,Physiotherapy,No,Recovered
T11886,A11886,Laser Therapy,No,Recovered
T11887,A11887,Stroke Therapy,No,Improved
T11888,A11888,Ventilator Support,No,Recovered
T11889,A11889,Antibiotic Therapy,No,Improved
T11890,A11890,Vaccination,No,Recovered
T11891,A11891,Ventilator Support,No,Recovered
T11892,A11892,Dialysis,No,Recovered
T11893,A11893,ECG,No,Improved
T11894,A11894,Nebulization,No,Referred
T11895,A11895,Radiation Therapy,No,Recovered
T11896,A11896,ECG,No,Recovered
T11897,A11897,Critical Monitoring,No,Improved
T11898,A11898,ECG,No,Recovered
T11899,A11899,Trauma Care,No,Recovered
T11900,A11900,Wound Suturing,Yes,Improved
T11901,A11901,Insulin Therapy,No,Recovered
T11902,A11902,ECG,No,Referred
T11903,A11903,Nebulization,No,Recovered
T11904,A11904,Trauma Care,No,Recovered
T11905,A11905,Immunotherapy,No,Recovered
T11906,A11906,IV Fluids,No,Recovered
T11907,A11907,MRI Brain,No,Recovered
T11908,A11908,Angioplasty,Yes,Recovered
T11909,A11909,Immunotherapy,No,Recovered
T11910,A11910,CPR,No,Improved
T11911,A11911,Laser Therapy,No,Recovered
T11912,A11912,Physiotherapy,No,Recovered
T11913,A11913,Skin Biopsy,No,Recovered
T11914,A11914,Laser Therapy,No,Recovered
T11915,A11915,Physiotherapy,No,Improved
T11916,A11916,IV Fluids,No,Improved
T11917,A11917,Knee Replacement,Yes,Improved
T11918,A11918,IV Fluids,No,Recovered
T11919,A11919,Dialysis,No,Recovered
T11920,A11920,ECG,No,Recovered
T11921,A11921,Vaccination,No,Recovered
T11922,A11922,Bypass Surgery,Yes,Recovered
T11923,A11923,IV Fluids,No,Recovered
T11924,A11924,Wound Suturing,Yes,Improved
T11925,A11925,Laser Therapy,No,Recovered
T11926,A11926,Antibiotic Therapy,No,Improved
T11927,A11927,IV Fluids,No,Recovered
T11928,A11928,Vaccination,No,Recovered
T11929,A11929,Radiation Therapy,No,Recovered
T11930,A11930,MRI Brain,No,Recovered
T11931,A11931,Chemotherapy,No,Improved
T11932,A11932,Wound Suturing,Yes,Improved
T11933,A11933,IV Fluids,No,Recovered
T11934,A11934,Stroke Therapy,No,Improved
T11935,A11935,EEG,No,Recovered
T11936,A11936,Ear Surgery,Yes,Recovered
T11937,A11937,MRI Brain,No,Recovered
T11938,A11938,Angioplasty,Yes,Recovered
T11939,A11939,Radiation Therapy,No,Deceased
T11940,A11940,Knee Replacement,Yes,Recovered
T11941,A11941,Critical Monitoring,No,Improved
T11942,A11942,ECG,No,Recovered
T11943,A11943,Nebulization,No,Recovered
T11944,A11944,MRI Brain,No,Recovered
T11945,A11945,Laser Therapy,No,Recovered
T11946,A11946,Chemotherapy,No,Recovered
T11947,A11947,Chemotherapy,No,Improved
T11948,A11948,IV Fluids,No,Recovered
T11949,A11949,Wound Suturing,Yes,Recovered
T11950,A11950,Endoscopy,No,Referred
T11951,A11951,Wound Suturing,Yes,Recovered
T11952,A11952,Bypass Surgery,Yes,Recovered
T11953,A11953,Physiotherapy,No,Recovered
T11954,A11954,Bypass Surgery,Yes,Recovered
T11955,A11955,CPR,No,Improved
T11956,A11956,IV Fluids,No,Recovered
T11957,A11957,Immunotherapy,No,Recovered
T11958,A11958,Nebulization,No,Recovered
T11959,A11959,Physiotherapy,No,Deceased
T11960,A11960,CPR,No,Recovered
T11961,A11961,Chemotherapy,No,Recovered
T11962,A11962,IV Fluids,No,Improved
T11963,A11963,Trauma Care,No,Recovered
T11964,A11964,Wound Suturing,Yes,Improved
T11965,A11965,Physiotherapy,No,Recovered
T11966,A11966,Endoscopy,No,Improved
T11967,A11967,Stroke Therapy,No,Recovered
T11968,A11968,Angioplasty,Yes,Improved
T11969,A11969,IV Fluids,No,Recovered
T11970,A11970,Wound Suturing,Yes,Recovered
T11971,A11971,Knee Replacement,Yes,Improved
T11972,A11972,Knee Replacement,Yes,Recovered
T11973,A11973,Physiotherapy,No,Improved
T11974,A11974,Angioplasty,Yes,Recovered
T11975,A11975,Immunotherapy,No,Recovered
T11976,A11976,Antibiotic Therapy,No,Improved
T11977,A11977,Laser Therapy,No,Improved
T11978,A11978,Wound Suturing,Yes,Recovered
T11979,A11979,Nebulization,No,Improved
T11980,A11980,Antibiotic Therapy,No,Improved
T11981,A11981,Skin Biopsy,No,Recovered
T11982,A11982,IV Fluids,No,Recovered
T11983,A11983,Vaccination,No,Recovered
T11984,A11984,Laser Therapy,No,Improved
T11985,A11985,Fracture Fixation,Yes,Recovered
T11986,A11986,Fracture Fixation,Yes,Recovered
T11987,A11987,Critical Monitoring,No,Recovered
T11988,A11988,Endoscopy,No,Recovered
T11989,A11989,Chemotherapy,No,Recovered
T11990,A11990,MRI Brain,No,Improved
T11991,A11991,Knee Replacement,Yes,Recovered
T11992,A11992,Knee Replacement,Yes,Recovered
T11993,A11993,Chemotherapy,No,Referred
T11994,A11994,Skin Biopsy,No,Recovered
T11995,A11995,Fracture Fixation,Yes,Improved
T11996,A11996,Chemotherapy,No,Recovered
T11997,A11997,IV Fluids,No,Recovered
T11998,A11998,Knee Replacement,Yes,Recovered
T11999,A11999,Cryotherapy,No,Recovered
T12000,A12000,Endoscopy,No,Recovered
T12001,A12001,IV Fluids,No,Recovered
T12002,A12002,Fracture Fixation,Yes,Improved
T12003,A12003,Antibiotic Therapy,No,Recovered
T12004,A12004,Antibiotic Therapy,No,Improved
T12005,A12005,Ventilator Support,No,Recovered
T12006,A12006,Ventilator Support,No,Improved
T12007,A12007,Endoscopy,No,Improved
T12008,A12008,Trauma Care,No,Recovered
T12009,A12009,Angioplasty,Yes,Recovered
T12010,A12010,Laser Therapy,No,Recovered
T12011,A12011,Vaccination,No,Recovered
T12012,A12012,Cryotherapy,No,Recovered
T12013,A12013,Trauma Care,No,Recovered
T12014,A12014,ECG,No,Referred
T12015,A12015,Ear Surgery,Yes,Recovered
T12016,A12016,Trauma Care,No,Recovered
T12017,A12017,ECG,No,Improved
T12018,A12018,Immunotherapy,No,Recovered
T12019,A12019,Ear Surgery,Yes,Recovered
T12020,A12020,MRI Brain,No,Recovered
T12021,A12021,Radiation Therapy,No,Improved
T12022,A12022,MRI Brain,No,Recovered
T12023,A12023,Dialysis,No,Recovered
T12024,A12024,Insulin Therapy,No,Improved
T12025,A12025,Laser Therapy,No,Recovered
T12026,A12026,Dialysis,No,Improved
T12027,A12027,Sinus Surgery,Yes,Deceased
T12028,A12028,Immunotherapy,No,Recovered
T12029,A12029,Fracture Fixation,Yes,Referred
T12030,A12030,Vaccination,No,Improved
T12031,A12031,Angioplasty,Yes,Recovered
T12032,A12032,ECG,No,Improved
T12033,A12033,EEG,No,Improved
T12034,A12034,Antibiotic Therapy,No,Recovered
T12035,A12035,CPR,No,Recovered
T12036,A12036,Cryotherapy,No,Recovered
T12037,A12037,Ventilator Support,No,Recovered
T12038,A12038,Ear Surgery,Yes,Deceased
T12039,A12039,Radiation Therapy,No,Recovered
T12040,A12040,Vaccination,No,Recovered
T12041,A12041,Endoscopy,No,Recovered
T12042,A12042,Angioplasty,Yes,Recovered
T12043,A12043,IV Fluids,No,Recovered
T12044,A12044,Antibiotic Therapy,No,Improved
T12045,A12045,Insulin Therapy,No,Recovered
T12046,A12046,Radiation Therapy,No,Improved
T12047,A12047,Laser Therapy,No,Recovered
T12048,A12048,Knee Replacement,Yes,Improved
T12049,A12049,Wound Suturing,Yes,Improved
T12050,A12050,Cryotherapy,No,Recovered
T12051,A12051,Stroke Therapy,No,Deceased
T12052,A12052,Endoscopy,No,Recovered
T12053,A12053,Antibiotic Therapy,No,Improved
T12054,A12054,IV Fluids,No,Recovered
T12055,A12055,Stroke Therapy,No,Improved
T12056,A12056,EEG,No,Improved
T12057,A12057,Radiation Therapy,No,Recovered
T12058,A12058,Ventilator Support,No,Recovered
T12059,A12059,Dialysis,No,Deceased
T12060,A12060,Wound Suturing,Yes,Improved
T12061,A12061,Skin Biopsy,No,Recovered
T12062,A12062,Antibiotic Therapy,No,Recovered
T12063,A12063,Bypass Surgery,Yes,Referred
T12064,A12064,Immunotherapy,No,Referred
T12065,A12065,Ventilator Support,No,Recovered
T12066,A12066,Skin Biopsy,No,Recovered
T12067,A12067,Insulin Therapy,No,Referred
T12068,A12068,IV Fluids,No,Improved
T12069,A12069,Vaccination,No,Recovered
T12070,A12070,IV Fluids,No,Recovered
T12071,A12071,CPR,No,Referred
T12072,A12072,Bypass Surgery,Yes,Recovered
T12073,A12073,Vaccination,No,Recovered
T12074,A12074,Trauma Care,No,Recovered
T12075,A12075,Fracture Fixation,Yes,Recovered
T12076,A12076,Chemotherapy,No,Recovered
T12077,A12077,Chemotherapy,No,Recovered
T12078,A12078,Knee Replacement,Yes,Referred
T12079,A12079,Dialysis,No,Recovered
T12080,A12080,Insulin Therapy,No,Recovered
T12081,A12081,Cryotherapy,No,Recovered
T12082,A12082,Laser Therapy,No,Recovered
T12083,A12083,CPR,No,Recovered
T12084,A12084,Fracture Fixation,Yes,Recovered
T12085,A12085,Wound Suturing,Yes,Recovered
T12086,A12086,IV Fluids,No,Improved
T12087,A12087,Dialysis,No,Recovered
T12088,A12088,Insulin Therapy,No,Recovered
T12089,A12089,Ear Surgery,Yes,Recovered
T12090,A12090,MRI Brain,No,Recovered
T12091,A12091,Insulin Therapy,No,Recovered
T12092,A12092,Vaccination,No,Recovered
T12093,A12093,Skin Biopsy,No,Recovered
T12094,A12094,Cryotherapy,No,Recovered
T12095,A12095,EEG,No,Improved
T12096,A12096,Cryotherapy,No,Deceased
T12097,A12097,ECG,No,Recovered
T12098,A12098,Angioplasty,Yes,Improved
T12099,A12099,Skin Biopsy,No,Recovered
T12100,A12100,Immunotherapy,No,Recovered
T12101,A12101,Angioplasty,Yes,Improved
T12102,A12102,Nebulization,No,Recovered
T12103,A12103,Antibiotic Therapy,No,Recovered
T12104,A12104,Fracture Fixation,Yes,Referred
T12105,A12105,Ventilator Support,No,Recovered
T12106,A12106,IV Fluids,No,Recovered
T12107,A12107,Fracture Fixation,Yes,Recovered
T12108,A12108,Wound Suturing,Yes,Recovered
T12109,A12109,Dialysis,No,Recovered
T12110,A12110,Fracture Fixation,Yes,Recovered
T12111,A12111,Bypass Surgery,Yes,Improved
T12112,A12112,Knee Replacement,Yes,Recovered
T12113,A12113,IV Fluids,No,Recovered
T12114,A12114,Nebulization,No,Recovered
T12115,A12115,Skin Biopsy,No,Recovered
T12116,A12116,Vaccination,No,Recovered
T12117,A12117,Trauma Care,No,Improved
T12118,A12118,Vaccination,No,Recovered
T12119,A12119,Insulin Therapy,No,Improved
T12120,A12120,Insulin Therapy,No,Referred
T12121,A12121,Knee Replacement,Yes,Recovered
T12122,A12122,Trauma Care,No,Recovered
T12123,A12123,Immunotherapy,No,Recovered
T12124,A12124,Sinus Surgery,Yes,Recovered
T12125,A12125,Insulin Therapy,No,Improved
T12126,A12126,Ear Surgery,Yes,Improved
T12127,A12127,Critical Monitoring,No,Recovered
T12128,A12128,Nebulization,No,Improved
T12129,A12129,Ventilator Support,No,Recovered
T12130,A12130,Physiotherapy,No,Recovered
T12131,A12131,Physiotherapy,No,Improved
T12132,A12132,CPR,No,Referred
T12133,A12133,Laser Therapy,No,Improved
T12134,A12134,Dialysis,No,Recovered
T12135,A12135,ECG,No,Improved
T12136,A12136,ECG,No,Recovered
T12137,A12137,ECG,No,Improved
T12138,A12138,Laser Therapy,No,Recovered
T12139,A12139,Fracture Fixation,Yes,Recovered
T12140,A12140,Cryotherapy,No,Improved
T12141,A12141,Vaccination,No,Recovered
T12142,A12142,ECG,No,Recovered
T12143,A12143,EEG,No,Improved
T12144,A12144,Immunotherapy,No,Improved
T12145,A12145,Dialysis,No,Referred
T12146,A12146,Knee Replacement,Yes,Recovered
T12147,A12147,Sinus Surgery,Yes,Recovered
T12148,A12148,ECG,No,Recovered
T12149,A12149,IV Fluids,No,Recovered
T12150,A12150,Chemotherapy,No,Recovered
T12151,A12151,Vaccination,No,Recovered
T12152,A12152,Insulin Therapy,No,Improved
T12153,A12153,Nebulization,No,Recovered
T12154,A12154,Physiotherapy,No,Recovered
T12155,A12155,Antibiotic Therapy,No,Improved
T12156,A12156,IV Fluids,No,Recovered
T12157,A12157,Fracture Fixation,Yes,Recovered
T12158,A12158,Immunotherapy,No,Recovered
T12159,A12159,Vaccination,No,Recovered
T12160,A12160,IV Fluids,No,Recovered
T12161,A12161,Antibiotic Therapy,No,Recovered
T12162,A12162,Vaccination,No,Improved
T12163,A12163,Fracture Fixation,Yes,Recovered
T12164,A12164,Immunotherapy,No,Recovered
T12165,A12165,Vaccination,No,Recovered
T12166,A12166,Endoscopy,No,Referred
T12167,A12167,Insulin Therapy,No,Recovered
T12168,A12168,Cryotherapy,No,Recovered
T12169,A12169,Radiation Therapy,No,Referred
T12170,A12170,Knee Replacement,Yes,Recovered
T12171,A12171,CPR,No,Recovered
T12172,A12172,CPR,No,Improved
T12173,A12173,Wound Suturing,Yes,Improved
T12174,A12174,Endoscopy,No,Recovered
T12175,A12175,EEG,No,Recovered
T12176,A12176,Nebulization,No,Recovered
T12177,A12177,EEG,No,Improved
T12178,A12178,Insulin Therapy,No,Recovered
T12179,A12179,Ear Surgery,Yes,Recovered
T12180,A12180,CPR,No,Recovered
T12181,A12181,Stroke Therapy,No,Recovered
T12182,A12182,Critical Monitoring,No,Improved
T12183,A12183,Nebulization,No,Recovered
T12184,A12184,Ventilator Support,No,Improved
T12185,A12185,Bypass Surgery,Yes,Improved
T12186,A12186,Bypass Surgery,Yes,Recovered
T12187,A12187,Cryotherapy,No,Recovered
T12188,A12188,IV Fluids,No,Recovered
T12189,A12189,Trauma Care,No,Improved
T12190,A12190,Vaccination,No,Improved
T12191,A12191,Immunotherapy,No,Recovered
T12192,A12192,Antibiotic Therapy,No,Improved
T12193,A12193,EEG,No,Recovered
T12194,A12194,Radiation Therapy,No,Recovered
T12195,A12195,Antibiotic Therapy,No,Recovered
T12196,A12196,CPR,No,Improved
T12197,A12197,Fracture Fixation,Yes,Recovered
T12198,A12198,MRI Brain,No,Improved
T12199,A12199,Fracture Fixation,Yes,Improved
T12200,A12200,Fracture Fixation,Yes,Referred
T12201,A12201,Trauma Care,No,Recovered
T12202,A12202,IV Fluids,No,Recovered
T12203,A12203,Insulin Therapy,No,Improved
T12204,A12204,Critical Monitoring,No,Improved
T12205,A12205,Sinus Surgery,Yes,Recovered
T12206,A12206,CPR,No,Recovered
T12207,A12207,Ear Surgery,Yes,Recovered
T12208,A12208,Skin Biopsy,No,Recovered
T12209,A12209,Radiation Therapy,No,Improved
T12210,A12210,Ventilator Support,No,Referred
T12211,A12211,Dialysis,No,Recovered
T12212,A12212,Insulin Therapy,No,Recovered
T12213,A12213,Sinus Surgery,Yes,Recovered
T12214,A12214,Vaccination,No,Improved
T12215,A12215,Critical Monitoring,No,Recovered
T12216,A12216,Endoscopy,No,Improved
T12217,A12217,Critical Monitoring,No,Recovered
T12218,A12218,IV Fluids,No,Improved
T12219,A12219,Antibiotic Therapy,No,Recovered
T12220,A12220,ECG,No,Recovered
T12221,A12221,Nebulization,No,Recovered
T12222,A12222,IV Fluids,No,Recovered
T12223,A12223,Fracture Fixation,Yes,Recovered
T12224,A12224,Knee Replacement,Yes,Referred
T12225,A12225,Bypass Surgery,Yes,Recovered
T12226,A12226,Sinus Surgery,Yes,Recovered
T12227,A12227,Laser Therapy,No,Recovered
T12228,A12228,Sinus Surgery,Yes,Recovered
T12229,A12229,Bypass Surgery,Yes,Improved
T12230,A12230,Trauma Care,No,Recovered
T12231,A12231,Dialysis,No,Improved
T12232,A12232,Wound Suturing,Yes,Recovered
T12233,A12233,CPR,No,Recovered
T12234,A12234,Nebulization,No,Recovered
T12235,A12235,IV Fluids,No,Recovered
T12236,A12236,Angioplasty,Yes,Recovered
T12237,A12237,Sinus Surgery,Yes,Recovered
T12238,A12238,Nebulization,No,Improved
T12239,A12239,Immunotherapy,No,Recovered
T12240,A12240,Chemotherapy,No,Recovered
T12241,A12241,Ear Surgery,Yes,Deceased
T12242,A12242,MRI Brain,No,Improved
T12243,A12243,Skin Biopsy,No,Recovered
T12244,A12244,Cryotherapy,No,Recovered
T12245,A12245,Physiotherapy,No,Recovered
T12246,A12246,Sinus Surgery,Yes,Recovered
T12247,A12247,Insulin Therapy,No,Improved
T12248,A12248,Radiation Therapy,No,Recovered
T12249,A12249,IV Fluids,No,Recovered
T12250,A12250,Cryotherapy,No,Recovered
T12251,A12251,Ear Surgery,Yes,Recovered
T12252,A12252,EEG,No,Improved
T12253,A12253,Bypass Surgery,Yes,Recovered
T12254,A12254,Radiation Therapy,No,Improved
T12255,A12255,Vaccination,No,Recovered
T12256,A12256,Critical Monitoring,No,Recovered
T12257,A12257,Sinus Surgery,Yes,Recovered
T12258,A12258,MRI Brain,No,Recovered
T12259,A12259,Insulin Therapy,No,Improved
T12260,A12260,Laser Therapy,No,Improved
T12261,A12261,Knee Replacement,Yes,Recovered
T12262,A12262,Laser Therapy,No,Recovered
T12263,A12263,Physiotherapy,No,Recovered
T12264,A12264,Trauma Care,No,Improved
T12265,A12265,Wound Suturing,Yes,Recovered
T12266,A12266,Immunotherapy,No,Recovered
T12267,A12267,Stroke Therapy,No,Recovered
T12268,A12268,Ventilator Support,No,Improved
T12269,A12269,Stroke Therapy,No,Recovered
T12270,A12270,Radiation Therapy,No,Recovered
T12271,A12271,Dialysis,No,Recovered
T12272,A12272,Laser Therapy,No,Recovered
T12273,A12273,Sinus Surgery,Yes,Recovered
T12274,A12274,Laser Therapy,No,Improved
T12275,A12275,Bypass Surgery,Yes,Improved
T12276,A12276,Immunotherapy,No,Recovered
T12277,A12277,CPR,No,Improved
T12278,A12278,Skin Biopsy,No,Recovered
T12279,A12279,Wound Suturing,Yes,Improved
T12280,A12280,Sinus Surgery,Yes,Improved
T12281,A12281,Sinus Surgery,Yes,Improved
T12282,A12282,MRI Brain,No,Recovered
T12283,A12283,Endoscopy,No,Recovered
T12284,A12284,Immunotherapy,No,Recovered
T12285,A12285,Ventilator Support,No,Recovered
T12286,A12286,Critical Monitoring,No,Improved
T12287,A12287,Trauma Care,No,Recovered
T12288,A12288,Vaccination,No,Recovered
T12289,A12289,Ventilator Support,No,Recovered
T12290,A12290,Laser Therapy,No,Recovered
T12291,A12291,Knee Replacement,Yes,Recovered
T12292,A12292,Angioplasty,Yes,Recovered
T12293,A12293,Wound Suturing,Yes,Improved
T12294,A12294,Trauma Care,No,Recovered
T12295,A12295,IV Fluids,No,Recovered
T12296,A12296,Ear Surgery,Yes,Recovered
T12297,A12297,MRI Brain,No,Recovered
T12298,A12298,MRI Brain,No,Recovered
T12299,A12299,IV Fluids,No,Recovered
T12300,A12300,Knee Replacement,Yes,Improved
T12301,A12301,Bypass Surgery,Yes,Recovered
T12302,A12302,Vaccination,No,Recovered
T12303,A12303,Dialysis,No,Recovered
T12304,A12304,CPR,No,Recovered
T12305,A12305,Trauma Care,No,Recovered
T12306,A12306,Laser Therapy,No,Improved
T12307,A12307,Insulin Therapy,No,Recovered
T12308,A12308,Knee Replacement,Yes,Improved
T12309,A12309,Dialysis,No,Improved
T12310,A12310,Radiation Therapy,No,Improved
T12311,A12311,Nebulization,No,Recovered
T12312,A12312,Knee Replacement,Yes,Improved
T12313,A12313,Angioplasty,Yes,Recovered
T12314,A12314,ECG,No,Recovered
T12315,A12315,Dialysis,No,Improved
T12316,A12316,Trauma Care,No,Recovered
T12317,A12317,EEG,No,Improved
T12318,A12318,Bypass Surgery,Yes,Recovered
T12319,A12319,ECG,No,Recovered
T12320,A12320,Stroke Therapy,No,Referred
T12321,A12321,Ventilator Support,No,Recovered
T12322,A12322,ECG,No,Recovered
T12323,A12323,Immunotherapy,No,Recovered
T12324,A12324,ECG,No,Recovered
T12325,A12325,CPR,No,Improved
T12326,A12326,EEG,No,Recovered
T12327,A12327,Knee Replacement,Yes,Deceased
T12328,A12328,Stroke Therapy,No,Recovered
T12329,A12329,Radiation Therapy,No,Recovered
T12330,A12330,ECG,No,Recovered
T12331,A12331,Skin Biopsy,No,Recovered
T12332,A12332,Knee Replacement,Yes,Recovered
T12333,A12333,Fracture Fixation,Yes,Recovered
T12334,A12334,Dialysis,No,Recovered
T12335,A12335,Wound Suturing,Yes,Recovered
T12336,A12336,Skin Biopsy,No,Improved
T12337,A12337,Wound Suturing,Yes,Improved
T12338,A12338,MRI Brain,No,Recovered
T12339,A12339,Chemotherapy,No,Recovered
T12340,A12340,Chemotherapy,No,Recovered
T12341,A12341,Stroke Therapy,No,Referred
T12342,A12342,Antibiotic Therapy,No,Recovered
T12343,A12343,MRI Brain,No,Recovered
T12344,A12344,Physiotherapy,No,Recovered
T12345,A12345,Critical Monitoring,No,Recovered
T12346,A12346,Stroke Therapy,No,Recovered
T12347,A12347,Stroke Therapy,No,Recovered
T12348,A12348,ECG,No,Recovered
T12349,A12349,Insulin Therapy,No,Recovered
T12350,A12350,Chemotherapy,No,Recovered
T12351,A12351,ECG,No,Recovered
T12352,A12352,CPR,No,Recovered
T12353,A12353,Bypass Surgery,Yes,Improved
T12354,A12354,Angioplasty,Yes,Recovered
T12355,A12355,Sinus Surgery,Yes,Improved
T12356,A12356,Bypass Surgery,Yes,Recovered
T12357,A12357,Trauma Care,No,Improved
T12358,A12358,Critical Monitoring,No,Recovered
T12359,A12359,ECG,No,Recovered
T12360,A12360,Chemotherapy,No,Recovered
T12361,A12361,Trauma Care,No,Recovered
T12362,A12362,Physiotherapy,No,Recovered
T12363,A12363,Physiotherapy,No,Improved
T12364,A12364,IV Fluids,No,Improved
T12365,A12365,EEG,No,Improved
T12366,A12366,Vaccination,No,Recovered
T12367,A12367,Fracture Fixation,Yes,Recovered
T12368,A12368,Skin Biopsy,No,Improved
T12369,A12369,Knee Replacement,Yes,Improved
T12370,A12370,Physiotherapy,No,Referred
T12371,A12371,IV Fluids,No,Improved
T12372,A12372,Trauma Care,No,Recovered
T12373,A12373,CPR,No,Recovered
T12374,A12374,CPR,No,Improved
T12375,A12375,Fracture Fixation,Yes,Recovered
T12376,A12376,Endoscopy,No,Improved
T12377,A12377,MRI Brain,No,Recovered
T12378,A12378,Cryotherapy,No,Recovered
T12379,A12379,Critical Monitoring,No,Recovered
T12380,A12380,Insulin Therapy,No,Improved
T12381,A12381,ECG,No,Recovered
T12382,A12382,Angioplasty,Yes,Improved
T12383,A12383,Trauma Care,No,Recovered
T12384,A12384,Sinus Surgery,Yes,Recovered
T12385,A12385,Ventilator Support,No,Recovered
T12386,A12386,IV Fluids,No,Recovered
T12387,A12387,Trauma Care,No,Improved
T12388,A12388,EEG,No,Recovered
T12389,A12389,Cryotherapy,No,Recovered
T12390,A12390,ECG,No,Recovered
T12391,A12391,Trauma Care,No,Referred
T12392,A12392,Knee Replacement,Yes,Recovered
T12393,A12393,Bypass Surgery,Yes,Recovered
T12394,A12394,Vaccination,No,Recovered
T12395,A12395,IV Fluids,No,Improved
T12396,A12396,Endoscopy,No,Deceased
T12397,A12397,Nebulization,No,Recovered
T12398,A12398,Stroke Therapy,No,Recovered
T12399,A12399,Vaccination,No,Recovered
T12400,A12400,Physiotherapy,No,Recovered
T12401,A12401,Insulin Therapy,No,Recovered
T12402,A12402,Immunotherapy,No,Recovered
T12403,A12403,Stroke Therapy,No,Recovered
T12404,A12404,Physiotherapy,No,Improved
T12405,A12405,IV Fluids,No,Recovered
T12406,A12406,Ear Surgery,Yes,Improved
T12407,A12407,CPR,No,Recovered
T12408,A12408,IV Fluids,No,Recovered
T12409,A12409,Physiotherapy,No,Recovered
T12410,A12410,Bypass Surgery,Yes,Recovered
T12411,A12411,Knee Replacement,Yes,Recovered
T12412,A12412,MRI Brain,No,Recovered
T12413,A12413,Wound Suturing,Yes,Referred
T12414,A12414,Radiation Therapy,No,Recovered
T12415,A12415,Cryotherapy,No,Recovered
T12416,A12416,Cryotherapy,No,Recovered
T12417,A12417,MRI Brain,No,Recovered
T12418,A12418,Physiotherapy,No,Improved
T12419,A12419,Endoscopy,No,Referred
T12420,A12420,Immunotherapy,No,Recovered
T12421,A12421,Bypass Surgery,Yes,Recovered
T12422,A12422,Knee Replacement,Yes,Recovered
T12423,A12423,Wound Suturing,Yes,Improved
T12424,A12424,Skin Biopsy,No,Recovered
T12425,A12425,Bypass Surgery,Yes,Deceased
T12426,A12426,Dialysis,No,Recovered
T12427,A12427,Insulin Therapy,No,Recovered
T12428,A12428,Fracture Fixation,Yes,Recovered
T12429,A12429,Bypass Surgery,Yes,Recovered
T12430,A12430,Ear Surgery,Yes,Recovered
T12431,A12431,Fracture Fixation,Yes,Recovered
T12432,A12432,Wound Suturing,Yes,Recovered
T12433,A12433,Ear Surgery,Yes,Recovered
T12434,A12434,Wound Suturing,Yes,Recovered
T12435,A12435,IV Fluids,No,Improved
T12436,A12436,Angioplasty,Yes,Improved
T12437,A12437,Endoscopy,No,Recovered
T12438,A12438,Chemotherapy,No,Recovered
T12439,A12439,Ventilator Support,No,Recovered
T12440,A12440,IV Fluids,No,Recovered
T12441,A12441,Physiotherapy,No,Referred
T12442,A12442,Antibiotic Therapy,No,Recovered
T12443,A12443,Physiotherapy,No,Recovered
T12444,A12444,Laser Therapy,No,Recovered
T12445,A12445,Laser Therapy,No,Recovered
T12446,A12446,Dialysis,No,Referred
T12447,A12447,Cryotherapy,No,Recovered
T12448,A12448,Antibiotic Therapy,No,Improved
T12449,A12449,Nebulization,No,Improved
T12450,A12450,Ear Surgery,Yes,Improved
T12451,A12451,Laser Therapy,No,Recovered
T12452,A12452,Fracture Fixation,Yes,Recovered
T12453,A12453,EEG,No,Recovered
T12454,A12454,Ear Surgery,Yes,Recovered
T12455,A12455,Ventilator Support,No,Recovered
T12456,A12456,Endoscopy,No,Improved
T12457,A12457,MRI Brain,No,Deceased
T12458,A12458,Laser Therapy,No,Recovered
T12459,A12459,Wound Suturing,Yes,Recovered
T12460,A12460,Ear Surgery,Yes,Recovered
T12461,A12461,CPR,No,Recovered
T12462,A12462,Antibiotic Therapy,No,Recovered
T12463,A12463,IV Fluids,No,Recovered
T12464,A12464,Cryotherapy,No,Recovered
T12465,A12465,Sinus Surgery,Yes,Improved
T12466,A12466,Trauma Care,No,Recovered
T12467,A12467,Cryotherapy,No,Improved
T12468,A12468,Endoscopy,No,Referred
T12469,A12469,Trauma Care,No,Recovered
T12470,A12470,Endoscopy,No,Improved
T12471,A12471,MRI Brain,No,Recovered
T12472,A12472,ECG,No,Recovered
T12473,A12473,Ear Surgery,Yes,Referred
T12474,A12474,IV Fluids,No,Recovered
T12475,A12475,ECG,No,Recovered
T12476,A12476,IV Fluids,No,Recovered
T12477,A12477,Sinus Surgery,Yes,Improved
T12478,A12478,Physiotherapy,No,Recovered
T12479,A12479,Endoscopy,No,Recovered
T12480,A12480,IV Fluids,No,Recovered
T12481,A12481,Nebulization,No,Recovered
T12482,A12482,Laser Therapy,No,Recovered
T12483,A12483,Immunotherapy,No,Recovered
T12484,A12484,Dialysis,No,Recovered
T12485,A12485,CPR,No,Improved
T12486,A12486,Wound Suturing,Yes,Recovered
T12487,A12487,Skin Biopsy,No,Recovered
T12488,A12488,Sinus Surgery,Yes,Improved
T12489,A12489,Knee Replacement,Yes,Recovered
T12490,A12490,Skin Biopsy,No,Improved
T12491,A12491,Antibiotic Therapy,No,Recovered
T12492,A12492,Bypass Surgery,Yes,Recovered
T12493,A12493,Chemotherapy,No,Recovered
T12494,A12494,IV Fluids,No,Recovered
T12495,A12495,Dialysis,No,Recovered
T12496,A12496,IV Fluids,No,Recovered
T12497,A12497,Antibiotic Therapy,No,Recovered
T12498,A12498,MRI Brain,No,Deceased
T12499,A12499,MRI Brain,No,Recovered
T12500,A12500,Chemotherapy,No,Recovered
T12501,A12501,Laser Therapy,No,Recovered
T12502,A12502,Bypass Surgery,Yes,Deceased
T12503,A12503,Laser Therapy,No,Recovered
T12504,A12504,Fracture Fixation,Yes,Recovered
T12505,A12505,EEG,No,Recovered
T12506,A12506,Wound Suturing,Yes,Referred
T12507,A12507,Bypass Surgery,Yes,Referred
T12508,A12508,Fracture Fixation,Yes,Improved
T12509,A12509,Wound Suturing,Yes,Recovered
T12510,A12510,EEG,No,Recovered
T12511,A12511,MRI Brain,No,Referred
T12512,A12512,Physiotherapy,No,Recovered
T12513,A12513,MRI Brain,No,Recovered
T12514,A12514,IV Fluids,No,Recovered
T12515,A12515,Laser Therapy,No,Referred
T12516,A12516,CPR,No,Recovered
T12517,A12517,Chemotherapy,No,Recovered
T12518,A12518,Dialysis,No,Recovered
T12519,A12519,CPR,No,Referred
T12520,A12520,IV Fluids,No,Recovered
T12521,A12521,MRI Brain,No,Recovered
T12522,A12522,Antibiotic Therapy,No,Recovered
T12523,A12523,Cryotherapy,No,Recovered
T12524,A12524,MRI Brain,No,Recovered
T12525,A12525,Critical Monitoring,No,Improved
T12526,A12526,Angioplasty,Yes,Recovered
T12527,A12527,Knee Replacement,Yes,Improved
T12528,A12528,Angioplasty,Yes,Recovered
T12529,A12529,Dialysis,No,Referred
T12530,A12530,Stroke Therapy,No,Recovered
T12531,A12531,Chemotherapy,No,Recovered
T12532,A12532,Cryotherapy,No,Recovered
T12533,A12533,CPR,No,Referred
T12534,A12534,Laser Therapy,No,Improved
T12535,A12535,Ear Surgery,Yes,Recovered
T12536,A12536,Chemotherapy,No,Recovered
T12537,A12537,CPR,No,Recovered
T12538,A12538,Physiotherapy,No,Recovered
T12539,A12539,Ventilator Support,No,Recovered
T12540,A12540,Ventilator Support,No,Recovered
T12541,A12541,ECG,No,Recovered
T12542,A12542,MRI Brain,No,Recovered
T12543,A12543,Physiotherapy,No,Recovered
T12544,A12544,Nebulization,No,Recovered
T12545,A12545,Antibiotic Therapy,No,Improved
T12546,A12546,MRI Brain,No,Referred
T12547,A12547,IV Fluids,No,Improved
T12548,A12548,Antibiotic Therapy,No,Recovered
T12549,A12549,Insulin Therapy,No,Improved
T12550,A12550,EEG,No,Referred
T12551,A12551,Chemotherapy,No,Recovered
T12552,A12552,Ventilator Support,No,Recovered
T12553,A12553,Antibiotic Therapy,No,Improved
T12554,A12554,Radiation Therapy,No,Recovered
T12555,A12555,Physiotherapy,No,Improved
T12556,A12556,Knee Replacement,Yes,Recovered
T12557,A12557,Antibiotic Therapy,No,Recovered
T12558,A12558,Wound Suturing,Yes,Recovered
T12559,A12559,CPR,No,Recovered
T12560,A12560,Insulin Therapy,No,Improved
T12561,A12561,EEG,No,Referred
T12562,A12562,Ventilator Support,No,Recovered
T12563,A12563,ECG,No,Recovered
T12564,A12564,Endoscopy,No,Recovered
T12565,A12565,Trauma Care,No,Recovered
T12566,A12566,Vaccination,No,Recovered
T12567,A12567,Trauma Care,No,Recovered
T12568,A12568,Nebulization,No,Deceased
T12569,A12569,Sinus Surgery,Yes,Recovered
T12570,A12570,ECG,No,Recovered
T12571,A12571,IV Fluids,No,Recovered
T12572,A12572,Physiotherapy,No,Recovered
T12573,A12573,CPR,No,Referred
T12574,A12574,Immunotherapy,No,Referred
T12575,A12575,Fracture Fixation,Yes,Recovered
T12576,A12576,Laser Therapy,No,Recovered
T12577,A12577,Ear Surgery,Yes,Improved
T12578,A12578,Trauma Care,No,Recovered
T12579,A12579,Nebulization,No,Recovered
T12580,A12580,Chemotherapy,No,Recovered
T12581,A12581,Nebulization,No,Recovered
T12582,A12582,EEG,No,Recovered
T12583,A12583,Stroke Therapy,No,Deceased
T12584,A12584,Chemotherapy,No,Improved
T12585,A12585,Bypass Surgery,Yes,Referred
T12586,A12586,Bypass Surgery,Yes,Referred
T12587,A12587,Stroke Therapy,No,Improved
T12588,A12588,Fracture Fixation,Yes,Recovered
T12589,A12589,Wound Suturing,Yes,Recovered
T12590,A12590,Chemotherapy,No,Improved
T12591,A12591,Dialysis,No,Recovered
T12592,A12592,Insulin Therapy,No,Recovered
T12593,A12593,Nebulization,No,Recovered
T12594,A12594,Knee Replacement,Yes,Improved
T12595,A12595,Ventilator Support,No,Recovered
T12596,A12596,Radiation Therapy,No,Recovered
T12597,A12597,Ventilator Support,No,Recovered
T12598,A12598,Vaccination,No,Recovered
T12599,A12599,Nebulization,No,Recovered
T12600,A12600,Radiation Therapy,No,Recovered
T12601,A12601,Antibiotic Therapy,No,Improved
T12602,A12602,Fracture Fixation,Yes,Referred
T12603,A12603,Ear Surgery,Yes,Recovered
T12604,A12604,Physiotherapy,No,Improved
T12605,A12605,EEG,No,Recovered
T12606,A12606,Chemotherapy,No,Recovered
T12607,A12607,Endoscopy,No,Recovered
T12608,A12608,Insulin Therapy,No,Recovered
T12609,A12609,ECG,No,Recovered
T12610,A12610,Skin Biopsy,No,Improved
T12611,A12611,Angioplasty,Yes,Recovered
T12612,A12612,Dialysis,No,Recovered
T12613,A12613,Critical Monitoring,No,Recovered
T12614,A12614,Dialysis,No,Recovered
T12615,A12615,MRI Brain,No,Recovered
T12616,A12616,Cryotherapy,No,Recovered
T12617,A12617,Skin Biopsy,No,Improved
T12618,A12618,Stroke Therapy,No,Deceased
T12619,A12619,Skin Biopsy,No,Recovered
T12620,A12620,Radiation Therapy,No,Recovered
T12621,A12621,MRI Brain,No,Improved
T12622,A12622,IV Fluids,No,Recovered
T12623,A12623,Stroke Therapy,No,Recovered
T12624,A12624,Antibiotic Therapy,No,Recovered
T12625,A12625,Stroke Therapy,No,Recovered
T12626,A12626,Cryotherapy,No,Recovered
T12627,A12627,EEG,No,Recovered
T12628,A12628,EEG,No,Recovered
T12629,A12629,Ear Surgery,Yes,Recovered
T12630,A12630,Wound Suturing,Yes,Recovered
T12631,A12631,Dialysis,No,Recovered
T12632,A12632,ECG,No,Recovered
T12633,A12633,Angioplasty,Yes,Recovered
T12634,A12634,Sinus Surgery,Yes,Recovered
T12635,A12635,Antibiotic Therapy,No,Recovered
T12636,A12636,Cryotherapy,No,Improved
T12637,A12637,Stroke Therapy,No,Improved
T12638,A12638,Knee Replacement,Yes,Recovered
T12639,A12639,Cryotherapy,No,Improved
T12640,A12640,Angioplasty,Yes,Recovered
T12641,A12641,Vaccination,No,Recovered
T12642,A12642,Chemotherapy,No,Referred
T12643,A12643,Trauma Care,No,Recovered
T12644,A12644,Nebulization,No,Recovered
T12645,A12645,Wound Suturing,Yes,Recovered
T12646,A12646,Fracture Fixation,Yes,Improved
T12647,A12647,Insulin Therapy,No,Improved
T12648,A12648,IV Fluids,No,Improved
T12649,A12649,ECG,No,Recovered
T12650,A12650,MRI Brain,No,Deceased
T12651,A12651,Skin Biopsy,No,Recovered
T12652,A12652,Immunotherapy,No,Recovered
T12653,A12653,MRI Brain,No,Recovered
T12654,A12654,Physiotherapy,No,Recovered
T12655,A12655,Insulin Therapy,No,Recovered
T12656,A12656,Wound Suturing,Yes,Improved
T12657,A12657,IV Fluids,No,Improved
T12658,A12658,Skin Biopsy,No,Recovered
T12659,A12659,Bypass Surgery,Yes,Recovered
T12660,A12660,Bypass Surgery,Yes,Referred
T12661,A12661,EEG,No,Deceased
T12662,A12662,Physiotherapy,No,Recovered
T12663,A12663,Nebulization,No,Recovered
T12664,A12664,Ventilator Support,No,Recovered
T12665,A12665,Knee Replacement,Yes,Recovered
T12666,A12666,CPR,No,Recovered
T12667,A12667,Knee Replacement,Yes,Recovered
T12668,A12668,Nebulization,No,Improved
T12669,A12669,Vaccination,No,Improved
T12670,A12670,EEG,No,Recovered
T12671,A12671,Bypass Surgery,Yes,Recovered
T12672,A12672,Vaccination,No,Recovered
T12673,A12673,Vaccination,No,Recovered
T12674,A12674,Knee Replacement,Yes,Recovered
T12675,A12675,ECG,No,Recovered
T12676,A12676,Cryotherapy,No,Referred
T12677,A12677,Radiation Therapy,No,Recovered
T12678,A12678,Cryotherapy,No,Improved
T12679,A12679,Immunotherapy,No,Recovered
T12680,A12680,ECG,No,Recovered
T12681,A12681,Vaccination,No,Deceased
T12682,A12682,IV Fluids,No,Recovered
T12683,A12683,Immunotherapy,No,Recovered
T12684,A12684,Bypass Surgery,Yes,Improved
T12685,A12685,Immunotherapy,No,Recovered
T12686,A12686,Angioplasty,Yes,Improved
T12687,A12687,Insulin Therapy,No,Recovered
T12688,A12688,Bypass Surgery,Yes,Improved
T12689,A12689,Chemotherapy,No,Improved
T12690,A12690,Dialysis,No,Recovered
T12691,A12691,Dialysis,No,Recovered
T12692,A12692,Critical Monitoring,No,Recovered
T12693,A12693,Trauma Care,No,Recovered
T12694,A12694,Angioplasty,Yes,Recovered
T12695,A12695,Endoscopy,No,Recovered
T12696,A12696,Immunotherapy,No,Recovered
T12697,A12697,Fracture Fixation,Yes,Recovered
T12698,A12698,Knee Replacement,Yes,Improved
T12699,A12699,EEG,No,Deceased
T12700,A12700,Vaccination,No,Recovered
T12701,A12701,Trauma Care,No,Recovered
T12702,A12702,Radiation Therapy,No,Recovered
T12703,A12703,IV Fluids,No,Recovered
T12704,A12704,IV Fluids,No,Recovered
T12705,A12705,Nebulization,No,Recovered
T12706,A12706,Critical Monitoring,No,Recovered
T12707,A12707,Ventilator Support,No,Improved
T12708,A12708,EEG,No,Improved
T12709,A12709,Skin Biopsy,No,Referred
T12710,A12710,MRI Brain,No,Recovered
T12711,A12711,Trauma Care,No,Recovered
T12712,A12712,CPR,No,Recovered
T12713,A12713,CPR,No,Recovered
T12714,A12714,Critical Monitoring,No,Recovered
T12715,A12715,Stroke Therapy,No,Recovered
T12716,A12716,Wound Suturing,Yes,Improved
T12717,A12717,Dialysis,No,Recovered
T12718,A12718,Knee Replacement,Yes,Recovered
T12719,A12719,Nebulization,No,Improved
T12720,A12720,Immunotherapy,No,Recovered
T12721,A12721,Ear Surgery,Yes,Recovered
T12722,A12722,Fracture Fixation,Yes,Recovered
T12723,A12723,Nebulization,No,Recovered
T12724,A12724,CPR,No,Recovered
T12725,A12725,Trauma Care,No,Recovered
T12726,A12726,Bypass Surgery,Yes,Referred
T12727,A12727,Skin Biopsy,No,Recovered
T12728,A12728,Dialysis,No,Recovered
T12729,A12729,Insulin Therapy,No,Recovered
T12730,A12730,Ventilator Support,No,Recovered
T12731,A12731,Ventilator Support,No,Recovered
T12732,A12732,Ear Surgery,Yes,Recovered
T12733,A12733,MRI Brain,No,Recovered
T12734,A12734,MRI Brain,No,Improved
T12735,A12735,EEG,No,Recovered
T12736,A12736,Endoscopy,No,Recovered
T12737,A12737,Ventilator Support,No,Recovered
T12738,A12738,EEG,No,Recovered
T12739,A12739,Ventilator Support,No,Recovered
T12740,A12740,Immunotherapy,No,Recovered
T12741,A12741,Trauma Care,No,Recovered
T12742,A12742,Endoscopy,No,Recovered
T12743,A12743,Chemotherapy,No,Recovered
T12744,A12744,MRI Brain,No,Recovered
T12745,A12745,Laser Therapy,No,Recovered
T12746,A12746,IV Fluids,No,Recovered
T12747,A12747,Sinus Surgery,Yes,Improved
T12748,A12748,Physiotherapy,No,Recovered
T12749,A12749,Critical Monitoring,No,Recovered
T12750,A12750,Ear Surgery,Yes,Recovered
T12751,A12751,Chemotherapy,No,Referred
T12752,A12752,Fracture Fixation,Yes,Recovered
T12753,A12753,Antibiotic Therapy,No,Recovered
T12754,A12754,Insulin Therapy,No,Recovered
T12755,A12755,Stroke Therapy,No,Recovered
T12756,A12756,Dialysis,No,Referred
T12757,A12757,IV Fluids,No,Recovered
T12758,A12758,Wound Suturing,Yes,Deceased
T12759,A12759,IV Fluids,No,Referred
T12760,A12760,Vaccination,No,Recovered
T12761,A12761,Physiotherapy,No,Recovered
T12762,A12762,CPR,No,Recovered
T12763,A12763,Stroke Therapy,No,Referred
T12764,A12764,Skin Biopsy,No,Recovered
T12765,A12765,Ventilator Support,No,Recovered
T12766,A12766,IV Fluids,No,Recovered
T12767,A12767,Endoscopy,No,Recovered
T12768,A12768,Knee Replacement,Yes,Recovered
T12769,A12769,Dialysis,No,Recovered
T12770,A12770,IV Fluids,No,Improved
T12771,A12771,Knee Replacement,Yes,Improved
T12772,A12772,Laser Therapy,No,Deceased
T12773,A12773,Fracture Fixation,Yes,Improved
T12774,A12774,Bypass Surgery,Yes,Improved
T12775,A12775,IV Fluids,No,Recovered
T12776,A12776,Nebulization,No,Recovered
T12777,A12777,Ventilator Support,No,Recovered
T12778,A12778,Angioplasty,Yes,Recovered
T12779,A12779,Trauma Care,No,Referred
T12780,A12780,Dialysis,No,Recovered
T12781,A12781,Radiation Therapy,No,Improved
T12782,A12782,Radiation Therapy,No,Recovered
T12783,A12783,Ventilator Support,No,Recovered
T12784,A12784,Knee Replacement,Yes,Recovered
T12785,A12785,IV Fluids,No,Recovered
T12786,A12786,Wound Suturing,Yes,Referred
T12787,A12787,Radiation Therapy,No,Recovered
T12788,A12788,Trauma Care,No,Recovered
T12789,A12789,Ventilator Support,No,Recovered
T12790,A12790,Knee Replacement,Yes,Recovered
T12791,A12791,Stroke Therapy,No,Referred
T12792,A12792,Antibiotic Therapy,No,Recovered
T12793,A12793,Wound Suturing,Yes,Recovered
T12794,A12794,IV Fluids,No,Recovered
T12795,A12795,Insulin Therapy,No,Recovered
T12796,A12796,Trauma Care,No,Recovered
T12797,A12797,Vaccination,No,Recovered
T12798,A12798,Laser Therapy,No,Recovered
T12799,A12799,Radiation Therapy,No,Recovered
T12800,A12800,Stroke Therapy,No,Recovered
T12801,A12801,Ventilator Support,No,Recovered
T12802,A12802,Sinus Surgery,Yes,Recovered
T12803,A12803,IV Fluids,No,Recovered
T12804,A12804,IV Fluids,No,Recovered
T12805,A12805,Nebulization,No,Improved
T12806,A12806,Stroke Therapy,No,Recovered
T12807,A12807,Physiotherapy,No,Improved
T12808,A12808,EEG,No,Referred
T12809,A12809,Wound Suturing,Yes,Recovered
T12810,A12810,Sinus Surgery,Yes,Improved
T12811,A12811,Ventilator Support,No,Recovered
T12812,A12812,Immunotherapy,No,Recovered
T12813,A12813,IV Fluids,No,Referred
T12814,A12814,Critical Monitoring,No,Recovered
T12815,A12815,Nebulization,No,Recovered
T12816,A12816,Immunotherapy,No,Referred
T12817,A12817,IV Fluids,No,Recovered
T12818,A12818,Vaccination,No,Recovered
T12819,A12819,Angioplasty,Yes,Improved
T12820,A12820,IV Fluids,No,Recovered
T12821,A12821,Wound Suturing,Yes,Improved
T12822,A12822,Sinus Surgery,Yes,Recovered
T12823,A12823,Critical Monitoring,No,Recovered
T12824,A12824,Radiation Therapy,No,Recovered
T12825,A12825,MRI Brain,No,Recovered
T12826,A12826,IV Fluids,No,Recovered
T12827,A12827,Ear Surgery,Yes,Deceased
T12828,A12828,Antibiotic Therapy,No,Recovered
T12829,A12829,Angioplasty,Yes,Improved
T12830,A12830,Chemotherapy,No,Recovered
T12831,A12831,Fracture Fixation,Yes,Improved
T12832,A12832,EEG,No,Recovered
T12833,A12833,ECG,No,Recovered
T12834,A12834,Critical Monitoring,No,Recovered
T12835,A12835,Angioplasty,Yes,Recovered
T12836,A12836,Insulin Therapy,No,Improved
T12837,A12837,Insulin Therapy,No,Recovered
T12838,A12838,Critical Monitoring,No,Recovered
T12839,A12839,Fracture Fixation,Yes,Improved
T12840,A12840,Skin Biopsy,No,Recovered
T12841,A12841,Knee Replacement,Yes,Recovered
T12842,A12842,Skin Biopsy,No,Recovered
T12843,A12843,EEG,No,Referred
T12844,A12844,Sinus Surgery,Yes,Recovered
T12845,A12845,Ear Surgery,Yes,Improved
T12846,A12846,Sinus Surgery,Yes,Recovered
T12847,A12847,Endoscopy,No,Recovered
T12848,A12848,Sinus Surgery,Yes,Recovered
T12849,A12849,Nebulization,No,Referred
T12850,A12850,CPR,No,Referred
T12851,A12851,Ear Surgery,Yes,Recovered
T12852,A12852,Endoscopy,No,Improved
T12853,A12853,EEG,No,Recovered
T12854,A12854,Trauma Care,No,Recovered
T12855,A12855,Ventilator Support,No,Recovered
T12856,A12856,Fracture Fixation,Yes,Recovered
T12857,A12857,Fracture Fixation,Yes,Recovered
T12858,A12858,CPR,No,Recovered
T12859,A12859,Skin Biopsy,No,Recovered
T12860,A12860,Radiation Therapy,No,Recovered
T12861,A12861,Radiation Therapy,No,Recovered
T12862,A12862,Vaccination,No,Recovered
T12863,A12863,Cryotherapy,No,Recovered
T12864,A12864,IV Fluids,No,Recovered
T12865,A12865,IV Fluids,No,Recovered
T12866,A12866,Knee Replacement,Yes,Improved
T12867,A12867,IV Fluids,No,Improved
T12868,A12868,Endoscopy,No,Recovered
T12869,A12869,Dialysis,No,Recovered
T12870,A12870,Radiation Therapy,No,Recovered
T12871,A12871,Bypass Surgery,Yes,Recovered
T12872,A12872,Endoscopy,No,Recovered
T12873,A12873,Bypass Surgery,Yes,Referred
T12874,A12874,Insulin Therapy,No,Recovered
T12875,A12875,Cryotherapy,No,Improved
T12876,A12876,Dialysis,No,Deceased
T12877,A12877,Chemotherapy,No,Recovered
T12878,A12878,Ventilator Support,No,Improved
T12879,A12879,Knee Replacement,Yes,Deceased
T12880,A12880,CPR,No,Improved
T12881,A12881,Trauma Care,No,Recovered
T12882,A12882,Angioplasty,Yes,Recovered
T12883,A12883,ECG,No,Referred
T12884,A12884,Angioplasty,Yes,Improved
T12885,A12885,Physiotherapy,No,Recovered
T12886,A12886,Trauma Care,No,Referred
T12887,A12887,Dialysis,No,Referred
T12888,A12888,CPR,No,Recovered
T12889,A12889,Nebulization,No,Recovered
T12890,A12890,Critical Monitoring,No,Recovered
T12891,A12891,Insulin Therapy,No,Recovered
T12892,A12892,Skin Biopsy,No,Recovered
T12893,A12893,Angioplasty,Yes,Recovered
T12894,A12894,Physiotherapy,No,Improved
T12895,A12895,ECG,No,Recovered
T12896,A12896,Chemotherapy,No,Improved
T12897,A12897,Chemotherapy,No,Recovered
T12898,A12898,CPR,No,Recovered
T12899,A12899,Trauma Care,No,Recovered
T12900,A12900,Radiation Therapy,No,Recovered
T12901,A12901,Bypass Surgery,Yes,Recovered
T12902,A12902,Angioplasty,Yes,Recovered
T12903,A12903,Wound Suturing,Yes,Recovered
T12904,A12904,Angioplasty,Yes,Recovered
T12905,A12905,ECG,No,Recovered
T12906,A12906,MRI Brain,No,Improved
T12907,A12907,Sinus Surgery,Yes,Improved
T12908,A12908,Skin Biopsy,No,Improved
T12909,A12909,Vaccination,No,Improved
T12910,A12910,MRI Brain,No,Improved
T12911,A12911,IV Fluids,No,Deceased
T12912,A12912,Antibiotic Therapy,No,Improved
T12913,A12913,Nebulization,No,Improved
T12914,A12914,Stroke Therapy,No,Referred
T12915,A12915,Immunotherapy,No,Recovered
T12916,A12916,CPR,No,Recovered
T12917,A12917,Wound Suturing,Yes,Recovered
T12918,A12918,Immunotherapy,No,Recovered
T12919,A12919,ECG,No,Recovered
T12920,A12920,Vaccination,No,Deceased
T12921,A12921,Critical Monitoring,No,Improved
T12922,A12922,EEG,No,Recovered
T12923,A12923,Physiotherapy,No,Improved
T12924,A12924,IV Fluids,No,Recovered
T12925,A12925,CPR,No,Improved
T12926,A12926,Angioplasty,Yes,Recovered
T12927,A12927,Antibiotic Therapy,No,Recovered
T12928,A12928,Trauma Care,No,Recovered
T12929,A12929,Immunotherapy,No,Improved
T12930,A12930,Dialysis,No,Recovered
T12931,A12931,Dialysis,No,Recovered
T12932,A12932,Bypass Surgery,Yes,Recovered
T12933,A12933,Nebulization,No,Improved
T12934,A12934,Radiation Therapy,No,Recovered
T12935,A12935,ECG,No,Recovered
T12936,A12936,MRI Brain,No,Deceased
T12937,A12937,Nebulization,No,Improved
T12938,A12938,Insulin Therapy,No,Recovered
T12939,A12939,Chemotherapy,No,Improved
T12940,A12940,Critical Monitoring,No,Improved
T12941,A12941,CPR,No,Improved
T12942,A12942,Ear Surgery,Yes,Recovered
T12943,A12943,Skin Biopsy,No,Recovered
T12944,A12944,Radiation Therapy,No,Recovered
T12945,A12945,Sinus Surgery,Yes,Recovered
T12946,A12946,Fracture Fixation,Yes,Recovered
T12947,A12947,MRI Brain,No,Recovered
T12948,A12948,Wound Suturing,Yes,Recovered
T12949,A12949,EEG,No,Deceased
T12950,A12950,Fracture Fixation,Yes,Recovered
T12951,A12951,Ventilator Support,No,Improved
T12952,A12952,Antibiotic Therapy,No,Improved
T12953,A12953,Wound Suturing,Yes,Referred
T12954,A12954,Wound Suturing,Yes,Recovered
T12955,A12955,Endoscopy,No,Recovered
T12956,A12956,Sinus Surgery,Yes,Improved
T12957,A12957,Critical Monitoring,No,Recovered
T12958,A12958,Angioplasty,Yes,Recovered
T12959,A12959,IV Fluids,No,Improved
T12960,A12960,Immunotherapy,No,Recovered
T12961,A12961,Chemotherapy,No,Recovered
T12962,A12962,EEG,No,Recovered
T12963,A12963,Immunotherapy,No,Recovered
T12964,A12964,Laser Therapy,No,Recovered
T12965,A12965,Angioplasty,Yes,Recovered
T12966,A12966,Antibiotic Therapy,No,Recovered
T12967,A12967,Endoscopy,No,Recovered
T12968,A12968,Physiotherapy,No,Recovered
T12969,A12969,Bypass Surgery,Yes,Recovered
T12970,A12970,CPR,No,Recovered
T12971,A12971,Angioplasty,Yes,Recovered
T12972,A12972,Immunotherapy,No,Recovered
T12973,A12973,Radiation Therapy,No,Recovered
T12974,A12974,Cryotherapy,No,Recovered
T12975,A12975,Laser Therapy,No,Recovered
T12976,A12976,EEG,No,Recovered
T12977,A12977,Sinus Surgery,Yes,Recovered
T12978,A12978,Antibiotic Therapy,No,Recovered
T12979,A12979,Ear Surgery,Yes,Improved
T12980,A12980,Stroke Therapy,No,Recovered
T12981,A12981,Angioplasty,Yes,Improved
T12982,A12982,Vaccination,No,Improved
T12983,A12983,Fracture Fixation,Yes,Recovered
T12984,A12984,Ear Surgery,Yes,Recovered
T12985,A12985,Wound Suturing,Yes,Recovered
T12986,A12986,Ear Surgery,Yes,Recovered
T12987,A12987,Knee Replacement,Yes,Recovered
T12988,A12988,Stroke Therapy,No,Improved
T12989,A12989,Bypass Surgery,Yes,Recovered
T12990,A12990,Wound Suturing,Yes,Recovered
T12991,A12991,Cryotherapy,No,Referred
T12992,A12992,Dialysis,No,Recovered
T12993,A12993,Angioplasty,Yes,Improved
T12994,A12994,Dialysis,No,Recovered
T12995,A12995,MRI Brain,No,Recovered
T12996,A12996,Knee Replacement,Yes,Recovered
T12997,A12997,Fracture Fixation,Yes,Recovered
T12998,A12998,IV Fluids,No,Recovered
T12999,A12999,Critical Monitoring,No,Improved
T13000,A13000,Dialysis,No,Improved
T13001,A13001,Ear Surgery,Yes,Recovered
T13002,A13002,Fracture Fixation,Yes,Recovered
T13003,A13003,Dialysis,No,Recovered
T13004,A13004,Sinus Surgery,Yes,Recovered
T13005,A13005,Insulin Therapy,No,Recovered
T13006,A13006,Radiation Therapy,No,Improved
T13007,A13007,IV Fluids,No,Recovered
T13008,A13008,CPR,No,Recovered
T13009,A13009,Sinus Surgery,Yes,Referred
T13010,A13010,Ventilator Support,No,Recovered
T13011,A13011,Ventilator Support,No,Recovered
T13012,A13012,Laser Therapy,No,Referred
T13013,A13013,Wound Suturing,Yes,Recovered
T13014,A13014,Skin Biopsy,No,Improved
T13015,A13015,IV Fluids,No,Improved
T13016,A13016,Immunotherapy,No,Recovered
T13017,A13017,Insulin Therapy,No,Referred
T13018,A13018,Stroke Therapy,No,Recovered
T13019,A13019,Endoscopy,No,Recovered
T13020,A13020,Knee Replacement,Yes,Recovered
T13021,A13021,Vaccination,No,Recovered
T13022,A13022,Radiation Therapy,No,Recovered
T13023,A13023,Trauma Care,No,Improved
T13024,A13024,Radiation Therapy,No,Improved
T13025,A13025,EEG,No,Recovered
T13026,A13026,Physiotherapy,No,Recovered
T13027,A13027,Immunotherapy,No,Improved
T13028,A13028,Sinus Surgery,Yes,Improved
T13029,A13029,Fracture Fixation,Yes,Recovered
T13030,A13030,EEG,No,Recovered
T13031,A13031,Wound Suturing,Yes,Recovered
T13032,A13032,Immunotherapy,No,Recovered
T13033,A13033,Sinus Surgery,Yes,Improved
T13034,A13034,CPR,No,Improved
T13035,A13035,Trauma Care,No,Improved
T13036,A13036,Dialysis,No,Deceased
T13037,A13037,IV Fluids,No,Recovered
T13038,A13038,Vaccination,No,Recovered
T13039,A13039,Endoscopy,No,Recovered
T13040,A13040,Ventilator Support,No,Recovered
T13041,A13041,Ear Surgery,Yes,Recovered
T13042,A13042,Wound Suturing,Yes,Improved
T13043,A13043,Knee Replacement,Yes,Improved
T13044,A13044,Radiation Therapy,No,Recovered
T13045,A13045,EEG,No,Deceased
T13046,A13046,Fracture Fixation,Yes,Recovered
T13047,A13047,Knee Replacement,Yes,Recovered
T13048,A13048,Ear Surgery,Yes,Recovered
T13049,A13049,Endoscopy,No,Recovered
T13050,A13050,Radiation Therapy,No,Recovered
T13051,A13051,Endoscopy,No,Improved
T13052,A13052,MRI Brain,No,Recovered
T13053,A13053,IV Fluids,No,Recovered
T13054,A13054,Immunotherapy,No,Recovered
T13055,A13055,Stroke Therapy,No,Recovered
T13056,A13056,Trauma Care,No,Improved
T13057,A13057,MRI Brain,No,Recovered
T13058,A13058,EEG,No,Recovered
T13059,A13059,Ear Surgery,Yes,Recovered
T13060,A13060,Sinus Surgery,Yes,Recovered
T13061,A13061,Insulin Therapy,No,Recovered
T13062,A13062,IV Fluids,No,Recovered
T13063,A13063,Chemotherapy,No,Recovered
T13064,A13064,Cryotherapy,No,Recovered
T13065,A13065,Knee Replacement,Yes,Recovered
T13066,A13066,Immunotherapy,No,Recovered
T13067,A13067,Sinus Surgery,Yes,Recovered
T13068,A13068,Ear Surgery,Yes,Recovered
T13069,A13069,Skin Biopsy,No,Recovered
T13070,A13070,Stroke Therapy,No,Improved
T13071,A13071,IV Fluids,No,Recovered
T13072,A13072,ECG,No,Recovered
T13073,A13073,Critical Monitoring,No,Recovered
T13074,A13074,IV Fluids,No,Recovered
T13075,A13075,Immunotherapy,No,Recovered
T13076,A13076,Critical Monitoring,No,Recovered
T13077,A13077,Laser Therapy,No,Recovered
T13078,A13078,Nebulization,No,Recovered
T13079,A13079,Sinus Surgery,Yes,Recovered
T13080,A13080,IV Fluids,No,Improved
T13081,A13081,Skin Biopsy,No,Deceased
T13082,A13082,Dialysis,No,Recovered
T13083,A13083,Bypass Surgery,Yes,Recovered
T13084,A13084,Immunotherapy,No,Recovered
T13085,A13085,EEG,No,Improved
T13086,A13086,Ear Surgery,Yes,Recovered
T13087,A13087,Angioplasty,Yes,Recovered
T13088,A13088,Bypass Surgery,Yes,Recovered
T13089,A13089,Sinus Surgery,Yes,Recovered
T13090,A13090,Fracture Fixation,Yes,Recovered
T13091,A13091,Ventilator Support,No,Improved
T13092,A13092,Vaccination,No,Recovered
T13093,A13093,IV Fluids,No,Referred
T13094,A13094,MRI Brain,No,Recovered
T13095,A13095,EEG,No,Referred
T13096,A13096,MRI Brain,No,Recovered
T13097,A13097,Bypass Surgery,Yes,Recovered
T13098,A13098,MRI Brain,No,Improved
T13099,A13099,Knee Replacement,Yes,Improved
T13100,A13100,Immunotherapy,No,Recovered
T13101,A13101,Antibiotic Therapy,No,Recovered
T13102,A13102,Ear Surgery,Yes,Referred
T13103,A13103,Fracture Fixation,Yes,Recovered
T13104,A13104,Sinus Surgery,Yes,Improved
T13105,A13105,Vaccination,No,Recovered
T13106,A13106,Fracture Fixation,Yes,Recovered
T13107,A13107,Endoscopy,No,Referred
T13108,A13108,Trauma Care,No,Deceased
T13109,A13109,Fracture Fixation,Yes,Recovered
T13110,A13110,Endoscopy,No,Improved
T13111,A13111,MRI Brain,No,Recovered
T13112,A13112,Stroke Therapy,No,Recovered
T13113,A13113,Angioplasty,Yes,Improved
T13114,A13114,IV Fluids,No,Recovered
T13115,A13115,Bypass Surgery,Yes,Recovered
T13116,A13116,EEG,No,Improved
T13117,A13117,Nebulization,No,Improved
T13118,A13118,Sinus Surgery,Yes,Recovered
T13119,A13119,IV Fluids,No,Recovered
T13120,A13120,Physiotherapy,No,Improved
T13121,A13121,Radiation Therapy,No,Recovered
T13122,A13122,Sinus Surgery,Yes,Recovered
T13123,A13123,IV Fluids,No,Recovered
T13124,A13124,CPR,No,Recovered
T13125,A13125,Critical Monitoring,No,Recovered
T13126,A13126,Laser Therapy,No,Improved
T13127,A13127,Angioplasty,Yes,Recovered
T13128,A13128,Dialysis,No,Recovered
T13129,A13129,Knee Replacement,Yes,Recovered
T13130,A13130,Trauma Care,No,Recovered
T13131,A13131,IV Fluids,No,Recovered
T13132,A13132,Immunotherapy,No,Improved
T13133,A13133,Bypass Surgery,Yes,Recovered
T13134,A13134,Radiation Therapy,No,Improved
T13135,A13135,Ear Surgery,Yes,Recovered
T13136,A13136,Antibiotic Therapy,No,Recovered
T13137,A13137,Knee Replacement,Yes,Recovered
T13138,A13138,Ear Surgery,Yes,Improved
T13139,A13139,Ear Surgery,Yes,Recovered
T13140,A13140,Laser Therapy,No,Recovered
T13141,A13141,Fracture Fixation,Yes,Recovered
T13142,A13142,Bypass Surgery,Yes,Recovered
T13143,A13143,ECG,No,Referred
T13144,A13144,Antibiotic Therapy,No,Recovered
T13145,A13145,Bypass Surgery,Yes,Improved
T13146,A13146,IV Fluids,No,Recovered
T13147,A13147,Physiotherapy,No,Recovered
T13148,A13148,Cryotherapy,No,Recovered
T13149,A13149,Critical Monitoring,No,Recovered
T13150,A13150,Wound Suturing,Yes,Improved
T13151,A13151,Trauma Care,No,Recovered
T13152,A13152,Vaccination,No,Improved
T13153,A13153,Trauma Care,No,Recovered
T13154,A13154,Angioplasty,Yes,Recovered
T13155,A13155,Laser Therapy,No,Recovered
T13156,A13156,Immunotherapy,No,Recovered
T13157,A13157,Insulin Therapy,No,Recovered
T13158,A13158,Endoscopy,No,Recovered
T13159,A13159,Dialysis,No,Improved
T13160,A13160,Endoscopy,No,Recovered
T13161,A13161,Wound Suturing,Yes,Recovered
T13162,A13162,Insulin Therapy,No,Recovered
T13163,A13163,IV Fluids,No,Recovered
T13164,A13164,Knee Replacement,Yes,Recovered
T13165,A13165,Cryotherapy,No,Referred
T13166,A13166,MRI Brain,No,Recovered
T13167,A13167,Radiation Therapy,No,Recovered
T13168,A13168,Dialysis,No,Recovered
T13169,A13169,Physiotherapy,No,Recovered
T13170,A13170,Immunotherapy,No,Improved
T13171,A13171,Vaccination,No,Deceased
T13172,A13172,Trauma Care,No,Recovered
T13173,A13173,Antibiotic Therapy,No,Recovered
T13174,A13174,Stroke Therapy,No,Recovered
T13175,A13175,IV Fluids,No,Recovered
T13176,A13176,Insulin Therapy,No,Improved
T13177,A13177,Cryotherapy,No,Improved
T13178,A13178,Trauma Care,No,Recovered
T13179,A13179,Nebulization,No,Recovered
T13180,A13180,ECG,No,Recovered
T13181,A13181,Dialysis,No,Recovered
T13182,A13182,Vaccination,No,Recovered
T13183,A13183,Physiotherapy,No,Recovered
T13184,A13184,Knee Replacement,Yes,Recovered
T13185,A13185,Physiotherapy,No,Improved
T13186,A13186,Ventilator Support,No,Recovered
T13187,A13187,Bypass Surgery,Yes,Improved
T13188,A13188,Nebulization,No,Recovered
T13189,A13189,Dialysis,No,Deceased
T13190,A13190,Endoscopy,No,Recovered
T13191,A13191,Ear Surgery,Yes,Recovered
T13192,A13192,Radiation Therapy,No,Improved
T13193,A13193,Ventilator Support,No,Recovered
T13194,A13194,EEG,No,Recovered
T13195,A13195,ECG,No,Referred
T13196,A13196,Endoscopy,No,Improved
T13197,A13197,Insulin Therapy,No,Recovered
T13198,A13198,Immunotherapy,No,Deceased
T13199,A13199,MRI Brain,No,Recovered
T13200,A13200,Laser Therapy,No,Improved
T13201,A13201,Critical Monitoring,No,Recovered
T13202,A13202,Endoscopy,No,Recovered
T13203,A13203,Cryotherapy,No,Recovered
T13204,A13204,Radiation Therapy,No,Recovered
T13205,A13205,Endoscopy,No,Recovered
T13206,A13206,Vaccination,No,Recovered
T13207,A13207,IV Fluids,No,Improved
T13208,A13208,Bypass Surgery,Yes,Recovered
T13209,A13209,Radiation Therapy,No,Recovered
T13210,A13210,Stroke Therapy,No,Recovered
T13211,A13211,Stroke Therapy,No,Recovered
T13212,A13212,Radiation Therapy,No,Recovered
T13213,A13213,Ear Surgery,Yes,Improved
T13214,A13214,Nebulization,No,Improved
T13215,A13215,Laser Therapy,No,Referred
T13216,A13216,Insulin Therapy,No,Recovered
T13217,A13217,Chemotherapy,No,Referred
T13218,A13218,Antibiotic Therapy,No,Recovered
T13219,A13219,Ventilator Support,No,Improved
T13220,A13220,Cryotherapy,No,Recovered
T13221,A13221,Ventilator Support,No,Recovered
T13222,A13222,Dialysis,No,Recovered
T13223,A13223,Cryotherapy,No,Referred
T13224,A13224,Physiotherapy,No,Referred
T13225,A13225,Endoscopy,No,Recovered
T13226,A13226,Nebulization,No,Recovered
T13227,A13227,Cryotherapy,No,Recovered
T13228,A13228,CPR,No,Improved
T13229,A13229,ECG,No,Improved
T13230,A13230,Ear Surgery,Yes,Recovered
T13231,A13231,MRI Brain,No,Recovered
T13232,A13232,Radiation Therapy,No,Referred
T13233,A13233,CPR,No,Recovered
T13234,A13234,Trauma Care,No,Deceased
T13235,A13235,ECG,No,Recovered
T13236,A13236,Stroke Therapy,No,Recovered
T13237,A13237,Immunotherapy,No,Recovered
T13238,A13238,Bypass Surgery,Yes,Recovered
T13239,A13239,CPR,No,Recovered
T13240,A13240,Fracture Fixation,Yes,Recovered
T13241,A13241,IV Fluids,No,Recovered
T13242,A13242,Nebulization,No,Referred
T13243,A13243,Radiation Therapy,No,Recovered
T13244,A13244,Radiation Therapy,No,Improved
T13245,A13245,EEG,No,Recovered
T13246,A13246,Ventilator Support,No,Improved
T13247,A13247,Stroke Therapy,No,Improved
T13248,A13248,Critical Monitoring,No,Recovered
T13249,A13249,Dialysis,No,Recovered
T13250,A13250,Endoscopy,No,Recovered
T13251,A13251,Physiotherapy,No,Referred
T13252,A13252,CPR,No,Recovered
T13253,A13253,Skin Biopsy,No,Recovered
T13254,A13254,Laser Therapy,No,Recovered
T13255,A13255,Ear Surgery,Yes,Improved
T13256,A13256,Ear Surgery,Yes,Recovered
T13257,A13257,Vaccination,No,Recovered
T13258,A13258,Bypass Surgery,Yes,Recovered
T13259,A13259,Wound Suturing,Yes,Improved
T13260,A13260,Insulin Therapy,No,Recovered
T13261,A13261,Sinus Surgery,Yes,Improved
T13262,A13262,Physiotherapy,No,Recovered
T13263,A13263,Critical Monitoring,No,Improved
T13264,A13264,Critical Monitoring,No,Recovered
T13265,A13265,Physiotherapy,No,Recovered
T13266,A13266,Sinus Surgery,Yes,Improved
T13267,A13267,IV Fluids,No,Recovered
T13268,A13268,Vaccination,No,Recovered
T13269,A13269,Cryotherapy,No,Improved
T13270,A13270,Antibiotic Therapy,No,Recovered
T13271,A13271,Physiotherapy,No,Recovered
T13272,A13272,Insulin Therapy,No,Deceased
T13273,A13273,Trauma Care,No,Improved
T13274,A13274,Radiation Therapy,No,Referred
T13275,A13275,EEG,No,Recovered
T13276,A13276,Critical Monitoring,No,Recovered
T13277,A13277,Immunotherapy,No,Recovered
T13278,A13278,IV Fluids,No,Improved
T13279,A13279,Chemotherapy,No,Recovered
T13280,A13280,Ventilator Support,No,Recovered
T13281,A13281,Dialysis,No,Recovered
T13282,A13282,Critical Monitoring,No,Improved
T13283,A13283,Stroke Therapy,No,Recovered
T13284,A13284,Ventilator Support,No,Recovered
T13285,A13285,Dialysis,No,Improved
T13286,A13286,ECG,No,Recovered
T13287,A13287,Vaccination,No,Recovered
T13288,A13288,Vaccination,No,Recovered
T13289,A13289,Cryotherapy,No,Deceased
T13290,A13290,Radiation Therapy,No,Recovered
T13291,A13291,Cryotherapy,No,Recovered
T13292,A13292,Trauma Care,No,Improved
T13293,A13293,Sinus Surgery,Yes,Recovered
T13294,A13294,Stroke Therapy,No,Recovered
T13295,A13295,EEG,No,Improved
T13296,A13296,Skin Biopsy,No,Recovered
T13297,A13297,Radiation Therapy,No,Recovered
T13298,A13298,Stroke Therapy,No,Recovered
T13299,A13299,IV Fluids,No,Recovered
T13300,A13300,Radiation Therapy,No,Recovered
T13301,A13301,Laser Therapy,No,Recovered
T13302,A13302,Fracture Fixation,Yes,Recovered
T13303,A13303,Dialysis,No,Recovered
T13304,A13304,Wound Suturing,Yes,Improved
T13305,A13305,Wound Suturing,Yes,Recovered
T13306,A13306,Dialysis,No,Recovered
T13307,A13307,Radiation Therapy,No,Improved
T13308,A13308,Insulin Therapy,No,Recovered
T13309,A13309,MRI Brain,No,Recovered
T13310,A13310,Ear Surgery,Yes,Recovered
T13311,A13311,Fracture Fixation,Yes,Recovered
T13312,A13312,Dialysis,No,Improved
T13313,A13313,Bypass Surgery,Yes,Recovered
T13314,A13314,Physiotherapy,No,Recovered
T13315,A13315,Dialysis,No,Recovered
T13316,A13316,Ventilator Support,No,Recovered
T13317,A13317,Nebulization,No,Recovered
T13318,A13318,IV Fluids,No,Improved
T13319,A13319,Dialysis,No,Improved
T13320,A13320,Laser Therapy,No,Recovered
T13321,A13321,Trauma Care,No,Recovered
T13322,A13322,Cryotherapy,No,Recovered
T13323,A13323,Trauma Care,No,Improved
T13324,A13324,Knee Replacement,Yes,Recovered
T13325,A13325,Physiotherapy,No,Improved
T13326,A13326,Chemotherapy,No,Improved
T13327,A13327,Sinus Surgery,Yes,Improved
T13328,A13328,Endoscopy,No,Recovered
T13329,A13329,CPR,No,Recovered
T13330,A13330,Trauma Care,No,Recovered
T13331,A13331,Critical Monitoring,No,Recovered
T13332,A13332,Trauma Care,No,Recovered
T13333,A13333,Skin Biopsy,No,Referred
T13334,A13334,Fracture Fixation,Yes,Recovered
T13335,A13335,Stroke Therapy,No,Recovered
T13336,A13336,IV Fluids,No,Improved
T13337,A13337,Chemotherapy,No,Recovered
T13338,A13338,Laser Therapy,No,Recovered
T13339,A13339,ECG,No,Recovered
T13340,A13340,Trauma Care,No,Recovered
T13341,A13341,Bypass Surgery,Yes,Improved
T13342,A13342,Knee Replacement,Yes,Recovered
T13343,A13343,Wound Suturing,Yes,Recovered
T13344,A13344,Stroke Therapy,No,Recovered
T13345,A13345,Fracture Fixation,Yes,Improved
T13346,A13346,Ventilator Support,No,Recovered
T13347,A13347,Antibiotic Therapy,No,Recovered
T13348,A13348,Insulin Therapy,No,Recovered
T13349,A13349,CPR,No,Recovered
T13350,A13350,Skin Biopsy,No,Recovered
T13351,A13351,Chemotherapy,No,Recovered
T13352,A13352,Radiation Therapy,No,Recovered
T13353,A13353,Ventilator Support,No,Recovered
T13354,A13354,IV Fluids,No,Recovered
T13355,A13355,Fracture Fixation,Yes,Recovered
T13356,A13356,Insulin Therapy,No,Recovered
T13357,A13357,Nebulization,No,Recovered
T13358,A13358,Ventilator Support,No,Recovered
T13359,A13359,Wound Suturing,Yes,Recovered
T13360,A13360,Angioplasty,Yes,Recovered
T13361,A13361,Chemotherapy,No,Referred
T13362,A13362,Insulin Therapy,No,Recovered
T13363,A13363,Immunotherapy,No,Recovered
T13364,A13364,Angioplasty,Yes,Recovered
T13365,A13365,Bypass Surgery,Yes,Recovered
T13366,A13366,IV Fluids,No,Recovered
T13367,A13367,Sinus Surgery,Yes,Recovered
T13368,A13368,IV Fluids,No,Improved
T13369,A13369,Trauma Care,No,Recovered
T13370,A13370,Physiotherapy,No,Recovered
T13371,A13371,Skin Biopsy,No,Recovered
T13372,A13372,Laser Therapy,No,Improved
T13373,A13373,CPR,No,Recovered
T13374,A13374,CPR,No,Recovered
T13375,A13375,Dialysis,No,Recovered
T13376,A13376,CPR,No,Recovered
T13377,A13377,Knee Replacement,Yes,Recovered
T13378,A13378,Ventilator Support,No,Recovered
T13379,A13379,Fracture Fixation,Yes,Referred
T13380,A13380,Stroke Therapy,No,Improved
T13381,A13381,Critical Monitoring,No,Recovered
T13382,A13382,Radiation Therapy,No,Referred
T13383,A13383,Ear Surgery,Yes,Recovered
T13384,A13384,Vaccination,No,Recovered
T13385,A13385,CPR,No,Recovered
T13386,A13386,Stroke Therapy,No,Improved
T13387,A13387,Ventilator Support,No,Recovered
T13388,A13388,Radiation Therapy,No,Recovered
T13389,A13389,Knee Replacement,Yes,Recovered
T13390,A13390,Knee Replacement,Yes,Improved
T13391,A13391,Cryotherapy,No,Recovered
T13392,A13392,Skin Biopsy,No,Deceased
T13393,A13393,Angioplasty,Yes,Recovered
T13394,A13394,Trauma Care,No,Recovered
T13395,A13395,Endoscopy,No,Recovered
T13396,A13396,Ear Surgery,Yes,Recovered
T13397,A13397,Chemotherapy,No,Recovered
T13398,A13398,MRI Brain,No,Deceased
T13399,A13399,Skin Biopsy,No,Improved
T13400,A13400,Physiotherapy,No,Recovered
T13401,A13401,IV Fluids,No,Recovered
T13402,A13402,Knee Replacement,Yes,Recovered
T13403,A13403,IV Fluids,No,Recovered
T13404,A13404,CPR,No,Improved
T13405,A13405,Trauma Care,No,Improved
T13406,A13406,Vaccination,No,Improved
T13407,A13407,Dialysis,No,Recovered
T13408,A13408,Fracture Fixation,Yes,Recovered
T13409,A13409,ECG,No,Recovered
T13410,A13410,Antibiotic Therapy,No,Recovered
T13411,A13411,Skin Biopsy,No,Recovered
T13412,A13412,Ventilator Support,No,Improved
T13413,A13413,Insulin Therapy,No,Recovered
T13414,A13414,Physiotherapy,No,Recovered
T13415,A13415,Sinus Surgery,Yes,Recovered
T13416,A13416,Wound Suturing,Yes,Recovered
T13417,A13417,Nebulization,No,Recovered
T13418,A13418,Knee Replacement,Yes,Recovered
T13419,A13419,Laser Therapy,No,Recovered
T13420,A13420,Radiation Therapy,No,Improved
T13421,A13421,Ear Surgery,Yes,Recovered
T13422,A13422,Cryotherapy,No,Recovered
T13423,A13423,ECG,No,Recovered
T13424,A13424,Bypass Surgery,Yes,Recovered
T13425,A13425,Immunotherapy,No,Referred
T13426,A13426,Fracture Fixation,Yes,Recovered
T13427,A13427,Dialysis,No,Recovered
T13428,A13428,Radiation Therapy,No,Recovered
T13429,A13429,Ventilator Support,No,Recovered
T13430,A13430,Critical Monitoring,No,Recovered
T13431,A13431,Antibiotic Therapy,No,Recovered
T13432,A13432,Bypass Surgery,Yes,Recovered
T13433,A13433,Skin Biopsy,No,Recovered
T13434,A13434,Ventilator Support,No,Recovered
T13435,A13435,Skin Biopsy,No,Deceased
T13436,A13436,Radiation Therapy,No,Recovered
T13437,A13437,Laser Therapy,No,Recovered
T13438,A13438,MRI Brain,No,Recovered
T13439,A13439,Stroke Therapy,No,Referred
T13440,A13440,IV Fluids,No,Improved
T13441,A13441,Critical Monitoring,No,Recovered
T13442,A13442,Physiotherapy,No,Referred
T13443,A13443,Wound Suturing,Yes,Recovered
T13444,A13444,Wound Suturing,Yes,Recovered
T13445,A13445,Knee Replacement,Yes,Recovered
T13446,A13446,Knee Replacement,Yes,Improved
T13447,A13447,EEG,No,Recovered
T13448,A13448,Sinus Surgery,Yes,Improved
T13449,A13449,Laser Therapy,No,Referred
T13450,A13450,Radiation Therapy,No,Recovered
T13451,A13451,Nebulization,No,Recovered
T13452,A13452,Dialysis,No,Recovered
T13453,A13453,IV Fluids,No,Recovered
T13454,A13454,EEG,No,Referred
T13455,A13455,Ear Surgery,Yes,Improved
T13456,A13456,Critical Monitoring,No,Recovered
T13457,A13457,Radiation Therapy,No,Improved
T13458,A13458,Ear Surgery,Yes,Recovered
T13459,A13459,Physiotherapy,No,Improved
T13460,A13460,Radiation Therapy,No,Recovered
T13461,A13461,Endoscopy,No,Recovered
T13462,A13462,Ear Surgery,Yes,Recovered
T13463,A13463,ECG,No,Recovered
T13464,A13464,Radiation Therapy,No,Improved
T13465,A13465,IV Fluids,No,Referred
T13466,A13466,Skin Biopsy,No,Improved
T13467,A13467,Critical Monitoring,No,Referred
T13468,A13468,Sinus Surgery,Yes,Recovered
T13469,A13469,Critical Monitoring,No,Recovered
T13470,A13470,Critical Monitoring,No,Recovered
T13471,A13471,Critical Monitoring,No,Recovered
T13472,A13472,Bypass Surgery,Yes,Recovered
T13473,A13473,Stroke Therapy,No,Improved
T13474,A13474,Sinus Surgery,Yes,Improved
T13475,A13475,Fracture Fixation,Yes,Recovered
T13476,A13476,Knee Replacement,Yes,Recovered
T13477,A13477,Insulin Therapy,No,Recovered
T13478,A13478,Critical Monitoring,No,Improved
T13479,A13479,Ventilator Support,No,Recovered
T13480,A13480,Wound Suturing,Yes,Improved
T13481,A13481,IV Fluids,No,Referred
T13482,A13482,Skin Biopsy,No,Recovered
T13483,A13483,Endoscopy,No,Recovered
T13484,A13484,Cryotherapy,No,Recovered
T13485,A13485,ECG,No,Recovered
T13486,A13486,Angioplasty,Yes,Improved
T13487,A13487,Nebulization,No,Recovered
T13488,A13488,Ventilator Support,No,Recovered
T13489,A13489,Fracture Fixation,Yes,Improved
T13490,A13490,Ventilator Support,No,Referred
T13491,A13491,Angioplasty,Yes,Recovered
T13492,A13492,Wound Suturing,Yes,Improved
T13493,A13493,Physiotherapy,No,Referred
T13494,A13494,Vaccination,No,Recovered
T13495,A13495,Ventilator Support,No,Recovered
T13496,A13496,Sinus Surgery,Yes,Recovered
T13497,A13497,Trauma Care,No,Recovered
T13498,A13498,Ear Surgery,Yes,Deceased
T13499,A13499,Angioplasty,Yes,Improved
T13500,A13500,Cryotherapy,No,Improved
T13501,A13501,Laser Therapy,No,Recovered
T13502,A13502,IV Fluids,No,Recovered
T13503,A13503,Fracture Fixation,Yes,Improved
T13504,A13504,Antibiotic Therapy,No,Recovered
T13505,A13505,EEG,No,Recovered
T13506,A13506,Angioplasty,Yes,Recovered
T13507,A13507,Insulin Therapy,No,Recovered
T13508,A13508,Stroke Therapy,No,Recovered
T13509,A13509,Bypass Surgery,Yes,Improved
T13510,A13510,Immunotherapy,No,Recovered
T13511,A13511,Laser Therapy,No,Recovered
T13512,A13512,Laser Therapy,No,Improved
T13513,A13513,Radiation Therapy,No,Recovered
T13514,A13514,Bypass Surgery,Yes,Recovered
T13515,A13515,Antibiotic Therapy,No,Recovered
T13516,A13516,Bypass Surgery,Yes,Recovered
T13517,A13517,Dialysis,No,Improved
T13518,A13518,Critical Monitoring,No,Recovered
T13519,A13519,IV Fluids,No,Recovered
T13520,A13520,EEG,No,Recovered
T13521,A13521,IV Fluids,No,Improved
T13522,A13522,Insulin Therapy,No,Recovered
T13523,A13523,MRI Brain,No,Recovered
T13524,A13524,MRI Brain,No,Recovered
T13525,A13525,Knee Replacement,Yes,Recovered
T13526,A13526,Wound Suturing,Yes,Improved
T13527,A13527,Critical Monitoring,No,Recovered
T13528,A13528,Laser Therapy,No,Improved
T13529,A13529,Fracture Fixation,Yes,Recovered
T13530,A13530,IV Fluids,No,Improved
T13531,A13531,Insulin Therapy,No,Improved
T13532,A13532,Trauma Care,No,Recovered
T13533,A13533,ECG,No,Recovered
T13534,A13534,Sinus Surgery,Yes,Recovered
T13535,A13535,Cryotherapy,No,Recovered
T13536,A13536,Radiation Therapy,No,Recovered
T13537,A13537,Ventilator Support,No,Referred
T13538,A13538,Stroke Therapy,No,Recovered
T13539,A13539,Chemotherapy,No,Recovered
T13540,A13540,Immunotherapy,No,Recovered
T13541,A13541,Immunotherapy,No,Recovered
T13542,A13542,IV Fluids,No,Recovered
T13543,A13543,ECG,No,Improved
T13544,A13544,Laser Therapy,No,Recovered
T13545,A13545,Ventilator Support,No,Recovered
T13546,A13546,Angioplasty,Yes,Referred
T13547,A13547,Ear Surgery,Yes,Recovered
T13548,A13548,Skin Biopsy,No,Deceased
T13549,A13549,EEG,No,Recovered
T13550,A13550,Antibiotic Therapy,No,Recovered
T13551,A13551,MRI Brain,No,Improved
T13552,A13552,Fracture Fixation,Yes,Improved
T13553,A13553,Physiotherapy,No,Improved
T13554,A13554,Fracture Fixation,Yes,Improved
T13555,A13555,Trauma Care,No,Recovered
T13556,A13556,Bypass Surgery,Yes,Improved
T13557,A13557,Stroke Therapy,No,Improved
T13558,A13558,Trauma Care,No,Recovered
T13559,A13559,Endoscopy,No,Deceased
T13560,A13560,Bypass Surgery,Yes,Referred
T13561,A13561,Immunotherapy,No,Recovered
T13562,A13562,MRI Brain,No,Recovered
T13563,A13563,Ventilator Support,No,Referred
T13564,A13564,Vaccination,No,Recovered
T13565,A13565,Physiotherapy,No,Referred
T13566,A13566,Angioplasty,Yes,Recovered
T13567,A13567,MRI Brain,No,Deceased
T13568,A13568,Vaccination,No,Recovered
T13569,A13569,Chemotherapy,No,Recovered
T13570,A13570,EEG,No,Recovered
T13571,A13571,Antibiotic Therapy,No,Recovered
T13572,A13572,Physiotherapy,No,Recovered
T13573,A13573,Critical Monitoring,No,Recovered
T13574,A13574,Fracture Fixation,Yes,Recovered
T13575,A13575,Knee Replacement,Yes,Recovered
T13576,A13576,Cryotherapy,No,Improved
T13577,A13577,Stroke Therapy,No,Recovered
T13578,A13578,Trauma Care,No,Improved
T13579,A13579,ECG,No,Recovered
T13580,A13580,Dialysis,No,Referred
T13581,A13581,Chemotherapy,No,Deceased
T13582,A13582,IV Fluids,No,Referred
T13583,A13583,Immunotherapy,No,Improved
T13584,A13584,Insulin Therapy,No,Deceased
T13585,A13585,EEG,No,Recovered
T13586,A13586,Immunotherapy,No,Recovered
T13587,A13587,Vaccination,No,Recovered
T13588,A13588,IV Fluids,No,Recovered
T13589,A13589,Antibiotic Therapy,No,Recovered
T13590,A13590,Vaccination,No,Referred
T13591,A13591,Immunotherapy,No,Recovered
T13592,A13592,Cryotherapy,No,Recovered
T13593,A13593,Dialysis,No,Recovered
T13594,A13594,IV Fluids,No,Recovered
T13595,A13595,Dialysis,No,Recovered
T13596,A13596,Dialysis,No,Recovered
T13597,A13597,Fracture Fixation,Yes,Recovered
T13598,A13598,Ear Surgery,Yes,Recovered
T13599,A13599,Critical Monitoring,No,Recovered
T13600,A13600,CPR,No,Deceased
T13601,A13601,Critical Monitoring,No,Deceased
T13602,A13602,Chemotherapy,No,Improved
T13603,A13603,Radiation Therapy,No,Recovered
T13604,A13604,Endoscopy,No,Recovered
T13605,A13605,Angioplasty,Yes,Recovered
T13606,A13606,Chemotherapy,No,Recovered
T13607,A13607,ECG,No,Recovered
T13608,A13608,IV Fluids,No,Recovered
T13609,A13609,Ear Surgery,Yes,Recovered
T13610,A13610,Physiotherapy,No,Recovered
T13611,A13611,CPR,No,Recovered
T13612,A13612,Insulin Therapy,No,Recovered
T13613,A13613,Wound Suturing,Yes,Improved
T13614,A13614,Dialysis,No,Recovered
T13615,A13615,Laser Therapy,No,Recovered
T13616,A13616,Bypass Surgery,Yes,Recovered
T13617,A13617,Radiation Therapy,No,Improved
T13618,A13618,ECG,No,Recovered
T13619,A13619,Laser Therapy,No,Recovered
T13620,A13620,EEG,No,Improved
T13621,A13621,CPR,No,Recovered
T13622,A13622,Endoscopy,No,Recovered
T13623,A13623,IV Fluids,No,Recovered
T13624,A13624,IV Fluids,No,Referred
T13625,A13625,Wound Suturing,Yes,Recovered
T13626,A13626,Endoscopy,No,Recovered
T13627,A13627,CPR,No,Deceased
T13628,A13628,Critical Monitoring,No,Recovered
T13629,A13629,Skin Biopsy,No,Recovered
T13630,A13630,MRI Brain,No,Recovered
T13631,A13631,IV Fluids,No,Improved
T13632,A13632,Radiation Therapy,No,Recovered
T13633,A13633,Radiation Therapy,No,Referred
T13634,A13634,Angioplasty,Yes,Recovered
T13635,A13635,Nebulization,No,Improved
T13636,A13636,Angioplasty,Yes,Improved
T13637,A13637,Insulin Therapy,No,Recovered
T13638,A13638,Antibiotic Therapy,No,Recovered
T13639,A13639,Skin Biopsy,No,Recovered
T13640,A13640,Fracture Fixation,Yes,Improved
T13641,A13641,Wound Suturing,Yes,Recovered
T13642,A13642,ECG,No,Recovered
T13643,A13643,Fracture Fixation,Yes,Recovered
T13644,A13644,Immunotherapy,No,Recovered
T13645,A13645,Stroke Therapy,No,Improved
T13646,A13646,Bypass Surgery,Yes,Referred
T13647,A13647,Skin Biopsy,No,Improved
T13648,A13648,Fracture Fixation,Yes,Deceased
T13649,A13649,IV Fluids,No,Recovered
T13650,A13650,Nebulization,No,Improved
T13651,A13651,Nebulization,No,Recovered
T13652,A13652,Cryotherapy,No,Recovered
T13653,A13653,Insulin Therapy,No,Improved
T13654,A13654,Chemotherapy,No,Referred
T13655,A13655,Sinus Surgery,Yes,Recovered
T13656,A13656,CPR,No,Recovered
T13657,A13657,IV Fluids,No,Deceased
T13658,A13658,ECG,No,Recovered
T13659,A13659,Cryotherapy,No,Recovered
T13660,A13660,IV Fluids,No,Recovered
T13661,A13661,Ear Surgery,Yes,Recovered
T13662,A13662,Fracture Fixation,Yes,Recovered
T13663,A13663,Antibiotic Therapy,No,Recovered
T13664,A13664,Trauma Care,No,Recovered
T13665,A13665,Vaccination,No,Recovered
T13666,A13666,CPR,No,Recovered
T13667,A13667,MRI Brain,No,Recovered
T13668,A13668,Dialysis,No,Recovered
T13669,A13669,ECG,No,Recovered
T13670,A13670,Sinus Surgery,Yes,Deceased
T13671,A13671,IV Fluids,No,Recovered
T13672,A13672,Vaccination,No,Recovered
T13673,A13673,Ventilator Support,No,Recovered
T13674,A13674,EEG,No,Recovered
T13675,A13675,CPR,No,Improved
T13676,A13676,MRI Brain,No,Recovered
T13677,A13677,Ventilator Support,No,Improved
T13678,A13678,Ear Surgery,Yes,Recovered
T13679,A13679,Ear Surgery,Yes,Improved
T13680,A13680,Angioplasty,Yes,Recovered
T13681,A13681,Wound Suturing,Yes,Referred
T13682,A13682,Insulin Therapy,No,Improved
T13683,A13683,Physiotherapy,No,Recovered
T13684,A13684,Insulin Therapy,No,Improved
T13685,A13685,IV Fluids,No,Recovered
T13686,A13686,Critical Monitoring,No,Improved
T13687,A13687,EEG,No,Recovered
T13688,A13688,Stroke Therapy,No,Recovered
T13689,A13689,Trauma Care,No,Recovered
T13690,A13690,Wound Suturing,Yes,Recovered
T13691,A13691,Skin Biopsy,No,Recovered
T13692,A13692,EEG,No,Recovered
T13693,A13693,Ventilator Support,No,Recovered
T13694,A13694,IV Fluids,No,Recovered
T13695,A13695,Sinus Surgery,Yes,Referred
T13696,A13696,Immunotherapy,No,Referred
T13697,A13697,Ear Surgery,Yes,Recovered
T13698,A13698,Physiotherapy,No,Recovered
T13699,A13699,Skin Biopsy,No,Improved
T13700,A13700,Endoscopy,No,Improved
T13701,A13701,Fracture Fixation,Yes,Referred
T13702,A13702,Stroke Therapy,No,Recovered
T13703,A13703,Immunotherapy,No,Recovered
T13704,A13704,IV Fluids,No,Recovered
T13705,A13705,Bypass Surgery,Yes,Recovered
T13706,A13706,ECG,No,Recovered
T13707,A13707,EEG,No,Recovered
T13708,A13708,Endoscopy,No,Referred
T13709,A13709,Fracture Fixation,Yes,Recovered
T13710,A13710,Ventilator Support,No,Improved
T13711,A13711,Dialysis,No,Deceased
T13712,A13712,Antibiotic Therapy,No,Recovered
T13713,A13713,Insulin Therapy,No,Recovered
T13714,A13714,Vaccination,No,Recovered
T13715,A13715,Physiotherapy,No,Improved
T13716,A13716,Endoscopy,No,Recovered
T13717,A13717,Vaccination,No,Improved
T13718,A13718,Antibiotic Therapy,No,Improved
T13719,A13719,Critical Monitoring,No,Recovered
T13720,A13720,ECG,No,Improved
T13721,A13721,Angioplasty,Yes,Recovered
T13722,A13722,Trauma Care,No,Recovered
T13723,A13723,Nebulization,No,Recovered
T13724,A13724,Angioplasty,Yes,Referred
T13725,A13725,Wound Suturing,Yes,Recovered
T13726,A13726,Sinus Surgery,Yes,Recovered
T13727,A13727,Trauma Care,No,Recovered
T13728,A13728,IV Fluids,No,Recovered
T13729,A13729,Immunotherapy,No,Recovered
T13730,A13730,IV Fluids,No,Recovered
T13731,A13731,Angioplasty,Yes,Recovered
T13732,A13732,Fracture Fixation,Yes,Recovered
T13733,A13733,Stroke Therapy,No,Improved
T13734,A13734,EEG,No,Recovered
T13735,A13735,EEG,No,Recovered
T13736,A13736,Radiation Therapy,No,Recovered
T13737,A13737,Trauma Care,No,Recovered
T13738,A13738,Dialysis,No,Recovered
T13739,A13739,Chemotherapy,No,Recovered
T13740,A13740,Wound Suturing,Yes,Recovered
T13741,A13741,Chemotherapy,No,Recovered
T13742,A13742,Stroke Therapy,No,Recovered
T13743,A13743,IV Fluids,No,Recovered
T13744,A13744,Fracture Fixation,Yes,Recovered
T13745,A13745,IV Fluids,No,Recovered
T13746,A13746,IV Fluids,No,Improved
T13747,A13747,Ventilator Support,No,Recovered
T13748,A13748,MRI Brain,No,Recovered
T13749,A13749,Cryotherapy,No,Recovered
T13750,A13750,Radiation Therapy,No,Improved
T13751,A13751,CPR,No,Recovered
T13752,A13752,Physiotherapy,No,Recovered
T13753,A13753,Radiation Therapy,No,Recovered
T13754,A13754,Radiation Therapy,No,Recovered
T13755,A13755,Wound Suturing,Yes,Improved
T13756,A13756,MRI Brain,No,Recovered
T13757,A13757,Ventilator Support,No,Recovered
T13758,A13758,Bypass Surgery,Yes,Recovered
T13759,A13759,Bypass Surgery,Yes,Recovered
T13760,A13760,Wound Suturing,Yes,Recovered
T13761,A13761,Laser Therapy,No,Recovered
T13762,A13762,Insulin Therapy,No,Recovered
T13763,A13763,Wound Suturing,Yes,Improved
T13764,A13764,Wound Suturing,Yes,Recovered
T13765,A13765,Knee Replacement,Yes,Recovered
T13766,A13766,Stroke Therapy,No,Recovered
T13767,A13767,Dialysis,No,Recovered
T13768,A13768,Radiation Therapy,No,Recovered
T13769,A13769,Physiotherapy,No,Referred
T13770,A13770,IV Fluids,No,Recovered
T13771,A13771,Dialysis,No,Recovered
T13772,A13772,Angioplasty,Yes,Recovered
T13773,A13773,Radiation Therapy,No,Recovered
T13774,A13774,IV Fluids,No,Recovered
T13775,A13775,MRI Brain,No,Recovered
T13776,A13776,Chemotherapy,No,Recovered
T13777,A13777,IV Fluids,No,Recovered
T13778,A13778,Sinus Surgery,Yes,Recovered
T13779,A13779,Chemotherapy,No,Improved
T13780,A13780,Wound Suturing,Yes,Recovered
T13781,A13781,Skin Biopsy,No,Recovered
T13782,A13782,Trauma Care,No,Recovered
T13783,A13783,Chemotherapy,No,Referred
T13784,A13784,Chemotherapy,No,Recovered
T13785,A13785,Stroke Therapy,No,Recovered
T13786,A13786,EEG,No,Recovered
T13787,A13787,Ventilator Support,No,Recovered
T13788,A13788,ECG,No,Recovered
T13789,A13789,Chemotherapy,No,Recovered
T13790,A13790,Chemotherapy,No,Recovered
T13791,A13791,Insulin Therapy,No,Recovered
T13792,A13792,EEG,No,Referred
T13793,A13793,Skin Biopsy,No,Referred
T13794,A13794,Angioplasty,Yes,Recovered
T13795,A13795,Antibiotic Therapy,No,Recovered
T13796,A13796,Radiation Therapy,No,Recovered
T13797,A13797,Chemotherapy,No,Recovered
T13798,A13798,Ventilator Support,No,Recovered
T13799,A13799,Insulin Therapy,No,Improved
T13800,A13800,Fracture Fixation,Yes,Deceased
T13801,A13801,ECG,No,Improved
T13802,A13802,Physiotherapy,No,Recovered
T13803,A13803,MRI Brain,No,Recovered
T13804,A13804,Dialysis,No,Recovered
T13805,A13805,Trauma Care,No,Recovered
T13806,A13806,Vaccination,No,Recovered
T13807,A13807,Skin Biopsy,No,Recovered
T13808,A13808,Ear Surgery,Yes,Recovered
T13809,A13809,Skin Biopsy,No,Recovered
T13810,A13810,ECG,No,Recovered
T13811,A13811,Knee Replacement,Yes,Recovered
T13812,A13812,Fracture Fixation,Yes,Recovered
T13813,A13813,Physiotherapy,No,Recovered
T13814,A13814,EEG,No,Recovered
T13815,A13815,Angioplasty,Yes,Recovered
T13816,A13816,Stroke Therapy,No,Recovered
T13817,A13817,IV Fluids,No,Recovered
T13818,A13818,Physiotherapy,No,Recovered
T13819,A13819,Endoscopy,No,Recovered
T13820,A13820,Physiotherapy,No,Improved
T13821,A13821,Dialysis,No,Referred
T13822,A13822,Dialysis,No,Recovered
T13823,A13823,Nebulization,No,Recovered
T13824,A13824,Critical Monitoring,No,Improved
T13825,A13825,ECG,No,Recovered
T13826,A13826,Wound Suturing,Yes,Improved
T13827,A13827,Wound Suturing,Yes,Improved
T13828,A13828,ECG,No,Recovered
T13829,A13829,Chemotherapy,No,Recovered
T13830,A13830,Stroke Therapy,No,Recovered
T13831,A13831,Knee Replacement,Yes,Recovered
T13832,A13832,CPR,No,Improved
T13833,A13833,Laser Therapy,No,Recovered
T13834,A13834,Knee Replacement,Yes,Recovered
T13835,A13835,Sinus Surgery,Yes,Improved
T13836,A13836,Laser Therapy,No,Recovered
T13837,A13837,Antibiotic Therapy,No,Recovered
T13838,A13838,Wound Suturing,Yes,Referred
T13839,A13839,Wound Suturing,Yes,Recovered
T13840,A13840,Immunotherapy,No,Recovered
T13841,A13841,Trauma Care,No,Referred
T13842,A13842,Physiotherapy,No,Recovered
T13843,A13843,Radiation Therapy,No,Recovered
T13844,A13844,Sinus Surgery,Yes,Improved
T13845,A13845,IV Fluids,No,Recovered
T13846,A13846,Trauma Care,No,Recovered
T13847,A13847,EEG,No,Improved
T13848,A13848,Angioplasty,Yes,Recovered
T13849,A13849,Insulin Therapy,No,Improved
T13850,A13850,Ventilator Support,No,Recovered
T13851,A13851,EEG,No,Recovered
T13852,A13852,Wound Suturing,Yes,Recovered
T13853,A13853,Sinus Surgery,Yes,Recovered
T13854,A13854,IV Fluids,No,Recovered
T13855,A13855,ECG,No,Recovered
T13856,A13856,Skin Biopsy,No,Recovered
T13857,A13857,Knee Replacement,Yes,Recovered
T13858,A13858,Endoscopy,No,Recovered
T13859,A13859,Nebulization,No,Recovered
T13860,A13860,IV Fluids,No,Improved
T13861,A13861,Antibiotic Therapy,No,Recovered
T13862,A13862,Wound Suturing,Yes,Recovered
T13863,A13863,Skin Biopsy,No,Recovered
T13864,A13864,Dialysis,No,Recovered
T13865,A13865,Stroke Therapy,No,Recovered
T13866,A13866,Trauma Care,No,Improved
T13867,A13867,Laser Therapy,No,Improved
T13868,A13868,Immunotherapy,No,Improved
T13869,A13869,IV Fluids,No,Recovered
T13870,A13870,Nebulization,No,Recovered
T13871,A13871,Dialysis,No,Recovered
T13872,A13872,Wound Suturing,Yes,Improved
T13873,A13873,CPR,No,Recovered
T13874,A13874,MRI Brain,No,Recovered
T13875,A13875,Antibiotic Therapy,No,Recovered
T13876,A13876,Stroke Therapy,No,Improved
T13877,A13877,Vaccination,No,Recovered
T13878,A13878,Cryotherapy,No,Recovered
T13879,A13879,IV Fluids,No,Recovered
T13880,A13880,Vaccination,No,Improved
T13881,A13881,Insulin Therapy,No,Recovered
T13882,A13882,Knee Replacement,Yes,Recovered
T13883,A13883,Immunotherapy,No,Recovered
T13884,A13884,Physiotherapy,No,Improved
T13885,A13885,Nebulization,No,Recovered
T13886,A13886,Skin Biopsy,No,Deceased
T13887,A13887,Critical Monitoring,No,Improved
T13888,A13888,Trauma Care,No,Recovered
T13889,A13889,Bypass Surgery,Yes,Recovered
T13890,A13890,CPR,No,Recovered
T13891,A13891,Radiation Therapy,No,Recovered
T13892,A13892,Dialysis,No,Improved
T13893,A13893,Antibiotic Therapy,No,Recovered
T13894,A13894,Skin Biopsy,No,Recovered
T13895,A13895,Radiation Therapy,No,Recovered
T13896,A13896,ECG,No,Improved
T13897,A13897,Radiation Therapy,No,Recovered
T13898,A13898,Nebulization,No,Recovered
T13899,A13899,Ventilator Support,No,Recovered
T13900,A13900,Chemotherapy,No,Improved
T13901,A13901,Sinus Surgery,Yes,Recovered
T13902,A13902,Fracture Fixation,Yes,Recovered
T13903,A13903,IV Fluids,No,Recovered
T13904,A13904,Radiation Therapy,No,Recovered
T13905,A13905,Insulin Therapy,No,Recovered
T13906,A13906,Nebulization,No,Recovered
T13907,A13907,Wound Suturing,Yes,Referred
T13908,A13908,Dialysis,No,Recovered
T13909,A13909,Radiation Therapy,No,Recovered
T13910,A13910,Radiation Therapy,No,Recovered
T13911,A13911,IV Fluids,No,Recovered
T13912,A13912,Insulin Therapy,No,Recovered
T13913,A13913,EEG,No,Recovered
T13914,A13914,IV Fluids,No,Improved
T13915,A13915,Chemotherapy,No,Recovered
T13916,A13916,Bypass Surgery,Yes,Recovered
T13917,A13917,Trauma Care,No,Referred
T13918,A13918,Bypass Surgery,Yes,Recovered
T13919,A13919,Antibiotic Therapy,No,Recovered
T13920,A13920,Radiation Therapy,No,Recovered
T13921,A13921,Dialysis,No,Improved
T13922,A13922,MRI Brain,No,Improved
T13923,A13923,Insulin Therapy,No,Improved
T13924,A13924,Chemotherapy,No,Improved
T13925,A13925,Wound Suturing,Yes,Improved
T13926,A13926,MRI Brain,No,Recovered
T13927,A13927,Vaccination,No,Improved
T13928,A13928,IV Fluids,No,Recovered
T13929,A13929,Sinus Surgery,Yes,Recovered
T13930,A13930,Ear Surgery,Yes,Recovered
T13931,A13931,Sinus Surgery,Yes,Improved
T13932,A13932,Trauma Care,No,Recovered
T13933,A13933,Skin Biopsy,No,Recovered
T13934,A13934,Antibiotic Therapy,No,Recovered
T13935,A13935,Insulin Therapy,No,Recovered
T13936,A13936,Insulin Therapy,No,Recovered
T13937,A13937,Sinus Surgery,Yes,Recovered
T13938,A13938,CPR,No,Referred
T13939,A13939,Antibiotic Therapy,No,Recovered
T13940,A13940,Antibiotic Therapy,No,Recovered
T13941,A13941,Sinus Surgery,Yes,Deceased
T13942,A13942,Cryotherapy,No,Recovered
T13943,A13943,Trauma Care,No,Recovered
T13944,A13944,Antibiotic Therapy,No,Recovered
T13945,A13945,EEG,No,Recovered
T13946,A13946,ECG,No,Recovered
T13947,A13947,IV Fluids,No,Recovered
T13948,A13948,MRI Brain,No,Recovered
T13949,A13949,Wound Suturing,Yes,Recovered
T13950,A13950,Ventilator Support,No,Improved
T13951,A13951,Insulin Therapy,No,Recovered
T13952,A13952,Bypass Surgery,Yes,Improved
T13953,A13953,Physiotherapy,No,Recovered
T13954,A13954,Antibiotic Therapy,No,Recovered
T13955,A13955,Wound Suturing,Yes,Recovered
T13956,A13956,Critical Monitoring,No,Referred
T13957,A13957,Knee Replacement,Yes,Recovered
T13958,A13958,IV Fluids,No,Recovered
T13959,A13959,Nebulization,No,Recovered
T13960,A13960,Antibiotic Therapy,No,Recovered
T13961,A13961,Skin Biopsy,No,Improved
T13962,A13962,Physiotherapy,No,Recovered
T13963,A13963,Ventilator Support,No,Recovered
T13964,A13964,ECG,No,Improved
T13965,A13965,Chemotherapy,No,Recovered
T13966,A13966,Skin Biopsy,No,Improved
T13967,A13967,Antibiotic Therapy,No,Recovered
T13968,A13968,Laser Therapy,No,Recovered
T13969,A13969,Knee Replacement,Yes,Recovered
T13970,A13970,Sinus Surgery,Yes,Improved
T13971,A13971,Immunotherapy,No,Recovered
T13972,A13972,Trauma Care,No,Recovered
T13973,A13973,IV Fluids,No,Recovered
T13974,A13974,Stroke Therapy,No,Recovered
T13975,A13975,Physiotherapy,No,Recovered
T13976,A13976,EEG,No,Recovered
T13977,A13977,Radiation Therapy,No,Recovered
T13978,A13978,Immunotherapy,No,Recovered
T13979,A13979,CPR,No,Recovered
T13980,A13980,Trauma Care,No,Improved
T13981,A13981,IV Fluids,No,Recovered
T13982,A13982,Endoscopy,No,Referred
T13983,A13983,IV Fluids,No,Improved
T13984,A13984,Critical Monitoring,No,Recovered
T13985,A13985,EEG,No,Deceased
T13986,A13986,Nebulization,No,Recovered
T13987,A13987,IV Fluids,No,Improved
T13988,A13988,Ventilator Support,No,Improved
T13989,A13989,Fracture Fixation,Yes,Recovered
T13990,A13990,Angioplasty,Yes,Improved
T13991,A13991,MRI Brain,No,Referred
T13992,A13992,Fracture Fixation,Yes,Recovered
T13993,A13993,Immunotherapy,No,Referred
T13994,A13994,Ear Surgery,Yes,Recovered
T13995,A13995,Knee Replacement,Yes,Recovered
T13996,A13996,MRI Brain,No,Recovered
T13997,A13997,Critical Monitoring,No,Improved
T13998,A13998,Immunotherapy,No,Recovered
T13999,A13999,Endoscopy,No,Improved
T14000,A14000,Chemotherapy,No,Referred
T14001,A14001,Cryotherapy,No,Recovered
T14002,A14002,Antibiotic Therapy,No,Improved
T14003,A14003,Cryotherapy,No,Recovered
T14004,A14004,Laser Therapy,No,Recovered
T14005,A14005,Skin Biopsy,No,Recovered
T14006,A14006,IV Fluids,No,Recovered
T14007,A14007,Nebulization,No,Recovered
T14008,A14008,CPR,No,Recovered
T14009,A14009,Bypass Surgery,Yes,Recovered
T14010,A14010,Knee Replacement,Yes,Recovered
T14011,A14011,EEG,No,Recovered
T14012,A14012,Angioplasty,Yes,Recovered
T14013,A14013,MRI Brain,No,Recovered
T14014,A14014,Angioplasty,Yes,Recovered
T14015,A14015,Endoscopy,No,Recovered
T14016,A14016,Chemotherapy,No,Recovered
T14017,A14017,Trauma Care,No,Recovered
T14018,A14018,Sinus Surgery,Yes,Recovered
T14019,A14019,Nebulization,No,Recovered
T14020,A14020,Wound Suturing,Yes,Recovered
T14021,A14021,Dialysis,No,Recovered
T14022,A14022,MRI Brain,No,Recovered
T14023,A14023,CPR,No,Recovered
T14024,A14024,Wound Suturing,Yes,Improved
T14025,A14025,Immunotherapy,No,Recovered
T14026,A14026,Immunotherapy,No,Recovered
T14027,A14027,Physiotherapy,No,Recovered
T14028,A14028,Vaccination,No,Recovered
T14029,A14029,Ventilator Support,No,Recovered
T14030,A14030,Ventilator Support,No,Recovered
T14031,A14031,Stroke Therapy,No,Recovered
T14032,A14032,Critical Monitoring,No,Deceased
T14033,A14033,Vaccination,No,Recovered
T14034,A14034,CPR,No,Recovered
T14035,A14035,Radiation Therapy,No,Recovered
T14036,A14036,Antibiotic Therapy,No,Improved
T14037,A14037,CPR,No,Recovered
T14038,A14038,Ventilator Support,No,Recovered
T14039,A14039,Insulin Therapy,No,Recovered
T14040,A14040,Vaccination,No,Improved
T14041,A14041,Skin Biopsy,No,Recovered
T14042,A14042,Cryotherapy,No,Recovered
T14043,A14043,Ventilator Support,No,Recovered
T14044,A14044,EEG,No,Recovered
T14045,A14045,EEG,No,Recovered
T14046,A14046,Angioplasty,Yes,Recovered
T14047,A14047,Ear Surgery,Yes,Recovered
T14048,A14048,Trauma Care,No,Recovered
T14049,A14049,Chemotherapy,No,Deceased
T14050,A14050,CPR,No,Recovered
T14051,A14051,Immunotherapy,No,Recovered
T14052,A14052,MRI Brain,No,Recovered
T14053,A14053,Bypass Surgery,Yes,Recovered
T14054,A14054,Radiation Therapy,No,Referred
T14055,A14055,Antibiotic Therapy,No,Recovered
T14056,A14056,Physiotherapy,No,Recovered
T14057,A14057,Endoscopy,No,Recovered
T14058,A14058,Nebulization,No,Referred
T14059,A14059,IV Fluids,No,Recovered
T14060,A14060,Cryotherapy,No,Improved
T14061,A14061,Ventilator Support,No,Improved
T14062,A14062,Insulin Therapy,No,Recovered
T14063,A14063,Immunotherapy,No,Recovered
T14064,A14064,Vaccination,No,Referred
T14065,A14065,IV Fluids,No,Recovered
T14066,A14066,Wound Suturing,Yes,Recovered
T14067,A14067,IV Fluids,No,Improved
T14068,A14068,ECG,No,Recovered
T14069,A14069,MRI Brain,No,Recovered
T14070,A14070,Bypass Surgery,Yes,Improved
T14071,A14071,Chemotherapy,No,Recovered
T14072,A14072,IV Fluids,No,Recovered
T14073,A14073,Stroke Therapy,No,Recovered
T14074,A14074,Trauma Care,No,Recovered
T14075,A14075,IV Fluids,No,Recovered
T14076,A14076,Skin Biopsy,No,Referred
T14077,A14077,Skin Biopsy,No,Recovered
T14078,A14078,Endoscopy,No,Referred
T14079,A14079,Insulin Therapy,No,Improved
T14080,A14080,ECG,No,Recovered
T14081,A14081,ECG,No,Recovered
T14082,A14082,Physiotherapy,No,Improved
T14083,A14083,Dialysis,No,Improved
T14084,A14084,IV Fluids,No,Recovered
T14085,A14085,EEG,No,Referred
T14086,A14086,Chemotherapy,No,Recovered
T14087,A14087,CPR,No,Recovered
T14088,A14088,IV Fluids,No,Recovered
T14089,A14089,CPR,No,Recovered
T14090,A14090,Immunotherapy,No,Referred
T14091,A14091,Trauma Care,No,Recovered
T14092,A14092,CPR,No,Recovered
T14093,A14093,Knee Replacement,Yes,Referred
T14094,A14094,Ventilator Support,No,Recovered
T14095,A14095,Vaccination,No,Improved
T14096,A14096,Knee Replacement,Yes,Recovered
T14097,A14097,Angioplasty,Yes,Recovered
T14098,A14098,Dialysis,No,Recovered
T14099,A14099,EEG,No,Referred
T14100,A14100,Knee Replacement,Yes,Improved
T14101,A14101,Sinus Surgery,Yes,Improved
T14102,A14102,EEG,No,Recovered
T14103,A14103,Wound Suturing,Yes,Recovered
T14104,A14104,Endoscopy,No,Improved
T14105,A14105,Endoscopy,No,Referred
T14106,A14106,Ventilator Support,No,Recovered
T14107,A14107,CPR,No,Recovered
T14108,A14108,Chemotherapy,No,Recovered
T14109,A14109,Physiotherapy,No,Recovered
T14110,A14110,Sinus Surgery,Yes,Improved
T14111,A14111,IV Fluids,No,Improved
T14112,A14112,Nebulization,No,Recovered
T14113,A14113,IV Fluids,No,Recovered
T14114,A14114,EEG,No,Recovered
T14115,A14115,Skin Biopsy,No,Recovered
T14116,A14116,Stroke Therapy,No,Recovered
T14117,A14117,Physiotherapy,No,Improved
T14118,A14118,Vaccination,No,Recovered
T14119,A14119,Nebulization,No,Referred
T14120,A14120,Antibiotic Therapy,No,Recovered
T14121,A14121,IV Fluids,No,Recovered
T14122,A14122,Laser Therapy,No,Recovered
T14123,A14123,Cryotherapy,No,Recovered
T14124,A14124,Vaccination,No,Recovered
T14125,A14125,Stroke Therapy,No,Recovered
T14126,A14126,Antibiotic Therapy,No,Improved
T14127,A14127,Laser Therapy,No,Recovered
T14128,A14128,Cryotherapy,No,Recovered
T14129,A14129,Critical Monitoring,No,Recovered
T14130,A14130,Skin Biopsy,No,Improved
T14131,A14131,Stroke Therapy,No,Recovered
T14132,A14132,Critical Monitoring,No,Recovered
T14133,A14133,Insulin Therapy,No,Referred
T14134,A14134,Laser Therapy,No,Recovered
T14135,A14135,EEG,No,Recovered
T14136,A14136,MRI Brain,No,Recovered
T14137,A14137,Vaccination,No,Recovered
T14138,A14138,Fracture Fixation,Yes,Recovered
T14139,A14139,Ventilator Support,No,Recovered
T14140,A14140,Physiotherapy,No,Recovered
T14141,A14141,Vaccination,No,Recovered
T14142,A14142,Dialysis,No,Referred
T14143,A14143,EEG,No,Recovered
T14144,A14144,Cryotherapy,No,Referred
T14145,A14145,Skin Biopsy,No,Recovered
T14146,A14146,IV Fluids,No,Recovered
T14147,A14147,Critical Monitoring,No,Recovered
T14148,A14148,Dialysis,No,Improved
T14149,A14149,Physiotherapy,No,Recovered
T14150,A14150,Stroke Therapy,No,Recovered
T14151,A14151,Wound Suturing,Yes,Recovered
T14152,A14152,Sinus Surgery,Yes,Recovered
T14153,A14153,CPR,No,Recovered
T14154,A14154,Stroke Therapy,No,Deceased
T14155,A14155,Stroke Therapy,No,Improved
T14156,A14156,Endoscopy,No,Improved
T14157,A14157,Trauma Care,No,Recovered
T14158,A14158,MRI Brain,No,Recovered
T14159,A14159,Wound Suturing,Yes,Recovered
T14160,A14160,Immunotherapy,No,Recovered
T14161,A14161,Dialysis,No,Recovered
T14162,A14162,Antibiotic Therapy,No,Recovered
T14163,A14163,Stroke Therapy,No,Recovered
T14164,A14164,Radiation Therapy,No,Improved
T14165,A14165,Physiotherapy,No,Referred
T14166,A14166,Cryotherapy,No,Recovered
T14167,A14167,Fracture Fixation,Yes,Recovered
T14168,A14168,Ventilator Support,No,Improved
T14169,A14169,IV Fluids,No,Improved
T14170,A14170,EEG,No,Recovered
T14171,A14171,Vaccination,No,Recovered
T14172,A14172,Immunotherapy,No,Recovered
T14173,A14173,IV Fluids,No,Recovered
T14174,A14174,Nebulization,No,Improved
T14175,A14175,Wound Suturing,Yes,Recovered
T14176,A14176,Trauma Care,No,Recovered
T14177,A14177,Dialysis,No,Recovered
T14178,A14178,Skin Biopsy,No,Recovered
T14179,A14179,Chemotherapy,No,Recovered
T14180,A14180,Immunotherapy,No,Recovered
T14181,A14181,Ear Surgery,Yes,Improved
T14182,A14182,Physiotherapy,No,Improved
T14183,A14183,Insulin Therapy,No,Recovered
T14184,A14184,Laser Therapy,No,Improved
T14185,A14185,Trauma Care,No,Recovered
T14186,A14186,CPR,No,Improved
T14187,A14187,Skin Biopsy,No,Improved
T14188,A14188,Vaccination,No,Referred
T14189,A14189,Vaccination,No,Improved
T14190,A14190,Immunotherapy,No,Recovered
T14191,A14191,CPR,No,Recovered
T14192,A14192,MRI Brain,No,Recovered
T14193,A14193,Physiotherapy,No,Recovered
T14194,A14194,Chemotherapy,No,Improved
T14195,A14195,IV Fluids,No,Improved
T14196,A14196,Critical Monitoring,No,Referred
T14197,A14197,Chemotherapy,No,Recovered
T14198,A14198,Vaccination,No,Recovered
T14199,A14199,Dialysis,No,Recovered
T14200,A14200,Immunotherapy,No,Improved
T14201,A14201,EEG,No,Improved
T14202,A14202,Cryotherapy,No,Recovered
T14203,A14203,Antibiotic Therapy,No,Improved
T14204,A14204,Ventilator Support,No,Referred
T14205,A14205,Immunotherapy,No,Recovered
T14206,A14206,Angioplasty,Yes,Recovered
T14207,A14207,Vaccination,No,Recovered
T14208,A14208,Dialysis,No,Recovered
T14209,A14209,CPR,No,Referred
T14210,A14210,Chemotherapy,No,Recovered
T14211,A14211,MRI Brain,No,Recovered
T14212,A14212,Ear Surgery,Yes,Recovered
T14213,A14213,IV Fluids,No,Recovered
T14214,A14214,Sinus Surgery,Yes,Improved
T14215,A14215,Critical Monitoring,No,Recovered
T14216,A14216,Nebulization,No,Improved
T14217,A14217,Wound Suturing,Yes,Improved
T14218,A14218,Chemotherapy,No,Improved
T14219,A14219,CPR,No,Recovered
T14220,A14220,Ear Surgery,Yes,Recovered
T14221,A14221,IV Fluids,No,Recovered
T14222,A14222,Trauma Care,No,Recovered
T14223,A14223,Cryotherapy,No,Recovered
T14224,A14224,Endoscopy,No,Recovered
T14225,A14225,MRI Brain,No,Recovered
T14226,A14226,Antibiotic Therapy,No,Recovered
T14227,A14227,Trauma Care,No,Recovered
T14228,A14228,Immunotherapy,No,Deceased
T14229,A14229,Physiotherapy,No,Recovered
T14230,A14230,Physiotherapy,No,Recovered
T14231,A14231,Ear Surgery,Yes,Recovered
T14232,A14232,Stroke Therapy,No,Improved
T14233,A14233,Dialysis,No,Recovered
T14234,A14234,Critical Monitoring,No,Recovered
T14235,A14235,Laser Therapy,No,Recovered
T14236,A14236,Critical Monitoring,No,Improved
T14237,A14237,Physiotherapy,No,Recovered
T14238,A14238,Nebulization,No,Improved
T14239,A14239,Vaccination,No,Recovered
T14240,A14240,Antibiotic Therapy,No,Improved
T14241,A14241,Fracture Fixation,Yes,Recovered
T14242,A14242,ECG,No,Recovered
T14243,A14243,Antibiotic Therapy,No,Referred
T14244,A14244,Immunotherapy,No,Recovered
T14245,A14245,Insulin Therapy,No,Improved
T14246,A14246,Sinus Surgery,Yes,Improved
T14247,A14247,Physiotherapy,No,Recovered
T14248,A14248,Dialysis,No,Recovered
T14249,A14249,MRI Brain,No,Recovered
T14250,A14250,Angioplasty,Yes,Recovered
T14251,A14251,Immunotherapy,No,Improved
T14252,A14252,EEG,No,Recovered
T14253,A14253,EEG,No,Recovered
T14254,A14254,Knee Replacement,Yes,Recovered
T14255,A14255,Ventilator Support,No,Referred
T14256,A14256,Nebulization,No,Recovered
T14257,A14257,Immunotherapy,No,Referred
T14258,A14258,CPR,No,Recovered
T14259,A14259,Endoscopy,No,Recovered
T14260,A14260,Cryotherapy,No,Recovered
T14261,A14261,Sinus Surgery,Yes,Recovered
T14262,A14262,Trauma Care,No,Improved
T14263,A14263,CPR,No,Recovered
T14264,A14264,MRI Brain,No,Recovered
T14265,A14265,Physiotherapy,No,Recovered
T14266,A14266,Sinus Surgery,Yes,Recovered
T14267,A14267,Radiation Therapy,No,Deceased
T14268,A14268,Nebulization,No,Recovered
T14269,A14269,Fracture Fixation,Yes,Recovered
T14270,A14270,Ear Surgery,Yes,Referred
T14271,A14271,IV Fluids,No,Referred
T14272,A14272,EEG,No,Recovered
T14273,A14273,Ventilator Support,No,Referred
T14274,A14274,CPR,No,Referred
T14275,A14275,Laser Therapy,No,Recovered
T14276,A14276,Knee Replacement,Yes,Recovered
T14277,A14277,Angioplasty,Yes,Recovered
T14278,A14278,Physiotherapy,No,Recovered
T14279,A14279,Bypass Surgery,Yes,Recovered
T14280,A14280,Vaccination,No,Recovered
T14281,A14281,Angioplasty,Yes,Improved
T14282,A14282,Radiation Therapy,No,Improved
T14283,A14283,CPR,No,Recovered
T14284,A14284,Trauma Care,No,Recovered
T14285,A14285,Wound Suturing,Yes,Recovered
T14286,A14286,Chemotherapy,No,Recovered
T14287,A14287,Antibiotic Therapy,No,Recovered
T14288,A14288,MRI Brain,No,Recovered
T14289,A14289,Endoscopy,No,Recovered
T14290,A14290,Knee Replacement,Yes,Recovered
T14291,A14291,Bypass Surgery,Yes,Recovered
T14292,A14292,Stroke Therapy,No,Recovered
T14293,A14293,Knee Replacement,Yes,Recovered
T14294,A14294,Sinus Surgery,Yes,Deceased
T14295,A14295,Endoscopy,No,Recovered
T14296,A14296,MRI Brain,No,Improved
T14297,A14297,EEG,No,Recovered
T14298,A14298,Chemotherapy,No,Recovered
T14299,A14299,Trauma Care,No,Recovered
T14300,A14300,Ear Surgery,Yes,Recovered
T14301,A14301,CPR,No,Recovered
T14302,A14302,Physiotherapy,No,Recovered
T14303,A14303,Radiation Therapy,No,Recovered
T14304,A14304,Vaccination,No,Recovered
T14305,A14305,EEG,No,Recovered
T14306,A14306,Vaccination,No,Deceased
T14307,A14307,Chemotherapy,No,Recovered
T14308,A14308,ECG,No,Recovered
T14309,A14309,Chemotherapy,No,Improved
T14310,A14310,IV Fluids,No,Recovered
T14311,A14311,Sinus Surgery,Yes,Recovered
T14312,A14312,MRI Brain,No,Recovered
T14313,A14313,Knee Replacement,Yes,Recovered
T14314,A14314,ECG,No,Referred
T14315,A14315,Stroke Therapy,No,Improved
T14316,A14316,IV Fluids,No,Recovered
T14317,A14317,Radiation Therapy,No,Recovered
T14318,A14318,Antibiotic Therapy,No,Improved
T14319,A14319,Dialysis,No,Recovered
T14320,A14320,Nebulization,No,Referred
T14321,A14321,CPR,No,Recovered
T14322,A14322,Chemotherapy,No,Recovered
T14323,A14323,IV Fluids,No,Recovered
T14324,A14324,Physiotherapy,No,Recovered
T14325,A14325,CPR,No,Improved
T14326,A14326,IV Fluids,No,Recovered
T14327,A14327,Antibiotic Therapy,No,Referred
T14328,A14328,Angioplasty,Yes,Referred
T14329,A14329,Critical Monitoring,No,Improved
T14330,A14330,Stroke Therapy,No,Recovered
T14331,A14331,Immunotherapy,No,Recovered
T14332,A14332,Wound Suturing,Yes,Improved
T14333,A14333,Radiation Therapy,No,Recovered
T14334,A14334,Angioplasty,Yes,Referred
T14335,A14335,Trauma Care,No,Recovered
T14336,A14336,CPR,No,Recovered
T14337,A14337,Stroke Therapy,No,Recovered
T14338,A14338,Antibiotic Therapy,No,Deceased
T14339,A14339,Antibiotic Therapy,No,Improved
T14340,A14340,Wound Suturing,Yes,Referred
T14341,A14341,Critical Monitoring,No,Recovered
T14342,A14342,Critical Monitoring,No,Improved
T14343,A14343,EEG,No,Recovered
T14344,A14344,Stroke Therapy,No,Recovered
T14345,A14345,Trauma Care,No,Recovered
T14346,A14346,Radiation Therapy,No,Recovered
T14347,A14347,Radiation Therapy,No,Recovered
T14348,A14348,IV Fluids,No,Improved
T14349,A14349,Trauma Care,No,Recovered
T14350,A14350,Dialysis,No,Improved
T14351,A14351,CPR,No,Recovered
T14352,A14352,MRI Brain,No,Recovered
T14353,A14353,Antibiotic Therapy,No,Improved
T14354,A14354,Laser Therapy,No,Recovered
T14355,A14355,Angioplasty,Yes,Recovered
T14356,A14356,Critical Monitoring,No,Referred
T14357,A14357,Radiation Therapy,No,Recovered
T14358,A14358,Endoscopy,No,Recovered
T14359,A14359,Immunotherapy,No,Recovered
T14360,A14360,Bypass Surgery,Yes,Improved
T14361,A14361,Stroke Therapy,No,Recovered
T14362,A14362,Critical Monitoring,No,Recovered
T14363,A14363,Bypass Surgery,Yes,Recovered
T14364,A14364,Endoscopy,No,Recovered
T14365,A14365,Skin Biopsy,No,Improved
T14366,A14366,Nebulization,No,Recovered
T14367,A14367,ECG,No,Recovered
T14368,A14368,EEG,No,Recovered
T14369,A14369,Skin Biopsy,No,Recovered
T14370,A14370,Dialysis,No,Recovered
T14371,A14371,EEG,No,Improved
T14372,A14372,Fracture Fixation,Yes,Recovered
T14373,A14373,Dialysis,No,Recovered
T14374,A14374,Cryotherapy,No,Improved
T14375,A14375,Immunotherapy,No,Recovered
T14376,A14376,Radiation Therapy,No,Recovered
T14377,A14377,Physiotherapy,No,Recovered
T14378,A14378,Insulin Therapy,No,Improved
T14379,A14379,IV Fluids,No,Recovered
T14380,A14380,EEG,No,Improved
T14381,A14381,Dialysis,No,Recovered
T14382,A14382,Critical Monitoring,No,Recovered
T14383,A14383,Cryotherapy,No,Referred
T14384,A14384,Ear Surgery,Yes,Recovered
T14385,A14385,Radiation Therapy,No,Recovered
T14386,A14386,Laser Therapy,No,Recovered
T14387,A14387,Ear Surgery,Yes,Recovered
T14388,A14388,Physiotherapy,No,Recovered
T14389,A14389,ECG,No,Recovered
T14390,A14390,Dialysis,No,Recovered
T14391,A14391,Chemotherapy,No,Referred
T14392,A14392,Trauma Care,No,Recovered
T14393,A14393,Knee Replacement,Yes,Recovered
T14394,A14394,Trauma Care,No,Recovered
T14395,A14395,Wound Suturing,Yes,Recovered
T14396,A14396,Endoscopy,No,Recovered
T14397,A14397,EEG,No,Recovered
T14398,A14398,Chemotherapy,No,Improved
T14399,A14399,Critical Monitoring,No,Improved
T14400,A14400,Wound Suturing,Yes,Recovered
T14401,A14401,Immunotherapy,No,Improved
T14402,A14402,Ventilator Support,No,Recovered
T14403,A14403,Fracture Fixation,Yes,Recovered
T14404,A14404,Endoscopy,No,Recovered
T14405,A14405,Insulin Therapy,No,Recovered
T14406,A14406,ECG,No,Improved
T14407,A14407,Laser Therapy,No,Recovered
T14408,A14408,Radiation Therapy,No,Improved
T14409,A14409,Knee Replacement,Yes,Referred
T14410,A14410,CPR,No,Recovered
T14411,A14411,Cryotherapy,No,Recovered
T14412,A14412,Nebulization,No,Recovered
T14413,A14413,Antibiotic Therapy,No,Recovered
T14414,A14414,EEG,No,Recovered
T14415,A14415,Sinus Surgery,Yes,Recovered
T14416,A14416,MRI Brain,No,Recovered
T14417,A14417,Knee Replacement,Yes,Deceased
T14418,A14418,IV Fluids,No,Improved
T14419,A14419,Immunotherapy,No,Recovered
T14420,A14420,Ear Surgery,Yes,Recovered
T14421,A14421,Fracture Fixation,Yes,Recovered
T14422,A14422,IV Fluids,No,Recovered
T14423,A14423,Sinus Surgery,Yes,Recovered
T14424,A14424,CPR,No,Recovered
T14425,A14425,Radiation Therapy,No,Recovered
T14426,A14426,Sinus Surgery,Yes,Recovered
T14427,A14427,Vaccination,No,Recovered
T14428,A14428,Vaccination,No,Recovered
T14429,A14429,Ear Surgery,Yes,Recovered
T14430,A14430,Angioplasty,Yes,Recovered
T14431,A14431,ECG,No,Improved
T14432,A14432,Antibiotic Therapy,No,Recovered
T14433,A14433,Knee Replacement,Yes,Recovered
T14434,A14434,IV Fluids,No,Improved
T14435,A14435,CPR,No,Recovered
T14436,A14436,Angioplasty,Yes,Recovered
T14437,A14437,ECG,No,Recovered
T14438,A14438,Wound Suturing,Yes,Recovered
T14439,A14439,Laser Therapy,No,Recovered
T14440,A14440,IV Fluids,No,Deceased
T14441,A14441,CPR,No,Recovered
T14442,A14442,ECG,No,Recovered
T14443,A14443,CPR,No,Referred
T14444,A14444,Knee Replacement,Yes,Recovered
T14445,A14445,Vaccination,No,Recovered
T14446,A14446,Angioplasty,Yes,Recovered
T14447,A14447,Chemotherapy,No,Referred
T14448,A14448,CPR,No,Recovered
T14449,A14449,MRI Brain,No,Recovered
T14450,A14450,Radiation Therapy,No,Referred
T14451,A14451,Angioplasty,Yes,Recovered
T14452,A14452,Antibiotic Therapy,No,Recovered
T14453,A14453,Immunotherapy,No,Improved
T14454,A14454,CPR,No,Recovered
T14455,A14455,Ear Surgery,Yes,Referred
T14456,A14456,EEG,No,Improved
T14457,A14457,Wound Suturing,Yes,Recovered
T14458,A14458,Fracture Fixation,Yes,Referred
T14459,A14459,Vaccination,No,Recovered
T14460,A14460,Fracture Fixation,Yes,Improved
T14461,A14461,Cryotherapy,No,Referred
T14462,A14462,EEG,No,Referred
T14463,A14463,Wound Suturing,Yes,Recovered
T14464,A14464,Vaccination,No,Recovered
T14465,A14465,Physiotherapy,No,Recovered
T14466,A14466,Trauma Care,No,Recovered
T14467,A14467,Insulin Therapy,No,Recovered
T14468,A14468,Nebulization,No,Recovered
T14469,A14469,Physiotherapy,No,Recovered
T14470,A14470,Fracture Fixation,Yes,Improved
T14471,A14471,ECG,No,Recovered
T14472,A14472,Nebulization,No,Recovered
T14473,A14473,IV Fluids,No,Improved
T14474,A14474,Sinus Surgery,Yes,Recovered
T14475,A14475,Vaccination,No,Recovered
T14476,A14476,Fracture Fixation,Yes,Recovered
T14477,A14477,Nebulization,No,Recovered
T14478,A14478,Ventilator Support,No,Improved
T14479,A14479,Immunotherapy,No,Recovered
T14480,A14480,Ventilator Support,No,Recovered
T14481,A14481,Bypass Surgery,Yes,Recovered
T14482,A14482,IV Fluids,No,Recovered
T14483,A14483,Bypass Surgery,Yes,Recovered
T14484,A14484,Insulin Therapy,No,Improved
T14485,A14485,Cryotherapy,No,Recovered
T14486,A14486,Ear Surgery,Yes,Recovered
T14487,A14487,Physiotherapy,No,Recovered
T14488,A14488,MRI Brain,No,Recovered
T14489,A14489,ECG,No,Recovered
T14490,A14490,Wound Suturing,Yes,Recovered
T14491,A14491,Endoscopy,No,Recovered
T14492,A14492,EEG,No,Referred
T14493,A14493,CPR,No,Recovered
T14494,A14494,Stroke Therapy,No,Improved
T14495,A14495,Nebulization,No,Recovered
T14496,A14496,Skin Biopsy,No,Recovered
T14497,A14497,Stroke Therapy,No,Recovered
T14498,A14498,EEG,No,Recovered
T14499,A14499,Insulin Therapy,No,Improved
T14500,A14500,Wound Suturing,Yes,Recovered
T14501,A14501,CPR,No,Recovered
T14502,A14502,Fracture Fixation,Yes,Recovered
T14503,A14503,Ear Surgery,Yes,Recovered
T14504,A14504,Ear Surgery,Yes,Improved
T14505,A14505,Laser Therapy,No,Recovered
T14506,A14506,Knee Replacement,Yes,Recovered
T14507,A14507,Sinus Surgery,Yes,Recovered
T14508,A14508,Insulin Therapy,No,Recovered
T14509,A14509,Physiotherapy,No,Recovered
T14510,A14510,Dialysis,No,Recovered
T14511,A14511,Laser Therapy,No,Recovered
T14512,A14512,Stroke Therapy,No,Improved
T14513,A14513,Critical Monitoring,No,Recovered
T14514,A14514,Immunotherapy,No,Recovered
T14515,A14515,Skin Biopsy,No,Recovered
T14516,A14516,Radiation Therapy,No,Recovered
T14517,A14517,Vaccination,No,Improved
T14518,A14518,Fracture Fixation,Yes,Recovered
T14519,A14519,Bypass Surgery,Yes,Recovered
T14520,A14520,Cryotherapy,No,Recovered
T14521,A14521,Sinus Surgery,Yes,Recovered
T14522,A14522,Vaccination,No,Improved
T14523,A14523,Bypass Surgery,Yes,Referred
T14524,A14524,Critical Monitoring,No,Recovered
T14525,A14525,ECG,No,Recovered
T14526,A14526,IV Fluids,No,Recovered
T14527,A14527,Knee Replacement,Yes,Improved
T14528,A14528,Ventilator Support,No,Recovered
T14529,A14529,Ear Surgery,Yes,Recovered
T14530,A14530,IV Fluids,No,Improved
T14531,A14531,ECG,No,Recovered
T14532,A14532,IV Fluids,No,Recovered
T14533,A14533,Cryotherapy,No,Recovered
T14534,A14534,Critical Monitoring,No,Recovered
T14535,A14535,EEG,No,Improved
T14536,A14536,Ventilator Support,No,Improved
T14537,A14537,CPR,No,Recovered
T14538,A14538,Chemotherapy,No,Recovered
T14539,A14539,Vaccination,No,Improved
T14540,A14540,Critical Monitoring,No,Recovered
T14541,A14541,Trauma Care,No,Recovered
T14542,A14542,Sinus Surgery,Yes,Recovered
T14543,A14543,Ear Surgery,Yes,Recovered
T14544,A14544,Vaccination,No,Recovered
T14545,A14545,Angioplasty,Yes,Recovered
T14546,A14546,MRI Brain,No,Recovered
T14547,A14547,Immunotherapy,No,Recovered
T14548,A14548,ECG,No,Recovered
T14549,A14549,ECG,No,Recovered
T14550,A14550,IV Fluids,No,Improved
T14551,A14551,EEG,No,Improved
T14552,A14552,Cryotherapy,No,Recovered
T14553,A14553,Fracture Fixation,Yes,Improved
T14554,A14554,IV Fluids,No,Recovered
T14555,A14555,Knee Replacement,Yes,Improved
T14556,A14556,Chemotherapy,No,Recovered
T14557,A14557,Critical Monitoring,No,Recovered
T14558,A14558,Ventilator Support,No,Recovered
T14559,A14559,Critical Monitoring,No,Recovered
T14560,A14560,Trauma Care,No,Improved
T14561,A14561,Endoscopy,No,Recovered
T14562,A14562,IV Fluids,No,Recovered
T14563,A14563,CPR,No,Recovered
T14564,A14564,IV Fluids,No,Recovered
T14565,A14565,Insulin Therapy,No,Recovered
T14566,A14566,Ventilator Support,No,Recovered
T14567,A14567,Trauma Care,No,Recovered
T14568,A14568,Physiotherapy,No,Recovered
T14569,A14569,Trauma Care,No,Referred
T14570,A14570,Fracture Fixation,Yes,Recovered
T14571,A14571,Nebulization,No,Recovered
T14572,A14572,Immunotherapy,No,Recovered
T14573,A14573,MRI Brain,No,Improved
T14574,A14574,IV Fluids,No,Recovered
T14575,A14575,Physiotherapy,No,Recovered
T14576,A14576,Vaccination,No,Recovered
T14577,A14577,ECG,No,Recovered
T14578,A14578,Ventilator Support,No,Improved
T14579,A14579,Physiotherapy,No,Improved
T14580,A14580,Endoscopy,No,Recovered
T14581,A14581,Endoscopy,No,Recovered
T14582,A14582,Dialysis,No,Referred
T14583,A14583,Sinus Surgery,Yes,Recovered
T14584,A14584,Skin Biopsy,No,Recovered
T14585,A14585,IV Fluids,No,Recovered
T14586,A14586,Skin Biopsy,No,Recovered
T14587,A14587,Angioplasty,Yes,Recovered
T14588,A14588,Ventilator Support,No,Recovered
T14589,A14589,Radiation Therapy,No,Improved
T14590,A14590,Trauma Care,No,Recovered
T14591,A14591,Critical Monitoring,No,Recovered
T14592,A14592,Stroke Therapy,No,Improved
T14593,A14593,Wound Suturing,Yes,Recovered
T14594,A14594,Sinus Surgery,Yes,Recovered
T14595,A14595,Chemotherapy,No,Improved
T14596,A14596,Radiation Therapy,No,Referred
T14597,A14597,Radiation Therapy,No,Recovered
T14598,A14598,Vaccination,No,Recovered
T14599,A14599,Stroke Therapy,No,Recovered
T14600,A14600,Skin Biopsy,No,Recovered
T14601,A14601,IV Fluids,No,Recovered
T14602,A14602,Wound Suturing,Yes,Improved
T14603,A14603,Ear Surgery,Yes,Recovered
T14604,A14604,MRI Brain,No,Recovered
T14605,A14605,CPR,No,Referred
T14606,A14606,Radiation Therapy,No,Recovered
T14607,A14607,Vaccination,No,Recovered
T14608,A14608,Nebulization,No,Improved
T14609,A14609,Ventilator Support,No,Recovered
T14610,A14610,Fracture Fixation,Yes,Improved
T14611,A14611,MRI Brain,No,Recovered
T14612,A14612,Bypass Surgery,Yes,Recovered
T14613,A14613,Dialysis,No,Recovered
T14614,A14614,Trauma Care,No,Recovered
T14615,A14615,Trauma Care,No,Recovered
T14616,A14616,Trauma Care,No,Recovered
T14617,A14617,IV Fluids,No,Recovered
T14618,A14618,Ear Surgery,Yes,Recovered
T14619,A14619,Cryotherapy,No,Improved
T14620,A14620,Vaccination,No,Improved
T14621,A14621,Radiation Therapy,No,Recovered
T14622,A14622,Fracture Fixation,Yes,Improved
T14623,A14623,IV Fluids,No,Recovered
T14624,A14624,CPR,No,Deceased
T14625,A14625,Nebulization,No,Recovered
T14626,A14626,Knee Replacement,Yes,Referred
T14627,A14627,Trauma Care,No,Recovered
T14628,A14628,CPR,No,Improved
T14629,A14629,MRI Brain,No,Recovered
T14630,A14630,Nebulization,No,Recovered
T14631,A14631,Radiation Therapy,No,Recovered
T14632,A14632,EEG,No,Recovered
T14633,A14633,Critical Monitoring,No,Recovered
T14634,A14634,Chemotherapy,No,Improved
T14635,A14635,Physiotherapy,No,Deceased
T14636,A14636,Cryotherapy,No,Referred
T14637,A14637,Immunotherapy,No,Deceased
T14638,A14638,Critical Monitoring,No,Recovered
T14639,A14639,Endoscopy,No,Recovered
T14640,A14640,MRI Brain,No,Recovered
T14641,A14641,Bypass Surgery,Yes,Recovered
T14642,A14642,Trauma Care,No,Recovered
T14643,A14643,Radiation Therapy,No,Recovered
T14644,A14644,IV Fluids,No,Referred
T14645,A14645,Ear Surgery,Yes,Recovered
T14646,A14646,Trauma Care,No,Recovered
T14647,A14647,MRI Brain,No,Recovered
T14648,A14648,Vaccination,No,Recovered
T14649,A14649,Insulin Therapy,No,Recovered
T14650,A14650,Vaccination,No,Recovered
T14651,A14651,Ear Surgery,Yes,Recovered
T14652,A14652,Cryotherapy,No,Improved
T14653,A14653,Wound Suturing,Yes,Recovered
T14654,A14654,Radiation Therapy,No,Recovered
T14655,A14655,Radiation Therapy,No,Recovered
T14656,A14656,Immunotherapy,No,Improved
T14657,A14657,EEG,No,Recovered
T14658,A14658,Nebulization,No,Improved
T14659,A14659,Sinus Surgery,Yes,Improved
T14660,A14660,CPR,No,Recovered
T14661,A14661,Immunotherapy,No,Recovered
T14662,A14662,Angioplasty,Yes,Recovered
T14663,A14663,MRI Brain,No,Recovered
T14664,A14664,Skin Biopsy,No,Recovered
T14665,A14665,EEG,No,Improved
T14666,A14666,Wound Suturing,Yes,Deceased
T14667,A14667,Laser Therapy,No,Recovered
T14668,A14668,Ear Surgery,Yes,Recovered
T14669,A14669,Bypass Surgery,Yes,Recovered
T14670,A14670,Chemotherapy,No,Recovered
T14671,A14671,Stroke Therapy,No,Recovered
T14672,A14672,Bypass Surgery,Yes,Improved
T14673,A14673,CPR,No,Recovered
T14674,A14674,Vaccination,No,Recovered
T14675,A14675,Nebulization,No,Recovered
T14676,A14676,Vaccination,No,Recovered
T14677,A14677,Wound Suturing,Yes,Deceased
T14678,A14678,Knee Replacement,Yes,Improved
T14679,A14679,IV Fluids,No,Improved
T14680,A14680,Endoscopy,No,Improved
T14681,A14681,Stroke Therapy,No,Recovered
T14682,A14682,CPR,No,Recovered
T14683,A14683,Wound Suturing,Yes,Recovered
T14684,A14684,Immunotherapy,No,Recovered
T14685,A14685,Insulin Therapy,No,Recovered
T14686,A14686,Chemotherapy,No,Recovered
T14687,A14687,Antibiotic Therapy,No,Improved
T14688,A14688,IV Fluids,No,Recovered
T14689,A14689,Critical Monitoring,No,Recovered
T14690,A14690,CPR,No,Deceased
T14691,A14691,Ventilator Support,No,Recovered
T14692,A14692,Ventilator Support,No,Improved
T14693,A14693,Immunotherapy,No,Improved
T14694,A14694,Wound Suturing,Yes,Recovered
T14695,A14695,Angioplasty,Yes,Recovered
T14696,A14696,Antibiotic Therapy,No,Recovered
T14697,A14697,Insulin Therapy,No,Recovered
T14698,A14698,Critical Monitoring,No,Recovered
T14699,A14699,Trauma Care,No,Improved
T14700,A14700,Chemotherapy,No,Recovered
T14701,A14701,Critical Monitoring,No,Improved
T14702,A14702,Dialysis,No,Recovered
T14703,A14703,Insulin Therapy,No,Improved
T14704,A14704,Insulin Therapy,No,Recovered
T14705,A14705,CPR,No,Improved
T14706,A14706,Trauma Care,No,Recovered
T14707,A14707,Insulin Therapy,No,Recovered
T14708,A14708,Physiotherapy,No,Recovered
T14709,A14709,CPR,No,Improved
T14710,A14710,CPR,No,Recovered
T14711,A14711,Physiotherapy,No,Recovered
T14712,A14712,Trauma Care,No,Recovered
T14713,A14713,IV Fluids,No,Recovered
T14714,A14714,Trauma Care,No,Recovered
T14715,A14715,Stroke Therapy,No,Deceased
T14716,A14716,MRI Brain,No,Recovered
T14717,A14717,Skin Biopsy,No,Recovered
T14718,A14718,Wound Suturing,Yes,Improved
T14719,A14719,Laser Therapy,No,Recovered
T14720,A14720,Radiation Therapy,No,Recovered
T14721,A14721,EEG,No,Improved
T14722,A14722,Vaccination,No,Recovered
T14723,A14723,Ear Surgery,Yes,Recovered
T14724,A14724,Stroke Therapy,No,Improved
T14725,A14725,Angioplasty,Yes,Improved
T14726,A14726,Fracture Fixation,Yes,Improved
T14727,A14727,Skin Biopsy,No,Improved
T14728,A14728,IV Fluids,No,Improved
T14729,A14729,Vaccination,No,Recovered
T14730,A14730,Laser Therapy,No,Recovered
T14731,A14731,Immunotherapy,No,Recovered
T14732,A14732,Wound Suturing,Yes,Recovered
T14733,A14733,Trauma Care,No,Improved
T14734,A14734,Cryotherapy,No,Recovered
T14735,A14735,Ventilator Support,No,Recovered
T14736,A14736,Stroke Therapy,No,Recovered
T14737,A14737,Trauma Care,No,Recovered
T14738,A14738,Trauma Care,No,Improved
T14739,A14739,Sinus Surgery,Yes,Recovered
T14740,A14740,Bypass Surgery,Yes,Recovered
T14741,A14741,Dialysis,No,Improved
T14742,A14742,Immunotherapy,No,Recovered
T14743,A14743,Endoscopy,No,Recovered
T14744,A14744,Cryotherapy,No,Recovered
T14745,A14745,CPR,No,Recovered
T14746,A14746,Ventilator Support,No,Recovered
T14747,A14747,Critical Monitoring,No,Recovered
T14748,A14748,IV Fluids,No,Recovered
T14749,A14749,Ear Surgery,Yes,Improved
T14750,A14750,Wound Suturing,Yes,Recovered
T14751,A14751,Skin Biopsy,No,Recovered
T14752,A14752,Chemotherapy,No,Recovered
T14753,A14753,Bypass Surgery,Yes,Recovered
T14754,A14754,Skin Biopsy,No,Recovered
T14755,A14755,CPR,No,Recovered
T14756,A14756,Laser Therapy,No,Recovered
T14757,A14757,Dialysis,No,Recovered
T14758,A14758,Chemotherapy,No,Recovered
T14759,A14759,Ventilator Support,No,Improved
T14760,A14760,Ventilator Support,No,Improved
T14761,A14761,Fracture Fixation,Yes,Recovered
T14762,A14762,IV Fluids,No,Recovered
T14763,A14763,Ear Surgery,Yes,Improved
T14764,A14764,Wound Suturing,Yes,Recovered
T14765,A14765,Physiotherapy,No,Recovered
T14766,A14766,Physiotherapy,No,Recovered
T14767,A14767,Insulin Therapy,No,Recovered
T14768,A14768,Insulin Therapy,No,Recovered
T14769,A14769,Skin Biopsy,No,Recovered
T14770,A14770,Stroke Therapy,No,Referred
T14771,A14771,Trauma Care,No,Improved
T14772,A14772,Fracture Fixation,Yes,Recovered
T14773,A14773,Sinus Surgery,Yes,Recovered
T14774,A14774,ECG,No,Recovered
T14775,A14775,CPR,No,Improved
T14776,A14776,Radiation Therapy,No,Recovered
T14777,A14777,Bypass Surgery,Yes,Recovered
T14778,A14778,Critical Monitoring,No,Recovered
T14779,A14779,Stroke Therapy,No,Recovered
T14780,A14780,Critical Monitoring,No,Recovered
T14781,A14781,Nebulization,No,Recovered
T14782,A14782,Ear Surgery,Yes,Recovered
T14783,A14783,Immunotherapy,No,Recovered
T14784,A14784,EEG,No,Recovered
T14785,A14785,Angioplasty,Yes,Recovered
T14786,A14786,Radiation Therapy,No,Recovered
T14787,A14787,IV Fluids,No,Recovered
T14788,A14788,IV Fluids,No,Recovered
T14789,A14789,Ventilator Support,No,Recovered
T14790,A14790,EEG,No,Improved
T14791,A14791,Trauma Care,No,Recovered
T14792,A14792,Dialysis,No,Recovered
T14793,A14793,Immunotherapy,No,Recovered
T14794,A14794,IV Fluids,No,Deceased
T14795,A14795,Antibiotic Therapy,No,Recovered
T14796,A14796,Trauma Care,No,Recovered
T14797,A14797,Ear Surgery,Yes,Recovered
T14798,A14798,Fracture Fixation,Yes,Recovered
T14799,A14799,Ventilator Support,No,Recovered
T14800,A14800,MRI Brain,No,Recovered
T14801,A14801,Dialysis,No,Recovered
T14802,A14802,Ear Surgery,Yes,Improved
T14803,A14803,Critical Monitoring,No,Deceased
T14804,A14804,Insulin Therapy,No,Recovered
T14805,A14805,Fracture Fixation,Yes,Recovered
T14806,A14806,IV Fluids,No,Improved
T14807,A14807,Dialysis,No,Recovered
T14808,A14808,Wound Suturing,Yes,Recovered
T14809,A14809,Insulin Therapy,No,Recovered
T14810,A14810,ECG,No,Recovered
T14811,A14811,Wound Suturing,Yes,Recovered
T14812,A14812,Stroke Therapy,No,Recovered
T14813,A14813,Ear Surgery,Yes,Recovered
T14814,A14814,EEG,No,Improved
T14815,A14815,Vaccination,No,Recovered
T14816,A14816,Chemotherapy,No,Improved
T14817,A14817,Trauma Care,No,Improved
T14818,A14818,Knee Replacement,Yes,Recovered
T14819,A14819,IV Fluids,No,Recovered
T14820,A14820,Ear Surgery,Yes,Recovered
T14821,A14821,Laser Therapy,No,Recovered
T14822,A14822,Insulin Therapy,No,Recovered
T14823,A14823,Chemotherapy,No,Recovered
T14824,A14824,Vaccination,No,Recovered
T14825,A14825,Wound Suturing,Yes,Recovered
T14826,A14826,Critical Monitoring,No,Recovered
T14827,A14827,Fracture Fixation,Yes,Recovered
T14828,A14828,Sinus Surgery,Yes,Recovered
T14829,A14829,Physiotherapy,No,Recovered
T14830,A14830,Dialysis,No,Referred
T14831,A14831,Stroke Therapy,No,Improved
T14832,A14832,Antibiotic Therapy,No,Recovered
T14833,A14833,Angioplasty,Yes,Improved
T14834,A14834,Trauma Care,No,Recovered
T14835,A14835,EEG,No,Recovered
T14836,A14836,Sinus Surgery,Yes,Referred
T14837,A14837,Fracture Fixation,Yes,Recovered
T14838,A14838,Nebulization,No,Recovered
T14839,A14839,IV Fluids,No,Recovered
T14840,A14840,MRI Brain,No,Recovered
T14841,A14841,Nebulization,No,Recovered
T14842,A14842,CPR,No,Recovered
T14843,A14843,Immunotherapy,No,Improved
T14844,A14844,Dialysis,No,Recovered
T14845,A14845,Knee Replacement,Yes,Improved
T14846,A14846,Fracture Fixation,Yes,Recovered
T14847,A14847,Angioplasty,Yes,Improved
T14848,A14848,IV Fluids,No,Improved
T14849,A14849,Nebulization,No,Recovered
T14850,A14850,ECG,No,Recovered
T14851,A14851,ECG,No,Improved
T14852,A14852,Sinus Surgery,Yes,Recovered
T14853,A14853,Fracture Fixation,Yes,Recovered
T14854,A14854,MRI Brain,No,Improved
T14855,A14855,IV Fluids,No,Recovered
T14856,A14856,Ear Surgery,Yes,Improved
T14857,A14857,Physiotherapy,No,Recovered
T14858,A14858,Ear Surgery,Yes,Recovered
T14859,A14859,Knee Replacement,Yes,Recovered
T14860,A14860,Laser Therapy,No,Deceased
T14861,A14861,EEG,No,Improved
T14862,A14862,EEG,No,Recovered
T14863,A14863,Knee Replacement,Yes,Recovered
T14864,A14864,Stroke Therapy,No,Recovered
T14865,A14865,Physiotherapy,No,Recovered
T14866,A14866,IV Fluids,No,Recovered
T14867,A14867,Fracture Fixation,Yes,Recovered
T14868,A14868,ECG,No,Recovered
T14869,A14869,Critical Monitoring,No,Recovered
T14870,A14870,Angioplasty,Yes,Recovered
T14871,A14871,MRI Brain,No,Improved
T14872,A14872,CPR,No,Recovered
T14873,A14873,Fracture Fixation,Yes,Recovered
T14874,A14874,Insulin Therapy,No,Improved
T14875,A14875,Radiation Therapy,No,Improved
T14876,A14876,Endoscopy,No,Referred
T14877,A14877,Radiation Therapy,No,Recovered
T14878,A14878,Stroke Therapy,No,Recovered
T14879,A14879,Radiation Therapy,No,Recovered
T14880,A14880,Endoscopy,No,Recovered
T14881,A14881,Immunotherapy,No,Recovered
T14882,A14882,Antibiotic Therapy,No,Improved
T14883,A14883,Angioplasty,Yes,Referred
T14884,A14884,Bypass Surgery,Yes,Recovered
T14885,A14885,Radiation Therapy,No,Recovered
T14886,A14886,Radiation Therapy,No,Recovered
T14887,A14887,Physiotherapy,No,Recovered
T14888,A14888,Fracture Fixation,Yes,Recovered
T14889,A14889,Fracture Fixation,Yes,Referred
T14890,A14890,Radiation Therapy,No,Recovered
T14891,A14891,Bypass Surgery,Yes,Deceased
T14892,A14892,EEG,No,Recovered
T14893,A14893,Skin Biopsy,No,Improved
T14894,A14894,Dialysis,No,Recovered
T14895,A14895,Ear Surgery,Yes,Recovered
T14896,A14896,Nebulization,No,Recovered
T14897,A14897,Physiotherapy,No,Recovered
T14898,A14898,Chemotherapy,No,Recovered
T14899,A14899,Knee Replacement,Yes,Recovered
T14900,A14900,Immunotherapy,No,Improved
T14901,A14901,Wound Suturing,Yes,Referred
T14902,A14902,CPR,No,Recovered
T14903,A14903,Wound Suturing,Yes,Improved
T14904,A14904,Physiotherapy,No,Recovered
T14905,A14905,IV Fluids,No,Improved
T14906,A14906,Ear Surgery,Yes,Recovered
T14907,A14907,Trauma Care,No,Improved
T14908,A14908,Knee Replacement,Yes,Recovered
T14909,A14909,Immunotherapy,No,Improved
T14910,A14910,EEG,No,Recovered
T14911,A14911,CPR,No,Deceased
T14912,A14912,Wound Suturing,Yes,Improved
T14913,A14913,Stroke Therapy,No,Improved
T14914,A14914,Nebulization,No,Recovered
T14915,A14915,MRI Brain,No,Recovered
T14916,A14916,ECG,No,Recovered
T14917,A14917,Nebulization,No,Recovered
T14918,A14918,Physiotherapy,No,Recovered
T14919,A14919,Bypass Surgery,Yes,Improved
T14920,A14920,EEG,No,Recovered
T14921,A14921,Radiation Therapy,No,Recovered
T14922,A14922,Trauma Care,No,Recovered
T14923,A14923,Trauma Care,No,Recovered
T14924,A14924,Ear Surgery,Yes,Improved
T14925,A14925,Vaccination,No,Recovered
T14926,A14926,EEG,No,Recovered
T14927,A14927,Nebulization,No,Recovered
T14928,A14928,CPR,No,Recovered
T14929,A14929,Insulin Therapy,No,Improved
T14930,A14930,Cryotherapy,No,Referred
T14931,A14931,Nebulization,No,Recovered
T14932,A14932,Bypass Surgery,Yes,Recovered
T14933,A14933,IV Fluids,No,Recovered
T14934,A14934,Dialysis,No,Recovered
T14935,A14935,Fracture Fixation,Yes,Recovered
T14936,A14936,Nebulization,No,Recovered
T14937,A14937,Skin Biopsy,No,Improved
T14938,A14938,Ear Surgery,Yes,Recovered
T14939,A14939,Cryotherapy,No,Recovered
T14940,A14940,Bypass Surgery,Yes,Recovered
T14941,A14941,Knee Replacement,Yes,Recovered
T14942,A14942,EEG,No,Recovered
T14943,A14943,Critical Monitoring,No,Improved
T14944,A14944,Fracture Fixation,Yes,Recovered
T14945,A14945,Chemotherapy,No,Recovered
T14946,A14946,Vaccination,No,Recovered
T14947,A14947,Knee Replacement,Yes,Recovered
T14948,A14948,IV Fluids,No,Recovered
T14949,A14949,Critical Monitoring,No,Improved
T14950,A14950,Chemotherapy,No,Recovered
T14951,A14951,ECG,No,Improved
T14952,A14952,Knee Replacement,Yes,Recovered
T14953,A14953,IV Fluids,No,Recovered
T14954,A14954,IV Fluids,No,Recovered
T14955,A14955,Dialysis,No,Improved
T14956,A14956,Sinus Surgery,Yes,Recovered
T14957,A14957,Wound Suturing,Yes,Recovered
T14958,A14958,Sinus Surgery,Yes,Recovered
T14959,A14959,Physiotherapy,No,Recovered
T14960,A14960,Physiotherapy,No,Referred
T14961,A14961,Endoscopy,No,Recovered
T14962,A14962,Knee Replacement,Yes,Recovered
T14963,A14963,Radiation Therapy,No,Referred
T14964,A14964,Stroke Therapy,No,Recovered
T14965,A14965,Immunotherapy,No,Recovered
T14966,A14966,Fracture Fixation,Yes,Referred
T14967,A14967,Cryotherapy,No,Improved
T14968,A14968,Ventilator Support,No,Recovered
T14969,A14969,Ear Surgery,Yes,Recovered
T14970,A14970,Laser Therapy,No,Improved
T14971,A14971,MRI Brain,No,Referred
T14972,A14972,Ventilator Support,No,Recovered
T14973,A14973,Nebulization,No,Recovered
T14974,A14974,IV Fluids,No,Recovered
T14975,A14975,Stroke Therapy,No,Improved
T14976,A14976,Vaccination,No,Referred
T14977,A14977,Stroke Therapy,No,Recovered
T14978,A14978,Dialysis,No,Recovered
T14979,A14979,Immunotherapy,No,Recovered
T14980,A14980,Fracture Fixation,Yes,Recovered
T14981,A14981,Fracture Fixation,Yes,Recovered
T14982,A14982,Wound Suturing,Yes,Improved
T14983,A14983,EEG,No,Improved
T14984,A14984,Ventilator Support,No,Recovered
T14985,A14985,Fracture Fixation,Yes,Improved
T14986,A14986,CPR,No,Improved
T14987,A14987,Immunotherapy,No,Improved
T14988,A14988,Immunotherapy,No,Recovered
T14989,A14989,Sinus Surgery,Yes,Recovered
T14990,A14990,Angioplasty,Yes,Improved
T14991,A14991,ECG,No,Recovered
T14992,A14992,Wound Suturing,Yes,Improved
T14993,A14993,Knee Replacement,Yes,Recovered
T14994,A14994,Sinus Surgery,Yes,Recovered
T14995,A14995,Sinus Surgery,Yes,Recovered
T14996,A14996,Knee Replacement,Yes,Referred
T14997,A14997,Ear Surgery,Yes,Improved
T14998,A14998,Vaccination,No,Referred
T14999,A14999,Knee Replacement,Yes,Deceased
T15000,A15000,Endoscopy,No,Recovered
